store_id,product_id,dt,target_sales,discount_next,target_stockout_hours,7-day mean,Same weekday,Teammate RF,Teammate CatBoost,CatBoost history + IDs MAE,Teammate blend 50/50,RF + validation best (25/75)
20,191,2024-06-26,3.1,1.0,0,2.957142857142857,4.0,2.812882199912173,2.8312063668823986,2.4592974188274743,2.822044283397286,2.547693614098649
20,191,2024-06-27,2.7,1.0,0,2.8285714285714287,2.7,2.7084095668993986,2.7168586627614966,2.3206858692565127,2.712634114830448,2.417616793667234
20,191,2024-06-28,3.5,1.0,0,2.8285714285714287,3.9,2.75807152272769,2.8574509320872,2.534714945600398,2.807761227407445,2.5905540898822212
20,191,2024-06-29,4.5,1.0,1,2.771428571428572,1.8,3.4773464679339168,3.308358625232519,2.8931850782651276,3.3928525465832178,3.039225425682325
20,191,2024-06-30,0.5,1.0,15,3.1571428571428575,3.1,3.761120846703375,3.7351061569460384,2.8664368999546856,3.7481135018247067,3.0901078866418583
20,191,2024-07-01,2.5,1.0,7,2.7857142857142856,2.5,1.9430107056775179,1.8390451915010644,1.8827202480887641,1.8910279485892911,1.8977928624859524
20,191,2024-07-02,0.2,1.0,16,2.7857142857142856,2.7,2.3431346713447394,2.402669210565315,2.1867334841666892,2.3729019409550274,2.2258337809612017
25,83,2024-06-26,0.4,0.89,0,0.8028571428571428,0.42000000000000004,0.8361576061380276,0.7944403771859969,0.7670809865185425,0.8152989916620123,0.7843501414234137
25,83,2024-06-27,0.9,0.89,0,0.8,0.5,0.8156703668405402,0.7471645628450744,0.7164989767106871,0.7814174648428073,0.7412918242431503
25,83,2024-06-28,1.0,0.89,0,0.8571428571428571,0.9,0.8927326650870588,0.8967779328987552,0.7906894703587571,0.8947552989929071,0.8162002690408325
25,83,2024-06-29,0.6,0.89,0,0.8714285714285713,1.0,0.9527438939705606,1.03009528693177,0.9232593875064432,0.9914195904511653,0.9306305141224726
25,83,2024-06-30,0.4,0.89,0,0.8142857142857143,1.2,0.9342020366084085,0.9252607817510531,0.9092951051906751,0.9297314091797308,0.9155218380451084
25,83,2024-07-01,0.9,0.89,0,0.7,0.8,0.7981106421820462,0.7021860680100327,0.6898767952553909,0.7501483550960395,0.7169352569870547
25,83,2024-07-02,1.0,0.89,0,0.7142857142857143,0.8,0.8280360644227345,0.8196801857814804,0.735782774626168,0.8238581251021074,0.7588460970753097
36,55,2024-06-26,0.5,1.0,0,1.0142857142857145,0.3,0.6177423952440003,0.6800647828184018,0.6167774620983294,0.648903589031201,0.6170186953847472
36,55,2024-06-27,0.7,1.0,0,1.042857142857143,0.8,0.6555709364978284,0.7160602400772895,0.6459400344791879,0.685815588287559,0.6483477599838481
36,55,2024-06-28,0.6,1.0,0,1.0285714285714285,1.2,0.7417697133746243,0.772676166963501,0.7022638972791557,0.7572229401690627,0.7121403513030229
36,55,2024-06-29,1.01,1.0,0,0.942857142857143,1.5,0.7269591107979657,0.828247185475673,0.6826532386141468,0.7776031481368193,0.6937297066601016
36,55,2024-06-30,1.0,1.0,0,0.8728571428571428,1.1,0.827869232937282,0.8893453528753494,0.7844656367446232,0.8586072929063158,0.7953165357927879
36,55,2024-07-01,0.8,1.0,0,0.8585714285714285,1.0,0.7714852729332965,0.7673228699306922,0.6763245793318964,0.7694040714319943,0.7001147527322464
36,55,2024-07-02,1.5,0.804,2,0.83,1.2,0.9096407745750748,1.0214253285616326,0.9999311538279803,0.9655330515683537,0.9773585590147539
42,579,2024-06-26,0.5,0.84,8,0.6714285714285715,0.4,0.7992498241942082,0.672786707211745,0.7501480812164237,0.7360182657029766,0.7624235169608699
42,579,2024-06-27,0.3,0.84,0,0.6857142857142858,0.6,0.8319378821470061,0.6956518636808242,0.7682722360436163,0.7637948729139152,0.7841886475694637
42,579,2024-06-28,0.7,0.84,0,0.6428571428571429,0.4,0.7751777621366484,0.7044471483495194,0.7523383369663545,0.7398124552430838,0.758048193258928
42,579,2024-06-29,1.5,0.84,0,0.6857142857142858,1.0,0.8666742980249179,0.8416195959581595,0.8943403460586195,0.8541469469915387,0.887423834050194
42,579,2024-06-30,0.8,0.84,0,0.7571428571428571,0.9,0.9390474530376908,1.0840751479721502,1.0388899242715535,1.0115613005049204,1.0139293064630877
42,579,2024-07-01,0.6,0.84,0,0.7428571428571428,0.7,0.8560352683592534,0.8144988654770008,0.8259847857771844,0.835267066918127,0.8334974064227016
42,579,2024-07-02,0.4,0.84,0,0.7285714285714286,0.7,0.8581138937597317,0.81537265513027,0.7577340444252815,0.8367432744450009,0.7828290067588941
44,65,2024-06-26,0.5,0.912,3,0.3,0.0,0.4208244741247202,0.3949034444238364,0.4072005063427884,0.4078639592742783,0.4106064982882714
44,65,2024-06-27,0.1,1.0,12,0.37142857142857144,0.3,0.3405345285097517,0.26135044221143855,0.3243762421146995,0.3009424853605951,0.32841581371346257
44,65,2024-06-28,0.0,1.0,0,0.34285714285714286,0.4,0.3273970110447489,0.30015919615719944,0.33730560111784413,0.31377810360097413,0.3348284535995703
44,65,2024-06-29,0.2,1.0,0,0.2857142857142857,0.2,0.3939778468443505,0.3801873986174269,0.38643511553694776,0.38708262273088867,0.38832079836379846
44,65,2024-06-30,0.6,1.0,0,0.2857142857142857,0.4,0.39557185273860695,0.388396071393853,0.3646427484088465,0.39198396206623,0.3723750244912866
44,65,2024-07-01,0.3,1.0,0,0.31428571428571433,0.3,0.35142890310239894,0.34988996552531204,0.3604000049068371,0.3506594343138555,0.3581572294557276
44,65,2024-07-02,0.4,1.0,12,0.31428571428571433,0.5,0.35480254508397724,0.36448341514876814,0.37779428739813503,0.3596429801163727,0.37204635181959556
45,740,2024-06-26,0.5,0.882,1,0.6142857142857144,0.0,0.6941511605618964,0.6097199667956975,0.6428362194506321,0.6519355636787969,0.6556649547284481
45,740,2024-06-27,0.3,0.882,10,0.6857142857142858,0.7,0.7534670676065817,0.6080998047546555,0.6391778725216108,0.6807834361806187,0.6677501712928535
45,740,2024-06-28,0.2,0.882,7,0.6285714285714287,0.2,0.6595428868595511,0.6119949187822087,0.632231766823083,0.6357689028208799,0.6390595468322
45,740,2024-06-29,1.4,0.882,5,0.6285714285714287,1.8,0.7452379026883177,0.6984682314013457,0.7294897483907992,0.7218530670448318,0.7334267869651788
45,740,2024-06-30,1.2,0.882,4,0.5714285714285714,1.1,0.8406470698078478,0.8767424028497715,0.8756912375254633,0.8586947363288095,0.8669301955960594
45,740,2024-07-01,0.7,0.882,0,0.5857142857142856,0.0,0.6652548294924207,0.6699768013033827,0.7641946309952642,0.6676158153979017,0.7394596806195533
45,740,2024-07-02,0.8,0.882,3,0.6857142857142857,0.5,0.7717622785965977,0.7156499959279603,0.8320687519755376,0.7437061372622791,0.8169921336308027
49,600,2024-06-26,1.0,1.0,5,1.3571428571428572,0.7,0.8401860870055484,0.8072252248302784,0.9044947285554396,0.8237056559179134,0.8884175681679667
49,600,2024-06-27,1.4,0.923,0,1.4,1.1,1.1384610321547919,0.9724554086119965,1.1127955179025832,1.0554582203833942,1.1192118964656355
49,600,2024-06-28,1.2,1.0,4,1.4428571428571428,1.2,0.9954808178253778,0.8525431666506961,1.0636697416376972,0.924011992238037,1.0466225106846174
49,600,2024-06-29,2.2,1.0,1,1.442857142857143,2.3,1.1640018509405208,0.9828195991973872,1.2057804538019663,1.073410725068954,1.1953358030866048
49,600,2024-06-30,2.5,1.0,5,1.4285714285714286,2.0,1.5829711995237603,1.417523953605176,1.5364079227114122,1.500247576564468,1.5480487419144993
49,600,2024-07-01,1.2,1.0,0,1.5,1.0,1.237692382935752,1.1905233300342892,1.142484010784685,1.2141078564850205,1.166286103822452
49,600,2024-07-02,1.0,1.0,9,1.5285714285714285,1.2,1.0827624838470657,0.9428405433804355,1.2551043521254626,1.0128015136137507,1.2120188850558633
52,381,2024-06-26,0.7,1.0,0,0.5428571428571429,0.3,0.4943706488508114,0.44973780131243235,0.5014509544235274,0.47205422508162187,0.49968087803034833
52,381,2024-06-27,0.4,1.0,0,0.6,1.0,0.5230365599514122,0.49439481806327457,0.5250092361390789,0.5087156890073434,0.5245160670921623
52,381,2024-06-28,0.4,1.0,0,0.5142857142857143,0.5,0.48063290332538455,0.45880223900568756,0.5134389087391039,0.46971757116553603,0.5052374073856741
52,381,2024-06-29,0.8,1.0,0,0.5,0.6,0.5381021359707233,0.5186821253336555,0.5831605307644229,0.5283921306521895,0.571895932065998
52,381,2024-06-30,0.6,1.0,0,0.5285714285714286,0.4,0.5545880692374809,0.5666707388989086,0.6046463366485401,0.5606294040681947,0.5921317697957753
52,381,2024-07-01,0.6,1.0,0,0.5571428571428572,0.4,0.5057846856399415,0.47759869395135274,0.5127108868391925,0.49169168979564715,0.5109793365393798
52,381,2024-07-02,0.5,1.0,0,0.5857142857142856,0.6,0.5214583149649233,0.5124272869489939,0.5358724320845967,0.5169428009569585,0.5322689028046783
101,351,2024-06-26,0.9,1.0,0,0.7428571428571429,1.0,0.46916227969738933,0.5366244142022085,0.6183072038481755,0.5028933469497989,0.5810209728104789
101,351,2024-06-27,0.4,1.0,0,0.7285714285714285,1.2,0.5500056916907222,0.5839359354409666,0.6059710504773355,0.5669708135658444,0.5919797107806821
101,351,2024-06-28,1.1,1.0,0,0.6142857142857144,0.1,0.42489129348355176,0.4723170595717043,0.5619074041697092,0.448604176527628,0.5276533764981698
101,351,2024-06-29,1.5,1.0,0,0.7571428571428572,1.1,0.6372769686813005,0.7314187468307012,0.7640887206999107,0.6843478577560008,0.7323857826952582
101,351,2024-06-30,1.2,1.0,3,0.8142857142857143,0.9,0.7435200717191944,0.8319823214172897,0.8101115372103012,0.787751196568242,0.7934636708375244
101,351,2024-07-01,0.6,1.0,0,0.8571428571428571,0.4,0.637052122739845,0.6559727991021688,0.577687195203918,0.6465124609210069,0.5925284270878998
101,351,2024-07-02,0.9,0.96,0,0.8857142857142858,0.5,0.7320186433626653,0.7800542601222087,0.7300397112075997,0.7560364517424369,0.7305344442463662
110,403,2024-06-26,0.5,0.905,0,0.6857142857142857,0.6,0.7596191274095715,0.7454793754568177,0.7387958427376277,0.7525492514331946,0.7440016639056136
110,403,2024-06-27,0.3,0.905,0,0.6714285714285715,0.4,0.7080159174619458,0.6413256577056223,0.697682364123753,0.6746707875837841,0.7002657524583011
110,403,2024-06-28,0.8,0.905,10,0.6571428571428571,0.2,0.6874922630317514,0.6487990666690422,0.6788383375320212,0.6681456648503967,0.6810018189069537
110,403,2024-06-29,1.1,0.905,12,0.7428571428571429,1.0,0.8566807905412439,0.8488150450205004,0.7785000204757859,0.8527479177808721,0.7980452129921505
110,403,2024-06-30,0.9,0.905,0,0.7571428571428571,0.8,0.9049312031633828,0.9421529555100125,0.9112381597810381,0.9235420793366977,0.9096614206266243
110,403,2024-07-01,0.7,0.905,0,0.7714285714285715,0.7,0.7899210516280301,0.7976365828762406,0.7840146581928461,0.7937788172521354,0.7854912565516421
110,403,2024-07-02,1.0,0.905,0,0.7714285714285715,1.1,0.7959011353248033,0.8103781296392675,0.7812900432637441,0.8031396324820355,0.7849428162790089
120,402,2024-06-26,0.5,0.983,0,0.3857142857142857,0.3,0.44522280856042945,0.42400315965839125,0.5020096251215012,0.43461298410941035,0.48781292098123324
120,402,2024-06-27,0.3,0.983,0,0.4142857142857143,0.3,0.4850827222666557,0.46906006519041354,0.5407820767202153,0.47707139372853463,0.5268572381068254
120,402,2024-06-28,0.3,1.0,0,0.4142857142857143,0.4,0.41269869408763943,0.39082921590932873,0.4596448201081409,0.40176395499848405,0.4479082886030155
120,402,2024-06-29,0.8,0.993,0,0.39999999999999997,0.5,0.5163832110108496,0.5506878277338189,0.5935226955377275,0.5335355193723342,0.574237824406008
120,402,2024-06-30,0.6,1.0,6,0.4428571428571429,0.5,0.49501385566547157,0.5230993232425769,0.5829904691532339,0.5090565894540242,0.5609963157812934
120,402,2024-07-01,0.6,1.0,8,0.4571428571428572,0.4,0.4311227806034141,0.3937530621349689,0.4498888675842237,0.4124379213691915,0.4451973458390213
120,402,2024-07-02,0.4,0.947,1,0.4857142857142857,0.3,0.48700394661630286,0.5366685295680682,0.5492668164512939,0.5118362380921855,0.5337010989925461
124,845,2024-06-26,0.9,1.0,0,0.7055714285714286,0.6,0.632000770296691,0.5763036710494706,0.6364661708123341,0.6041522206730807,0.6353498206834234
124,845,2024-06-27,0.7,1.0,5,0.7484285714285713,0.1,0.660388609726009,0.6324094292110355,0.6520842536510005,0.6463990194685223,0.6541603426697526
124,845,2024-06-28,0.6,1.0,0,0.8341428571428571,1.78,0.6919662226640456,0.6668396141749307,0.7068452546080659,0.6794029184194881,0.7031254966220609
124,845,2024-06-29,0.1,1.0,0,0.6655714285714284,0.6,0.6740009685767107,0.6502893823107441,0.7315124116860269,0.6621451754437273,0.7171345509086978
124,845,2024-06-30,1.2,1.0,11,0.5941428571428571,0.7,0.6314163444940479,0.5948625696430081,0.6815386378425375,0.613139457068528,0.6690080645054151
124,845,2024-07-01,0.5,1.0,0,0.6655714285714284,0.5589999999999999,0.6205531783192946,0.6348808812320982,0.6351809532452287,0.6277170297756964,0.6315240095137452
124,845,2024-07-02,0.4,1.0,11,0.6571428571428571,0.6,0.6079493779103636,0.5789286614215723,0.6348411910102394,0.593439019665968,0.6281182377352704
138,596,2024-06-26,0.5,1.0,1,0.9,1.1,0.7623409209575601,0.6995236434264822,0.8093324371076649,0.7309322821920212,0.7975845580701386
138,596,2024-06-27,0.3,1.0,5,0.8142857142857143,0.7,0.6639448099185351,0.5881738244230656,0.7787647039727729,0.6260593171708004,0.7500597304592135
138,596,2024-06-28,0.8,1.0,4,0.7571428571428571,1.1,0.6351865509413399,0.6007702482071055,0.7995686854227184,0.6179783995742227,0.7584731518023737
138,596,2024-06-29,0.6,0.967,3,0.7142857142857143,0.7,0.7847157932505634,0.797116827545256,0.9983224915466387,0.7909163103979098,0.9449208169726198
138,596,2024-06-30,0.9,1.0,0,0.7000000000000001,1.4,0.6872217890204544,0.6502436107189798,0.9059422461288963,0.6687326998697172,0.8512621318517858
138,596,2024-07-01,0.6,1.0,1,0.6285714285714287,0.5,0.5856469717395992,0.5937633210102269,0.8003531723370727,0.589705146374913,0.7466766221877043
138,596,2024-07-02,0.7,1.0,5,0.6428571428571429,0.8,0.5966371966946812,0.5502746033213974,0.7825713837602193,0.5734559000080393,0.7360878369938348
156,839,2024-06-26,0.3,0.84,10,0.3285714285714286,0.3,0.44550559189157063,0.4952558901225387,0.5011304557530345,0.4703807410070546,0.48722423978766854
156,839,2024-06-27,0.2,0.793,0,0.32857142857142857,0.3,0.49683719889559275,0.498396598676092,0.5046346530159586,0.49761689878584237,0.5026852894858671
156,839,2024-06-28,0.3,0.844,0,0.31428571428571433,0.2,0.45912450011990064,0.4783670955770911,0.4922814110160716,0.4687457978484959,0.48399218329202887
156,839,2024-06-29,0.3,0.822,7,0.32857142857142857,0.4,0.5490297370116083,0.5671561670290572,0.5911057692644129,0.5580929520203328,0.5805867612012118
156,839,2024-06-30,0.5,0.922,0,0.3142857142857142,0.4,0.4879133383077427,0.4402339217596687,0.4382102684458724,0.4640736300337057,0.45063603591134
156,839,2024-07-01,0.6,0.94,0,0.32857142857142857,0.2,0.4303887106888138,0.4202082697978096,0.3611941565407573,0.4252984902433117,0.37849279507777145
156,839,2024-07-02,0.4,0.773,0,0.3857142857142857,0.5,0.5310599943983777,0.6514015438106061,0.5761526244243287,0.5912307691044919,0.564879466917841
207,758,2024-06-26,0.2,1.0,0,0.8571428571428571,0.7,0.6113500477112324,0.6246942905564863,0.6228222358466569,0.6180221691338593,0.6199541888128007
207,758,2024-06-27,0.7,0.972,0,0.7857142857142857,1.1,0.6302857793306855,0.6274893974525941,0.6654292743728797,0.6288875883916398,0.6566434006123312
207,758,2024-06-28,0.6,1.0,0,0.7285714285714286,0.5,0.5471712515240243,0.5676750063279286,0.5674029456644689,0.5574231289259765,0.5623450221293578
207,758,2024-06-29,1.0,0.961,0,0.7428571428571428,1.2,0.7276937201922979,0.7638156885952503,0.7732093731786982,0.7457547043937741,0.7618304599320982
207,758,2024-06-30,1.1,0.979,0,0.7142857142857143,1.1,0.7621226834077192,0.8116640499442673,0.8729072614903732,0.7868933666759932,0.8452111169697097
207,758,2024-07-01,1.0,0.917,0,0.7142857142857143,0.7,0.7019700103739795,0.7487020572090932,0.7478152059462908,0.7253360337915364,0.736353907053213
207,758,2024-07-02,0.7,0.936,0,0.7571428571428572,0.7,0.6874971770418679,0.7744712312735552,0.7591199612590505,0.7309842041577115,0.7412142652047549
222,381,2024-06-26,0.7,1.0,0,0.7857142857142857,0.7,0.7572695200974718,0.7478633629564927,0.7810379313581362,0.7525664415269823,0.7750958285429701
222,381,2024-06-27,0.8,1.0,0,0.7857142857142857,0.7,0.7557746675661323,0.7528004105781742,0.7641587365317601,0.7542875390721533,0.7620627192903532
222,381,2024-06-28,0.7,1.0,0,0.7999999999999999,1.0,0.7937040688943262,0.8136170030612841,0.7966584899937565,0.8036605359778052,0.795919884718899
222,381,2024-06-29,0.9,1.0,0,0.7571428571428571,1.2,0.8367956382129877,0.8789806920413548,0.8887063805183759,0.8578881651271713,0.8757286949420289
222,381,2024-06-30,1.3,1.0,0,0.7142857142857142,0.6,0.7888642082824328,0.8742031351380262,0.8585903199372993,0.8315336717102295,0.8411587920235827
222,381,2024-07-01,1.0,1.0,0,0.8142857142857142,0.7,0.8187091476343518,0.8645772401052249,0.8153246857873386,0.8416431938697884,0.816170801249092
222,381,2024-07-02,1.1,1.0,0,0.8571428571428571,0.6,0.8705305796066554,0.9003729052461826,0.8038088402829872,0.885451742426419,0.8204892751139041
223,845,2024-06-26,0.8,1.0,1,0.5685714285714285,0.44000000000000006,0.44655979874626534,0.4497449622460148,0.4448553897926228,0.44815238049614003,0.4452814920310334
223,845,2024-06-27,0.3,1.0,0,0.62,0.24,0.4577035848020451,0.447250009393014,0.4162730644382582,0.4524767970975295,0.4266306945292049
223,845,2024-06-28,0.7,1.0,0,0.6285714285714284,1.4,0.4466440965607946,0.4878987022266104,0.4997398006148567,0.46727139939370255,0.48646587460134116
223,845,2024-06-29,0.5,1.0,0,0.5285714285714286,0.5,0.48696000251795235,0.5259265306049721,0.5933095430812723,0.5064432665614622,0.5667221579404422
223,845,2024-06-30,0.7,1.0,0,0.5285714285714286,0.6,0.48013733220484944,0.521243236517962,0.6037833020235134,0.5006902843614057,0.5728718095688474
223,845,2024-07-01,0.189,1.0,1,0.5428571428571428,0.2,0.43563813760186854,0.45079843663341734,0.4848918902783376,0.44321828711764294,0.47257845210922034
223,845,2024-07-02,0.4,0.904,15,0.5412857142857143,0.6,0.5204958613205156,0.5280938157900822,0.6015987073259271,0.5242948385552989,0.5813229958245743
225,121,2024-06-26,0.4,1.0,8,0.5571428571428572,0.2,0.4980263885128854,0.43383633275085987,0.4625928465674706,0.4659313606318726,0.4714512320538242
225,121,2024-06-27,0.2,1.0,1,0.5857142857142857,0.6,0.5128553316237499,0.45776352350488747,0.511257527517414,0.48530942756431866,0.5116569785439979
225,121,2024-06-28,0.6,1.0,0,0.5285714285714287,0.0,0.47949135251668185,0.40819125663515554,0.46136699870493836,0.4438413045759187,0.4658980871578743
225,121,2024-06-29,1.1,1.0,11,0.6142857142857144,1.2,0.5792364418688661,0.6165644489113258,0.6362192429736895,0.597900445390096,0.6219735426974836
225,121,2024-06-30,0.1,1.0,12,0.6000000000000002,1.3,0.6650008644828194,0.6769487368904319,0.6755329969383463,0.6709748006866256,0.6728999638244646
225,121,2024-07-01,0.1,1.0,16,0.4285714285714287,0.4,0.41441133243963946,0.38118755833974877,0.42825461457297426,0.39779944538969414,0.42479379403964057
225,121,2024-07-02,0.6,1.0,6,0.3857142857142858,0.2,0.349160793886984,0.40982334426184114,0.3817262030211051,0.3794920690744126,0.37358485073757486
226,650,2024-06-26,0.8,0.898,0,0.35714285714285715,0.7,0.6141103113560006,0.5652964250557915,0.6112137751163121,0.5897033682058961,0.6119379091762343
226,650,2024-06-27,0.9,0.898,6,0.37142857142857144,0.4,0.47955880570755766,0.4771518825579699,0.6005232313290444,0.4783553441327638,0.5702821249236727
226,650,2024-06-28,0.0,0.8980000019073486,16,0.4428571428571429,0.0,0.489589919379018,0.5135362708208643,0.6490509737783606,0.5015630950999411,0.609185710178525
226,650,2024-06-29,0.0,0.8980000019073486,16,0.4428571428571429,0.0,0.5829523348654578,0.48086088190384724,0.5495010079419291,0.5319066083846525,0.5578638396728113
226,650,2024-06-30,0.9,0.898,0,0.4428571428571429,0.1,0.5843684644763126,0.49762781955421287,0.4882760791878965,0.5409981420152628,0.5122991755100005
226,650,2024-07-01,0.6,0.898,0,0.5571428571428572,0.0,0.5414898472355331,0.5953393513938144,0.5705723811383046,0.5684145993146738,0.5633017476626117
226,650,2024-07-02,0.6,1.0,0,0.6428571428571429,1.3,0.48441104171353894,0.497686317915407,0.4646813510582169,0.491048679814473,0.46961377372204743
228,201,2024-06-26,0.5,1.0,4,0.4714285714285714,0.3,0.4005977873010414,0.37053936689031985,0.45610856419700235,0.3855685770956806,0.4422308699730121
228,201,2024-06-27,0.4,1.0,1,0.49999999999999994,0.1,0.4045102914196309,0.3724946068548217,0.4633469742407167,0.3885024491372263,0.44863780353544525
228,201,2024-06-28,0.6,1.0,0,0.5428571428571428,0.6,0.425209175163129,0.40611414019477815,0.5247839047723217,0.4156616576789536,0.49989022237002356
228,201,2024-06-29,0.5,1.0,0,0.5428571428571428,0.6,0.4871378605527309,0.5216665564829028,0.6418184385920721,0.5044022085178168,0.6031482940822368
228,201,2024-06-30,1.0,1.0,1,0.5285714285714286,0.8,0.4771421314854706,0.5262154879945142,0.6483679642433787,0.5016788097399925,0.6055615060539017
228,201,2024-07-01,0.5,1.0,11,0.557142857142857,0.5,0.45930306387674696,0.47696725228471404,0.5179734737039541,0.4681351580807305,0.5033058712471523
228,201,2024-07-02,0.3,1.0,0,0.557142857142857,0.4,0.4299056009303288,0.4577978405675753,0.5304026831034969,0.44385172074895207,0.5052784125602049
262,426,2024-06-26,0.5,0.921,5,0.4142857142857143,0.5,0.46820792497847263,0.4431574946076776,0.5634642447452163,0.4556827097930751,0.5396501648035303
262,426,2024-06-27,0.1,0.842,0,0.4142857142857143,0.4,0.47357562483143434,0.48811767847022575,0.6215193052973939,0.48084665165083007,0.584533385180904
262,426,2024-06-28,0.4,1.0,0,0.3714285714285714,0.3,0.3623333370945337,0.29913064437699555,0.4776691603186397,0.33073199073576465,0.44883520451261316
262,426,2024-06-29,0.5,1.0,0,0.38571428571428573,0.6,0.41049620601178227,0.4290107841631037,0.6065156938423116,0.419753495087443,0.5575108218846794
262,426,2024-06-30,0.6,0.921,0,0.37142857142857144,0.3,0.5089844011440656,0.5441051003564498,0.6985666233899895,0.5265447507502576,0.6511710678285085
262,426,2024-07-01,0.5,0.957,5,0.4142857142857143,0.6,0.471184384110958,0.45958391005856764,0.5904892799763005,0.46538414708476283,0.5606630560099648
262,426,2024-07-02,0.2,0.827,5,0.39999999999999997,0.2,0.47385981277810013,0.5160141368197824,0.642971940617032,0.4949369747989413,0.600693908657299
268,226,2024-06-26,0.6,1.0,4,0.6528571428571429,0.8,0.4973189954845954,0.4645598877506366,0.5642438409227253,0.48093944161761604,0.5475126295631928
268,226,2024-06-27,0.1,1.0,0,0.6242857142857143,0.67,0.48002568750521657,0.4396476388111892,0.5510443383908199,0.4598366631582029,0.5332896756694191
268,226,2024-06-28,0.37,1.0,1,0.5428571428571428,0.7,0.4338477656344258,0.4325759458854482,0.5481332862948798,0.433211855759937,0.5195619061297663
268,226,2024-06-29,0.5,1.0,4,0.4957142857142857,0.4,0.47474988801547274,0.44834858682272566,0.5412842539835159,0.4615492374190992,0.524650662491505
268,226,2024-06-30,0.5,1.0,11,0.51,0.5,0.4788262035677291,0.48130635950690515,0.5692914173689081,0.4800662815373171,0.5466751139186133
268,226,2024-07-01,0.5,0.951,9,0.51,0.7,0.5067085104457754,0.5160861006255326,0.5831195474291135,0.511397305535654,0.5640167881832789
268,226,2024-07-02,0.6,1.0,6,0.48142857142857143,0.8,0.41177623834434285,0.41552105625851166,0.5137604456526317,0.41364864730142725,0.4882643938255595
270,740,2024-06-26,0.1,0.882,0,0.35714285714285715,0.2,0.42454206278505596,0.370473050075559,0.4627062356042202,0.39750755643030744,0.45316519239942915
270,740,2024-06-27,0.4,0.882,5,0.34285714285714286,0.0,0.42541428643976187,0.4033836682943541,0.4430522703498329,0.414398977367058,0.43864277437231514
270,740,2024-06-28,0.3,0.882,5,0.39999999999999997,0.3,0.4508636788255445,0.4290779932292604,0.4751466502631281,0.43997083602740245,0.4690759074037322
270,740,2024-06-29,0.7,0.882,5,0.39999999999999997,0.5,0.5331429002190733,0.48905594127281937,0.565465559367902,0.5110994207459463,0.5573848945806948
270,740,2024-06-30,0.6,0.882,0,0.42857142857142855,0.9,0.5912166021192246,0.5704213500302261,0.6778849743458055,0.5808189760747253,0.6562178812891603
270,740,2024-07-01,0.5,0.882,5,0.38571428571428573,0.3,0.4382543675205911,0.46228686332714175,0.5357980024604585,0.4502706154238664,0.5114120937254917
270,740,2024-07-02,0.4,0.882,5,0.41428571428571426,0.3,0.45979173453091854,0.4589710096752234,0.5237313961736226,0.45938137210307095,0.5077464807629466
279,525,2024-06-26,0.6,0.9,0,0.7142857142857143,0.5,0.6998867624902891,0.5589537379703684,0.5466982172444265,0.6294202502303288,0.584995353555892
279,525,2024-06-27,0.4,0.85,0,0.7285714285714286,0.6,0.7756195277025327,0.7000881765801432,0.611593394253644,0.737853852141338,0.6525999276158662
279,525,2024-06-28,0.3,1.0,0,0.7,0.5,0.49047868872159683,0.453281567697827,0.3259011695096593,0.4718801282097119,0.36704554931264366
279,525,2024-06-29,0.4,0.888,0,0.6714285714285714,0.7,0.7319032627135201,0.7175995020270839,0.5872485925546025,0.724751382370302,0.6234122600943319
279,525,2024-06-30,0.5,1.0,0,0.6285714285714287,0.8,0.503928374919799,0.5367050290768925,0.3972165695609381,0.5203167019983458,0.42389452090065327
279,525,2024-07-01,0.47000000000000003,0.85,0,0.5857142857142857,0.9,0.6213184998144786,0.6460290330889806,0.5950336847017476,0.6336737664517296,0.6016048884799303
279,525,2024-07-02,0.06999999999999999,1.0,0,0.5242857142857142,1.0,0.46061212157679116,0.4240171736820295,0.38469778716961367,0.4423146476294103,0.40367637077140806
283,525,2024-06-26,0.6,0.917,0,0.7571428571428571,1.0,0.6864550622166287,0.4910395330290148,0.5059154171985141,0.5887472976228217,0.5510503284530427
283,525,2024-06-27,0.7,0.8999999761581421,0,0.7000000000000001,0.3,0.6751367554231198,0.6166150654481479,0.548543488944449,0.6458759104356339,0.5801918055641168
283,525,2024-06-28,0.1,1.0,0,0.7571428571428571,0.8,0.5773534507615762,0.5707360430526152,0.443026019253332,0.5740447469070957,0.4766078771303931
283,525,2024-06-29,0.0,0.8999999761581421,0,0.6571428571428573,0.6,0.7341222285074022,0.7010025635177488,0.6151511383547204,0.7175623960125754,0.6448939108928908
283,525,2024-06-30,0.6,0.94,0,0.5714285714285714,0.8,0.6610032001845749,0.6369682472413745,0.5517911076232365,0.6489857237129747,0.5790941307635711
283,525,2024-07-01,0.5,0.933,5,0.5428571428571428,0.9,0.5349954518008488,0.5597635734672624,0.45957306116886454,0.5473795126340556,0.47842865882686064
283,525,2024-07-02,0.4,1.0,0,0.4857142857142857,0.9,0.4573490095972909,0.40400189228016387,0.334994565052469,0.4306754509387274,0.3655831761886745
286,67,2024-06-26,1.0,0.931,4,0.7285714285714285,0.3,0.6251273182618268,0.4852807326646223,0.5293320773875301,0.5552040254632246,0.5532808876061043
286,67,2024-06-27,0.0,0.9375399947166443,16,0.8285714285714286,0.4,0.7327688581448981,0.7143061630045167,0.5945395611260352,0.7235375105747074,0.629096885380751
286,67,2024-06-28,0.4,0.94,1,0.7714285714285715,0.2,0.6643591726934804,0.6049888865098546,0.4919205749420803,0.6346740296016675,0.5350302243799303
286,67,2024-06-29,0.4,0.924,0,0.7999999999999999,1.2,0.7729542798514742,0.7655394128062869,0.6217493085953618,0.7692468463288806,0.6595505514093899
286,67,2024-06-30,0.4,1.0,0,0.6857142857142858,1.1,0.5406971914650691,0.5873099367783565,0.47787453183410467,0.5640035641217128,0.4935801967418458
286,67,2024-07-01,1.0,0.949,0,0.5857142857142856,1.4,0.5669771756407826,0.5947883328376526,0.5231430358055483,0.5808827542392176,0.5341015707643568
286,67,2024-07-02,0.3,0.9374679923057556,2,0.5285714285714286,0.5,0.5465561329907983,0.6369746385147254,0.5899797015803586,0.5917653857527618,0.5791238094329685
286,108,2024-06-26,0.4,1.0,0,0.7142857142857143,0.3,0.7116506438593536,0.6227235332121441,0.6151506038958825,0.6671870885357489,0.6392756138867502
286,108,2024-06-27,0.7,1.0,7,0.7285714285714285,0.9,0.7222846841772665,0.6929831384535209,0.6252099846740196,0.7076339113153938,0.6494786595498313
286,108,2024-06-28,1.1,1.0,0,0.7,0.8,0.6996316270675922,0.6884314016538015,0.6286025855848517,0.6940315143606968,0.6463598459555369
286,108,2024-06-29,1.0,1.0,1,0.7428571428571429,1.4,0.8391695299395856,0.9013803705887244,0.8695034340536002,0.870274950264155,0.8619199580250966
286,108,2024-06-30,0.9,1.0,0,0.6857142857142857,0.7,0.7780779029085879,0.8093749410771303,0.8359141475617379,0.793726421992859,0.8214550863984504
286,108,2024-07-01,0.6,1.0,0,0.7142857142857143,0.9,0.7348090688274291,0.7557458677745584,0.7439831492630786,0.7452774683009937,0.7416896291541664
286,108,2024-07-02,0.8,1.0,0,0.6714285714285715,0.0,0.6701934259018886,0.6887110744658458,0.6885350132197193,0.6794522501838671,0.6839496163902616
295,273,2024-06-26,0.36,1.0,0,0.49428571428571433,0.5,0.4335696887579805,0.36920968547301614,0.49314047917894577,0.40138968711549833,0.47824778157370446
295,273,2024-06-27,0.16,1.0,0,0.4742857142857143,0.2,0.42113146958851433,0.38513212763212396,0.44401108236994685,0.4031317986103191,0.4382911791745887
295,273,2024-06-28,0.3,1.0,0,0.4685714285714286,0.9,0.42774136248058936,0.4067630836967837,0.4801224961235945,0.41725222308868654,0.4670272127128432
295,273,2024-06-29,0.3,1.0,0,0.3828571428571429,0.6,0.4084448519275416,0.4241775788730203,0.4869647098055566,0.41631121540028093,0.4673347453360529
295,273,2024-06-30,0.4,0.945,0,0.33999999999999997,0.6,0.5123736257161883,0.5223373788030902,0.5754351632339152,0.5173555022596392,0.5596697788544834
295,273,2024-07-01,0.1,1.0,1,0.31142857142857144,0.4,0.3527188942827749,0.32546416342441786,0.35354761172758514,0.3390915288535964,0.3533404323663826
295,273,2024-07-02,0.4,1.0,1,0.2685714285714286,0.26,0.3002745061909991,0.2717850309047144,0.29485643521423177,0.2860297685478568,0.2962109529584236
295,715,2024-06-26,1.2,1.0,0,1.3,0.8,0.9025255907751146,0.8876067239286927,0.9263795808336683,0.8950661573519036,0.92041608331903
295,715,2024-06-27,1.1,1.0,0,1.3571428571428572,1.0,1.0138658007606167,0.9621189082503975,0.954225543722653,0.9879923545055072,0.969135607982144
295,715,2024-06-28,0.5,1.0,0,1.3714285714285717,1.2,1.00884809985366,0.9669656574277044,0.99289301359193,0.9879068786406822,0.9968817851573626
295,715,2024-06-29,1.2,1.0,0,1.2714285714285718,2.1,0.6311801571236839,0.8973187677944591,1.0257140987281153,0.7642494624590714,0.9270806133270074
295,715,2024-06-30,1.8,1.0,0,1.1428571428571428,1.8,1.0880393914880473,1.0376583981965335,1.0956621040334975,1.0628488948422903,1.093756425897135
295,715,2024-07-01,1.3,1.0,3,1.1428571428571428,1.1,1.0575215569134713,0.9788225217508995,1.0101890242592704,1.0181720393321854,1.0220221574228205
295,715,2024-07-02,1.3,0.952,5,1.1714285714285715,1.1,1.0766835774857404,1.054848192153782,1.0684718242792592,1.0657658848197613,1.0705247625808796
296,596,2024-06-26,0.6,0.749,0,1.2,0.7,1.0053165092561978,1.012362387969389,1.11700146785117,1.0088394486127934,1.0890802282024268
296,596,2024-06-27,1.0,0.749,0,1.1857142857142855,1.8,1.078101085676656,1.0099254248522644,1.1135015375207475,1.0440132552644603,1.1046514245597248
296,596,2024-06-28,0.6,0.749,4,1.0714285714285714,1.5,1.075094620232355,1.0886816252706648,1.1213602871867072,1.08188812275151,1.1097938704481192
296,596,2024-06-29,0.3,0.735,7,0.9428571428571428,0.7,0.9719739620985,0.9899232470521538,1.0724477202959266,0.9809486045753268,1.04732928074657
296,596,2024-06-30,0.5,0.735,0,0.8857142857142858,1.2,0.9615831733213204,0.9897879566128749,1.0992005572060564,0.9756855649670977,1.0647962112348723
296,596,2024-07-01,0.8,0.735,3,0.7857142857142857,1.8,0.8648268150808127,0.8743855470816884,1.0186720520916426,0.8696061810812505,0.9802107428389351
296,596,2024-07-02,0.5,0.735,0,0.6428571428571429,0.7,0.7732559474981807,0.777312977099225,0.8964737911435962,0.7752844622987028,0.8656693302322422
306,631,2024-06-26,0.7,1.0,4,0.7714285714285715,0.6,0.5042517760804189,0.5778435576999175,0.7633403375098238,0.5410476668901683,0.6985681971524725
306,631,2024-06-27,0.6,1.0,0,0.7857142857142857,0.6,0.4997043183499539,0.5301197780065592,0.7177327493468325,0.5149120481782565,0.6632256415976129
306,631,2024-06-28,1.1,1.0,0,0.7857142857142857,0.9,0.5023492200180635,0.5843224960759439,0.7785237937412275,0.5433358580470037,0.7094801503104365
306,631,2024-06-29,0.6,1.0,12,0.8142857142857142,1.0,0.6495736220971221,0.7431750918132961,0.9581172311536607,0.6963743569552091,0.880981328889526
306,631,2024-06-30,0.9,1.0,3,0.7571428571428571,0.7,0.5405315221791578,0.6468276548886387,0.9097303005288202,0.5936795885338982,0.8174306059414046
306,631,2024-07-01,0.7,1.0,5,0.7857142857142857,0.8,0.5410242234707177,0.5643840302467711,0.7348427808822348,0.5527041268587444,0.6863881415293555
306,631,2024-07-02,0.6,1.0,0,0.7714285714285714,0.8,0.5083466676672393,0.5756448654949011,0.7818282689892232,0.5419957665810702,0.7134578686587272
319,554,2024-06-26,0.27999999999999997,0.9570000171661377,0,0.37142857142857144,0.3,0.4401341289504244,0.4306385031927264,0.530908834548308,0.4353863160715754,0.5082151581488371
319,554,2024-06-27,0.6,1.0,8,0.3685714285714285,0.6,0.36671633789875346,0.3418939360648827,0.44544866437579295,0.3543051369818181,0.4257655827565331
319,554,2024-06-28,0.0,1.0,11,0.3685714285714286,0.2,0.35294404486876885,0.35823316360495827,0.45482699094910606,0.35558860423686356,0.42935625442902176
319,554,2024-06-29,0.7,1.0,0,0.33999999999999997,0.2,0.3692609967187028,0.36597373578639036,0.48951084985819865,0.3676173662525466,0.4594483865733247
319,554,2024-06-30,0.3,1.0,0,0.4114285714285714,1.0,0.480937377141609,0.5033566430133587,0.6076235867239871,0.49214701007748385,0.5759520343283926
319,554,2024-07-01,0.3,0.9570000171661377,0,0.3114285714285714,0.1,0.42852528143130236,0.42923261995511597,0.4806776252898922,0.42887895069320914,0.4676395393252447
319,554,2024-07-02,0.7,0.8999999761581421,5,0.33999999999999997,0.2,0.4300798542580852,0.4725136187118767,0.5125209248958077,0.4512967364849809,0.49191065723637706
338,221,2024-06-26,0.6,1.0,13,0.5714285714285714,0.0,0.5106725080210804,0.48274090063860464,0.5054662151613203,0.49670670432984254,0.5067677883762604
338,221,2024-06-27,0.5,1.0,0,0.6571428571428573,0.6,0.569931577755812,0.5052711629319708,0.5353160729022485,0.5376013703438914,0.5439699491156393
338,221,2024-06-28,0.5,1.0,4,0.6428571428571429,0.7,0.5570837705197085,0.5311065221942555,0.5982064632851806,0.544095146356982,0.5879257900938125
338,221,2024-06-29,0.0,1.0,16,0.6142857142857144,0.8,0.589802892194761,0.5682483835737102,0.6299165863869982,0.5790256378842356,0.6198881628389389
338,221,2024-06-30,0.9,1.0,10,0.5,1.1,0.529411934801732,0.5108409881108942,0.574166641564862,0.520126461456313,0.5629779648740795
338,221,2024-07-01,0.5,1.0,9,0.4714285714285714,0.3,0.45252047730163913,0.4648184474456284,0.5001443503089397,0.45866946237363376,0.4882383820571145
338,221,2024-07-02,0.4,1.0,6,0.5,0.5,0.48357170686758233,0.4730567407020913,0.5443368933543355,0.4783142237848368,0.5291455967326473
339,620,2024-06-26,0.4,1.0,0,0.26571428571428574,0.2,0.28670893026246924,0.2606133702414378,0.27511863387804136,0.27366115025195353,0.27801620797414833
339,620,2024-06-27,0.3,1.0,0,0.2942857142857143,0.4,0.3532120843393018,0.32665224856134445,0.33357255538961084,0.3399321664503231,0.33848243762703356
339,620,2024-06-28,0.1,1.0,0,0.27999999999999997,0.12,0.33459155581582495,0.3231108793058889,0.33892072420632274,0.3288512175608569,0.3378384321086983
339,620,2024-06-29,0.4,0.966,0,0.27714285714285714,0.1,0.48309321874381456,0.4714195110335239,0.4667077873754574,0.47725636488866924,0.4708041452175467
339,620,2024-06-30,0.5,1.0,9,0.32,0.33999999999999997,0.39890902260784816,0.4044699257355712,0.4309303880705238,0.4016894741717097,0.4229250467048549
339,620,2024-07-01,0.1,1.0,0,0.34285714285714286,0.4,0.33416329626073354,0.3217644918505528,0.350682724435548,0.3279638940556432,0.3465528673918444
339,620,2024-07-02,0.3,1.0,0,0.3,0.3,0.3534647597782376,0.3477685129483774,0.34684009614015676,0.35061663636330753,0.348496262049677
344,596,2024-06-26,0.6,0.98,0,0.6571428571428573,0.8,0.6665804997869189,0.5832963435747482,0.7471318983321009,0.6249384216808336,0.7269940486958055
344,596,2024-06-27,0.5,0.959,5,0.6285714285714287,0.4,0.5929651130220799,0.6012011879487157,0.7030832959675033,0.5970831504853977,0.6755537502311475
344,596,2024-06-28,0.4,1.0,5,0.642857142857143,1.1,0.5454878798682764,0.498773605351163,0.6992251931295471,0.5221307426097197,0.6607908648142294
344,596,2024-06-29,0.4,1.0,11,0.5428571428571429,0.9,0.5570984856227806,0.5238985992847327,0.7426808547439305,0.5404985424537567,0.696285262463643
344,596,2024-06-30,0.3,1.0,11,0.4714285714285715,0.8,0.5395453128094797,0.5153242768927713,0.7475790341390915,0.5274347948511255,0.6955706038066886
344,596,2024-07-01,0.3,1.0,0,0.39999999999999997,0.2,0.3987174216806823,0.375206750449797,0.5655711336543336,0.38696208606523963,0.5238577056609208
344,596,2024-07-02,0.2,1.0,0,0.4142857142857143,0.4,0.42076458849650994,0.42664105437563793,0.6148751669340053,0.42370282143607396,0.5663475223246315
350,596,2024-06-26,1.1,1.0,0,1.0142857142857145,1.4,0.853044958664419,0.7909015562270602,0.8855435646819442,0.8219732574457396,0.8774189131775629
350,596,2024-06-27,0.7,1.0,8,0.9714285714285715,1.3,0.933876267646594,0.9391330569983507,0.9161082264330698,0.9365046623224724,0.9205502367364508
350,596,2024-06-28,0.4,1.0,0,0.8857142857142858,1.0,0.8698889301534732,0.8707004122028443,0.9113381792020279,0.8702946711781587,0.9009758669398892
350,596,2024-06-29,1.3,0.982,8,0.8,0.8,0.9142365819890953,0.9961606678037671,1.2003716789351144,0.9551986248964313,1.1288379046986097
350,596,2024-06-30,1.2,1.0,6,0.8714285714285716,1.5,1.0215240207674285,1.098376554363805,1.1276932779677526,1.0599502875656168,1.1011509636676715
350,596,2024-07-01,1.2,1.0,0,0.8285714285714285,0.8,0.8242158408599628,0.8606942091052366,0.9633916671922805,0.8424550249825997,0.928597710609201
350,596,2024-07-02,0.9,1.0,6,0.8857142857142856,0.3,0.8750433473214071,0.9637416584420467,1.029655358537356,0.9193925028817269,0.9910023557333687
355,257,2024-06-26,0.6,0.84,7,0.48571428571428577,0.4,0.5269295107703135,0.5747489996241717,0.5366286912844345,0.5508392551972425,0.5342038961559042
355,257,2024-06-27,0.5,0.92,7,0.5142857142857143,0.0,0.5092870526794337,0.48112549389691456,0.4349913542586839,0.4952062732881741,0.4535652788638714
355,257,2024-06-28,0.0,1.0,16,0.5857142857142857,0.5,0.47932874706060163,0.42203621241686406,0.39963311950424285,0.4506824797387329,0.41955702639333253
355,257,2024-06-29,0.7,0.886,7,0.5142857142857143,0.8,0.6553416712820401,0.5877444857259168,0.5407134320770332,0.6215430785039784,0.5693704918782849
355,257,2024-06-30,0.6,0.867,0,0.5000000000000001,0.7,0.6555354273526914,0.6428508074871174,0.6285921740349465,0.6491931174199044,0.6353279873643827
355,257,2024-07-01,0.4,0.766,0,0.48571428571428577,0.3,0.5781708019701571,0.6939318180115405,0.6937232627889006,0.6360513099908488,0.6648351475842147
355,257,2024-07-02,0.6,1.0,5,0.5000000000000001,0.7,0.44219975266253037,0.36872384108722744,0.3996703260360996,0.40546179687487893,0.41030268269270725
365,296,2024-06-26,0.4,0.913,12,0.48571428571428565,0.3,0.48097636765065216,0.4842354313344917,0.538513134154947,0.48260589949257193,0.5241289425288732
365,296,2024-06-27,0.7,0.913,6,0.5,0.5,0.49885823847062133,0.48400033140836707,0.5285181688727036,0.4914292849394942,0.5211031862721831
365,296,2024-06-28,0.3,0.869,0,0.5285714285714286,0.5,0.5271620200045174,0.5426446138792671,0.5954005997194938,0.5349033169418922,0.5783409547907497
365,296,2024-06-29,1.3,0.913,0,0.5,0.3,0.6040369952227138,0.5815746843305706,0.6524471014699338,0.5928058397766423,0.6403445749081288
365,296,2024-06-30,0.6,0.913,11,0.6428571428571429,0.7,0.7874641579948889,0.8352787236061511,0.8309448081982784,0.8113714408005199,0.820074645647431
365,296,2024-07-01,0.5,0.913,5,0.6285714285714284,0.5,0.5946294400838172,0.5670565888616944,0.6114162252194977,0.5808430144727559,0.6072195289355775
365,296,2024-07-02,0.6,1.0,10,0.6285714285714284,0.6,0.4458935150998668,0.43726028326051675,0.45964420567652164,0.4415768991801918,0.456206533032358
366,631,2024-06-26,1.6,0.977,4,1.0142857142857142,0.8,0.9706771356323793,0.9260970942829627,1.0547441271416234,0.948387114957671,1.0337273792643122
366,631,2024-06-27,1.1,1.0,5,1.1285714285714286,0.8,1.0918882941728902,0.920601408839282,1.0293380106939554,1.0062448515060862,1.0449755815636892
366,631,2024-06-28,0.6,1.0,0,1.1714285714285713,1.0,1.0845957947326785,0.9117587292399016,1.0585335412487678,0.9981772619862901,1.0650491046197454
366,631,2024-06-29,1.9,1.0,0,1.1142857142857143,1.2,0.931946244517256,0.9332309505715156,1.204781904939383,0.9325885975443858,1.1365729898338512
366,631,2024-06-30,1.4,1.0,0,1.2142857142857142,1.8,1.331446665211131,1.3577564996647107,1.4012388377630098,1.344601582437921,1.38379079462504
366,631,2024-07-01,1.2,1.0,5,1.157142857142857,0.7,1.0850850583448841,0.9972442062159894,1.1047252924164384,1.0411646322804367,1.0998152338985498
366,631,2024-07-02,0.8,0.979,4,1.2285714285714284,0.8,1.125321494553987,1.1135144182963979,1.182999094375985,1.1194179564251923,1.1685796944204854
383,763,2024-06-26,1.0,0.751,0,1.4714285714285713,1.3,1.3970877088441112,1.3275852839009095,1.216364545123242,1.3623364963725102,1.2615453360534594
383,763,2024-06-27,1.7,0.751,0,1.4285714285714286,1.5,1.3570698857657642,1.30757376999967,1.2206638275397697,1.332321827882717,1.2547653420962683
383,763,2024-06-28,0.7,0.751,0,1.4571428571428573,1.5,1.4062123352271443,1.4340679691179905,1.303120358615236,1.4201401521725674,1.3288933527682132
383,763,2024-06-29,1.5,0.751,0,1.342857142857143,1.0,1.4182780916536124,1.370731978323724,1.3317093834398281,1.394505034988668,1.3533515604932742
383,763,2024-06-30,1.1199999999999999,0.751,0,1.4142857142857144,2.0,1.5645575478441953,1.6014093403399634,1.502941986369157,1.5829834440920794,1.5183458767379168
383,763,2024-07-01,0.9,0.751,0,1.2885714285714285,1.5,1.308488804692389,1.3389455537065182,1.2285212464364903,1.3237171791994538,1.2485131360004649
383,763,2024-07-02,1.3,0.751,1,1.2028571428571428,1.5,1.2524220991007908,1.289766152481338,1.2265810097524712,1.2710941257910644,1.233041282089551
385,4,2024-06-26,0.5,0.94,0,0.9000000000000001,1.0,1.2996997326185928,1.1996375766165224,1.1305389848862184,1.2496686546175577,1.172829171819312
385,4,2024-06-27,0.7,0.9,0,0.8285714285714286,0.6,1.3091116324703012,1.2611979101326287,0.8862743767664194,1.2851547713014648,0.9919836906923899
385,4,2024-06-28,0.5,0.94,6,0.8428571428571429,1.1,1.21240374787402,1.221040420607184,0.9590316935729736,1.216722084240602,1.0223747071482352
385,4,2024-06-29,1.0,0.94,8,0.7571428571428572,0.7,1.245235704167603,1.2582515232085723,1.073926769090588,1.2517436136880877,1.116754002859842
385,4,2024-06-30,0.6,0.95,0,0.7999999999999999,2.7,1.4085236627351225,1.4053544506130922,1.1591614946928523,1.4069390566741073,1.22150203670342
385,4,2024-07-01,0.0,0.9495660066604614,0,0.5,0.0,0.9494320686949855,0.9573227395168274,0.696687239177135,0.9533774041059064,0.7598734465565977
385,4,2024-07-02,0.5,0.94,0,0.5,0.2,0.9017839660595788,1.0189827772776283,0.6574973838272755,0.9603833716686035,0.7185690293853513
385,631,2024-06-26,0.8,1.0,6,0.5971428571428571,0.7,0.5225903867835334,0.467358632297533,0.6616657783345378,0.49497450954053324,0.6268969304467866
385,631,2024-06-27,0.6,0.975,5,0.6114285714285714,0.12,0.5822462440574859,0.5746866831648447,0.7064580072051584,0.5784664636111654,0.6754050664182403
385,631,2024-06-28,1.2,1.0,0,0.6799999999999999,0.36,0.5423781406229913,0.4905682966894793,0.7289110509028085,0.5164732186562353,0.6822778233328542
385,631,2024-06-29,0.8,1.0,2,0.7999999999999999,0.8,0.687618434009554,0.785262620935296,0.9732533729595321,0.736440527472425,0.9018446382220375
385,631,2024-06-30,0.7,1.0,0,0.7999999999999999,0.9,0.6658982109305992,0.6888399663082427,0.9663291465548807,0.677369088619421,0.8912214126488103
385,631,2024-07-01,0.9,1.0,0,0.7714285714285714,0.6,0.5940709647714314,0.6085138596911668,0.8031908867497854,0.601292412231299,0.750910906255197
385,631,2024-07-02,0.2,1.0,0,0.8142857142857142,0.7,0.6458521499703566,0.6703944764505652,0.8531876459198838,0.6581233132104609,0.801353771932502
388,686,2024-06-26,0.4,0.909,0,0.35714285714285715,0.4,0.43978507303233927,0.4265399167646019,0.4843687744626711,0.4331624948984706,0.47322284910508816
388,686,2024-06-27,0.3,0.878,0,0.35714285714285715,0.3,0.4323644234337281,0.43320388770764806,0.4877855497016454,0.43278415557068806,0.47393026813466604
388,686,2024-06-28,0.3,0.909,0,0.35714285714285715,0.6,0.44419619908860664,0.4487729210401819,0.5404268508886839,0.4464845600643943,0.5163691879386646
388,686,2024-06-29,0.4,0.909,0,0.31428571428571433,0.6,0.5137146591683117,0.5137498708572994,0.6046435951877576,0.5137322650128056,0.5819113611828961
388,686,2024-06-30,0.6,0.909,0,0.2857142857142857,0.3,0.49339053761362983,0.5170382421422024,0.596086020536036,0.5052143898779161,0.5704121498054344
388,686,2024-07-01,0.3,0.909,0,0.32857142857142857,0.0,0.43076644776686784,0.4403334420560881,0.4746129203515443,0.43554994491147797,0.46365130220537515
388,686,2024-07-02,0.3,0.909,0,0.37142857142857144,0.3,0.43657335823345844,0.4657428793798989,0.5121420686985959,0.45115811880667867,0.49324989108231154
404,644,2024-06-26,0.4,0.9,0,0.6,0.6,0.5753736005616646,0.31915158761785645,0.42652078106579905,0.44726259408976055,0.46373398593976545
404,644,2024-06-27,0.4,0.853,0,0.5714285714285714,0.6,0.6102802072373785,0.6180526797892186,0.5511390605436454,0.6141664435132985,0.5659243472170787
404,644,2024-06-28,0.4,1.0,2,0.5428571428571428,0.7,0.4838012775981136,0.4131722897884963,0.3435277081579971,0.44848678369330497,0.3785961005180262
404,644,2024-06-29,0.4,0.95,8,0.5,0.7,0.6217677001735864,0.5848436889126127,0.4769645191191011,0.6033056945430996,0.5131653143827224
404,644,2024-06-30,0.7,0.886,0,0.45714285714285713,1.2,0.6317254976766943,0.6429692837360448,0.5911036158584625,0.6373473907063696,0.6012590863130205
404,644,2024-07-01,0.2,0.9,0,0.38571428571428573,0.4,0.45451817046188364,0.4906438947729204,0.5075913007690507,0.47258103261740203,0.49432301819225893
404,644,2024-07-02,0.5,1.0,0,0.35714285714285715,0.0,0.36076937410679916,0.3449642417941716,0.37775426597106243,0.3528668079504854,0.3735080430049966
408,381,2024-06-26,0.4,1.0,0,0.45714285714285713,0.1,0.44890139666186313,0.42853551459943484,0.48603193120938093,0.438718455630649,0.4767492975725015
408,381,2024-06-27,0.3,1.0,0,0.49999999999999994,0.6,0.4871107307264527,0.4707678816866741,0.4888262328847002,0.47893930620656344,0.48839735734513834
408,381,2024-06-28,0.4,1.0,0,0.457142857142857,0.8,0.46000029559531175,0.46825968450872746,0.5187894790623704,0.4641299900520196,0.5040921831956058
408,381,2024-06-29,0.6,1.0,0,0.39999999999999997,0.6,0.4513837923795588,0.4974908898961688,0.5394250874196851,0.4744373411378638,0.5174147636596536
408,381,2024-06-30,0.7,1.0,0,0.39999999999999997,0.7,0.4719052421058412,0.5234971853537229,0.5645773153615008,0.49770121372978204,0.5414092970475859
408,381,2024-07-01,0.4,1.0,0,0.3999999999999999,0.2,0.4193544991646716,0.44072070650250206,0.43566206842099625,0.43003760283358683,0.4315851761069151
408,381,2024-07-02,0.6,1.0,3,0.4285714285714285,0.2,0.42895810539229745,0.4547615130347394,0.46465637289586514,0.4418598092135184,0.45573180601997326
418,396,2024-06-26,0.2,0.9,0,0.38571428571428573,0.3,0.43187801170108486,0.43284037747159193,0.4681411404461352,0.4323591945863384,0.45907535825987256
418,396,2024-06-27,0.3,0.9,0,0.37142857142857144,0.1,0.431754101740929,0.41902417107324613,0.43380986549852274,0.42538913640708753,0.4332959245591243
418,396,2024-06-28,0.5,0.964,10,0.39999999999999997,0.5,0.46486505959076907,0.436552271501876,0.46833760009232245,0.4507086655463225,0.4674694649669341
418,396,2024-06-29,0.2,0.9,0,0.39999999999999997,0.4,0.523064101504991,0.5354649421110969,0.5439205535132791,0.529264521808044,0.538706440511207
418,396,2024-06-30,0.7,0.975,7,0.37142857142857144,0.6,0.5312713128922236,0.4941446403499626,0.547982447923526,0.5127079766210931,0.5438046641657004
418,396,2024-07-01,0.7,0.9,11,0.38571428571428573,0.4,0.4403691525580605,0.4613361385559899,0.4636456517170921,0.4508526455570252,0.45782652692733417
418,396,2024-07-02,0.3,1.0,0,0.42857142857142855,0.4,0.39357439458104027,0.3706258103738709,0.38080692234713176,0.38210010247745557,0.3839987904056089
419,219,2024-06-26,0.7,0.907,0,0.6285714285714287,0.2,0.595308768569491,0.6136720389479182,0.6226916711113943,0.6044904037587047,0.6158459454759185
419,219,2024-06-27,0.5,0.974,6,0.7000000000000001,0.9,0.6322747316705029,0.5726629245826337,0.588848247051783,0.6024688281265682,0.599704868206463
419,219,2024-06-28,0.7,1.0,4,0.6428571428571429,0.4,0.4513735036655461,0.44982995104273066,0.4776123101179654,0.4506017273541384,0.4710526085048606
419,219,2024-06-29,1.2,0.694,0,0.6857142857142857,0.9,1.090215445094589,1.4509621365523977,1.0772453415825118,1.2705887908234934,1.0804878674605312
419,219,2024-06-30,1.2,0.654,0,0.7285714285714285,0.9,1.1445585567100154,1.1785714367201068,1.2447126885206208,1.161564996715061,1.2196741555679695
419,219,2024-07-01,0.4,0.935,0,0.7714285714285715,0.3,0.6037536687443839,0.5909662843958301,0.6384177346340317,0.597359976570107,0.6297517181616197
419,219,2024-07-02,0.3,1.0,0,0.7857142857142856,0.8,0.5127852355308824,0.5546896055559976,0.4995690787187005,0.53373742054344,0.5028731179217459
421,554,2024-06-26,0.5,1.0,0,0.3885714285714285,0.4,0.3535913906053055,0.34001364903087594,0.4448675901504196,0.34680251981809074,0.42204854026414107
421,554,2024-06-27,0.6,1.0,0,0.40285714285714286,0.1,0.39106021413349973,0.35621672186707476,0.4728186273082149,0.3736384680002872,0.4523790240145361
421,554,2024-06-28,0.3,1.0,11,0.47428571428571425,0.26,0.42611258672698915,0.4186167627580472,0.5464094917010335,0.42236467474251815,0.5163352654575224
421,554,2024-06-29,0.4,1.0,0,0.48,0.45999999999999996,0.46558658491199006,0.44780591454403673,0.6402736029566364,0.45669624972801337,0.5966018484454748
421,554,2024-06-30,0.5,1.0,0,0.4714285714285714,0.8,0.4770585379511298,0.4931014345751228,0.6719173618122102,0.4850799862631263,0.6232026558469401
421,554,2024-07-01,0.5,1.0,0,0.42857142857142855,0.2,0.4032260245934989,0.3832721596479921,0.5144173542929444,0.3932490921207455,0.48661952186808305
421,554,2024-07-02,0.3,0.952,0,0.4714285714285714,0.5,0.48918004542839755,0.5230785830141758,0.6229353571870756,0.5061293142212866,0.5894965292474061
428,580,2024-06-26,2.2,0.903,0,2.0,1.4,1.6353572779576233,1.5417178130928924,1.652423674059282,1.588537545525258,1.6481570750338672
428,580,2024-06-27,1.8,0.903,4,2.1142857142857143,1.2,1.8055909737017486,1.6726980072064688,1.8196430636436485,1.7391444904541087,1.8161300411581736
428,580,2024-06-28,1.7,0.903,6,2.2,2.2,1.806495813473272,1.6229443813499387,1.7517945929954102,1.7147200974116052,1.7654698981148755
428,580,2024-06-29,2.6,0.903,12,2.1285714285714286,2.9,1.819932002293068,1.774638933096376,2.041819063638702,1.797285467694722,1.9863472983022938
428,580,2024-06-30,2.1,0.903,4,2.085714285714286,2.3,1.8640982828268011,2.0631384093831064,2.212981147523583,1.963618346104954,2.1257604313493874
428,580,2024-07-01,1.8,0.903,4,2.0571428571428574,2.2,1.713091475651883,1.642171620973939,1.8226916336516723,1.677631548312911,1.795291594151725
428,580,2024-07-02,1.9,0.903,5,2.0000000000000004,1.8,1.6596918443397841,1.5970206111010332,1.6081579889405373,1.6283562277204087,1.6210414527903492
444,387,2024-06-26,0.7,0.793,4,0.7857142857142858,1.1,0.9694604749476268,0.9114137727613949,0.8792377148245383,0.9404371238545108,0.9017934048553105
444,387,2024-06-27,1.3,0.936,5,0.7285714285714285,1.1,0.6952181083288768,0.6343446101621296,0.6041524950762579,0.6647813592455032,0.6269188983894126
444,387,2024-06-28,1.0,0.793,6,0.7571428571428571,0.9,0.9402459302067738,0.9742076291429139,1.067201551084171,0.9572267796748439,1.0354626458648217
444,387,2024-06-29,0.8,0.793,13,0.7714285714285714,0.9,0.9323909659256813,0.9522082033802972,1.1871342465584378,0.9422995846529892,1.1234484264002487
444,387,2024-06-30,1.0,0.793,10,0.7571428571428572,0.3,0.9411793202092186,0.9408176247760889,1.2029084176145601,0.9409984724926537,1.1374761432632248
444,387,2024-07-01,0.9,0.793,3,0.8571428571428571,0.0,0.9896774205625481,0.9607008889130527,1.0461177580826047,0.9751891547378004,1.0320076737025905
444,387,2024-07-02,1.1,0.793,0,0.9857142857142858,1.2,0.9870397636962455,1.0042067784239255,1.061497983409863,0.9956232710600854,1.0428834284814585
454,291,2024-06-26,1.1,1.0,4,0.8428571428571427,0.6,0.7586400783369913,0.7103357333590605,0.8268935963975198,0.7344879058480259,0.8098302168823877
454,291,2024-06-27,0.5,1.0,1,0.9142857142857144,0.9,0.8563463863190884,0.8090730964506522,0.8660979269770834,0.8327097413848703,0.8636600418125847
454,291,2024-06-28,0.9,1.0,0,0.8571428571428571,0.7,0.802820045694596,0.7242070285344736,0.8546965783285047,0.7635135371145347,0.8417274451700274
454,291,2024-06-29,0.7,1.0,0,0.8857142857142858,1.4,0.8990421603742035,0.9322703293754635,1.0300304743112212,0.9156562448748335,0.9972833958269667
454,291,2024-06-30,1.4,1.0,2,0.7857142857142857,0.8,0.7867739640094757,0.8169483809223219,0.9516345387133281,0.8018611724658988,0.9104193950373651
454,291,2024-07-01,1.0,1.0,4,0.8714285714285713,1.0,0.8768703521916854,0.8541680329453308,0.9080489833011827,0.8655191925685082,0.9002543255238084
454,291,2024-07-02,0.7,1.0,0,0.8714285714285713,0.5,0.8209783230381269,0.8218951724628704,0.877038300733583,0.8214367477504987,0.863023306309719
458,70,2024-06-26,3.0,0.994,8,3.742857142857143,4.3,2.887165014420575,2.846712166389475,1.923706980832708,2.866938590405025,2.1645714892296746
458,70,2024-06-27,2.0,0.998,11,3.557142857142857,4.1,2.991824235237368,3.071584522323377,1.7275995067641656,3.031704378780373,2.0436556888824664
458,70,2024-06-28,2.8,0.998,0,3.257142857142857,3.3,2.5586113733959697,2.6588299383909804,1.763721053173977,2.608720655893475,1.962443633229475
458,70,2024-06-29,4.7,0.98,0,3.185714285714286,3.3,3.5445899262547087,3.6420380831676384,2.569304469341426,3.5933140047111736,2.813125833569747
458,70,2024-06-30,5.4,0.991,0,3.3857142857142857,5.1,3.7878902508461247,4.154677237643787,3.005190464126639,3.971283744244956,3.200865410806511
458,70,2024-07-01,7.5,0.991,0,3.4285714285714284,3.6,3.486343798732547,3.575452412306535,2.871834516039082,3.530898105519541,3.025461836712448
458,70,2024-07-02,8.2,0.967,0,3.9857142857142853,2.5,4.191921506203742,4.7623629010442095,2.934060477496764,4.477142203623975,3.2485257346735086
483,600,2024-06-26,1.7,1.0,0,1.8142857142857145,1.0,1.3237895828066784,0.9892450508840089,1.051333352028269,1.1565173168453438,1.1194474097228713
483,600,2024-06-27,2.5,0.847,7,1.9142857142857144,1.6,1.6471573001984186,1.4033586439215922,1.541546164611946,1.5252579720600052,1.567948948508564
483,600,2024-06-28,1.8,1.0,5,2.042857142857143,1.8,1.2397565280422396,1.1108939089793242,1.3470051177019662,1.1753252185107819,1.3201929702870343
483,600,2024-06-29,3.1,1.0,1,2.042857142857143,2.5,1.5004419059406338,1.3603623787695744,1.6183570592840122,1.430402142355104,1.5888782709481677
483,600,2024-06-30,3.2,1.0,0,2.128571428571429,2.2,2.060253840838965,1.9421310717267262,1.9087486864529275,2.001192456282846,1.9466249750494369
483,600,2024-07-01,1.3,1.0,12,2.2714285714285714,1.8,2.0161309914496957,1.8668887385683468,1.6548514547426114,1.9415098650090212,1.7451713389193824
483,600,2024-07-02,1.5,1.0,8,2.2,1.8,1.2729446961436381,1.2293673308648496,1.3826820587227306,1.2511560135042439,1.3552477180779574
484,117,2024-06-26,3.0,0.759,8,3.157142857142857,2.8,2.993826603334078,2.7585336427189144,2.992671010179474,2.8761801230264963,2.9929599084681247
484,117,2024-06-27,3.5,0.759,6,3.185714285714286,3.4,3.2097480163889696,3.0841509279071535,2.961636084859448,3.1469494721480613,3.0236640677418283
484,117,2024-06-28,3.7,0.759,0,3.1999999999999997,3.1,3.170101377496968,3.167976199728813,2.9214816377062274,3.1690387886128906,2.9836365726539125
484,117,2024-06-29,3.3,0.842,0,3.2857142857142856,3.9,3.806688607262982,3.9761624686090524,3.578206863173437,3.8914255379360174,3.6353272991958234
484,117,2024-06-30,2.6,1.0,0,3.1999999999999997,4.2,3.323264446330618,3.2282144416397567,2.4974636198587996,3.275739443985187,2.703913826476754
484,117,2024-07-01,3.6,1.0,1,2.9714285714285715,2.4,2.511956535488924,2.6099356414149026,1.8992549884293741,2.5609460884519133,2.0524303751942616
484,117,2024-07-02,0.0,1.0,16,3.142857142857143,2.3,2.8109289314045585,2.798189428688463,1.964316406085415,2.804559180046511,2.1759695374152006
506,596,2024-06-26,1.0,1.0,0,1.5142857142857142,1.4,1.173662727904238,1.1083842741700294,1.121690500908074,1.1410235010371337,1.134683557657115
506,596,2024-06-27,1.1,1.0,11,1.457142857142857,1.7,1.1361176653606588,1.0737125926288313,1.1085173363690204,1.1049151289947452,1.11541741861693
506,596,2024-06-28,1.3,1.0,4,1.3714285714285717,1.0,1.1166316537506582,1.072778158519957,1.1309214699546044,1.0947049061353076,1.127349015903618
506,596,2024-06-29,1.4,1.0,9,1.4142857142857144,1.6,1.3234145786306315,1.2705465473703077,1.289000366157002,1.2969805630004696,1.2976039192754092
506,596,2024-06-30,1.1,1.0,6,1.3857142857142857,1.9,1.3448754806037777,1.3149717397824587,1.3985694111532578,1.3299236101931182,1.3851459285158878
506,596,2024-07-01,1.6,1.0,0,1.2714285714285716,1.8,1.1101157423431176,1.008406383551942,1.1870548700599457,1.0592610629475296,1.1678200881307386
506,596,2024-07-02,1.0,1.0,2,1.2428571428571427,1.2,1.1416462474359965,1.099939104908891,1.242039516242257,1.1207926761724436,1.216941199040692
510,291,2024-06-26,1.2,1.0,5,0.8371428571428572,0.9,0.801871238689086,0.7717225753447787,0.873611191498445,0.7867969070169324,0.8556762032961053
510,291,2024-06-27,1.5,1.0,6,0.88,1.0,0.8972552237581556,0.897925824992142,0.9203613156200141,0.8975905243751487,0.9145847926545494
510,291,2024-06-28,1.2,1.0,1,0.9514285714285714,0.9,0.9593100090461185,0.9670157899792609,1.0056470406181919,0.9631628995126897,0.9940627827251735
510,291,2024-06-29,1.8,1.0,0,0.9942857142857141,0.5,0.9499947111970634,1.0106544840268468,1.1203928274189163,0.980324597611955,1.077793298363453
510,291,2024-06-30,1.1,1.0,0,1.18,1.16,1.2798686578762164,1.2793224318092349,1.3254573975417903,1.2795955448427256,1.3140602126253969
510,291,2024-07-01,0.5,1.0,0,1.1714285714285715,0.7,1.0637753375409003,0.9823735732198172,1.0487170865023483,1.0230744553803588,1.0524816492619862
510,291,2024-07-02,0.7,1.0,0,1.1428571428571428,0.7,0.8601279471562744,0.903918846200844,1.0086190878855175,0.8820233966785591,0.9714963027032066
533,644,2024-06-26,0.1,1.0,0,0.5857142857142856,0.6,0.410228237392492,0.19978628547947774,0.2900948829311968,0.3050072614359849,0.3201282215465206
533,644,2024-06-27,0.3,0.88,0,0.5142857142857142,0.5,0.5149489436069934,0.5252690888394603,0.3937128607920734,0.5201090162232269,0.4240218814958034
533,644,2024-06-28,0.4,0.8,0,0.4857142857142857,0.7,0.5424125690150619,0.6420797289968722,0.5533594419314645,0.592246149005967,0.5506227237023638
533,644,2024-06-29,0.3,0.941,0,0.4428571428571429,0.8,0.5853445246840555,0.5343844121591845,0.43335180265766343,0.5598644684216201,0.47134998316426147
533,644,2024-06-30,0.6,0.867,0,0.3714285714285714,0.7,0.5364130897313766,0.5766467947846032,0.52317131573666,0.5565299422579899,0.5264817592353391
533,644,2024-07-01,0.3,1.0,0,0.35714285714285715,0.3,0.35810455069220704,0.31518608223042266,0.31175420870930687,0.33664531646131485,0.32334179420503195
533,644,2024-07-02,0.6,1.0,1,0.3571428571428571,0.5,0.3626837040090391,0.37403443422361493,0.3522487489250078,0.368359069116327,0.35485748769601566
537,323,2024-06-26,0.1,0.903,0,0.6285714285714287,0.4,0.7061174779213732,0.6920579513399946,0.6967554623124443,0.699087714630684,0.6990959662146765
537,323,2024-06-27,0.5,1.0,0,0.5857142857142856,0.5,0.5545797513171474,0.47256082624517093,0.5272592271884944,0.5135702887811592,0.5340893582206576
537,323,2024-06-28,1.0,0.982,3,0.5857142857142856,0.5,0.654621915368753,0.6586957823579702,0.6440449115155316,0.6566588488633616,0.6466891624788369
537,323,2024-06-29,1.4,0.97,1,0.6571428571428571,1.1,0.763596936724777,0.810976403970401,0.7437165400540717,0.787286670347589,0.748686639221748
537,323,2024-06-30,0.6,0.968,0,0.7000000000000001,0.5,0.8244907871111554,0.9275344945456871,0.8679838161291576,0.8760126408284212,0.857110558874657
537,323,2024-07-01,0.7,0.945,0,0.7142857142857143,0.7,0.7266849205543815,0.7416810045747043,0.7195360093952402,0.7341829625645429,0.7213232371850256
537,323,2024-07-02,1.0,0.916,0,0.7142857142857143,0.7,0.7649861450613321,0.7749363293706159,0.7415579991846133,0.769961237215974,0.747415035653793
564,387,2024-06-26,0.9,0.982,0,0.8285714285714286,0.8,0.7352564890658141,0.7129561431192164,0.8614096841915377,0.7241063160925152,0.8298713854101069
564,387,2024-06-27,1.0,0.985,0,0.8428571428571429,0.8,0.7379383714088865,0.7686522165953251,0.8554595219979447,0.7532952940021058,0.8260792343506802
564,387,2024-06-28,0.3,0.93,0,0.8714285714285713,0.8,0.8464883019183241,0.863228311400288,0.9413201409701659,0.8548583066593061,0.9176121812072054
564,387,2024-06-29,0.5,0.968,0,0.7999999999999999,1.3,0.72833088254053,0.7641432735909034,1.004857991275901,0.7462370780657167,0.9357262140920584
564,387,2024-06-30,2.2,0.81,6,0.6857142857142857,1.1,0.8268903553495696,0.8425775747224312,1.0170190263858396,0.8347339650360004,0.9694868586267721
564,387,2024-07-01,1.0,0.772,7,0.8428571428571429,0.4,1.18155294122904,1.1417428349960161,1.1030255506534816,1.161647888112528,1.1226573982973713
564,387,2024-07-02,1.2,0.772,4,0.9285714285714286,0.6,1.009746277026455,1.0013281508322138,0.9874401410305975,1.0055372139293344,0.9930166750295619
569,729,2024-06-26,0.4,1.0,4,0.3142857142857142,0.4,0.35207912464051283,0.3305761510492392,0.35870809353801614,0.341327637844876,0.35705085131364034
569,729,2024-06-27,0.6,1.0,8,0.31428571428571433,0.6,0.3314119435428115,0.2917317890829333,0.32108107630611943,0.31157186631287237,0.3236637931152925
569,729,2024-06-28,0.4,1.0,11,0.31428571428571433,0.2,0.323032745079924,0.32451014324778027,0.3543157126409977,0.3237714441638522,0.34649497075072927
569,729,2024-06-29,0.6,1.0,11,0.3428571428571429,0.1,0.36658264934233586,0.37175665060755925,0.43928740145679795,0.36916964997494756,0.4211112134281824
569,729,2024-06-30,0.6,1.0,0,0.4142857142857143,0.3,0.4324578640846916,0.44573967501463096,0.5083279354699632,0.4390987695496613,0.48936041762364535
569,729,2024-07-01,0.5,1.0,0,0.4571428571428572,0.2,0.4051072320354795,0.40679494713912945,0.46309121367617084,0.40595108958730447,0.448595218265998
569,729,2024-07-02,0.4,1.0,0,0.5,0.4,0.42186403643906184,0.44607625666056433,0.4997395196587071,0.4339701465498131,0.4802706488537958
584,791,2024-06-26,0.4,1.0,0,0.44285714285714295,0.5,0.42739364471998403,0.37553335003512744,0.44307551020206715,0.4014634973775557,0.43915504383154635
584,791,2024-06-27,0.4,1.0,0,0.42857142857142866,0.3,0.41569594750881855,0.3859470219708416,0.4482710154753217,0.40082148473983004,0.4401272484836959
584,791,2024-06-28,0.1,1.0,0,0.4428571428571429,0.2,0.42410166695703355,0.4118508826892383,0.4686684465822912,0.41797627482313593,0.4575267516759768
584,791,2024-06-29,0.5,1.0,10,0.42857142857142866,0.8,0.4780480378623652,0.46641696276109457,0.5455134688741246,0.4722325003117299,0.5286471111211847
584,791,2024-06-30,0.4,1.0,11,0.38571428571428573,0.7,0.4099000061968649,0.43980003936319945,0.5023810051889672,0.42485002278003214,0.47926075544094165
584,791,2024-07-01,0.3,1.0,0,0.34285714285714286,0.1,0.32964017242596616,0.32425036900200155,0.36654570998204944,0.3269452707139838,0.3573193255930286
584,791,2024-07-02,0.5,1.0,1,0.37142857142857144,0.5,0.37159859792712907,0.391006562559205,0.430527340122626,0.38130258024316704,0.41579515457375177
602,758,2024-06-26,0.7,0.891,0,0.9142857142857143,0.9,0.8199269099214677,0.7895548915409086,0.7716210645321966,0.8047409007311881,0.7836975258795144
602,758,2024-06-27,0.7,0.943,0,0.8857142857142858,0.5,0.7868918856522612,0.7329467018828089,0.6779675408403882,0.759919293767535,0.7051986270433565
602,758,2024-06-28,0.7,0.952,0,0.9142857142857144,0.9,0.7744098326574966,0.7720387906955568,0.7073394171199686,0.7732243116765267,0.7241070210043506
602,758,2024-06-29,0.9,0.933,0,0.8857142857142858,1.3,0.8545475550713045,0.8968969444467264,0.8069443230351075,0.8757222497590155,0.8188451310441568
602,758,2024-06-30,1.2,0.976,0,0.8285714285714285,0.9,0.7488541534403207,0.8142330779077078,0.8483923729237595,0.7815436156740143,0.8235078180528997
602,758,2024-07-01,0.8,1.0,0,0.8714285714285713,1.3,0.717661695650385,0.7421551695909511,0.631733690305996,0.729908432620668,0.6532156916420933
602,758,2024-07-02,1.1,0.961,0,0.7999999999999999,0.6,0.6511556232665028,0.7329874918550091,0.7176609065615142,0.6920715575607559,0.7010345857377613
614,580,2024-06-26,0.3,0.836,0,0.5571428571428572,0.3,0.8213370976009693,0.8493504398757552,0.8311858653104839,0.8353437687383622,0.8287236733831053
614,580,2024-06-27,0.4,0.836,0,0.5571428571428572,0.5,0.7554591710430293,0.7870303896583768,0.7952087742372046,0.771244780350703,0.7852713734386607
614,580,2024-06-28,0.8,0.836,0,0.5428571428571428,0.6,0.7310448817837802,0.8102447219337845,0.8015905886048011,0.7706448018587824,0.7839541618995458
614,580,2024-06-29,1.0,0.836,0,0.5714285714285714,0.6,0.8433945281748135,0.9365032399277435,0.9459631173685079,0.8899488840512786,0.9203209700700844
614,580,2024-06-30,0.6,0.836,0,0.6285714285714287,0.5,0.9418701298407435,1.021924466073167,1.107623505191279,0.9818972979569552,1.066185161353645
614,580,2024-07-01,0.3,0.836,0,0.6428571428571429,0.5,0.8683460568268841,0.8547503768526976,0.8465699425306722,0.8615482168397909,0.8520139711047252
614,580,2024-07-02,1.0,0.836,0,0.6142857142857142,0.9,0.8298595379804494,0.846568983912563,0.7859522764916202,0.8382142609465062,0.7969290918638275
617,596,2024-06-26,0.8,0.82,4,0.8142857142857143,0.7,0.8758431786952324,0.774833324204079,0.9754793739901958,0.8253382514496557,0.950570325166455
617,596,2024-06-27,0.8,0.82,0,0.8285714285714285,0.5,0.8720593902807067,0.7478814081037244,0.94391375391514,0.8099703991922156,0.9259501630065317
617,596,2024-06-28,0.7,0.82,0,0.8714285714285713,0.8,0.9037995989926884,0.8771542838544031,1.0520349832906892,0.8904769414235457,1.014976137216189
617,596,2024-06-29,0.9,0.82,0,0.8571428571428571,0.9,0.9023998428288873,0.9160381914272299,1.1401379940677665,0.9092190171280585,1.0807034562580466
617,596,2024-06-30,0.6,0.82,0,0.8571428571428571,0.8,0.9374824960170546,0.9692814139304949,1.1317684261266583,0.9533819549737748,1.0831969435992572
617,596,2024-07-01,0.3,0.82,6,0.8285714285714285,1.0,0.885357869282448,0.8041282526626271,0.9526429371028022,0.8447430609725375,0.9358216701477136
617,596,2024-07-02,0.9,0.82,0,0.7285714285714285,1.0,0.8356330807788169,0.7279767010851526,0.8204135399110184,0.7818048909319848,0.8242184251279681
618,215,2024-06-26,0.9,1.0,11,2.5285714285714285,3.1,1.9961321888461654,1.9819537366719173,1.2012435804731616,1.9890429627590414,1.3999657325664125
618,215,2024-06-27,2.8,0.993,0,2.2142857142857144,3.0,1.833456691820511,1.475878487308071,1.2250056406491239,1.654667589564291,1.3771184034419708
618,215,2024-06-28,3.2,0.995,1,2.185714285714286,2.6,2.0977695301861283,2.176463535765934,1.5302097171158,2.137116532976031,1.6720996703833821
618,215,2024-06-29,2.3,1.0,5,2.2714285714285714,2.7,2.2500477472413962,2.4255462285431797,2.0547104103338243,2.337796987892288,2.1035447445607174
618,215,2024-06-30,3.3,1.0,1,2.2142857142857144,0.0,2.059803646017393,2.1914482184060593,2.146552267211386,2.125625932211726,2.1248651119128876
618,215,2024-07-01,2.1,1.0,0,2.6857142857142855,3.7,2.409306248337497,2.440756009019272,2.1090133465311487,2.4250311286783846,2.1840865719827356
618,215,2024-07-02,3.2,1.0,1,2.457142857142857,2.6,1.9249487403461705,1.901223482632197,1.993555794653599,1.9130861114891837,1.976404031076742
626,535,2024-06-26,0.8,1.0,13,1.0285714285714285,0.8,0.7961372901517845,0.7970102255034377,0.8694202905200168,0.7965737578276111,0.8510995404279587
626,535,2024-06-27,0.9,1.0,1,1.0285714285714287,0.7,0.7318822841217031,0.7044472131610537,0.7675629144256036,0.7181647486413785,0.7586427568496286
626,535,2024-06-28,0.8,1.0,1,1.0571428571428572,1.2,0.7623473173684885,0.7435756230151152,0.8459020979231806,0.7529614701918018,0.8250134027845076
626,535,2024-06-29,1.4,1.0,0,1.0,1.4,0.7626469327650419,0.7857750487522961,0.8716070540073537,0.774210990758669,0.8443670236967757
626,535,2024-06-30,1.3,1.0,0,1.0,1.2,0.9410167629283902,0.9733351191716813,0.9745349553732252,0.9571759410500358,0.9661554072620164
626,535,2024-07-01,0.8,1.0,0,1.0142857142857142,0.6,0.7864360502982592,0.8036052215073175,0.7630480460280009,0.7950206359027884,0.7688950470955656
626,535,2024-07-02,0.7,1.0,0,1.042857142857143,1.3,0.7230856299650685,0.7843768766529603,0.7950389455722098,0.7537312533090144,0.7770506166704245
651,699,2024-06-26,0.2,1.0,14,0.3,0.0,0.3183864184385787,0.2754307413994729,0.2975618752116903,0.29690857991902575,0.3027680110184124
651,699,2024-06-27,0.3,1.0,11,0.3285714285714286,0.3,0.32192577863699234,0.28640793516389806,0.2748945336208974,0.3041668569004452,0.2866523448749211
651,699,2024-06-28,0.4,1.0,7,0.3285714285714286,0.0,0.3237308075978545,0.3069613382911216,0.30492019687983585,0.315346072944488,0.3096228495593405
651,699,2024-06-29,0.8,0.899,5,0.38571428571428573,0.8,0.5227186495392525,0.5332738117856729,0.549210940322684,0.5279962306624627,0.5425878676268261
651,699,2024-06-30,1.0,0.993,0,0.38571428571428573,0.6,0.4885036549548144,0.5169560019670127,0.5245645550599753,0.5027298284609136,0.5155493300336851
651,699,2024-07-01,0.2,1.0,10,0.4428571428571429,0.1,0.4040084771379589,0.45280774238289284,0.445511118033004,0.42840810976042587,0.43513545780924273
651,699,2024-07-02,0.3,1.0,0,0.45714285714285713,0.3,0.3942875667052824,0.38405226398133513,0.4357523864433404,0.3891699153433088,0.4253861815088259
653,221,2024-06-26,0.4,1.0,0,0.6428571428571429,0.5,0.5491449473411714,0.5421898049233009,0.5386721069542676,0.5456673761322361,0.5412903170509935
653,221,2024-06-27,1.0,1.0,7,0.6285714285714284,1.0,0.5168303205513879,0.49936133056003,0.5326012175384063,0.508095825555709,0.5286584932916517
653,221,2024-06-28,0.7,1.0,4,0.6285714285714284,0.6,0.5601876446031855,0.5711347469643111,0.5958385258634118,0.5656611957837483,0.5869258055483553
653,221,2024-06-29,0.7,1.0,7,0.6428571428571429,0.5,0.5917394485698059,0.5735827983851343,0.6749749223785295,0.5826611234774701,0.6541660539263485
653,221,2024-06-30,1.3,1.0,0,0.6714285714285714,0.7,0.6246607676928507,0.6181459601883821,0.7306484917955117,0.6214033639406165,0.7041515607698464
653,221,2024-07-01,0.8,1.0,0,0.7571428571428571,0.3,0.5842695035352712,0.6857979453305004,0.6697951676485228,0.6350337244328859,0.6484137516202099
653,221,2024-07-02,0.9,1.0,5,0.8285714285714285,0.9,0.6571987219076674,0.6803130871299317,0.7188090036905075,0.6687559045187995,0.7034064332447973
660,254,2024-06-26,0.6,1.0,1,0.2571428571428572,0.0,0.255647302847628,0.21563095412384725,0.2517891749046746,0.23563912848573762,0.252753706890413
660,254,2024-06-27,0.0,1.0,16,0.34285714285714286,0.4,0.3471805397857804,0.3023381907833901,0.3362203643543704,0.32475936528458527,0.3389604082122229
660,254,2024-06-28,0.2,0.892,0,0.2857142857142857,0.6,0.4504807202911933,0.38464757796686305,0.4469718531370658,0.4175641491290282,0.44784906992559764
660,254,2024-06-29,0.5,0.973,6,0.2285714285714286,0.3,0.4466297263055983,0.40041593069977643,0.4125958200281598,0.42352282850268735,0.4211042965975194
660,254,2024-06-30,0.4,1.0,11,0.2571428571428572,0.5,0.3382759561573956,0.33160622027465314,0.35923337635011715,0.33494108821602436,0.35399402130193675
660,254,2024-07-01,0.7,1.0,3,0.24285714285714285,0.0,0.26920082316816935,0.25076192535440633,0.25174471182543834,0.25998137426128787,0.2561087396611211
660,254,2024-07-02,0.4,1.0,9,0.34285714285714286,0.0,0.3288897802003167,0.3327933014437059,0.3315999624559341,0.3308415408220113,0.3309224168920297
662,371,2024-06-26,0.5,1.0,8,0.7142857142857143,0.2,0.4762724669914935,0.49125491903521307,0.5215786496655122,0.4837636930133533,0.5102521039970075
662,371,2024-06-27,0.0,1.0,16,0.7571428571428571,0.5,0.4666214940528323,0.5338268291143127,0.5750404574560257,0.5002241615835725,0.5479357166052273
662,371,2024-06-28,0.4,1.0,0,0.6857142857142857,0.5,0.4416676512167108,0.45016528207028117,0.5235292851986781,0.445916466643496,0.5030638767031863
662,371,2024-06-29,0.5,1.0,0,0.6714285714285714,1.0,0.4869188884161632,0.5761426328943671,0.6527254087385884,0.5315307606552652,0.611273778657982
662,371,2024-06-30,1.3,1.0,0,0.6,1.4,0.47809928240583105,0.5576221922688034,0.6446542320115964,0.5178607373373172,0.6030154946101551
662,371,2024-07-01,0.3,1.0,15,0.5857142857142856,0.8,0.4887335535368521,0.5545402177763519,0.5741445700127981,0.521636885656602,0.5527918158938115
662,371,2024-07-02,0.4,1.0,0,0.5142857142857143,0.6,0.4188771256951713,0.43576687791661484,0.4960080796691596,0.4273220018058931,0.47672534117566256
666,758,2024-06-26,0.6,0.952,0,0.7999999999999999,0.6,0.6775415676602579,0.726734586330277,0.7006103087259893,0.7021380769952674,0.6948431234595565
666,758,2024-06-27,0.4,0.952,0,0.8,1.2,0.6714589532400931,0.7005029519677046,0.6865911417416768,0.6859809526038989,0.6828080946162808
666,758,2024-06-28,0.6,1.0,0,0.6857142857142857,1.0,0.5238046248788877,0.5143849830382073,0.5591366116339471,0.5190948039585475,0.5503036149451823
666,758,2024-06-29,0.8,0.972,0,0.6285714285714287,0.9,0.6913581174269814,0.6909260564077417,0.7028903173958427,0.6911420869173616,0.7000072674036273
666,758,2024-06-30,1.2,0.884,0,0.6142857142857142,0.5,0.7093696478397596,0.7563522386863688,0.7481243223640686,0.7328609432630642,0.7384356537329914
666,758,2024-07-01,0.5,0.923,0,0.7142857142857143,0.4,0.697780189331648,0.7388523904404816,0.7012558408940651,0.7183162898860648,0.7003869280034608
666,758,2024-07-02,0.9,0.972,0,0.7285714285714285,1.0,0.6568471002420125,0.6719656090499231,0.6834908126570505,0.6644063546459678,0.676829884553291
672,772,2024-06-26,0.89,1.0,0,1.1285714285714286,0.9,0.895801993266482,0.8523615899085288,0.7626249208460784,0.8740817915875054,0.7959191889511793
672,772,2024-06-27,1.08,1.0,0,1.1271428571428572,1.2,0.7895035112441158,0.7901742893635324,0.7195723180164082,0.7898389003038241,0.7370551163233351
672,772,2024-06-28,1.0,0.869,0,1.1099999999999999,0.8,0.9795708831847497,1.0010743083797957,0.9550878406161117,0.9903225957822728,0.9612086012582712
672,772,2024-06-29,1.5,0.871,0,1.1385714285714286,1.3,1.0928251337250035,1.1333980350559096,1.0797381423396657,1.1131115843904564,1.0830098901860001
672,772,2024-06-30,1.7,0.903,0,1.167142857142857,1.1,1.1869707946720132,1.2217971560249206,1.196520539509725,1.2043839753484669,1.194133103300297
672,772,2024-07-01,1.3,0.983,0,1.252857142857143,1.1,1.0599777540754074,1.0400339100340878,1.0052256129979105,1.0500058320547476,1.0189136482672847
672,772,2024-07-02,1.1,0.985,5,1.2814285714285716,1.5,1.0822172234395957,1.111174681795547,0.9647558956424274,1.0966959526175715,0.9941212275917195
683,332,2024-06-26,0.6,0.915,6,0.42857142857142855,0.4,0.4694348985294742,0.42219713917772805,0.495329806646873,0.4458160188536011,0.4888560796175233
683,332,2024-06-27,0.6,0.91,9,0.4571428571428572,0.1,0.4727647449580429,0.4476739398923209,0.5184693068148848,0.4602193424251819,0.5070431663506744
683,332,2024-06-28,0.5,1.0,9,0.5285714285714286,0.2,0.40189531069580914,0.39196756499214097,0.4436582253533377,0.39693143784397505,0.4332174966889556
683,332,2024-06-29,0.7,1.0,3,0.5714285714285714,0.6,0.4724774578774704,0.5161379025996626,0.5537356866746601,0.4943076802385665,0.5334211294753627
683,332,2024-06-30,0.8,1.0,9,0.5857142857142856,0.8,0.4961940142024974,0.5250473941304471,0.5785235952755183,0.5106207041664723,0.5579412000072631
683,332,2024-07-01,0.6,0.986,5,0.5857142857142856,0.3,0.594816647551885,0.5841397464946974,0.6120394477716069,0.5894781970232912,0.6077337477166764
683,332,2024-07-02,0.6,0.966,0,0.6285714285714287,0.6,0.5778960602159464,0.5752445176736967,0.6296357877651834,0.5765702889448215,0.6167008558778742
709,340,2024-06-26,0.3,0.6,13,0.41000000000000003,0.3,1.38382280375059,0.9822750489336175,0.8185947625021298,1.1830489263421038,0.9599017728142448
709,340,2024-06-27,0.4,0.6,11,0.41000000000000003,0.27,1.3856442392897983,0.9070172533088299,0.706564649026729,1.1463307462993142,0.8763345465924963
709,340,2024-06-28,0.6,0.756,0,0.42857142857142855,0.3,0.6915528254569103,0.6193922499839164,0.4948515363117386,0.6554725377204134,0.5440268585980315
709,340,2024-06-29,1.4,0.816,0,0.4714285714285714,0.8,0.7805670243347933,0.7036068985070896,0.6814909026741447,0.7420869614209414,0.7062599330893069
709,340,2024-06-30,0.6,0.851,11,0.5571428571428572,0.1,0.8665267011092131,0.929548063940418,0.8111971180806397,0.8980373825248156,0.8250295138377831
709,340,2024-07-01,0.2,0.954,0,0.6285714285714284,0.4,0.6548975702681012,0.5884657639055685,0.4234117442135111,0.6216816670868348,0.48128320072715863
709,340,2024-07-02,0.36,0.902999997138977,0,0.6,0.7,0.6277951863234382,0.651242278829753,0.5530185607455573,0.6395187325765956,0.5717127171400276
721,674,2024-06-26,0.9,0.832,2,0.6571428571428573,0.4,0.6635988808171392,0.6371319396537329,0.7480887206330762,0.6503654102354361,0.726966260679092
721,674,2024-06-27,0.1,0.832,0,0.7285714285714285,0.8,0.8239303363902649,0.7073223135586605,0.7650704798063772,0.7656263249744627,0.779785443952349
721,674,2024-06-28,0.13999999999999999,0.8320000171661377,0,0.6285714285714287,0.7,0.694091425572788,0.638120722231291,0.7298103053920378,0.6661060739020395,0.7208805854372253
721,674,2024-06-29,0.6799999999999999,0.832,0,0.5485714285714286,0.9,0.7287042135915062,0.669721024568434,0.7746009985908159,0.6992126190799701,0.7631268023409885
721,674,2024-06-30,0.6,0.832,0,0.5171428571428571,0.9,0.7351728878385207,0.7332937831213843,0.7837360586684075,0.7342333354799525,0.7715952659609359
721,674,2024-07-01,0.2,0.832,0,0.4742857142857142,0.6,0.5423917123998938,0.582993598550808,0.613998077257591,0.5626926554753509,0.5960964860431668
721,674,2024-07-02,0.6,0.832,7,0.41714285714285715,0.3,0.4993323287723958,0.5479570425613278,0.532207405492696,0.5236446856668618,0.5239886363126209
733,740,2024-06-26,0.2,0.967,0,0.4,0.4,0.4648227788719524,0.45554192614953715,0.5567074162772481,0.4601823525107448,0.5337362569259242
733,740,2024-06-27,0.5,0.987,7,0.37142857142857144,0.3,0.44276005997000045,0.4656477049969589,0.52935788641124,0.45420388248347965,0.5077084298009301
733,740,2024-06-28,0.7,0.99,7,0.4,0.5,0.46740848566982685,0.4969837467790044,0.5790751546970148,0.4821961162244156,0.5511584874402178
733,740,2024-06-29,0.8,1.0,9,0.42857142857142855,0.5,0.47588320256068245,0.4911461405559507,0.6151193326409815,0.48351467155831657,0.5803103001209068
733,740,2024-06-30,0.6,0.989,10,0.4714285714285714,0.6,0.6138899648420625,0.6440625928220612,0.8051836041160937,0.6289762788320619,0.7573601942975859
733,740,2024-07-01,0.5,1.0,3,0.4714285714285714,0.1,0.43887284538464133,0.4201794158913608,0.5582503422683517,0.42952613063800105,0.5284059680474241
733,740,2024-07-02,0.5,1.0,7,0.5285714285714286,0.4,0.48628026364245697,0.43723380664067607,0.5971502577949106,0.4617570351415665,0.5694327592567971
737,682,2024-06-26,1.4,1.0,0,0.9,1.0,0.7657811224136835,0.7209620357066246,0.5213578279810439,0.743371579060154,0.5824636515892039
737,682,2024-06-27,1.6,1.0,5,0.9571428571428571,0.5,0.7625385296995808,0.7760278846188273,0.5449095322562203,0.7692832071592041,0.5993167816170604
737,682,2024-06-28,0.5,1.0,0,1.1142857142857143,0.7,0.9130319571438128,0.8034814041855568,0.6294420617177676,0.8582566806646847,0.700339535574279
737,682,2024-06-29,0.7,1.0,0,1.0857142857142859,0.4,0.5639119918214238,0.765460840812388,0.7804395002255897,0.664686416316906,0.7263076231245482
737,682,2024-06-30,0.7,1.0,0,1.1285714285714286,1.6,0.6932918228137517,0.8479529547965542,0.9292878336271195,0.7706223888051529,0.8702888309237775
737,682,2024-07-01,0.5,1.0,0,1.0,1.1,0.6820246721068774,0.7005459574080741,0.6450378634761675,0.6912853147574758,0.654284565633845
737,682,2024-07-02,0.5,1.0,0,0.9142857142857144,1.0,0.6340391051668939,0.6916178155715593,0.6576576689010925,0.6628284603692266,0.6517530279675428
747,350,2024-06-26,0.3,0.964,5,0.2714285714285714,0.0,0.4040880256184806,0.3827459675106045,0.3903502377628027,0.39341699656454254,0.3937846847267222
747,350,2024-06-27,0.3,1.0,3,0.3142857142857142,0.0,0.3285865417888455,0.2958860763099129,0.3123943458485761,0.3122363090493792,0.31644239483364345
747,350,2024-06-28,0.3,1.0,6,0.35714285714285715,0.4,0.35161654723720875,0.33001937996122377,0.371759415456391,0.34081796359921623,0.36672369840159547
747,350,2024-06-29,0.5,1.0,0,0.34285714285714286,0.2,0.3765080269813283,0.38426725713634335,0.41232328066738155,0.3803876420588358,0.40336946724586825
747,350,2024-06-30,0.2,1.0,7,0.3857142857142857,0.6,0.42233367049752407,0.47534204635891003,0.5163218235653265,0.44883785842821705,0.49282478529837587
747,350,2024-07-01,0.3,1.0,5,0.32857142857142857,0.2,0.329161480298776,0.3232527507106677,0.3392590153342833,0.32620711550472187,0.3367346315754065
747,350,2024-07-02,0.1,1.0,0,0.34285714285714286,0.5,0.3422549480057912,0.3454175271748051,0.37002317355802045,0.34383623759029813,0.36308111716996316
779,184,2024-06-26,0.4,0.779,0,0.6,0.3,0.6811516497620629,0.6340937296493228,0.6066866662042101,0.6576226897056928,0.6253029120936733
779,184,2024-06-27,0.2,0.779,0,0.6142857142857142,0.5,0.7381757439946854,0.6785684902840464,0.5536126596135116,0.708372117139366,0.599753430708805
779,184,2024-06-28,0.1,0.779,0,0.5714285714285714,0.5,0.678777038354674,0.6642787511831804,0.5366764449609738,0.6715278947689272,0.5722015933093988
779,184,2024-06-29,0.4,0.779,0,0.5142857142857143,0.7,0.7264834327206375,0.7061637819961999,0.5897134918462926,0.7163236073584187,0.6239059770648788
779,184,2024-06-30,0.7,0.779,0,0.4714285714285715,1.3,0.7245334339492004,0.7373859153829607,0.6347271506692872,0.7309596746660806,0.6571787214892655
779,184,2024-07-01,0.2,0.779,0,0.38571428571428573,0.7,0.5684350068072345,0.6133655806330158,0.5250615626690449,0.5909002937201251,0.5359049237035923
779,184,2024-07-02,0.4,0.779,0,0.3142857142857142,0.2,0.5148058089207458,0.5551409159088716,0.49012409292375647,0.5349733624148088,0.49629452192300383
782,403,2024-06-26,0.2,0.905,12,0.41428571428571426,0.2,0.4608999915781822,0.418123227226344,0.4636088793121492,0.4395116094022631,0.4629316573786575
782,403,2024-06-27,0.6,0.905,4,0.41428571428571426,0.6,0.46771381907159876,0.4268405978099237,0.47081414414231537,0.44727720844076124,0.47003906287463626
782,403,2024-06-28,0.5,0.905,0,0.4142857142857142,0.4,0.46668311341161806,0.4491351523368923,0.5027039053632315,0.45790913287425516,0.49369870737532817
782,403,2024-06-29,0.8,0.905,0,0.42857142857142855,0.7,0.5832938828602874,0.5724974062857797,0.6394275874689515,0.5778956445730336,0.6253941613167855
782,403,2024-06-30,0.3,0.905,0,0.4428571428571429,0.1,0.5880353959908579,0.627664067948642,0.678934854166634,0.60784973196975,0.65620998962269
782,403,2024-07-01,0.48,0.905,1,0.4714285714285714,0.4,0.48407510175497814,0.48348554383374676,0.527411920660092,0.48378032279436245,0.5165777159338135
782,403,2024-07-02,0.6,0.905,0,0.4828571428571428,0.5,0.4869476372842527,0.4956036502871558,0.5068238301178801,0.49127564378570426,0.5018547819094733
786,377,2024-06-26,0.8,1.0,1,0.9,0.4,0.75749771384572,0.7952596050158641,0.6275935938911944,0.776378659430792,0.6600696238798258
786,377,2024-06-27,0.9,1.0,0,0.9571428571428572,0.4,0.6693821416071521,0.6566889537961949,0.5794540786055484,0.6630355477016735,0.6019360943559493
786,377,2024-06-28,0.5,1.0,0,1.0285714285714287,1.0,0.7553908269402392,0.760780303600507,0.7098212250068225,0.7580855652703731,0.7212136254901766
786,377,2024-06-29,0.7,1.0,0,0.9571428571428572,1.0,0.6450914597521729,0.7789874802447126,0.733441203485703,0.7120394699984427,0.7113537675523205
786,377,2024-06-30,0.7,1.0,0,0.9142857142857143,1.3,0.7054647461488031,0.8029616472218873,0.7589588782087515,0.7542131966853451,0.7455853451937644
786,377,2024-07-01,1.3,1.0,0,0.8285714285714285,0.5,0.6207485382735354,0.6371106207552196,0.6280402080751524,0.6289295795143774,0.6262172906247481
786,377,2024-07-02,0.0,1.0,16,0.9428571428571428,1.7,0.8060298292296624,0.8473082674335635,0.7311808501797273,0.8266690483316129,0.7498930949422111
805,37,2024-06-26,2.8,0.745,0,1.1714285714285713,1.5,0.8915913272563194,1.1109945214405723,1.045563778941609,1.0012929243484459,1.0070706660202866
805,37,2024-06-27,1.2,0.716,0,1.3571428571428572,1.2,1.8043446541162802,1.7641120421271916,1.4509827617657862,1.784228348121736,1.5393232348534096
805,37,2024-06-28,0.5,0.731,10,1.3571428571428572,0.1,1.2005496246306386,1.2409651122451975,1.3035271796979615,1.220757368437918,1.2777827909311308
805,37,2024-06-29,3.2,0.731,0,1.4142857142857144,2.5,1.1264450750448054,1.2217601106072205,1.2277978318897556,1.174102592826013,1.2024596426785181
805,37,2024-06-30,0.0,1.0,0,1.5142857142857145,1.3,1.2496291455181463,1.2494548172788904,0.9357754749488109,1.2495419813985182,1.0142388925911447
805,37,2024-07-01,1.8,0.664,0,1.3285714285714287,1.6,1.0762430990843612,1.6039194228590006,1.3562297731332913,1.3400812609716808,1.2862331046210587
805,37,2024-07-02,1.0,0.664,0,1.3571428571428572,0.0,1.4475636087609867,1.5995990446221966,1.6249177088016449,1.5235813266915916,1.5805791837914804
805,422,2024-06-26,0.6,0.926,0,0.6285714285714284,0.6,0.6728037266255569,0.6392267998687418,0.7437905193246129,0.6560152632471493,0.726043821149849
805,422,2024-06-27,0.2,1.0,0,0.6285714285714284,0.5,0.5831837822009789,0.5105179099333084,0.6265820786091524,0.5468508460671436,0.6157325045071089
805,422,2024-06-28,0.4,0.6722972989082336,0,0.5857142857142855,0.8,1.5614508628437287,1.352674067680307,1.276741443096439,1.4570624652620179,1.3479187980332614
805,422,2024-06-29,0.2,1.0,0,0.5285714285714285,0.7,0.5753877961050118,0.30709180452251983,0.5338893950932417,0.4412398003137658,0.5442639953461843
805,422,2024-06-30,0.5,0.6722972989082336,0,0.457142857142857,0.3,1.4203794855745506,1.4205354149948928,1.2184627478189842,1.4204574502847218,1.2689419322578759
805,422,2024-07-01,0.8,0.841,11,0.48571428571428565,0.7,0.6539186123760963,0.5580102815959508,0.6462310524599438,0.6059644469860235,0.648152942438982
805,422,2024-07-02,0.3,0.96,7,0.4999999999999999,0.8,0.5556815153181397,0.5815225474467783,0.5551539482296551,0.568602031382459,0.5552858400017763
805,476,2024-06-26,0.6,1.0,0,1.0257142857142856,0.6,0.7715681823052969,0.7492904566362055,0.6153562623210899,0.7604293194707512,0.6544092423171416
805,476,2024-06-27,0.2,1.0,13,1.0257142857142856,0.2,0.6016616607663581,0.6672402660680725,0.5731130915638437,0.6344509634172153,0.5802502338644723
805,476,2024-06-28,0.5,1.0,0,1.0257142857142856,0.9800000000000001,0.5222799485599519,0.6242268049604921,0.5390161846578331,0.5732533767602219,0.5348321256333628
805,476,2024-06-29,0.6,0.896,0,0.9571428571428571,1.5,0.8965459842900619,0.9585931959217114,0.7454673876292494,0.9275695901058867,0.7832370367944526
805,476,2024-06-30,0.9,0.902,0,0.8285714285714285,1.7,0.867173403814505,0.878964780872977,0.759276106005341,0.873069092343741,0.786250430457632
805,476,2024-07-01,1.3,0.87,0,0.7142857142857143,1.2,0.7693577739804213,0.7584546378021795,0.7075316391714475,0.7639062058913004,0.7229881728736909
805,476,2024-07-02,0.6,0.964,0,0.7285714285714285,1.0,0.6857811364721996,0.7840882283561331,0.7047350140620956,0.7349346824141664,0.6999965446646216
805,810,2024-06-26,0.6,1.0,0,1.0714285714285714,0.7,0.9095559440279699,0.8219899964099315,0.5803361492665488,0.8657729702189507,0.662641097956904
805,810,2024-06-27,0.6,1.0,0,1.0571428571428572,0.8,0.8123154331145972,0.7578924168543133,0.5892128506152197,0.7851039249844552,0.644988496240064
805,810,2024-06-28,0.8,1.0,0,1.0285714285714287,0.5,0.790271527538154,0.7614294686645182,0.6451309650643395,0.7758504981013361,0.6814161056827932
805,810,2024-06-29,1.0,1.0,0,1.0714285714285714,1.8,0.8944821621571117,0.9166258606959254,0.7660754369494155,0.9055540114265186,0.7981771182513395
805,810,2024-06-30,0.9,1.0,0,0.9571428571428572,1.7,0.9017678871533851,0.9341512622714233,0.9145857471789649,0.9179595747124042,0.91138128217257
805,810,2024-07-01,0.7,1.0,0,0.8428571428571429,0.7,0.7505571194700227,0.7365321684399604,0.747660678821936,0.7435446439549915,0.7483847889839577
805,810,2024-07-02,0.78,1.0,1,0.8428571428571427,1.3,0.7619382452201289,0.7494072011386768,0.7498565070966025,0.7556727231794028,0.7528769416274841
817,432,2024-06-26,0.8,0.938,4,0.8428571428571429,0.2,0.6865178453765212,0.664386670418468,0.5728417752502404,0.6754522578974946,0.6012607927818105
817,432,2024-06-27,0.3,0.938,13,0.9285714285714286,0.2,0.8205275665501697,0.7246178888783479,0.527077245393436,0.7725727277142588,0.6004398256826194
817,432,2024-06-28,0.5,0.938,11,0.9428571428571428,0.6,0.7618873807024903,0.741049096937545,0.5878068812998167,0.7514682388200176,0.6313270061504851
817,432,2024-06-29,0.9,0.938,0,0.9285714285714286,1.4,0.8507462811888898,0.8565570547775556,0.6409002611716936,0.8536516679832227,0.6933617661759927
817,432,2024-06-30,0.9,0.938,9,0.8571428571428571,1.7,0.9003093849033096,0.9147023343072738,0.7710839987312255,0.9075058596052916,0.8033903452742465
817,432,2024-07-01,0.8,0.927,0,0.7428571428571429,0.7,0.6814351076825553,0.6927730327158316,0.6874404623761216,0.6871040701991935,0.68593912370273
817,432,2024-07-02,1.0,0.904,1,0.7571428571428571,1.1,0.7405592323038427,0.7731815224069456,0.807750139425127,0.7568703773553942,0.7909524126448059
835,674,2024-06-26,0.4,0.832,0,0.5228571428571428,0.5,0.617677531704229,0.607719712508825,0.6348965492160162,0.6126986221065269,0.6305917948380695
835,674,2024-06-27,0.5,0.832,4,0.5085714285714286,0.3,0.5724679653817805,0.5676056780106191,0.6140098360418953,0.5700368216961997,0.6036243683768666
835,674,2024-06-28,0.1,0.832,0,0.5371428571428571,0.4,0.610729674625422,0.5722650267741891,0.6207362245066032,0.5914973506998056,0.618234587036308
835,674,2024-06-29,0.5,0.832,0,0.4942857142857142,0.5599999999999999,0.6484093639554762,0.6402795936310846,0.7213174857558318,0.6443444787932804,0.7030904553057429
835,674,2024-06-30,0.7,0.832,0,0.4857142857142857,0.7,0.6568703934376294,0.6932054298827384,0.7469771598332536,0.6750379116601839,0.7244504682343476
835,674,2024-07-01,0.3,0.832,0,0.4857142857142857,0.5,0.5559500803707172,0.6098826289762747,0.5957662719470072,0.5829163546734959,0.5858122240529346
835,674,2024-07-02,0.4,0.832,4,0.45714285714285713,0.7,0.5330464427554182,0.5895677692849413,0.5808132529270901,0.5613071060201797,0.5688715503841721
841,618,2024-06-26,0.0,0.8349300026893616,16,0.41428571428571426,0.1,0.4942041153216183,0.4852515749714102,0.4765579926571404,0.48972784514651424,0.4809695233232599
841,618,2024-06-27,0.4,0.89,2,0.4,0.3,0.4557115917906367,0.3515650544996409,0.38794843203463103,0.4036383231451388,0.4048892219736325
841,618,2024-06-28,0.4,0.839,4,0.41428571428571426,0.7,0.48630037183413494,0.5061665867288756,0.5227348051774192,0.4962334792815053,0.5136261968415982
841,618,2024-06-29,0.4,0.89,0,0.37142857142857144,0.4,0.5043518505430239,0.46062885794663017,0.47603184434147033,0.482490354244827,0.48311184589185874
841,618,2024-06-30,0.4,0.877,5,0.3714285714285715,0.4,0.5211315306881377,0.5486349858419326,0.5811533153692252,0.5348832582650351,0.5661478691989533
841,618,2024-07-01,0.2,0.864,1,0.37142857142857144,0.4,0.4401133433175351,0.40955429379987796,0.45804907476986584,0.4248338185587065,0.45356514190678315
841,618,2024-07-02,0.6,0.89,1,0.34285714285714286,0.6,0.4407414926149399,0.4005340432690516,0.42581017884267475,0.42063776794199575,0.429543007285741
848,241,2024-06-26,0.3,0.738,0,0.5428571428571428,0.5,0.6748120594121582,0.6251031980578383,0.5277993918318086,0.6499576287349982,0.5645525587268959
848,241,2024-06-27,0.6,0.738,0,0.5142857142857143,0.3,0.6428129492325113,0.6440313419833262,0.5069482525798409,0.6434221456079188,0.5409144267430085
848,241,2024-06-28,0.6,0.738,6,0.557142857142857,0.6,0.7038648038756697,0.7197906536460642,0.6222438563836998,0.711827728760867,0.6426490932566923
848,241,2024-06-29,1.3,0.738,6,0.5571428571428572,0.6,0.8055376321059565,0.7390476564711563,0.6503885933136846,0.7722926442885565,0.6891758530117525
848,241,2024-06-30,0.8,0.738,0,0.6571428571428571,1.0,0.913301271353258,0.9490636150887353,0.8916953546951525,0.9311824432209966,0.8970968338596788
848,241,2024-07-01,0.8,0.738,0,0.6285714285714287,0.3,0.741372004369925,0.7583608696392252,0.767422768628981,0.7498664370045751,0.760910077564217
848,241,2024-07-02,1.2,0.737,0,0.7000000000000001,0.5,0.8340598146172526,0.809354577279662,0.7559117363372553,0.8217071959484573,0.7754487559072546
849,26,2024-06-26,0.7,1.0,0,0.41571428571428565,1.0,0.3972458749006179,0.3729943172478528,0.43340278178998515,0.38512009607423536,0.42436355506764334
849,26,2024-06-27,0.7,1.0,0,0.3728571428571429,0.4,0.36695745029289706,0.3631518853036313,0.38411306838542925,0.3650546677982642,0.3798241638622962
849,26,2024-06-28,0.47000000000000003,1.0,0,0.41571428571428576,0.2,0.39847115065850147,0.40409506263834105,0.4429202581256067,0.40128310664842126,0.4318079812588304
849,26,2024-06-29,1.2,1.0,2,0.4542857142857143,0.27,0.4643611369211641,0.4717198614611361,0.5676445693434535,0.4680404991911501,0.5418237112378812
849,26,2024-06-30,0.5,1.0,5,0.5871428571428571,0.5,0.5638273562711679,0.6036916030595463,0.6025192928261328,0.5837594796653571,0.5928463086873916
849,26,2024-07-01,0.4,1.0,0,0.5871428571428571,0.33999999999999997,0.4313813247448679,0.4181749786355068,0.46707243890087485,0.42477815169018734,0.4581496603618731
849,26,2024-07-02,0.31,1.0,0,0.5957142857142858,0.2,0.43152042633964743,0.4702437682426872,0.5058785547774718,0.45088209729116735,0.4872890226680157
865,772,2024-06-26,0.7,1.0,6,0.9285714285714286,0.6,0.5264263658465063,0.5562338861196321,0.601279198589336,0.5413301259830692,0.5825659904036286
865,772,2024-06-27,0.5,1.0,0,0.9428571428571428,0.7,0.601789335966365,0.6287718625732237,0.6093303166719286,0.6152805992697943,0.6074450714955377
865,772,2024-06-28,0.7,1.0,2,0.9142857142857144,0.8,0.5678594720488507,0.6486163985514928,0.6477600778814058,0.6082379353001717,0.627784926423267
865,772,2024-06-29,1.0,1.0,9,0.9,1.1,0.6379466317182626,0.7110864616259122,0.6916808233820227,0.6745165466720874,0.6782472754660827
865,772,2024-06-30,0.9,1.0,6,0.8857142857142858,1.2,0.7862916567893047,0.8092698802140602,0.8174051563214475,0.7977807685016824,0.8096267814384118
865,772,2024-07-01,0.9,0.957,0,0.8428571428571427,1.2,0.7043691155245958,0.7563815846116205,0.8056819567239312,0.7303753500681082,0.7803537464240974
865,772,2024-07-02,1.0,1.0,3,0.7999999999999999,0.9,0.5359523310716916,0.6319310835100111,0.7123444818920522,0.5839417072908514,0.668246444186962
866,763,2024-06-26,0.7,0.751,1,0.5371428571428571,0.7,0.6821311705231219,0.5509424776474365,0.6732700304913742,0.6165368240852792,0.6754853154993111
866,763,2024-06-27,0.5599999999999999,0.751,2,0.5371428571428571,0.4,0.6888280453307642,0.6581495225130267,0.7191021639327277,0.6734887839218955,0.7115336342822369
866,763,2024-06-28,0.6,0.751,13,0.5599999999999999,0.8,0.7126286618514017,0.704933411794237,0.7611957724281319,0.7087810368228193,0.7490539947839493
866,763,2024-06-29,1.6,0.751,3,0.5314285714285714,0.7,0.7727754227114785,0.7665588143013831,0.8880729254383114,0.7696671185064308,0.8592485497566031
866,763,2024-06-30,0.0,0.7509999871253967,16,0.6599999999999999,0.36,0.9532357974739231,0.9900616021219455,1.0881098591072502,0.9716486997979343,1.0543913436989183
866,763,2024-07-01,0.8,0.751,0,0.6085714285714285,0.8,0.7075445965035831,0.6059778025194762,0.8092207897294769,0.6567611995115297,0.7838017414230034
866,763,2024-07-02,0.6,0.751,12,0.6085714285714285,0.0,0.7416332512864696,0.8008448876493724,0.892852528702118,0.771239069467921,0.8550477093482058
871,531,2024-06-26,1.0,1.0,0,0.7428571428571429,0.8,0.6220775132858776,0.5469718922809303,0.6626323456006818,0.584524702783404,0.6524936375219808
871,531,2024-06-27,0.7,1.0,0,0.7714285714285715,0.6,0.6675038144125438,0.6833894604942485,0.6945334210645764,0.6754466374533962,0.6877760194015683
871,531,2024-06-28,0.7,1.0,1,0.7857142857142857,0.8,0.6752048728040485,0.660984461088437,0.6998168787150144,0.6680946669462428,0.693663877237273
871,531,2024-06-29,0.5,1.0,0,0.7714285714285714,0.9,0.71420522635619,0.7017263990281468,0.7625967821637698,0.7079658126921684,0.7504988932118749
871,531,2024-06-30,0.7,1.0,0,0.7142857142857143,0.9,0.7054108895997805,0.7017777798757056,0.719927508290233,0.703594334737743,0.7162983536176198
871,531,2024-07-01,0.7,0.948,4,0.6857142857142857,0.8,0.6968767080595409,0.7062506720606228,0.6881610427560363,0.7015636900600819,0.6903399590819125
871,531,2024-07-02,0.6,1.0,3,0.6714285714285715,0.4,0.595769671359663,0.5402606268052277,0.5546992855069497,0.5680151490824453,0.564966881970128
875,476,2024-06-26,1.0,0.947,5,0.9957142857142857,1.3,0.8937290033440699,0.9016230422126921,0.792691676943845,0.897676022778381,0.8179510085439012
875,476,2024-06-27,0.6,0.94,0,0.9528571428571428,1.3,0.9159509921401235,0.8852751494127439,0.8059480575600038,0.9006130707764337,0.8334487912050337
875,476,2024-06-28,0.4,1.0,0,0.8528571428571429,0.4,0.6760980193223689,0.658638656999572,0.6048130104454686,0.6673683381609705,0.6226342626646937
875,476,2024-06-29,0.76,0.87,0,0.852857142857143,0.47000000000000003,0.837534431143383,0.9183166547235279,0.8413513604221534,0.8779255429334554,0.8403971281024608
875,476,2024-06-30,0.6,0.9909999966621399,0,0.8942857142857144,0.9,0.8432906107368393,0.9089879751526304,0.783205551834494,0.8761392929447349,0.7982268165600803
875,476,2024-07-01,0.4,0.9070000052452087,0,0.8514285714285714,1.7,0.8642695411804666,0.871093245263697,0.712469849462346,0.8676813932220818,0.7504197723918762
875,476,2024-07-02,0.77,0.9629999995231628,1,0.6657142857142857,0.9,0.6735810276419563,0.6526986479261041,0.6378122532668303,0.6631398377840302,0.6467544468606118
876,257,2024-06-26,0.1,1.0,0,0.6,0.4,0.42716345399566563,0.4030727299371918,0.42729523524195573,0.4151180919664287,0.42726228993038323
876,257,2024-06-27,0.6,1.0,0,0.5571428571428572,0.4,0.42790514058699824,0.41732734776040614,0.390225395656053,0.4226162441737022,0.3996453318887893
876,257,2024-06-28,0.6,0.935,7,0.5857142857142857,0.7,0.542316144850353,0.5859897478007878,0.5257663656432948,0.5641529463255703,0.5299038104450594
876,257,2024-06-29,0.2,1.0,0,0.5714285714285714,0.7,0.4602778718717123,0.5057830761338495,0.46723832819655436,0.48303047400278093,0.46549821411534387
876,257,2024-06-30,0.5,1.0,0,0.5000000000000001,0.9,0.47907310159859584,0.4988222290766751,0.5207953228103305,0.48894766533763545,0.5103647675073968
876,257,2024-07-01,0.4,0.903,7,0.44285714285714295,0.8,0.4861461295337141,0.5196344675942531,0.517737631094064,0.5028902985639836,0.5098397557039765
876,257,2024-07-02,0.4,1.0,0,0.38571428571428573,0.3,0.3411318383897147,0.3194914412657611,0.3363814432338672,0.3303116398277379,0.3375690420228291
876,644,2024-06-26,0.2,1.0,0,0.5285714285714286,0.3,0.39523584213711593,0.15395371830348792,0.1979824825311174,0.2745947802203019,0.24729582243261702
876,644,2024-06-27,0.6,1.0,0,0.5142857142857142,0.6,0.4335919042923025,0.40740381846813484,0.2798712987526443,0.42049786138021866,0.31830145013755884
876,644,2024-06-28,0.1,1.0,0,0.5142857142857143,0.7,0.44611944658882435,0.4528500195475264,0.3410476319327365,0.4494847330681754,0.3673155855967585
876,644,2024-06-29,0.1,0.9361039996147156,0,0.42857142857142855,0.4,0.5658699795128376,0.5482837247815011,0.4929262753510273,0.5570768521471694,0.5111622013914798
876,644,2024-06-30,0.7,0.954,5,0.38571428571428573,0.3,0.5121746926071623,0.50427494851079,0.47507087489981403,0.5082248205589761,0.4843468293266511
876,644,2024-07-01,0.3,0.952,0,0.4428571428571428,0.8,0.4859619581935678,0.4640235811227003,0.43757823686021036,0.4749927696581341,0.4496741671935497
876,644,2024-07-02,0.4,0.89,0,0.3714285714285714,0.6,0.4459052372618886,0.48892245761400893,0.505593884633426,0.4674138474379488,0.49067172279054166
881,291,2024-06-26,0.16999999999999998,1.0,0,0.8142857142857143,0.8,0.6558185702636644,0.6620449232201445,0.8211720016243286,0.6589317467419045,0.7798336437841625
881,291,2024-06-27,0.8,1.0,0,0.7242857142857143,0.8,0.5615981208780304,0.5493872914887721,0.7062094024093404,0.5554927061834012,0.6700565820265129
881,291,2024-06-28,0.6,1.0,0,0.7242857142857143,0.8,0.6088562280474118,0.6210840394022608,0.7449865788043661,0.6149701337248363,0.7109539911151276
881,291,2024-06-29,1.1,1.0,8,0.6957142857142856,0.7,0.6229516237726793,0.6364824675475943,0.7552229370044924,0.6297170456601369,0.7221551086965391
881,291,2024-06-30,0.9,1.0,11,0.7528571428571429,1.0,0.7120463998056694,0.778634457809638,0.8480940939982353,0.7453404288076537,0.8140821704500938
881,291,2024-07-01,1.0,1.0,6,0.7385714285714287,0.7,0.6207351108167254,0.6309611800225265,0.6737211403963024,0.625848145419626,0.6604746330014082
881,291,2024-07-02,0.8,1.0,12,0.7814285714285715,0.9,0.640340772028877,0.6880836249093422,0.7542116597339795,0.6642121984691096,0.7257439378077039
893,215,2024-06-26,3.9,0.995,0,4.757142857142857,3.1,4.1932895750641865,4.111145460072979,2.2788585805649317,4.152217517568583,2.7574663291897457
893,215,2024-06-27,3.5,0.971,0,4.871428571428571,5.1,4.418383082157541,4.323446518454948,2.7322422281426593,4.370914800306244,3.1537774416463797
893,215,2024-06-28,4.2,0.99,0,4.642857142857143,4.0,4.178721100568753,4.170520147035689,2.6346736504139905,4.174620623802221,3.020685512952681
893,215,2024-06-29,3.8,1.0,0,4.671428571428572,5.0,4.752722913654492,4.813848328144253,3.28384631939228,4.783285620899372,3.6510654679578334
893,215,2024-06-30,3.9,1.0,0,4.5,5.7,4.908611328942908,4.846415944785255,3.5258261705336342,4.877513636864082,3.871522460135953
893,215,2024-07-01,4.4,1.0,0,4.242857142857143,5.1,4.236158248289732,3.811043201083664,3.09421901788846,4.023600724686698,3.379703825488778
893,215,2024-07-02,4.9,1.0,2,4.142857142857143,5.3,4.23359119957281,3.872760491704547,3.1346252826783276,4.053175845638679,3.409366761901948
894,127,2024-06-26,0.0,1.0,16,0.4257142857142857,0.37,0.44727424617085243,0.4198827675708899,0.4316547306974763,0.4335785068708712,0.4355596095658203
894,127,2024-06-27,0.9,1.0,6,0.37285714285714283,0.16,0.3531541939986045,0.34798754642910623,0.34025647178855895,0.35057087021385536,0.3434809023410703
894,127,2024-06-28,0.9,1.0,5,0.4785714285714286,0.25,0.4923450686750893,0.49598605952799574,0.49750152466791636,0.49416556410154255,0.49621241066970956
894,127,2024-06-29,0.5,1.0,0,0.5714285714285714,0.7,0.6121404031011891,0.628140267128894,0.6571367765818891,0.6201403351150416,0.6458876832117141
894,127,2024-06-30,0.7,1.0,0,0.5428571428571428,0.5,0.6109674999009426,0.5963663012078788,0.7169154010239316,0.6036669005544106,0.6904284257431843
894,127,2024-07-01,0.3,1.0,0,0.5714285714285714,0.4,0.5608277106814966,0.539913027461385,0.5654168902364602,0.5503703690714408,0.5642695953477194
894,127,2024-07-02,0.5,0.879,4,0.5571428571428572,0.6,0.6087923265285738,0.6754273165032352,0.7291191810396451,0.6421098215159045,0.6990374674118772
897,37,2024-06-26,0.8,0.875,0,0.7714285714285714,1.2,0.7750820730536744,0.7372051358546674,0.624953640354419,0.756143604454171,0.6624857485292329
897,37,2024-06-27,0.2,1.0,0,0.7142857142857143,0.8,0.5805009208470389,0.5419419494059468,0.4338180257992101,0.5612214351264928,0.47048874956116726
897,37,2024-06-28,2.0,0.875,0,0.6285714285714284,0.1,0.6282683373689104,0.6224046758182028,0.5727436226850934,0.6253365065935566,0.5866248013560477
897,37,2024-06-29,0.4,0.875,0,0.9000000000000001,1.7,1.3289618941554369,1.3477415750954906,1.0807403057936344,1.3383517346254639,1.1427957028840852
897,37,2024-06-30,0.5,0.9,0,0.7142857142857143,0.6,0.816957389815472,0.7890937623829389,0.8303859869080328,0.8030255760992054,0.8270288376348925
897,37,2024-07-01,2.0,0.882,0,0.7000000000000001,0.6,0.7341138450611088,0.67173488214391,0.6724839017601703,0.7029243636025093,0.6878913875854049
897,37,2024-07-02,0.1,1.0,0,0.9,0.4,0.8038503227522376,0.9058576588580821,0.5861033399883687,0.8548539908051598,0.640540085679336
