store_id,product_id,dt,sale_amount,discount,selected_ensemble_prediction
18,11,2024-06-26,0.6,0.989,1.2580684543912648
18,12,2024-06-26,1.9,0.906,0.9642061579941823
18,15,2024-06-26,0.4,0.867,0.454915146709567
18,21,2024-06-26,1.4,1.0,1.1910724461489446
18,23,2024-06-26,1.4,0.863,2.0110841518471316
18,41,2024-06-26,2.1,0.694,1.9454510208043527
18,74,2024-06-26,1.4,0.997,0.8345196484958106
18,94,2024-06-26,0.5,0.793,0.8934432534892918
18,98,2024-06-26,0.8,0.898,0.6733092255155098
18,99,2024-06-26,1.6,0.816,1.6537173078574308
18,100,2024-06-26,0.4,0.902,0.46226947721216827
18,104,2024-06-26,4.2,1.0,4.05904060322677
18,108,2024-06-26,1.3,1.0,0.7874921503135901
18,109,2024-06-26,1.2,0.729,1.1305182545301966
18,122,2024-06-26,3.9,0.882,4.779146766091001
18,155,2024-06-26,0.4,0.87,0.4319931671749484
18,181,2024-06-26,0.9,1.0,0.8930070037408016
18,200,2024-06-26,0.7,0.979,0.6652701420465507
18,247,2024-06-26,0.7,0.832,0.896302135620539
18,250,2024-06-26,0.8,1.0,0.9079475786446132
18,257,2024-06-26,0.8,0.86,0.6678313590924105
18,276,2024-06-26,0.6,0.935,0.5384076478838071
18,285,2024-06-26,0.5,0.92,0.5742922475320023
18,321,2024-06-26,0.8,0.799,0.669549877734984
18,345,2024-06-26,0.5,1.0,0.751033303981178
18,348,2024-06-26,0.5,0.808,0.6690791832795651
18,373,2024-06-26,0.4,1.0,0.49840196954304883
18,374,2024-06-26,0.7,1.0,0.5501068819939494
18,379,2024-06-26,1.0,1.0,1.0366744644291035
18,380,2024-06-26,0.5,0.619,0.9728428645292742
18,411,2024-06-26,0.5,0.784,1.2370758699332658
18,415,2024-06-26,1.2,0.851,0.8341768608495356
18,422,2024-06-26,0.9,0.787,1.4872066962079278
18,424,2024-06-26,0.4,0.929,0.757678274270178
18,425,2024-06-26,0.8,1.0,0.5363464148092165
18,452,2024-06-26,0.7,0.902,0.7377957070286862
18,496,2024-06-26,0.7,1.0,0.7128676861982381
18,525,2024-06-26,0.6,0.9,0.7253104217798165
18,556,2024-06-26,0.2,1.0,0.32411385579234325
18,580,2024-06-26,3.9,0.903,2.814213671416103
18,596,2024-06-26,1.5,1.0,1.3488237697856047
18,600,2024-06-26,3.7,1.0,2.2556379926473875
18,608,2024-06-26,0.3,1.0,0.2689885112065682
18,636,2024-06-26,0.7,1.0,0.5092241150146546
18,644,2024-06-26,0.5,0.908,0.9530644870385323
18,650,2024-06-26,1.4,0.907,1.3633650174291039
18,670,2024-06-26,1.0,0.897,0.8038607831235446
18,673,2024-06-26,0.0,1.0,0.3441735654176029
18,676,2024-06-26,0.3,1.0,0.3772331143635393
18,694,2024-06-26,1.0,0.752,1.1638124423186147
18,707,2024-06-26,0.2,1.0,0.34292736472166646
18,715,2024-06-26,0.6,1.0,0.954288126429679
18,717,2024-06-26,0.6,0.848,0.7708990609780626
18,738,2024-06-26,1.2,0.727,1.0895941405532934
18,740,2024-06-26,1.6,1.0,1.0382920093655987
18,764,2024-06-26,0.7,0.88,0.859675380137288
18,803,2024-06-26,0.3,1.0,0.36757379498480314
18,817,2024-06-26,0.5,0.912,0.49171208854584714
18,819,2024-06-26,0.1,1.0,0.32506999282549714
18,823,2024-06-26,0.3,1.0,0.3931531249421022
18,825,2024-06-26,0.6,1.0,0.41841444611395484
18,826,2024-06-26,0.2,0.922,0.36778093361730835
18,841,2024-06-26,0.1,1.0,0.34388768182720875
18,858,2024-06-26,0.1,1.0,0.32898510179243995
154,11,2024-06-26,0.7,0.852,0.8561307591645894
154,15,2024-06-26,0.5,0.897,0.4282887605166438
154,21,2024-06-26,2.0,0.993,1.2109507286949577
154,23,2024-06-26,1.1,0.863,1.0545276106167534
154,58,2024-06-26,0.7,1.0,0.9500733472218167
154,74,2024-06-26,0.6,1.0,0.6244969853113149
154,100,2024-06-26,0.2,0.935,0.32817357887664067
154,104,2024-06-26,3.1,1.0,3.7101292783898328
154,105,2024-06-26,0.5,1.0,0.41194056044778127
154,108,2024-06-26,0.6,1.0,0.5967825829254602
154,109,2024-06-26,0.2,0.729,0.5651427322983047
154,122,2024-06-26,2.7,0.889,2.3750544314986533
154,133,2024-06-26,0.4,1.0,0.5343900664053186
154,220,2024-06-26,0.7,0.87,0.6491620674645306
154,233,2024-06-26,0.3,1.0,0.4672882815574591
154,247,2024-06-26,0.4,0.832,0.8241520837305075
154,249,2024-06-26,0.1,1.0,0.3237368263259537
154,250,2024-06-26,1.0,0.987,0.6239997964015418
154,276,2024-06-26,0.1,1.0,0.45087665143900213
154,285,2024-06-26,0.4,0.95,0.558378615019038
154,291,2024-06-26,0.7,1.0,0.6603186337146008
154,321,2024-06-26,0.9,0.799,0.6178556369104353
154,345,2024-06-26,0.8,1.0,0.7637640711822882
154,348,2024-06-26,0.4,0.808,0.6297113060349309
154,374,2024-06-26,0.1,1.0,0.4544350086488385
154,379,2024-06-26,0.4,1.0,0.684801216971719
154,405,2024-06-26,0.7,0.948,0.5262474655443048
154,422,2024-06-26,1.3,0.908,1.3749224276238734
154,424,2024-06-26,0.4,1.0,0.3756251334796076
154,425,2024-06-26,0.4,1.0,0.4281342644919347
154,453,2024-06-26,0.6,0.9,0.8075681687667828
154,476,2024-06-26,0.2,0.9629999995231628,0.5011085833828866
154,496,2024-06-26,0.6,0.9,0.7319194727783525
154,506,2024-06-26,0.0,0.8700000047683716,0.4143656743639472
154,527,2024-06-26,0.5,1.0,0.35271165203123134
154,556,2024-06-26,0.3,1.0,0.37790614798695743
154,578,2024-06-26,1.4,0.882,1.2752597270312165
154,580,2024-06-26,1.5,0.903,2.4171043934876266
154,596,2024-06-26,0.4,1.0,0.9358683901199373
154,600,2024-06-26,1.5,1.0,1.709570346463532
154,623,2024-06-26,0.4,0.912,0.4564753416697303
154,625,2024-06-26,0.3,1.0,0.3222209695657936
154,627,2024-06-26,0.3,0.867,0.4247830656293524
154,631,2024-06-26,1.0,1.0,1.0816974697971886
154,636,2024-06-26,0.4,1.0,0.31968896514732004
154,644,2024-06-26,0.4,0.92,1.1836581237512722
154,650,2024-06-26,1.1,0.907,0.5966289615295644
154,670,2024-06-26,0.5,0.897,0.5322956903307758
154,686,2024-06-26,0.9,0.909,1.2498007279560033
154,707,2024-06-26,0.4,0.902,0.5947826223510122
154,717,2024-06-26,0.8,0.848,0.7564109432142727
154,775,2024-06-26,3.3,1.0,2.086776727689426
154,776,2024-06-26,0.1,1.0,0.34875818691219995
154,785,2024-06-26,0.6,0.917,0.40322297251845635
154,819,2024-06-26,0.1,1.0,0.30782231370689594
154,830,2024-06-26,0.8,0.626,1.2000164903374557
154,837,2024-06-26,0.1,1.0,0.2349467445982237
154,841,2024-06-26,0.1,1.0,0.3250757843559563
154,858,2024-06-26,0.1,1.0,0.3637124374482408
154,859,2024-06-26,0.2,0.858,0.41830949155184993
182,7,2024-06-26,0.9,0.88,0.697901744407101
182,11,2024-06-26,1.2,0.97,1.100869678217207
182,12,2024-06-26,1.0,0.838,0.8189147329015201
182,21,2024-06-26,1.6,0.924,1.3367721504562886
182,58,2024-06-26,1.0,0.988,1.2978694363881704
182,99,2024-06-26,0.2,0.807,1.0695974639904775
182,100,2024-06-26,0.0,0.8700000047683716,0.34249457355379836
182,105,2024-06-26,0.8,1.0,0.3673600636757096
182,108,2024-06-26,0.7,1.0,0.7044700531690146
182,109,2024-06-26,0.9,0.729,0.7755578836640593
182,122,2024-06-26,3.7,0.985,4.33615658719973
182,133,2024-06-26,0.3,1.0,0.61819793453913
182,151,2024-06-26,0.3,1.0,0.35503131829536405
182,200,2024-06-26,0.3,1.0,0.6387845503429663
182,220,2024-06-26,0.2,0.87,0.6763644450409604
182,247,2024-06-26,0.9,0.832,1.0380767853906863
182,250,2024-06-26,0.4,1.0,0.6887452844460071
182,258,2024-06-26,0.2,1.0,0.5355594615000454
182,276,2024-06-26,0.4,0.902,0.6383606716108366
182,285,2024-06-26,0.1,0.9,0.6009864931887577
182,291,2024-06-26,1.2,1.0,1.119413597217794
182,321,2024-06-26,1.3,0.799,0.6927917880099359
182,345,2024-06-26,0.6,1.0,0.8329231849450409
182,368,2024-06-26,0.5,0.975,0.4672810402900813
182,374,2024-06-26,0.3,1.0,0.48226026530494837
182,387,2024-06-26,0.4,1.0,1.215525032916508
182,405,2024-06-26,0.7,0.948,0.4723831823541328
182,411,2024-06-26,0.5,0.778,1.2214638534739852
182,415,2024-06-26,1.54,0.805,1.055600373241036
182,419,2024-06-26,1.7,0.7,1.5787538686616873
182,422,2024-06-26,0.8,0.95,1.2836021314667718
182,424,2024-06-26,0.4,1.0,0.3676591961591499
182,425,2024-06-26,0.6,1.0,0.42446268294997513
182,426,2024-06-26,1.7,0.935,1.828823452774851
182,452,2024-06-26,1.6,0.864,1.3774372559585255
182,467,2024-06-26,3.8,0.825,1.3036714434815337
182,473,2024-06-26,0.8,0.981,0.7034980402122251
182,476,2024-06-26,0.4,1.0,0.42846909494658747
182,496,2024-06-26,0.5,0.92,1.0089391870414746
182,506,2024-06-26,0.4,0.87,0.5184894383768757
182,554,2024-06-26,0.9,0.8,1.8419873576360835
182,556,2024-06-26,0.2,1.0,0.49988631051338916
182,578,2024-06-26,2.4,0.875,1.770862746765581
182,592,2024-06-26,0.6,1.0,0.620434266715564
182,596,2024-06-26,2.0,1.0,2.1388275831529633
182,627,2024-06-26,0.0,0.9361039996147156,0.4212056525434566
182,631,2024-06-26,1.8,1.0,1.1653069025837577
182,636,2024-06-26,0.6,1.0,0.4577295070244623
182,644,2024-06-26,0.6,1.0,0.8995823297525591
182,650,2024-06-26,0.8,0.907,0.8685341092558727
182,684,2024-06-26,0.7,1.0,0.7538193990529974
182,686,2024-06-26,1.5,1.0,1.0821131136547353
182,706,2024-06-26,0.5,0.906,0.4630134857794355
182,717,2024-06-26,1.3,0.848,0.9405689923664451
182,764,2024-06-26,0.7,0.871,1.0037908966432114
182,785,2024-06-26,0.5,0.917,0.4657245248359362
182,793,2024-06-26,1.0,0.828,1.2826377362878847
182,819,2024-06-26,0.3,1.0,0.3292917748713756
182,825,2024-06-26,0.2,0.94,0.5207671555628884
182,841,2024-06-26,0.3,1.0,0.35548880159225166
182,858,2024-06-26,0.5,1.0,0.393842253103974
235,9,2024-06-26,0.5,1.0,0.4025057858131705
235,12,2024-06-26,1.0,0.899,0.9630469421096652
235,15,2024-06-26,0.6,0.897,0.44069829203210664
235,21,2024-06-26,1.8,0.91,0.9548588144185839
235,74,2024-06-26,1.5,1.0,1.0770831070923366
235,94,2024-06-26,0.9,0.813,0.8489178493568802
235,98,2024-06-26,0.5,0.864,0.6470346973042455
235,99,2024-06-26,1.1,0.816,1.3325794566237388
235,100,2024-06-26,0.2,1.0,0.33208787409518814
235,104,2024-06-26,3.8,0.999,4.12866692353675
235,105,2024-06-26,0.8,1.0,0.43670117000221564
235,108,2024-06-26,0.7,1.0,0.6508999722579154
235,109,2024-06-26,0.4,0.729,0.8205520365721848
235,121,2024-06-26,0.5,0.874,0.7895616964389818
235,122,2024-06-26,4.3,0.886,3.6843302814598697
235,133,2024-06-26,1.0,1.0,0.7382272056582222
235,220,2024-06-26,1.2,0.935,0.8732712792178161
235,247,2024-06-26,1.0,0.832,0.9350662787829052
235,250,2024-06-26,0.5,0.976,0.6877701356074699
235,257,2024-06-26,0.6,0.881,0.75792659428978
235,258,2024-06-26,0.7,1.0,0.9267616974764104
235,285,2024-06-26,0.7,0.943,0.5540347580405391
235,291,2024-06-26,0.6,1.0,0.7758445974634798
235,345,2024-06-26,0.9,1.0,0.699939843851402
235,348,2024-06-26,0.8,0.808,0.7941301784422115
235,373,2024-06-26,0.2,1.0,0.4944638980297178
235,374,2024-06-26,0.7,1.0,0.5642541096853124
235,379,2024-06-26,0.1,1.0,0.242981276728778
235,411,2024-06-26,0.6,0.8,1.3683302266579185
235,421,2024-06-26,0.3,0.893,0.4572055998378052
235,422,2024-06-26,1.2,0.86,1.3689217084834424
235,424,2024-06-26,0.7,1.0,0.5377104534260283
235,425,2024-06-26,0.5,1.0,0.5503370454361572
235,476,2024-06-26,0.74,1.0,0.5175271031609743
235,496,2024-06-26,0.9,1.0,0.5083332179191288
235,506,2024-06-26,0.4,0.913,0.44974273945693044
235,525,2024-06-26,0.6,1.0,0.5327031218576909
235,536,2024-06-26,0.2,1.0,0.7985291513198474
235,556,2024-06-26,0.5,1.0,0.5574633612302407
235,578,2024-06-26,2.2,0.895,1.1848040746836292
235,580,2024-06-26,5.1,0.903,4.095171674501381
235,592,2024-06-26,0.4,1.0,0.4304074744999066
235,596,2024-06-26,1.3,1.0,1.7942260972507624
235,625,2024-06-26,0.4,1.0,0.3912319400890194
235,629,2024-06-26,1.5,1.0,1.596084358169334
235,636,2024-06-26,0.4,1.0,0.46117869470361206
235,644,2024-06-26,0.6,1.0,0.687055236805209
235,650,2024-06-26,1.3,0.907,0.9607835624955996
235,670,2024-06-26,1.1,0.897,1.0742556767651923
235,673,2024-06-26,0.5,1.0,0.31265342774246896
235,684,2024-06-26,0.8,0.983,1.0166247439786427
235,698,2024-06-26,1.7,0.666,1.2157280868697968
235,706,2024-06-26,0.7,0.862,0.4870128490418394
235,715,2024-06-26,0.7,1.0,0.9089747204811971
235,717,2024-06-26,1.1,0.848,0.8629679223670552
235,734,2024-06-26,0.7,0.707,0.6970878387816353
235,763,2024-06-26,1.6,0.884,1.4079274490523073
235,764,2024-06-26,0.8,0.874,1.0535199380915086
235,765,2024-06-26,0.7,0.96,0.6403266290054335
235,797,2024-06-26,0.9,0.612,1.0962320059289277
235,825,2024-06-26,0.1,0.9375399947166444,0.6651553235434804
235,841,2024-06-26,0.4,1.0,0.34362865860684366
235,858,2024-06-26,0.2,1.0,0.3554614938879118
343,5,2024-06-26,0.3,0.847,0.8766751073798732
343,12,2024-06-26,0.8,0.912,1.0141127751670795
343,21,2024-06-26,2.2,0.887,1.1703333274788994
343,23,2024-06-26,1.3,0.863,1.3573012416915127
343,28,2024-06-26,1.6,0.75,0.9270999404089171
343,38,2024-06-26,0.5,1.0,1.1147902638917624
343,41,2024-06-26,0.6,0.699,2.078913303894108
343,58,2024-06-26,0.8,1.0,0.6117956122204865
343,67,2024-06-26,0.3,0.92,0.684003062929633
343,94,2024-06-26,0.8,0.789,0.7479010093428538
343,98,2024-06-26,0.7,0.881,0.6906475681687525
343,99,2024-06-26,1.6,0.813,1.393378089193175
343,104,2024-06-26,4.9,0.999,4.1078237525055705
343,108,2024-06-26,0.7,1.0,0.5655121811493584
343,109,2024-06-26,0.8,0.729,0.8864600486574401
343,122,2024-06-26,3.9,0.881,5.17354560037317
343,140,2024-06-26,1.6,0.99,1.3166486041418572
343,155,2024-06-26,0.6,0.87,0.4627983849682023
343,189,2024-06-26,0.7,1.0,0.39835852753205586
343,200,2024-06-26,0.6,0.94,0.5993399852934913
343,220,2024-06-26,1.2,0.913,1.2145926224875645
343,247,2024-06-26,1.1,0.831,0.9444042654626965
343,249,2024-06-26,0.3,1.0,0.3930728109388799
343,250,2024-06-26,1.3,0.991,1.0936555890218376
343,257,2024-06-26,0.3,0.888,0.7634032643286146
343,276,2024-06-26,0.6,0.935,0.4986579852573114
343,291,2024-06-26,1.2,1.0,0.5343059591462074
343,345,2024-06-26,0.8,1.0,0.7450965419516561
343,373,2024-06-26,0.5,1.0,0.49597642029128
343,380,2024-06-26,0.7,0.619,1.0747076037047325
343,387,2024-06-26,1.4,1.0,1.5099221030168684
343,411,2024-06-26,0.5,1.0,0.8942358333542528
343,419,2024-06-26,1.4,1.0,1.167104740767479
343,422,2024-06-26,0.8,0.85,1.1701748367668632
343,424,2024-06-26,0.2,1.0,0.6868167284610124
343,425,2024-06-26,0.5,1.0,0.6326856633653011
343,429,2024-06-26,0.9,0.811,0.8859956633318395
343,467,2024-06-26,2.1,1.0,1.0488575046344695
343,473,2024-06-26,0.5,0.94,0.6863017900460981
343,486,2024-06-26,2.9,0.995,3.1035635840591684
343,496,2024-06-26,0.4,1.0,0.42888636124618035
343,536,2024-06-26,0.2,1.0,1.1943512594697212
343,548,2024-06-26,0.6,0.92,0.6513588868285882
343,556,2024-06-26,0.4,1.0,0.3437960053141189
343,596,2024-06-26,1.1,1.0,1.2191042763437276
343,608,2024-06-26,0.5,1.0,0.30496771844801424
343,627,2024-06-26,0.5,1.0,0.31828436948945993
343,631,2024-06-26,0.7,1.0,1.0306686505387985
343,636,2024-06-26,0.4,1.0,0.4656209416843531
343,644,2024-06-26,0.4,0.89,0.8105825975188605
343,650,2024-06-26,1.6,0.907,1.2921989129130784
343,670,2024-06-26,0.7,0.897,0.7418271010899942
343,715,2024-06-26,1.0,1.0,0.8957247172629206
343,717,2024-06-26,0.7,0.848,0.7806467291269703
343,738,2024-06-26,1.2,0.727,1.0142347766458817
343,740,2024-06-26,1.0,0.982,1.1071660584585805
343,765,2024-06-26,0.7,0.914,0.5480129409958767
343,776,2024-06-26,0.4,1.0,0.521563860778884
343,793,2024-06-26,1.1,0.857,0.7784370483654919
343,794,2024-06-26,0.1,1.0,0.2625335191611859
343,823,2024-06-26,0.4,0.94,0.44608809856500986
343,825,2024-06-26,0.3,0.92,0.6116653464624813
343,841,2024-06-26,0.3,1.0,0.3129651829188763
343,858,2024-06-26,0.2,1.0,0.2857327126290728
18,11,2024-06-27,1.3,0.994,1.0774929384396863
18,12,2024-06-27,0.9,0.911,1.1479224502602476
18,15,2024-06-27,0.3,0.776,0.5837736717216016
18,21,2024-06-27,2.1,0.993,1.3603303529872535
18,23,2024-06-27,1.3,0.863,1.9416000956819714
18,41,2024-06-27,2.2,0.699,1.7920293426015117
18,74,2024-06-27,1.4,0.994,0.954569348305731
18,94,2024-06-27,1.1,0.786,0.8047549669452007
18,98,2024-06-27,0.7,0.862,0.7158827683432261
18,99,2024-06-27,1.2,1.0,1.0038945646377107
18,100,2024-06-27,0.6,0.87,0.43133107153472305
18,104,2024-06-27,3.5,0.999,4.1106044585099095
18,108,2024-06-27,0.6,1.0,0.8441573261065114
18,109,2024-06-27,0.8,0.729,1.0201509834519125
18,122,2024-06-27,4.1,0.874,4.310565819696665
18,155,2024-06-27,0.5,0.845,0.5398305076977944
18,181,2024-06-27,0.9,1.0,0.7785502072074957
18,200,2024-06-27,0.6,1.0,0.5686629466572104
18,247,2024-06-27,0.2,1.0,0.542498847012527
18,250,2024-06-27,0.7,1.0,0.908448276791108
18,257,2024-06-27,0.5,0.881,0.6961978722225246
18,276,2024-06-27,0.3,0.913,0.526284323013783
18,285,2024-06-27,0.7,0.943,0.569965496735811
18,321,2024-06-27,1.1,0.799,0.7171295366052604
18,345,2024-06-27,0.9,1.0,0.6901730731084071
18,348,2024-06-27,0.1,0.808,0.6727781711086196
18,373,2024-06-27,0.3,1.0,0.42291307480321866
18,374,2024-06-27,0.6,1.0,0.5838842077452979
18,379,2024-06-27,0.9,1.0,1.023004043702556
18,380,2024-06-27,0.6,0.619,0.9380660299415272
18,411,2024-06-27,0.9,0.976,0.9869200244212207
18,415,2024-06-27,0.7,0.808,0.8863218426562561
18,422,2024-06-27,1.1,0.88,1.2316082320406148
18,424,2024-06-27,0.6,1.0,0.5614001755505351
18,425,2024-06-27,0.4,1.0,0.5338748406430751
18,452,2024-06-27,0.9,0.89,0.7280997801132396
18,496,2024-06-27,0.5,1.0,0.657859124416772
18,525,2024-06-27,0.6,0.94,0.6552450114601094
18,556,2024-06-27,0.6,1.0,0.3499270894638513
18,580,2024-06-27,4.1,0.903,2.9347701537430044
18,596,2024-06-27,1.2,1.0,1.5118761482020338
18,600,2024-06-27,4.4,0.9,3.0884342581007287
18,608,2024-06-27,0.4,1.0,0.2642665157514452
18,636,2024-06-27,0.5,1.0,0.5114919298208473
18,644,2024-06-27,0.8,0.943,0.9563963077245854
18,650,2024-06-27,1.1,0.907,1.3006154922597033
18,670,2024-06-27,0.7,0.897,0.8481184423712965
18,673,2024-06-27,0.3,0.963,0.431545581995195
18,676,2024-06-27,0.7,1.0,0.3834453658039093
18,694,2024-06-27,1.1,0.774,0.9769364063557501
18,707,2024-06-27,0.1,1.0,0.31066009602308886
18,715,2024-06-27,0.7,1.0,0.8750103530961766
18,717,2024-06-27,1.0,0.836,0.7435064485690466
18,738,2024-06-27,1.4,0.727,1.053786600589118
18,740,2024-06-27,1.9,1.0,1.1647800389525909
18,764,2024-06-27,1.1,0.86,0.8598116070122865
18,803,2024-06-27,0.3,1.0,0.36111495009404293
18,817,2024-06-27,0.5,1.0,0.395728649953466
18,819,2024-06-27,0.4,1.0,0.3453891709413536
18,823,2024-06-27,0.1,1.0,0.3878589676496912
18,825,2024-06-27,0.9,0.816,0.6742769457492908
18,826,2024-06-27,0.2,1.0,0.28096334686636126
18,841,2024-06-27,0.3,1.0,0.3050251372405913
18,858,2024-06-27,0.2,0.888,0.45895999665979276
154,11,2024-06-27,0.5,0.895,0.8118374714737606
154,15,2024-06-27,0.3,0.897,0.42448083688534216
154,21,2024-06-27,1.3,1.0,1.1720362511312867
154,23,2024-06-27,1.2,0.863,1.1145133667928477
154,58,2024-06-27,0.1,1.0,0.8916646236514405
154,74,2024-06-27,0.6,1.0,0.6195015162040864
154,100,2024-06-27,0.3,0.87,0.32594463604304114
154,104,2024-06-27,3.7,0.997,3.944968651132214
154,105,2024-06-27,0.2,1.0,0.42212631372072273
154,108,2024-06-27,0.4,1.0,0.5464141280508807
154,109,2024-06-27,0.4,0.729,0.5095618009741122
154,122,2024-06-27,3.0,0.879,2.4747145448685606
154,133,2024-06-27,0.7,1.0,0.46848029665435853
154,220,2024-06-27,0.5,0.967,0.6251597822931717
154,233,2024-06-27,0.1,1.0,0.4719686379008214
154,247,2024-06-27,0.7,1.0,0.4722403284707899
154,249,2024-06-27,0.2799999999999999,1.0,0.32560829824794324
154,250,2024-06-27,0.6,1.0,0.5007781280920611
154,276,2024-06-27,0.7,0.896,0.5024637654914426
154,285,2024-06-27,0.5,0.95,0.5498419161979013
154,291,2024-06-27,0.7,1.0,0.6734872345810072
154,321,2024-06-27,0.5,0.799,0.6701989395577918
154,345,2024-06-27,0.8,1.0,0.7594471418472499
154,348,2024-06-27,0.2,0.808,0.667336792050327
154,374,2024-06-27,0.6,1.0,0.38336454244962137
154,379,2024-06-27,0.1,1.0,0.6565194045298814
154,405,2024-06-27,0.5,0.948,0.5209094134871786
154,422,2024-06-27,0.7,0.9,1.2717774877637709
154,424,2024-06-27,0.1,1.0,0.363963146575245
154,425,2024-06-27,0.6,1.0,0.43389035490743844
154,453,2024-06-27,0.7,0.9,0.8013276531698383
154,476,2024-06-27,0.0,1.0,0.38373168002026015
154,496,2024-06-27,0.7,0.867,0.5523472085176643
154,506,2024-06-27,0.3,0.957,0.4034601722261839
154,527,2024-06-27,0.4,1.0,0.35721583314139627
154,556,2024-06-27,0.3,1.0,0.38663372603789503
154,578,2024-06-27,1.6,0.879,1.2940579329086228
154,580,2024-06-27,1.6,0.903,1.9661827426815137
154,596,2024-06-27,0.3,1.0,0.8795069928882401
154,600,2024-06-27,2.7,0.883,2.3166818962456244
154,623,2024-06-27,0.1,0.912,0.44152110794031996
154,625,2024-06-27,0.2,1.0,0.30071740590553014
154,627,2024-06-27,0.2,0.839,0.41218377804502426
154,631,2024-06-27,0.9,1.0,1.1122710854329125
154,636,2024-06-27,0.4,1.0,0.34812469629664977
154,644,2024-06-27,0.4,0.96,1.1088382101447474
154,650,2024-06-27,0.7,0.907,0.6839644713577466
154,670,2024-06-27,0.5,0.897,0.4976685809600533
154,686,2024-06-27,1.2,0.878,1.2485417988525733
154,707,2024-06-27,0.6,1.0,0.5115832122105004
154,717,2024-06-27,0.7,0.848,0.746008517247503
154,775,2024-06-27,0.9,1.0,2.4715737132999096
154,776,2024-06-27,0.0,1.0,0.24266611185634862
154,785,2024-06-27,0.1,0.917,0.41464957656583895
154,819,2024-06-27,0.4,0.847,0.4371175434019313
154,830,2024-06-27,0.2,0.626,0.8108793040817874
154,837,2024-06-27,0.2,1.0,0.23715759312633264
154,841,2024-06-27,0.2,1.0,0.3218315449865514
154,858,2024-06-27,0.4,1.0,0.3634577494372597
154,859,2024-06-27,0.5,1.0,0.30410115650274167
182,7,2024-06-27,0.8,0.88,0.7481755929145766
182,11,2024-06-27,0.6,0.975,1.1478493856407335
182,12,2024-06-27,1.3,0.817,0.8638527147398396
182,21,2024-06-27,2.2,0.895,1.3249602742556672
182,58,2024-06-27,1.0,0.989,1.191289564769975
182,99,2024-06-27,0.8,0.807,0.8646282612597708
182,100,2024-06-27,0.4,0.957,0.3101321154137495
182,105,2024-06-27,0.7,1.0,0.4045104628543622
182,108,2024-06-27,0.7,1.0,0.8277039270120556
182,109,2024-06-27,0.5,0.729,0.8690641081002686
182,122,2024-06-27,4.2,1.0,4.232232932645389
182,133,2024-06-27,0.5,1.0,0.5564651955242126
182,151,2024-06-27,0.2,1.0,0.3437667463461912
182,200,2024-06-27,0.5,1.0,0.5684332280468791
182,220,2024-06-27,0.48,0.902,0.6145294962040286
182,247,2024-06-27,0.7,1.0,0.5823305797133604
182,250,2024-06-27,0.8,1.0,0.6586955516420387
182,258,2024-06-27,0.5,1.0,0.4863096718521419
182,276,2024-06-27,0.4,0.934,0.611793580869237
182,285,2024-06-27,0.3,0.933,0.526556808199943
182,291,2024-06-27,0.7,1.0,1.0884028470444584
182,321,2024-06-27,0.8,0.799,0.8615161114223581
182,345,2024-06-27,0.6,1.0,0.7936508503287801
182,368,2024-06-27,0.4,0.925,0.4745842464619817
182,374,2024-06-27,0.9,1.0,0.46590254233777484
182,387,2024-06-27,1.5,0.995,1.2307865531296276
182,405,2024-06-27,0.5,0.948,0.48313443292631
182,411,2024-06-27,0.7,0.784,1.0798796902198662
182,415,2024-06-27,0.8,0.875,1.0246439512769063
182,419,2024-06-27,1.8,0.7,1.5053398749043412
182,422,2024-06-27,1.1,0.91,1.2498261573696023
182,424,2024-06-27,0.3,0.929,0.4847816815193319
182,425,2024-06-27,0.3,1.0,0.4461167641004071
182,426,2024-06-27,1.1,0.981,1.6846779242595402
182,452,2024-06-27,1.7,0.879,1.3416645928618647
182,467,2024-06-27,2.1,0.769,1.8855748757274466
182,473,2024-06-27,0.9,1.0,0.6077679983353566
182,476,2024-06-27,0.3,1.0,0.4039828836630966
182,496,2024-06-27,1.1,0.82,0.9987522516938909
182,506,2024-06-27,0.3,0.913,0.4961160976311081
182,554,2024-06-27,2.5,0.8,1.469766179330328
182,556,2024-06-27,0.6,1.0,0.46143510846408753
182,578,2024-06-27,1.6,0.875,1.9214951390259665
182,592,2024-06-27,0.5,1.0,0.6365829947776741
182,596,2024-06-27,1.4,1.0,2.3016042019628062
182,627,2024-06-27,0.0,0.9361039996147156,0.3392047909053135
182,631,2024-06-27,1.3,1.0,1.1986531778321923
182,636,2024-06-27,0.7,0.964,0.5233577166825434
182,644,2024-06-27,1.2,0.988,1.3006439593387085
182,650,2024-06-27,0.7,0.907,0.9177045073703114
182,684,2024-06-27,0.8,1.0,0.7517254127733559
182,686,2024-06-27,1.8,0.967,1.3501611485489637
182,706,2024-06-27,0.5,0.937,0.4511881839627008
182,717,2024-06-27,0.8,0.848,0.9517122175859524
182,764,2024-06-27,0.8,0.864,0.9453487062123642
182,785,2024-06-27,0.6,0.91,0.46524943577808725
182,793,2024-06-27,0.6,0.9,1.139192528861353
182,819,2024-06-27,0.5,0.812,0.5000848071465027
182,825,2024-06-27,0.5,0.774,0.694764663421467
182,841,2024-06-27,0.4,1.0,0.3543137827651448
182,858,2024-06-27,0.2,1.0,0.3560652995963348
235,9,2024-06-27,0.4,1.0,0.44325570308554046
235,12,2024-06-27,1.9,0.906,0.9782923701012383
235,15,2024-06-27,0.3,0.897,0.42642522795092025
235,21,2024-06-27,1.4,0.906,1.0554154719087236
235,74,2024-06-27,1.58,1.0,1.1460735638809916
235,94,2024-06-27,1.2,0.813,0.848587137135612
235,98,2024-06-27,0.8,0.886,0.6110408318655535
235,99,2024-06-27,0.8,1.0,0.8937404359907054
235,100,2024-06-27,0.2,0.87,0.42669562926735916
235,104,2024-06-27,3.2,0.999,4.1242341517964825
235,105,2024-06-27,0.6,1.0,0.48588534922008925
235,108,2024-06-27,0.5,1.0,0.6246862186942883
235,109,2024-06-27,0.7,0.729,0.7729452214548826
235,121,2024-06-27,0.6,0.874,0.8175419708049945
235,122,2024-06-27,4.6,0.879,4.26546162942925
235,133,2024-06-27,1.0,1.0,0.767610247987087
235,220,2024-06-27,0.8,0.913,0.9244124820690429
235,247,2024-06-27,0.7,0.978,0.7738409500310368
235,250,2024-06-27,0.4,1.0,0.5760819417678333
235,257,2024-06-27,1.3,0.825,0.8163387906719606
235,258,2024-06-27,0.8,1.0,0.8373704932444683
235,285,2024-06-27,0.7,0.957,0.5409572731931132
235,291,2024-06-27,1.1,1.0,0.7278691951625087
235,345,2024-06-27,0.8,1.0,0.6966770933968496
235,348,2024-06-27,0.6,0.808,0.8062355536765905
235,373,2024-06-27,0.2,1.0,0.40414845800223553
235,374,2024-06-27,0.3,1.0,0.5709898062773326
235,379,2024-06-27,0.0,1.0,0.22436564124967878
235,411,2024-06-27,1.6,0.86,1.108745588561567
235,421,2024-06-27,0.3,0.903,0.4307429470197187
235,422,2024-06-27,1.7,0.875,1.261298955709812
235,424,2024-06-27,0.6,0.929,0.6030704748774142
235,425,2024-06-27,0.3,1.0,0.5431297688027948
235,476,2024-06-27,0.6,1.0,0.5428255642089994
235,496,2024-06-27,0.8,1.0,0.5024338547173761
235,506,2024-06-27,0.2,0.935,0.4228250643296255
235,525,2024-06-27,0.9,1.0,0.5930369183232606
235,536,2024-06-27,0.5,1.0,0.5922019855700871
235,556,2024-06-27,0.9,1.0,0.5325533541495497
235,578,2024-06-27,1.3,0.891,1.3195124646290672
235,580,2024-06-27,4.3,0.903,4.511822525000324
235,592,2024-06-27,0.4,1.0,0.4240198296078286
235,596,2024-06-27,2.2,1.0,1.707229389297534
235,625,2024-06-27,0.1699999999999999,1.0,0.41877707617332016
235,629,2024-06-27,1.9,0.993,1.707772442801443
235,636,2024-06-27,0.2,1.0,0.4354759490312577
235,644,2024-06-27,0.6,0.896,1.1238821540196546
235,650,2024-06-27,1.6,0.907,0.9930397611314798
235,670,2024-06-27,1.4,0.897,1.075867972134236
235,673,2024-06-27,0.2,1.0,0.4190901694950286
235,684,2024-06-27,1.1,1.0,0.8565212462356977
235,698,2024-06-27,0.1,1.0,0.30163319790340054
235,706,2024-06-27,0.5,0.937,0.4775780529136171
235,715,2024-06-27,1.7,0.998,1.0348111609976458
235,717,2024-06-27,1.2,0.848,0.9353456329384022
235,734,2024-06-27,0.7,0.707,0.7493745792873996
235,763,2024-06-27,1.7,0.884,1.3627101568265672
235,764,2024-06-27,1.2,0.833,1.0352921475825387
235,765,2024-06-27,0.8,0.914,0.624480352024084
235,797,2024-06-27,1.0,0.612,1.052323564991501
235,825,2024-06-27,1.0,0.833,0.7661576397300314
235,841,2024-06-27,0.3,1.0,0.34912405180485273
235,858,2024-06-27,0.5,1.0,0.37316417681869196
343,5,2024-06-27,0.9,0.847,0.7879484505916715
343,12,2024-06-27,1.4,0.898,0.9298953467023178
343,21,2024-06-27,1.8,0.934,1.221124078630139
343,23,2024-06-27,2.0,0.863,1.388786480929892
343,28,2024-06-27,0.7,0.75,1.1295392990861068
343,38,2024-06-27,0.6,1.0,0.9144626317434608
343,41,2024-06-27,1.2,0.699,1.5441464440236292
343,58,2024-06-27,0.9,1.0,0.6505516933086842
343,67,2024-06-27,0.8,0.955,0.6250972139682934
343,94,2024-06-27,0.5,0.813,0.7101570865214719
343,98,2024-06-27,0.4,0.85,0.7044131378651315
343,99,2024-06-27,1.2,1.0,0.9781059676668056
343,104,2024-06-27,4.7,0.999,4.617015941221927
343,108,2024-06-27,0.7,1.0,0.5438721490593431
343,109,2024-06-27,1.0,0.729,0.9320469756174161
343,122,2024-06-27,4.7,0.88,4.236266571254184
343,140,2024-06-27,1.6,0.99,1.3256480335706542
343,155,2024-06-27,0.6,0.913,0.4406018281341171
343,189,2024-06-27,0.5,1.0,0.3892730589348264
343,200,2024-06-27,0.2,1.0,0.504291821102024
343,220,2024-06-27,1.1,0.893,1.1247812276432851
343,247,2024-06-27,0.3,1.0,0.590402552482262
343,249,2024-06-27,0.3,1.0,0.39575933083485515
343,250,2024-06-27,1.3,1.0,0.9785219438053522
343,257,2024-06-27,0.5,0.961,0.6076786402804928
343,276,2024-06-27,0.2,0.935,0.4917454395036761
343,291,2024-06-27,0.8,1.0,0.6283284361101236
343,345,2024-06-27,0.9,1.0,0.7207582225361697
343,373,2024-06-27,0.2,1.0,0.4190125207282973
343,380,2024-06-27,1.0,0.619,1.0519915484506974
343,387,2024-06-27,1.8,0.991,1.385608660031173
343,411,2024-06-27,1.0,0.978,1.0618358867258428
343,419,2024-06-27,1.7,1.0,1.152660507443385
343,422,2024-06-27,1.6,0.828,1.1290720446298783
343,424,2024-06-27,1.3,0.984,0.7146693099064548
343,425,2024-06-27,0.7,1.0,0.5518578196321192
343,429,2024-06-27,1.1,0.826,0.8967920098247728
343,467,2024-06-27,2.0,0.769,1.6878408105145122
343,473,2024-06-27,0.7,1.0,0.549464893388122
343,486,2024-06-27,2.7,0.984,2.8149655525863935
343,496,2024-06-27,0.6,1.0,0.40160994852223864
343,536,2024-06-27,0.3,1.0,0.6207285109664127
343,548,2024-06-27,0.5,0.884,0.6567320570100932
343,556,2024-06-27,0.3,1.0,0.3872360077900239
343,596,2024-06-27,1.0,1.0,1.2217051440019437
343,608,2024-06-27,0.2,1.0,0.3393458023820861
343,627,2024-06-27,0.1,1.0,0.3479809332680197
343,631,2024-06-27,1.5,1.0,0.9415511174171292
343,636,2024-06-27,0.1,1.0,0.4679806631474642
343,644,2024-06-27,0.6,0.893,0.7867204004021344
343,650,2024-06-27,1.3,0.907,1.3529710954506078
343,670,2024-06-27,0.7,0.897,0.6917178442035312
343,715,2024-06-27,1.0,0.997,1.0079648621999395
343,717,2024-06-27,0.5,0.848,0.7983539514441793
343,738,2024-06-27,1.4,0.727,1.0222525202831894
343,740,2024-06-27,1.0,1.0,1.0361296121929962
343,765,2024-06-27,0.2,0.946,0.5963879043258372
343,776,2024-06-27,0.3,1.0,0.4805665705430392
343,793,2024-06-27,1.5,0.833,0.8856886007874767
343,794,2024-06-27,0.5,0.954,0.3629212725987438
343,823,2024-06-27,0.5,0.904,0.46965772825850727
343,825,2024-06-27,0.6,0.84,0.5908446649746015
343,841,2024-06-27,0.2,1.0,0.3473217828186844
343,858,2024-06-27,0.2,1.0,0.30032740108406986
18,11,2024-06-28,1.1,0.996,1.1265713489072464
18,12,2024-06-28,1.5,0.915,1.0586273813133489
18,15,2024-06-28,0.5,0.955,0.38792123943309087
18,21,2024-06-28,2.2,1.0,1.2944789844361635
18,23,2024-06-28,1.4,0.863,1.688008254423934
18,41,2024-06-28,0.2,0.6990000009536743,1.9574115391621327
18,74,2024-06-28,1.08,1.0,0.8626085686361109
18,94,2024-06-28,0.6,0.813,0.8472896639413541
18,98,2024-06-28,0.3,0.922,0.607619343266995
18,99,2024-06-28,1.5,0.889,1.6414555213559086
18,100,2024-06-28,0.2,1.0,0.3540676545483373
18,104,2024-06-28,4.5,0.974,4.514791095244062
18,108,2024-06-28,0.6,0.96,0.9418217273841223
18,109,2024-06-28,1.0,0.729,1.0213677651312083
18,122,2024-06-28,4.9,0.635,5.592384101130202
18,155,2024-06-28,0.4,0.974,0.44926099509159256
18,181,2024-06-28,1.2,1.0,0.8346344496367518
18,200,2024-06-28,0.5,1.0,0.5892377320555172
18,247,2024-06-28,1.08,1.0,0.542420348410006
18,250,2024-06-28,1.26,1.0,0.8912874610119732
18,257,2024-06-28,0.9,0.951,0.5932576948672095
18,276,2024-06-28,0.5,0.978,0.5247030920540319
18,285,2024-06-28,0.4,1.0,0.5043027084011106
18,321,2024-06-28,0.5,0.799,0.8270801640301823
18,345,2024-06-28,1.3,1.0,0.7185677686374833
18,348,2024-06-28,0.7,0.808,0.6960083932765939
18,373,2024-06-28,0.1,1.0,0.45382737183833977
18,374,2024-06-28,0.9,1.0,0.6048986998371837
18,379,2024-06-28,0.7,0.9,1.1408884989350716
18,380,2024-06-28,0.9,0.557,1.7923307193390516
18,411,2024-06-28,0.9,0.88,1.0832247869839442
18,415,2024-06-28,1.2,0.738,0.9638486845225185
18,422,2024-06-28,1.4,0.972,1.207337409548938
18,424,2024-06-28,0.7,1.0,0.6091707712050544
18,425,2024-06-28,0.4,1.0,0.5532959108911966
18,452,2024-06-28,0.9,0.963,0.6699183349345853
18,496,2024-06-28,1.0,1.0,0.5978385812293335
18,525,2024-06-28,0.5,1.0,0.5634067737166973
18,556,2024-06-28,0.3,1.0,0.37637756590068133
18,580,2024-06-28,3.8,0.902,3.1828322631100265
18,596,2024-06-28,1.2,1.0,1.434836144780306
18,600,2024-06-28,4.2,0.826,3.7941593593677956
18,608,2024-06-28,0.3,0.973,0.40956576079239815
18,636,2024-06-28,0.7,1.0,0.5183227796046576
18,644,2024-06-28,0.2,0.9,1.001271708696419
18,650,2024-06-28,0.8,0.907,1.2846387807333985
18,670,2024-06-28,0.8,0.897,0.8528019288082678
18,673,2024-06-28,0.8,0.749,0.6530338549602241
18,676,2024-06-28,0.7,1.0,0.39034322225883805
18,694,2024-06-28,0.5,0.752,1.010721461304772
18,707,2024-06-28,0.4,1.0,0.3494100733635797
18,715,2024-06-28,1.1,1.0,0.866379776231027
18,717,2024-06-28,0.9,0.848,0.8370452055125789
18,738,2024-06-28,1.4,0.757,1.1661313615641298
18,740,2024-06-28,1.9,1.0,1.2684869263514562
18,764,2024-06-28,0.9,0.893,0.9203098745117958
18,803,2024-06-28,0.6,1.0,0.40849920791798666
18,817,2024-06-28,0.4,1.0,0.46054547884044816
18,819,2024-06-28,0.4,0.713,0.7873585279881097
18,823,2024-06-28,0.6,0.906,0.4646731350060058
18,825,2024-06-28,0.7,0.84,0.7283589481031512
18,826,2024-06-28,0.5,0.923,0.4047139388022206
18,841,2024-06-28,0.3,0.95,0.4089944956284549
18,858,2024-06-28,0.2,1.0,0.33478278717689103
154,11,2024-06-28,0.6,1.0,0.6523487520045032
154,15,2024-06-28,0.3,1.0,0.28146793211498466
154,21,2024-06-28,1.1,1.0,1.086776308100108
154,23,2024-06-28,0.8,0.863,1.1206670042024487
154,58,2024-06-28,0.7,1.0,0.8214841643667059
154,74,2024-06-28,0.3,1.0,0.6641174403994747
154,100,2024-06-28,0.2,1.0,0.17327961404066955
154,104,2024-06-28,3.7,0.991,4.294141892753736
154,105,2024-06-28,0.9,1.0,0.40685610004513445
154,108,2024-06-28,0.6,0.97,0.5958304374291545
154,109,2024-06-28,0.4,0.729,0.5689663798155883
154,122,2024-06-28,3.2,0.633,3.4417237595995505
154,133,2024-06-28,0.7,1.0,0.5186882509055886
154,220,2024-06-28,0.6,0.974,0.6613341010546387
154,233,2024-06-28,0.9,0.9570000171661376,0.4818194463077671
154,247,2024-06-28,0.5,1.0,0.5637417021391199
154,249,2024-06-28,0.3,1.0,0.2896639194830995
154,250,2024-06-28,0.7,0.982,0.6272065889954894
154,276,2024-06-28,0.4,1.0,0.4475353499167286
154,285,2024-06-28,0.4,1.0,0.5071764543711353
154,291,2024-06-28,0.6,1.0,0.7641931317853758
154,321,2024-06-28,0.9,0.799,0.6869044303960106
154,345,2024-06-28,0.8,1.0,0.7835715018234308
154,348,2024-06-28,0.4,0.808,0.6233779876623162
154,374,2024-06-28,0.4,1.0,0.4277476315137707
154,379,2024-06-28,0.3,0.9,0.7130033949281385
154,405,2024-06-28,0.8,0.948,0.5227662490108194
154,422,2024-06-28,0.9,1.0,1.0077713153007952
154,424,2024-06-28,0.08,0.7222222089767456,0.7724433466842067
154,425,2024-06-28,0.8,1.0,0.4510272446586209
154,453,2024-06-28,1.1,0.9,0.8190074696667964
154,476,2024-06-28,0.5,0.828,0.5599869123696621
154,496,2024-06-28,0.4,1.0,0.4699535549061947
154,506,2024-06-28,0.3,1.0,0.30773875399222983
154,527,2024-06-28,0.7,1.0,0.41064894950628517
154,556,2024-06-28,0.4,1.0,0.3879343733203884
154,578,2024-06-28,1.6,0.641,1.8670435366281983
154,580,2024-06-28,1.7,0.903,2.0220597872423816
154,596,2024-06-28,0.8,1.0,0.7467304847894207
154,600,2024-06-28,1.8,0.814,2.1554062820435584
154,623,2024-06-28,0.7,0.912,0.45612533032619496
154,625,2024-06-28,0.2,1.0,0.3450947484709306
154,627,2024-06-28,0.4,0.893,0.39801994382887673
154,631,2024-06-28,1.0,1.0,1.0352076899438263
154,636,2024-06-28,0.1,1.0,0.3695161593885812
154,644,2024-06-28,0.5,0.912,1.1087160863587495
154,650,2024-06-28,0.4,0.904,0.6330731070705343
154,670,2024-06-28,0.6,0.897,0.5346490291029891
154,686,2024-06-28,0.9,0.909,1.309805871999877
154,707,2024-06-28,0.6,0.935,0.6289829372048057
154,717,2024-06-28,0.6,0.848,0.8222864613478262
154,775,2024-06-28,1.6,1.0,1.8944288812629124
154,776,2024-06-28,0.1,1.0,0.22014193243357386
154,785,2024-06-28,0.7,0.738,0.6319118208393739
154,819,2024-06-28,0.0,1.0,0.3193976901145257
154,830,2024-06-28,0.4,0.626,0.7636260642666582
154,837,2024-06-28,0.2,1.0,0.2457619150073767
154,841,2024-06-28,0.3,0.95,0.3413483262924857
154,858,2024-06-28,0.3,1.0,0.3805698251816997
154,859,2024-06-28,0.2,1.0,0.3568088579136913
182,7,2024-06-28,0.8,0.759,0.8850661137207763
182,11,2024-06-28,1.2,0.996,1.0969477347041285
182,12,2024-06-28,1.7,0.83,0.9408987105513007
182,21,2024-06-28,0.8,0.982,1.412146824074859
182,58,2024-06-28,0.9,1.0,1.049081965570214
182,99,2024-06-28,1.2,0.807,1.0031121584317575
182,100,2024-06-28,0.3,1.0,0.22868512200852675
182,105,2024-06-28,0.6,1.0,0.4419989667530341
182,108,2024-06-28,0.6,0.967,0.9313870073607537
182,109,2024-06-28,0.2,0.729,0.8436940923670115
182,122,2024-06-28,4.1,0.91,4.47904192858932
182,133,2024-06-28,0.6,0.919,0.7764161534229583
182,151,2024-06-28,0.4,1.0,0.3042147111686344
182,200,2024-06-28,0.5,1.0,0.5438857358477847
182,220,2024-06-28,0.6,1.0,0.5196946170800152
182,247,2024-06-28,0.5,0.963,0.8720708568149407
182,250,2024-06-28,1.1,1.0,0.724502777117709
182,258,2024-06-28,0.6,1.0,0.48838033770895134
182,276,2024-06-28,0.4,1.0,0.4866351806609025
182,285,2024-06-28,0.7,1.0,0.4465548778978411
182,291,2024-06-28,1.9,1.0,1.005321026503422
182,321,2024-06-28,1.3,0.799,0.8280840660273656
182,345,2024-06-28,1.0,1.0,0.8376151840978272
182,368,2024-06-28,0.5,1.0,0.37499731162657907
182,374,2024-06-28,0.2,1.0,0.5336512576850356
182,387,2024-06-28,1.3,1.0,1.1906731287616066
182,405,2024-06-28,0.5,0.948,0.5128694183155849
182,411,2024-06-28,0.4,0.784,1.1402877170319767
182,415,2024-06-28,0.9,0.723,1.2712150237931015
182,419,2024-06-28,2.0,0.685,1.613218808358008
182,422,2024-06-28,1.3,0.942,1.1918856262987418
182,424,2024-06-28,0.1,1.0,0.3895600789969266
182,425,2024-06-28,0.3,0.8127036094665527,0.642054968715883
182,426,2024-06-28,1.2,0.942,1.800533918282469
182,452,2024-06-28,1.8,1.0,1.1204818966592378
182,467,2024-06-28,3.2,0.822,1.8058294056803437
182,473,2024-06-28,0.7,1.0,0.6938527810319832
182,476,2024-06-28,0.1,0.824999988079071,0.6267240461056776
182,496,2024-06-28,1.0,1.0,0.721151942526892
182,506,2024-06-28,0.4,1.0,0.39134573323512767
182,554,2024-06-28,0.8,0.8,1.8131583351591631
182,556,2024-06-28,0.4,0.761904776096344,0.78973537826227
182,578,2024-06-28,1.8,0.875,1.6143280160413696
182,592,2024-06-28,0.6799999999999999,1.0,0.6258010513844418
182,596,2024-06-28,1.9,1.0,1.707599119803222
182,627,2024-06-28,0.6,0.794752299785614,0.5393987857638066
182,631,2024-06-28,2.4,0.992,1.397985747670984
182,636,2024-06-28,0.1,1.0,0.4888258304096895
182,644,2024-06-28,0.7,0.882,1.403998262847329
182,650,2024-06-28,0.7,0.907,0.8970751605086072
182,684,2024-06-28,1.1,1.0,0.7733373474190955
182,686,2024-06-28,0.7,1.0,1.2105964624163517
182,706,2024-06-28,0.4,0.937,0.47575951846428155
182,717,2024-06-28,0.9,0.848,0.9274563324241513
182,764,2024-06-28,1.3,0.861,0.9487685798069281
182,785,2024-06-28,0.7,0.74,0.6374359313537843
182,793,2024-06-28,1.2,0.864,1.1151514854677598
182,819,2024-06-28,0.5,0.953,0.4293981059005954
182,825,2024-06-28,0.4,0.798,0.6111249355717958
182,841,2024-06-28,0.3,0.95,0.42470451193074016
182,858,2024-06-28,0.2,1.0,0.38714924842627896
235,9,2024-06-28,0.5,1.0,0.4219306696640176
235,12,2024-06-28,1.3,0.899,1.2197805637223986
235,15,2024-06-28,0.3,0.939,0.4041820726140305
235,21,2024-06-28,2.4,1.0,0.953268276046563
235,74,2024-06-28,1.5,1.0,1.1270763924420848
235,94,2024-06-28,0.5,0.813,0.878858225621439
235,98,2024-06-28,0.5,0.922,0.5830110876055207
235,99,2024-06-28,1.4,0.889,1.2990750295545466
235,100,2024-06-28,0.4,1.0,0.3268753723893592
235,104,2024-06-28,4.8,0.981,4.480199465563425
235,105,2024-06-28,1.1,1.0,0.5014338805113816
235,108,2024-06-28,0.7,0.97,0.7194140367151498
235,109,2024-06-28,0.2,0.729,0.8370856632095012
235,121,2024-06-28,0.5,0.874,0.8269831870559481
235,122,2024-06-28,4.3,0.639,5.025149184456287
235,133,2024-06-28,0.9,1.0,0.7793765979692182
235,220,2024-06-28,1.0,1.0,0.6727506653621563
235,247,2024-06-28,0.2,1.0,0.7083943914195661
235,250,2024-06-28,0.9,1.0,0.5444109258469668
235,257,2024-06-28,0.6,1.0,0.5546689934217321
235,258,2024-06-28,1.0,1.0,0.8563252722405597
235,285,2024-06-28,0.6,1.0,0.45993487500969266
235,291,2024-06-28,0.8,1.0,0.825539674743388
235,345,2024-06-28,1.4,1.0,0.7636902444519474
235,348,2024-06-28,0.8,0.808,0.8486122416802455
235,373,2024-06-28,0.5,1.0,0.34468293978606446
235,374,2024-06-28,0.6,1.0,0.5401325809248425
235,379,2024-06-28,0.1,0.9,0.36068030433981474
235,411,2024-06-28,1.3,0.987,1.2148660734854284
235,421,2024-06-28,0.6,0.903,0.4208533370914712
235,422,2024-06-28,1.1,1.0,1.096728576996354
235,424,2024-06-28,0.2,1.0,0.5307341623611022
235,425,2024-06-28,0.5,1.0,0.5008703520875372
235,476,2024-06-28,0.7,0.871,0.7250594570712549
235,496,2024-06-28,0.5,1.0,0.5430186466681148
235,506,2024-06-28,0.3,1.0,0.3795872314704123
235,525,2024-06-28,0.5,1.0,0.6937592224228927
235,536,2024-06-28,1.4,1.0,0.7162281066089753
235,556,2024-06-28,0.8,1.0,0.6280530166206315
235,578,2024-06-28,2.3,0.655,1.7727732151458397
235,580,2024-06-28,4.5,0.903,4.219496604416333
235,592,2024-06-28,0.4,1.0,0.44674861397711996
235,596,2024-06-28,1.1,1.0,2.053891071870292
235,625,2024-06-28,0.8,1.0,0.401702059221389
235,629,2024-06-28,2.1,1.0,1.5499435961142942
235,636,2024-06-28,0.6,1.0,0.42708196265622833
235,644,2024-06-28,0.4,0.97,1.048429300965914
235,650,2024-06-28,0.0,0.907,1.1126040547702551
235,670,2024-06-28,1.3,0.897,1.1648614402565491
235,673,2024-06-28,0.5,0.749,0.6896695681988885
235,684,2024-06-28,0.5,1.0,0.9093152638370934
235,698,2024-06-28,0.0,1.0,0.4114753233179421
235,706,2024-06-28,0.3,0.921,0.5065779305929936
235,715,2024-06-28,0.7,1.0,1.1026168782138948
235,717,2024-06-28,0.4,0.815,0.9978834447460858
235,734,2024-06-28,0.6,0.573,1.8095915930945368
235,763,2024-06-28,1.6,0.884,1.3975282207495145
235,764,2024-06-28,1.3,0.858,1.094642749683676
235,765,2024-06-28,0.3,0.88,0.7087275128824448
235,797,2024-06-28,0.8,0.612,1.1271150360827078
235,825,2024-06-28,0.5,0.88,0.8144612317663311
235,841,2024-06-28,0.3,0.975,0.44791488725167844
235,858,2024-06-28,0.5,1.0,0.3516094001050578
343,5,2024-06-28,1.0,0.827,0.9152999522485681
343,12,2024-06-28,1.6,0.899,1.0746634231135084
343,21,2024-06-28,2.1,1.0,1.139030910128986
343,23,2024-06-28,1.8,0.863,1.4526414828737737
343,28,2024-06-28,0.6,0.75,0.9843166153711789
343,38,2024-06-28,0.5,1.0,0.9369249748001864
343,41,2024-06-28,1.4,0.699,1.6020317797299009
343,58,2024-06-28,0.6,1.0,0.6615264373951646
343,67,2024-06-28,0.9,0.955,0.6638445695304906
343,94,2024-06-28,0.2,0.813,0.7596107064681547
343,98,2024-06-28,0.9,0.922,0.5660538320128172
343,99,2024-06-28,1.5,0.889,1.408229037481294
343,104,2024-06-28,4.7,0.987,4.6257537448965245
343,108,2024-06-28,0.9,0.966,0.6408736496573415
343,109,2024-06-28,1.1,0.729,0.9651900382032661
343,122,2024-06-28,8.2,0.631,5.883404575571458
343,140,2024-06-28,1.4,1.0,1.1556956258398143
343,155,2024-06-28,0.2,1.0,0.3839710185200236
343,189,2024-06-28,0.8,1.0,0.42366059732196
343,200,2024-06-28,0.1,0.85,0.6071274941205018
343,220,2024-06-28,0.8,0.992,1.132330101021728
343,247,2024-06-28,0.6,0.922,0.7587521949400933
343,249,2024-06-28,0.48,1.0,0.40004928626932285
343,250,2024-06-28,1.0,1.0,1.019245593577077
343,257,2024-06-28,0.6,1.0,0.4694115348830128
343,276,2024-06-28,0.3,1.0,0.4225955310390216
343,291,2024-06-28,0.47,1.0,0.5804372640621278
343,345,2024-06-28,1.0,1.0,0.76755434112574
343,373,2024-06-28,0.5,1.0,0.3490148736049199
343,380,2024-06-28,1.4,0.557,1.7599571753466128
343,387,2024-06-28,2.0,1.0,1.2333848292530551
343,411,2024-06-28,0.9,0.959,1.1032232993813058
343,419,2024-06-28,1.2,1.0,1.1923292963249428
343,422,2024-06-28,1.0,0.955,1.1858644137209136
343,424,2024-06-28,0.4,1.0,0.7605348233117659
343,425,2024-06-28,0.3,0.8127036094665527,0.8184349974771062
343,429,2024-06-28,0.6,0.845,0.9356579690353994
343,467,2024-06-28,3.0,0.769,1.620864288870894
343,473,2024-06-28,1.2,1.0,0.6048086191994738
343,486,2024-06-28,2.9,0.987,2.52451076974854
343,496,2024-06-28,0.4,1.0,0.41941376531301355
343,536,2024-06-28,1.2,1.0,0.5563436102882173
343,548,2024-06-28,0.5,0.922,0.606791057869384
343,556,2024-06-28,0.4,1.0,0.37413881010956007
343,596,2024-06-28,1.4,1.0,1.2572924559931167
343,608,2024-06-28,0.2,1.0,0.32296725572619756
343,627,2024-06-28,0.8,0.971,0.43243487983614787
343,631,2024-06-28,0.8,1.0,1.0246216011557623
343,636,2024-06-28,0.4,1.0,0.4366392664678672
343,644,2024-06-28,0.4,1.0,0.7097317877527745
343,650,2024-06-28,2.2,0.906,1.3167865845320654
343,670,2024-06-28,0.7,0.897,0.7165061392601499
343,715,2024-06-28,1.4,1.0,0.9991436823468964
343,717,2024-06-28,0.7,0.848,0.7080553087069268
343,738,2024-06-28,1.6,0.757,1.0852376590392259
343,740,2024-06-28,1.8,1.0,1.0347203799832374
343,765,2024-06-28,0.6,0.899,0.6000558700128837
343,776,2024-06-28,0.2,1.0,0.4866074255148892
343,793,2024-06-28,1.1,0.894,0.9295325290839797
343,794,2024-06-28,0.2,1.0,0.3042340141949642
343,823,2024-06-28,0.8,0.96,0.4746545093642365
343,825,2024-06-28,0.7,0.799,0.7304750309151997
343,841,2024-06-28,0.3,0.95,0.42913846256822064
343,858,2024-06-28,0.5,1.0,0.2788524733813915
18,11,2024-06-29,0.6,0.989,1.355587195652111
18,12,2024-06-29,0.8,1.0,1.1297922227012005
18,15,2024-06-29,0.7,1.0,0.37100893095819754
18,21,2024-06-29,1.2,0.913,1.93762713929967
18,23,2024-06-29,1.2,0.863,1.778371484035187
18,41,2024-06-29,1.7,0.693,1.8186374145514335
18,74,2024-06-29,0.7,1.0,0.92279626555882
18,94,2024-06-29,0.8,0.798,0.8877562234642766
18,98,2024-06-29,0.6,0.874,0.7537090813891061
18,99,2024-06-29,1.6,0.889,1.7577730452826694
18,100,2024-06-29,0.5,0.902,0.5855320280813177
18,104,2024-06-29,4.9,0.963,5.3738854540314245
18,108,2024-06-29,1.0,1.0,0.7787318814867642
18,109,2024-06-29,0.8,0.729,1.0838118128633591
18,122,2024-06-29,7.2,0.633,5.747258569799273
18,155,2024-06-29,0.6,0.87,0.6241107866519926
18,181,2024-06-29,1.1,1.0,0.9777602571014234
18,200,2024-06-29,0.48,1.0,0.601127530988556
18,247,2024-06-29,0.4,1.0,0.6624143388073389
18,250,2024-06-29,0.98,0.97,1.207707623673501
18,257,2024-06-29,0.7,0.857,0.839078877385667
18,276,2024-06-29,0.6,0.935,0.5951921291591047
18,285,2024-06-29,0.8,0.986,0.7400996382167475
18,321,2024-06-29,0.6,0.799,0.8132052923974871
18,345,2024-06-29,1.0,1.0,0.8963443567397107
18,348,2024-06-29,0.6,0.808,0.8222624082736236
18,373,2024-06-29,0.5,1.0,0.5068426054146318
18,374,2024-06-29,0.5,1.0,0.6910296167543675
18,379,2024-06-29,2.3,0.875,1.1920835870056938
18,380,2024-06-29,0.7,0.896,0.6160388236600882
18,411,2024-06-29,1.0,0.92,1.1925028354573102
18,415,2024-06-29,1.2,0.712,1.2471703953635238
18,422,2024-06-29,1.0,0.808,1.6629989725601622
18,424,2024-06-29,0.4,1.0,0.6945430325317228
18,425,2024-06-29,0.8,1.0,0.5685788047189062
18,452,2024-06-29,1.4,0.898,0.8927904780552798
18,496,2024-06-29,0.4,1.0,0.7393480864486031
18,525,2024-06-29,0.2,1.0,0.5910370849494186
18,556,2024-06-29,0.3,0.761904776096344,0.7069340636339305
18,580,2024-06-29,4.8,0.899,4.8417449834014334
18,596,2024-06-29,2.1,1.0,1.7342527209465608
18,600,2024-06-29,6.0,1.0,4.574595936111404
18,608,2024-06-29,0.3,0.998,0.414626479034929
18,636,2024-06-29,0.2,1.0,0.5621340751644816
18,644,2024-06-29,0.4,1.0,0.6518219104917989
18,650,2024-06-29,1.3,0.907,1.3971293803496607
18,670,2024-06-29,0.5,0.897,0.8670397438998622
18,673,2024-06-29,0.6,0.749,0.7156006699380686
18,676,2024-06-29,0.7,1.0,0.48565037273371614
18,694,2024-06-29,0.6,1.0,0.5677148572102034
18,707,2024-06-29,0.2,0.804,0.5561730656470145
18,715,2024-06-29,1.0699999999999998,1.0,1.034421340710342
18,717,2024-06-29,0.8,0.848,0.9026935438814374
18,738,2024-06-29,1.3,1.0,0.7551864108119721
18,740,2024-06-29,1.2,1.0,1.4916955505883962
18,764,2024-06-29,1.3,0.827,1.0098950429888125
18,803,2024-06-29,0.3,1.0,0.4515718514558911
18,817,2024-06-29,0.4,0.964,0.602068566338004
18,819,2024-06-29,0.3,0.809,0.5093110134246819
18,823,2024-06-29,0.6,0.94,0.5654793600988531
18,825,2024-06-29,0.5,0.82,0.809735315262996
18,826,2024-06-29,0.2,0.835,0.49511621717844484
18,841,2024-06-29,0.3,1.0,0.3903396508247215
18,858,2024-06-29,0.2,1.0,0.37667675823934194
154,11,2024-06-29,1.3,0.881,0.903305777312638
154,15,2024-06-29,0.4,1.0,0.39663570907628504
154,21,2024-06-29,0.6,1.0,1.1824254532514953
154,23,2024-06-29,0.7,0.863,1.1026069284866347
154,58,2024-06-29,1.4,1.0,0.9654621117293389
154,74,2024-06-29,0.5,1.0,0.7332790776119067
154,100,2024-06-29,0.2,0.87,0.390448415718217
154,104,2024-06-29,2.6,0.987,4.45370730346744
154,105,2024-06-29,0.2,1.0,0.5284966203950626
154,108,2024-06-29,0.7,0.994,0.6731941630861991
154,109,2024-06-29,0.4,0.729,0.5948519382850632
154,122,2024-06-29,4.6,0.633,3.5677532127187455
154,133,2024-06-29,0.4,1.0,0.6040736791784749
154,220,2024-06-29,0.5,0.87,0.8044451706412268
154,233,2024-06-29,0.7,1.0,0.51173411121899
154,247,2024-06-29,0.5,1.0,0.5716880004985818
154,249,2024-06-29,0.3,1.0,0.31208501010802703
154,250,2024-06-29,0.6,1.0,0.587019219868659
154,276,2024-06-29,0.9,0.899,0.6296871185074036
154,285,2024-06-29,0.6,0.96,0.6710674490121591
154,291,2024-06-29,0.6,1.0,0.8826359426955597
154,321,2024-06-29,0.5,0.799,0.8182376128150696
154,345,2024-06-29,0.5,1.0,0.8251137195931704
154,348,2024-06-29,0.6,0.808,0.7743890500601258
154,374,2024-06-29,0.3,1.0,0.49862624034210035
154,379,2024-06-29,1.4,0.875,0.7743918202665936
154,405,2024-06-29,0.8,0.948,0.6454868284240096
154,422,2024-06-29,1.3,0.917,1.4843668431335661
154,424,2024-06-29,0.3,1.0,0.33635696134472526
154,425,2024-06-29,0.5,1.0,0.5155438593906541
154,453,2024-06-29,0.7,0.9,1.003896046981633
154,476,2024-06-29,0.5,0.828,0.5712868854938726
154,496,2024-06-29,0.4,0.95,0.6459619978884885
154,506,2024-06-29,0.5,0.896,0.497527297391109
154,527,2024-06-29,0.9,1.0,0.48004658650931464
154,556,2024-06-29,0.1,0.761904776096344,0.7469790655941496
154,578,2024-06-29,0.7,0.838,1.4528924812447694
154,580,2024-06-29,3.4,0.899,2.5164094924145424
154,596,2024-06-29,0.9,1.0,0.8722410651389513
154,600,2024-06-29,3.4,1.0,1.8488368254997052
154,623,2024-06-29,0.2,0.912,0.5626759952722984
154,625,2024-06-29,0.3,1.0,0.3653626927651435
154,627,2024-06-29,0.1,0.8,0.5043269061820834
154,631,2024-06-29,1.1,0.957,1.5016404108300083
154,636,2024-06-29,0.1,1.0,0.4111969537001684
154,644,2024-06-29,0.7,0.971,1.2816697233648238
154,650,2024-06-29,0.7,0.907,0.706838840412216
154,670,2024-06-29,0.8,0.897,0.6423967730852143
154,686,2024-06-29,1.5,0.909,1.529451684226529
154,707,2024-06-29,0.4,0.951,0.7241303311132052
154,717,2024-06-29,0.7,0.848,0.8548939463934718
154,775,2024-06-29,3.1,1.0,2.113967091808222
154,776,2024-06-29,0.0,1.0,0.213027010166549
154,785,2024-06-29,0.3,0.74,0.6410512653497786
154,819,2024-06-29,0.4,0.666,1.4663138184273232
154,830,2024-06-29,0.6,0.626,0.8314530052790596
154,837,2024-06-29,0.3,1.0,0.28625758039464977
154,841,2024-06-29,0.2,1.0,0.36318772273386196
154,858,2024-06-29,0.5,1.0,0.39550694297799294
154,859,2024-06-29,0.2,0.8,0.5357400898327467
182,7,2024-06-29,0.5,0.9,0.7667115236337445
182,11,2024-06-29,1.5,0.989,1.3314175027418127
182,12,2024-06-29,0.7,0.982,0.9940762194844059
182,21,2024-06-29,1.7,0.93,1.4847164674466127
182,58,2024-06-29,1.1,0.991,1.3353321475651283
182,99,2024-06-29,1.0,0.807,1.0938984691975209
182,100,2024-06-29,0.5,0.896,0.4202463256224907
182,105,2024-06-29,0.8,1.0,0.5321072729070153
182,108,2024-06-29,0.2,1.0,0.8651951539966751
182,109,2024-06-29,0.6,0.729,0.8278833064544713
182,122,2024-06-29,6.7,0.919,5.29017201696104
182,133,2024-06-29,0.4,0.919,0.8112960784202099
182,151,2024-06-29,0.3,1.0,0.37602902062996924
182,200,2024-06-29,0.9,1.0,0.6184140623129675
182,220,2024-06-29,0.5,0.896,0.7405533206735999
182,247,2024-06-29,1.27,1.0,0.6785011434591608
182,250,2024-06-29,1.0,1.0,0.8165392549774675
182,258,2024-06-29,0.7,1.0,0.5623225835826329
182,276,2024-06-29,1.0,0.921,0.7111240564137651
182,285,2024-06-29,0.6,0.933,0.6672055194911686
182,291,2024-06-29,1.6,1.0,1.425695656227448
182,321,2024-06-29,0.8,0.799,0.9920925481984382
182,345,2024-06-29,0.7,1.0,0.9865638620011663
182,368,2024-06-29,0.6,0.95,0.5700188557966723
182,374,2024-06-29,0.5,1.0,0.5591172407762078
182,387,2024-06-29,2.2,0.953,1.4743046390945977
182,405,2024-06-29,1.2,0.948,0.6106393687647855
182,411,2024-06-29,1.9,0.782,1.1206907768859193
182,415,2024-06-29,1.3,0.805,1.0523467925663614
182,419,2024-06-29,1.6,0.685,1.8081763174730665
182,422,2024-06-29,1.4,0.9,1.539322041361718
182,424,2024-06-29,0.2,1.0,0.41595415569762906
182,425,2024-06-29,0.6,1.0,0.44217158696649395
182,426,2024-06-29,1.9,0.965,1.9492440772507895
182,452,2024-06-29,2.0,0.862,1.7094711578419082
182,467,2024-06-29,4.3,0.784,2.469633084893734
182,473,2024-06-29,0.8,1.0,0.7306829581164404
182,476,2024-06-29,0.9,0.808,0.6950052163850919
182,496,2024-06-29,1.3,0.862,1.1903185758179724
182,506,2024-06-29,0.4,0.87,0.598082869141215
182,554,2024-06-29,1.0,0.8,1.5785406703650766
182,556,2024-06-29,0.2,1.0,0.5131702238315906
182,578,2024-06-29,2.1,0.869,1.8339868820325105
182,592,2024-06-29,0.7,1.0,0.7277133171448765
182,596,2024-06-29,2.0,1.0,2.088976687218567
182,627,2024-06-29,0.2,0.9,0.3571532163989537
182,631,2024-06-29,1.9,1.0,1.751610863803585
182,636,2024-06-29,0.6,1.0,0.517609931373854
182,644,2024-06-29,1.0,0.9,1.5314418005035764
182,650,2024-06-29,0.1,0.9070000052452089,0.9591801370980275
182,684,2024-06-29,0.9,1.0,0.8921842595135483
182,686,2024-06-29,1.1,1.0,1.273725110314368
182,706,2024-06-29,0.2,0.843,0.6084190979063536
182,717,2024-06-29,1.1,0.848,0.9850259541988231
182,764,2024-06-29,0.6,0.864,1.1235246320391843
182,785,2024-06-29,0.7,0.74,0.7617952728944286
182,793,2024-06-29,1.7,0.864,1.3407454952213165
182,819,2024-06-29,0.5,0.812,0.5936941846256069
182,825,2024-06-29,0.6,0.807,0.714734353647037
182,841,2024-06-29,0.4,1.0,0.36826143978266584
182,858,2024-06-29,0.6,1.0,0.42921780734190845
235,9,2024-06-29,0.7,0.899,0.619498739896087
235,12,2024-06-29,1.0,1.0,1.0061850734039661
235,15,2024-06-29,0.5,1.0,0.3681760306250871
235,21,2024-06-29,0.9,0.883,1.7903582830441962
235,74,2024-06-29,1.6,1.0,1.3216101664499376
235,94,2024-06-29,1.3,0.803,0.8705712019327639
235,98,2024-06-29,0.6,0.904,0.7068519935069608
235,99,2024-06-29,0.7,0.889,1.6004664578762497
235,100,2024-06-29,0.4,0.967,0.531481765228786
235,104,2024-06-29,4.3,0.982,5.411830564646859
235,105,2024-06-29,1.2,1.0,0.591440567390658
235,108,2024-06-29,1.0,1.0,0.710154750099568
235,109,2024-06-29,1.2,0.729,0.8250995538815435
235,121,2024-06-29,0.9,0.874,0.9189000258832666
235,122,2024-06-29,7.9,0.633,5.695283722360701
235,133,2024-06-29,0.5,1.0,0.8515403127751395
235,220,2024-06-29,1.1,0.928,0.955125955919121
235,247,2024-06-29,0.91,1.0,0.5838052919488941
235,250,2024-06-29,0.6,1.0,0.6936861763504288
235,257,2024-06-29,0.8,0.9,0.8611833123912469
235,258,2024-06-29,1.1,1.0,0.9951606067655048
235,285,2024-06-29,0.7,0.943,0.7004804159941447
235,291,2024-06-29,0.5,1.0,0.8374781484025176
235,345,2024-06-29,0.8,1.0,1.0037950524631474
235,348,2024-06-29,1.1,0.808,0.9077451835297949
235,373,2024-06-29,0.7,1.0,0.40941310171269063
235,374,2024-06-29,0.3,1.0,0.6130200467957139
235,379,2024-06-29,0.1,0.875,0.38082314579071386
235,411,2024-06-29,1.0,0.789,1.5815766359012298
235,421,2024-06-29,1.3,0.899,0.5497124242884919
235,422,2024-06-29,1.4,0.868,1.6933911210876695
235,424,2024-06-29,0.18,0.7222222089767456,0.985884198999615
235,425,2024-06-29,0.7,1.0,0.5618913451360397
235,476,2024-06-29,0.9,0.852,0.8335076006001304
235,496,2024-06-29,0.7,1.0,0.5995953497179058
235,506,2024-06-29,0.5,0.922,0.5596788928385963
235,525,2024-06-29,0.3,1.0,0.5870279939821192
235,536,2024-06-29,1.1,1.0,1.255779156025942
235,556,2024-06-29,0.4,1.0,0.6795253189274741
235,578,2024-06-29,1.5,0.97,1.5978890677468456
235,580,2024-06-29,6.9,0.899,5.4985589852953956
235,592,2024-06-29,0.4,1.0,0.5049207618201326
235,596,2024-06-29,1.5,1.0,1.840890068954062
235,625,2024-06-29,0.4,1.0,0.4705541691315892
235,629,2024-06-29,2.6,0.99,2.280236589898415
235,636,2024-06-29,0.5,1.0,0.5461702294437023
235,644,2024-06-29,0.6,1.0,0.9428909294151179
235,650,2024-06-29,0.4,0.904,0.7168001953621956
235,670,2024-06-29,1.2,0.891,1.347654516677906
235,673,2024-06-29,0.6,0.749,0.7825215971835364
235,684,2024-06-29,1.2,1.0,0.9365788724877002
235,698,2024-06-29,1.2,0.8,0.6750076548253428
235,706,2024-06-29,0.5,0.906,0.5781918438255591
235,715,2024-06-29,1.0,1.0,1.01932029694661
235,717,2024-06-29,1.1,0.848,0.9105077578858323
235,734,2024-06-29,0.2,1.0,0.21643880818510025
235,763,2024-06-29,1.8,0.884,1.6288747107195949
235,764,2024-06-29,1.0,0.839,1.2796561630151937
235,765,2024-06-29,0.9,0.933,0.7509308797189882
235,797,2024-06-29,0.6,0.612,1.07771567124033
235,825,2024-06-29,1.0,0.799,0.8613675433127663
235,841,2024-06-29,0.5,1.0,0.37973815125016785
235,858,2024-06-29,0.3,1.0,0.4593760328616437
343,5,2024-06-29,0.9,0.825,1.013390353715644
343,12,2024-06-29,0.8,1.0,0.9965331527962595
343,21,2024-06-29,1.7,1.0,1.4513587464159952
343,23,2024-06-29,1.3,0.863,1.5328544732599096
343,28,2024-06-29,1.1,0.75,1.0080532710830903
343,38,2024-06-29,10.3,0.505,5.424881668600598
343,41,2024-06-29,2.1,0.699,1.9115916112845905
343,58,2024-06-29,0.6,1.0,0.7218290199268591
343,67,2024-06-29,0.6,0.94,0.8480701072388761
343,94,2024-06-29,0.6,0.793,0.8026172159119793
343,98,2024-06-29,1.1,0.85,0.8962653771044173
343,99,2024-06-29,1.5,0.886,1.6288379166119036
343,104,2024-06-29,5.4,0.979,5.364989227476047
343,108,2024-06-29,0.7,1.0,0.7320307303399785
343,109,2024-06-29,1.4,0.729,1.0434563475977796
343,122,2024-06-29,8.9,0.631,6.20192307637833
343,140,2024-06-29,1.1,0.987,1.586871611873599
343,155,2024-06-29,0.4,0.851,0.5710472642946733
343,189,2024-06-29,0.2,1.0,0.5020713797527886
343,200,2024-06-29,0.64,0.9,0.587717424870775
343,220,2024-06-29,0.9,0.922,1.2746218966819074
343,247,2024-06-29,0.36,1.0,0.675908013328762
343,249,2024-06-29,0.5,1.0,0.47354093254499985
343,250,2024-06-29,1.1,1.0,1.0982398531443138
343,257,2024-06-29,0.9,0.85,0.8457204227152849
343,276,2024-06-29,0.3,0.913,0.5783106558613197
343,291,2024-06-29,1.2,1.0,0.6614138190281444
343,345,2024-06-29,0.6,1.0,0.929250725630494
343,373,2024-06-29,0.8,1.0,0.4779418781789885
343,380,2024-06-29,1.1,0.836,0.827903923202921
343,387,2024-06-29,2.0,0.968,1.7650335764193152
343,411,2024-06-29,0.3,0.928,1.1675162531769536
343,419,2024-06-29,0.9,1.0,1.2713289386852642
343,422,2024-06-29,1.6,0.84,1.359149086904146
343,424,2024-06-29,0.27,1.0,0.7156005433217403
343,425,2024-06-29,0.7,1.0,0.5206679946260879
343,429,2024-06-29,1.0,0.799,0.9704412985772868
343,467,2024-06-29,3.1,0.778,2.12317315793581
343,473,2024-06-29,0.7,1.0,0.7773448353783966
343,486,2024-06-29,2.8,0.99,3.0344465792578053
343,496,2024-06-29,0.8,1.0,0.4925844415887
343,536,2024-06-29,0.6,1.0,1.2815165919391422
343,548,2024-06-29,0.7,0.852,0.789210057896713
343,556,2024-06-29,0.4,1.0,0.4244518251971824
343,596,2024-06-29,1.2,1.0,1.4383965039573128
343,608,2024-06-29,0.4,0.99,0.47612177224167773
343,627,2024-06-29,0.6,0.933,0.5227729405273597
343,631,2024-06-29,1.8,1.0,1.046988234124303
343,636,2024-06-29,0.3,1.0,0.4758318066519789
343,644,2024-06-29,0.6,0.917,0.8339308142575961
343,650,2024-06-29,1.1,0.907,1.6623408712912728
343,670,2024-06-29,0.9,0.897,0.7903257198977265
343,715,2024-06-29,1.4,1.0,1.115190603117357
343,717,2024-06-29,0.7,0.834,0.7668206728970787
343,738,2024-06-29,0.0,1.0,0.6784577531098154
343,740,2024-06-29,1.6,1.0,1.250923021310398
343,765,2024-06-29,0.4,0.946,0.6345880725574131
343,776,2024-06-29,0.5,1.0,0.49647286213424546
343,793,2024-06-29,2.0,0.82,1.0218027656494117
343,794,2024-06-29,0.4,0.955,0.4949606763303978
343,823,2024-06-29,0.7,0.914,0.5891172682145226
343,825,2024-06-29,0.3,0.833,0.7825385197731787
343,841,2024-06-29,0.3,1.0,0.39135176568074304
343,858,2024-06-29,0.0,1.0,0.31111789289355535
18,11,2024-06-30,1.6,0.99,1.271493479698009
18,12,2024-06-30,0.8,1.0,0.9091474152940852
18,15,2024-06-30,0.4,0.955,0.5668818052572234
18,21,2024-06-30,1.4,1.0,1.2890938511418306
18,23,2024-06-30,1.5,0.863,1.6589396126830103
18,41,2024-06-30,1.6,0.699,1.9488952992395607
18,74,2024-06-30,1.3,1.0,0.8769933545812818
18,94,2024-06-30,1.1,0.801,0.8916790416867204
18,98,2024-06-30,0.9,0.87,0.7349072896529427
18,99,2024-06-30,3.4,0.889,1.8421407479305199
18,100,2024-06-30,0.2,1.0,0.4653552462600511
18,104,2024-06-30,6.1,0.703,6.171376980469136
18,108,2024-06-30,1.0,1.0,0.9086767927286449
18,109,2024-06-30,1.5,0.729,1.0780911017041157
18,122,2024-06-30,10.1,0.633,6.448052371266408
18,155,2024-06-30,0.7,0.892,0.5981453568221956
18,181,2024-06-30,1.0,1.0,1.0419418775841636
18,200,2024-06-30,0.7,1.0,0.6282121017147805
18,247,2024-06-30,0.4,1.0,0.6057647418164892
18,250,2024-06-30,1.6,0.993,1.2321732444643572
18,257,2024-06-30,0.9,0.85,0.809836287898344
18,276,2024-06-30,0.4,0.913,0.6586183005154143
18,285,2024-06-30,0.5,0.92,0.7099841858628746
18,321,2024-06-30,1.1,0.799,0.829915326201087
18,345,2024-06-30,0.8,1.0,0.8490131666953471
18,348,2024-06-30,1.4,0.808,0.7527712663161714
18,373,2024-06-30,0.9,1.0,0.5030575481909408
18,374,2024-06-30,0.8,1.0,0.6976378821563294
18,379,2024-06-30,0.3,0.875,1.542429576909539
18,380,2024-06-30,2.0,0.922,0.8782502285336977
18,411,2024-06-30,1.1,0.961,1.1710799996120358
18,415,2024-06-30,0.9,0.83,1.0057509927398187
18,422,2024-06-30,1.5,0.891,1.4221925913947708
18,424,2024-06-30,0.8699999999999999,0.929,0.847489206701904
18,425,2024-06-30,0.5,1.0,0.6138113713847939
18,452,2024-06-30,1.2,0.941,1.012909648608206
18,496,2024-06-30,1.1,1.0,0.6122752653426287
18,525,2024-06-30,0.47,1.0,0.5333100540680679
18,556,2024-06-30,0.3,1.0,0.38510203721995273
18,580,2024-06-30,5.8,0.899,4.585060920625004
18,596,2024-06-30,2.2,1.0,1.953827643240745
18,600,2024-06-30,4.2,1.0,5.4817524259791535
18,608,2024-06-30,0.1,1.0,0.3609680817552564
18,636,2024-06-30,0.6,1.0,0.5459671129428776
18,644,2024-06-30,0.6,0.801,0.996730619796593
18,650,2024-06-30,1.7,0.907,1.4753943855516418
18,670,2024-06-30,1.3,0.897,0.8703921589767534
18,673,2024-06-30,1.0,0.749,0.700051070393077
18,676,2024-06-30,0.8,1.0,0.4832152063242169
18,694,2024-06-30,0.5,0.823,0.9158810184252963
18,707,2024-06-30,0.4,0.951,0.46929824495811423
18,715,2024-06-30,1.7,1.0,1.175893317539663
18,717,2024-06-30,0.6,0.975,0.757890063278152
18,738,2024-06-30,1.6,1.0,1.1643187464635694
18,740,2024-06-30,1.3,0.995,1.5263991960585503
18,764,2024-06-30,0.9,0.888,0.9903030803611796
18,803,2024-06-30,0.6,1.0,0.44840454085264664
18,817,2024-06-30,0.7,1.0,0.4718291165566519
18,819,2024-06-30,0.4,0.928,0.45298692759203996
18,823,2024-06-30,0.7,0.88,0.5776842806658974
18,825,2024-06-30,0.8,0.857,0.7479744761553837
18,826,2024-06-30,0.5,0.961,0.438431344999095
18,841,2024-06-30,0.1,1.0,0.3551003621185021
18,858,2024-06-30,0.4,1.0,0.3174301915656965
154,11,2024-06-30,1.0,0.91,1.0660594951021283
154,15,2024-06-30,0.5,1.0,0.39953554277343806
154,21,2024-06-30,0.9,1.0,1.024477478063362
154,23,2024-06-30,1.0,0.863,1.1432855557401824
154,58,2024-06-30,1.3,1.0,1.1759362638823734
154,74,2024-06-30,0.8,1.0,0.6772465808636421
154,100,2024-06-30,0.1,0.87,0.4032334338272129
154,104,2024-06-30,4.4,0.705,4.518600284007445
154,105,2024-06-30,1.4,1.0,0.4561998922244961
154,108,2024-06-30,0.8,1.0,0.6495859154791835
154,109,2024-06-30,1.0,0.729,0.6789945727440792
154,122,2024-06-30,6.1,0.631,3.555299349979259
154,133,2024-06-30,0.7,1.0,0.5381312906295044
154,220,2024-06-30,1.2,0.905,0.8116143749816631
154,233,2024-06-30,0.6,0.935,0.5950192449672631
154,247,2024-06-30,0.4,1.0,0.577949291522883
154,249,2024-06-30,0.3,1.0,0.31060120834560784
154,250,2024-06-30,1.1,0.988,0.7734659544395313
154,276,2024-06-30,0.7,0.935,0.6845102129442212
154,285,2024-06-30,0.5,0.95,0.6732012874299882
154,291,2024-06-30,1.0,1.0,0.9446097751460285
154,321,2024-06-30,1.0,0.799,0.8154394471730937
154,345,2024-06-30,1.2,1.0,0.8839410085942621
154,348,2024-06-30,0.3,0.808,0.7830862865364672
154,374,2024-06-30,0.6,1.0,0.48239676805420395
154,379,2024-06-30,0.6,0.875,0.8573634002549888
154,405,2024-06-30,0.6,0.948,0.6557852883864689
154,422,2024-06-30,1.1,0.924,1.4396624014267085
154,424,2024-06-30,0.6,1.0,0.4162521653928076
154,425,2024-06-30,0.7,1.0,0.5345489053108482
154,453,2024-06-30,1.1,0.9,1.0025190971077742
154,476,2024-06-30,0.2,0.871,0.5439009822553956
154,496,2024-06-30,0.8,0.886,0.7219484303338348
154,506,2024-06-30,0.4,0.935,0.4927960940417425
154,527,2024-06-30,0.2,1.0,0.5274993665972547
154,556,2024-06-30,0.6,0.7459047436714172,0.7133095225790781
154,578,2024-06-30,0.8,0.951,1.4000769076448911
154,580,2024-06-30,3.0,0.899,2.850416772949014
154,596,2024-06-30,1.0,1.0,1.0715400666652073
154,600,2024-06-30,3.5,1.0,2.814703846343142
154,623,2024-06-30,0.2,1.0,0.38946490263873557
154,625,2024-06-30,0.3,1.0,0.3923519773060725
154,627,2024-06-30,0.6,0.88,0.4504650189395133
154,631,2024-06-30,1.4,1.0,1.2401648516711212
154,636,2024-06-30,0.2,1.0,0.41051256595017216
154,644,2024-06-30,0.5,0.97,1.2370429535680398
154,650,2024-06-30,0.7,0.906,0.7234659619434454
154,670,2024-06-30,0.3,0.897,0.6949793911698929
154,686,2024-06-30,1.3,0.909,1.6441212550766102
154,707,2024-06-30,0.6,0.785,0.9125678527913932
154,717,2024-06-30,0.6,1.0,0.609644914654087
154,775,2024-06-30,4.1,1.0,3.043997352765694
154,776,2024-06-30,0.2,0.9490000009536744,0.36106021967190427
154,785,2024-06-30,0.5,0.74,0.6407516375695403
154,819,2024-06-30,0.2,0.713,0.6711143613534456
154,830,2024-06-30,0.4,0.626,0.9881078629809441
154,837,2024-06-30,0.3,1.0,0.353330242193005
154,841,2024-06-30,0.6,1.0,0.2778620490711014
154,858,2024-06-30,0.4,1.0,0.4311209705692265
154,859,2024-06-30,0.8,0.88,0.4769463466455999
182,7,2024-06-30,0.4,1.0,0.6324268295768691
182,11,2024-06-30,1.7,0.994,1.404758480170606
182,12,2024-06-30,1.0,1.0,0.8329101281743094
182,21,2024-06-30,2.7,0.934,1.5980624663365806
182,58,2024-06-30,1.7,1.0,1.1645957564714227
182,99,2024-06-30,1.7,0.804,1.0952138029431273
182,100,2024-06-30,0.3,0.913,0.4460335910347396
182,105,2024-06-30,1.2,1.0,0.5733955562312327
182,108,2024-06-30,1.5,1.0,0.7886761415195249
182,109,2024-06-30,1.5,0.729,0.8777099467637173
182,122,2024-06-30,9.1,0.919,6.125524681792696
182,133,2024-06-30,1.2,0.919,0.7008004034936761
182,151,2024-06-30,0.4,1.0,0.3940914322232165
182,200,2024-06-30,0.8,1.0,0.7170002047943791
182,220,2024-06-30,0.9,0.889,0.7118217918880518
182,247,2024-06-30,1.0,1.0,0.9371810592639348
182,250,2024-06-30,1.2,1.0,0.8742632063827482
182,258,2024-06-30,0.8,1.0,0.5745959213564036
182,276,2024-06-30,0.7,0.912,0.7208544124171151
182,285,2024-06-30,0.6,0.9,0.6729965831422793
182,291,2024-06-30,1.5,1.0,1.32693408645472
182,321,2024-06-30,1.5,0.799,0.9017285900287203
182,345,2024-06-30,1.1,1.0,0.9362762368547592
182,368,2024-06-30,1.1,0.88,0.600894390227086
182,374,2024-06-30,0.6,1.0,0.5814361955519058
182,387,2024-06-30,1.4,0.866,1.934950513586378
182,405,2024-06-30,0.8,0.948,0.7171230564075471
182,411,2024-06-30,1.2,0.782,1.5111579880215404
182,415,2024-06-30,1.2,0.797,1.2416630390263426
182,419,2024-06-30,2.1,0.685,1.7015176454860121
182,422,2024-06-30,2.4,0.911,1.5542941866762152
182,424,2024-06-30,0.7,1.0,0.40958979871837886
182,425,2024-06-30,0.6,1.0,0.49676973904053634
182,426,2024-06-30,2.6,0.945,2.060336676019429
182,452,2024-06-30,1.6,0.902,1.6673784986318334
182,467,2024-06-30,4.7,0.792,3.135890891377424
182,473,2024-06-30,1.1,0.97,0.8538226185207046
182,476,2024-06-30,0.8,0.825,0.7529216349568433
182,496,2024-06-30,1.2,0.867,1.1100752897260686
182,506,2024-06-30,0.8,0.913,0.5838497078571783
182,554,2024-06-30,0.0,0.800000011920929,1.602754858949714
182,556,2024-06-30,0.6,1.0,0.5078430768638569
182,578,2024-06-30,0.0,0.875,1.911874811707692
182,592,2024-06-30,0.9,1.0,0.7057593442234742
182,596,2024-06-30,1.5,1.0,2.148778326156104
182,627,2024-06-30,0.7,0.96,0.3679015728697044
182,631,2024-06-30,2.0,0.992,1.8523213351097043
182,636,2024-06-30,0.8,1.0,0.5530612407917883
182,644,2024-06-30,1.4,0.954,1.6250867955903328
182,650,2024-06-30,1.0,0.907,0.9319112046959932
182,684,2024-06-30,1.1,1.0,0.9718145609596361
182,686,2024-06-30,1.8,1.0,1.3809554987993549
182,706,2024-06-30,0.6,0.906,0.5588644419568516
182,717,2024-06-30,0.8,1.0,0.705727104499438
182,764,2024-06-30,0.8800000000000001,0.868,1.0559657647995402
182,785,2024-06-30,0.5,0.74,0.8535743240072984
182,793,2024-06-30,1.3,0.829,1.4014690455160381
182,819,2024-06-30,0.8,0.906,0.4950763221620591
182,825,2024-06-30,0.9,0.762,0.7999472537199537
182,841,2024-06-30,0.0,1.0,0.41866771584770895
182,858,2024-06-30,0.3,1.0,0.5021612860090675
235,9,2024-06-30,0.9,0.899,0.6166821864913712
235,12,2024-06-30,0.8,1.0,0.9875433142085861
235,15,2024-06-30,0.4,1.0,0.41533444359049343
235,21,2024-06-30,1.1,0.916,1.2755418759234605
235,74,2024-06-30,2.37,1.0,1.3580766222454321
235,94,2024-06-30,0.7,0.813,1.0018672574101162
235,98,2024-06-30,0.6,0.893,0.7207855217861378
235,99,2024-06-30,1.3,0.889,1.3653885322170596
235,100,2024-06-30,0.1,0.87,0.49334761850583475
235,104,2024-06-30,7.0,0.706,5.850723326679484
235,105,2024-06-30,1.0,1.0,0.6592718164866676
235,108,2024-06-30,0.6,1.0,0.760099666098996
235,109,2024-06-30,1.2,0.729,0.9098382858903893
235,121,2024-06-30,0.9,0.874,0.8643440004188843
235,122,2024-06-30,8.5,0.632,6.26599858918379
235,133,2024-06-30,1.4,1.0,0.6761198005310709
235,220,2024-06-30,1.4,0.884,1.023177548235004
235,247,2024-06-30,0.8,1.0,0.6887761083987134
235,250,2024-06-30,0.8,1.0,0.7050363912443294
235,257,2024-06-30,0.5,0.84,0.9289976501047358
235,258,2024-06-30,1.7,1.0,1.020045128664714
235,285,2024-06-30,0.6,0.917,0.6939714881122545
235,291,2024-06-30,1.3,1.0,0.8401439377651528
235,345,2024-06-30,1.2,1.0,0.9215946704327243
235,348,2024-06-30,1.2,0.808,0.9355789544056143
235,373,2024-06-30,0.8,1.0,0.44340624357610603
235,374,2024-06-30,0.4,1.0,0.5716102030764626
235,379,2024-06-30,0.1,0.875,0.3802944570895706
235,411,2024-06-30,1.7,0.815,1.388491466498179
235,421,2024-06-30,1.0,0.9,0.7439384822629587
235,422,2024-06-30,1.0,0.9,1.604130666464212
235,424,2024-06-30,0.7,1.0,0.43575590934930475
235,425,2024-06-30,0.7,1.0,0.5805686556560831
235,476,2024-06-30,0.0,0.8709999918937683,0.8393795080900601
235,496,2024-06-30,1.0,1.0,0.641442571048513
235,506,2024-06-30,0.8,0.951,0.576872469335636
235,525,2024-06-30,0.7,1.0,0.5792882353465341
235,536,2024-06-30,1.5,1.0,1.058441171391943
235,556,2024-06-30,0.4,0.906,0.802507227132089
235,578,2024-06-30,1.1,1.0,1.3735423350842522
235,580,2024-06-30,6.2,0.899,6.347339968188528
235,592,2024-06-30,0.5,1.0,0.48536393799582284
235,596,2024-06-30,1.7,1.0,1.9167443639554662
235,625,2024-06-30,0.5,1.0,0.4515798976046202
235,629,2024-06-30,3.0,1.0,2.3019188797453802
235,636,2024-06-30,0.5,1.0,0.5170052863433093
235,644,2024-06-30,0.6,1.0,0.9733840849531883
235,650,2024-06-30,1.5,0.907,0.8977568074289035
235,670,2024-06-30,1.6,0.897,1.324468596837552
235,673,2024-06-30,0.5,0.749,0.7650781002036255
235,684,2024-06-30,0.8,1.0,1.0723979331564477
235,698,2024-06-30,1.2,0.8,0.8657573764157795
235,706,2024-06-30,0.6,0.895,0.6081593985064917
235,715,2024-06-30,1.9,1.0,1.1979127931993363
235,717,2024-06-30,0.5,1.0,0.7109852962646867
235,734,2024-06-30,0.2,1.0,0.4291218887097955
235,763,2024-06-30,2.2,0.884,1.6904553023474596
235,764,2024-06-30,0.9,0.852,1.159691526350338
235,765,2024-06-30,0.8,0.925,0.793285051203005
235,797,2024-06-30,0.9,0.612,1.0547121402117206
235,825,2024-06-30,0.7,0.833,0.8392185346577968
235,841,2024-06-30,0.6,1.0,0.38311624407133693
235,858,2024-06-30,0.5,1.0,0.462576546060506
343,5,2024-06-30,0.5,0.825,0.9611626813915037
343,12,2024-06-30,0.8,1.0,0.9148331665601219
343,21,2024-06-30,1.3,0.929,1.5217766348632102
343,23,2024-06-30,1.3,0.863,1.5110848753294133
343,28,2024-06-30,1.3,0.75,1.1025795902547126
343,38,2024-06-30,0.8,1.0,0.9948727609988766
343,41,2024-06-30,2.1,0.699,2.1343814827443612
343,58,2024-06-30,0.6,1.0,0.7407963628606078
343,67,2024-06-30,0.8,0.91,0.8908620581970156
343,94,2024-06-30,1.1,0.789,0.7392991052784432
343,98,2024-06-30,0.6,0.898,0.8231672560385198
343,99,2024-06-30,1.7,0.889,1.637642066045925
343,104,2024-06-30,8.4,0.704,6.608925806171215
343,108,2024-06-30,0.7,1.0,0.7563974863127809
343,109,2024-06-30,1.7,0.729,1.1814340618245658
343,122,2024-06-30,10.6,0.633,6.355754496913276
343,140,2024-06-30,2.0,0.992,1.5736390568331817
343,155,2024-06-30,0.8,0.935,0.49262798594533236
343,189,2024-06-30,0.9,1.0,0.4843767046703662
343,200,2024-06-30,0.6,1.0,0.5085220393773813
343,220,2024-06-30,1.6,0.905,1.2387825773459091
343,247,2024-06-30,0.5,1.0,0.6412726012871887
343,249,2024-06-30,0.8,0.985,0.5892421883440221
343,250,2024-06-30,1.3,0.975,1.282503000328711
343,257,2024-06-30,0.6,0.857,0.8844555265850683
343,276,2024-06-30,0.7,0.913,0.5781193828757144
343,291,2024-06-30,1.2,1.0,0.8221478837273581
343,345,2024-06-30,1.0,1.0,0.8923910583767303
343,373,2024-06-30,0.6,1.0,0.5404094195804756
343,380,2024-06-30,1.2,0.909,0.961097254862963
343,387,2024-06-30,2.6,0.866,2.0470147391364484
343,411,2024-06-30,0.4,0.784,1.1083929581916485
343,419,2024-06-30,1.4,1.0,1.2491264352973106
343,422,2024-06-30,0.9,0.81,1.501198783523078
343,424,2024-06-30,0.37,1.0,0.7122734208444169
343,425,2024-06-30,0.6,1.0,0.6473843223480035
343,429,2024-06-30,1.6,0.714,1.3323266971140497
343,467,2024-06-30,1.1,0.885,2.4609791047451264
343,473,2024-06-30,0.9,1.0,0.7414026885041494
343,486,2024-06-30,3.5,0.99,3.1720499234139696
343,496,2024-06-30,0.6,1.0,0.5604068314236526
343,536,2024-06-30,1.1,1.0,0.7176429578637882
343,548,2024-06-30,1.0,0.898,0.7142203990731166
343,556,2024-06-30,0.6,1.0,0.42624484837078136
343,596,2024-06-30,1.3,1.0,1.3928502413665007
343,608,2024-06-30,0.3,1.0,0.3657214014317729
343,627,2024-06-30,0.4,1.0,0.37970285928205827
343,631,2024-06-30,1.2,1.0,1.267000238466382
343,636,2024-06-30,0.3,1.0,0.44906612298449905
343,644,2024-06-30,0.6,0.893,0.8528301425195681
343,650,2024-06-30,1.5,0.907,1.4200256163657472
343,670,2024-06-30,1.0,0.897,0.8840820113632174
343,715,2024-06-30,1.8,1.0,1.2958873692063575
343,717,2024-06-30,0.5,1.0,0.5304016793122623
343,738,2024-06-30,1.2,1.0,0.5513866429975931
343,740,2024-06-30,0.9,1.0,1.2429351337012768
343,765,2024-06-30,0.6,0.94,0.6260884175305529
343,776,2024-06-30,1.1,1.0,0.5352125937096837
343,793,2024-06-30,2.0,0.835,1.4285717010602572
343,794,2024-06-30,0.4,1.0,0.39075028274274065
343,823,2024-06-30,0.6,0.904,0.5699991777467517
343,825,2024-06-30,0.8,0.885,0.6346038886787595
343,841,2024-06-30,0.5,1.0,0.41067738908896656
343,858,2024-06-30,0.6,1.0,0.31472095620560564
18,11,2024-07-01,1.3,0.994,1.1971658687009472
18,12,2024-07-01,0.7,1.0,0.8363821598484069
18,15,2024-07-01,0.2,1.0,0.37399056594293023
18,21,2024-07-01,0.0,1.0,1.1927766046826362
18,23,2024-07-01,0.9,0.863,1.439216013104073
18,41,2024-07-01,0.0,0.6990000009536743,1.7483397018249622
18,74,2024-07-01,1.6800000000000002,1.0,0.8592681437520631
18,94,2024-07-01,0.6,0.813,0.8710648213796799
18,98,2024-07-01,0.5,0.864,0.7040183421017274
18,99,2024-07-01,1.2,0.877,1.8198295295019231
18,100,2024-07-01,0.5,0.87,0.455153998617311
18,104,2024-07-01,4.6,0.997,4.329589898053559
18,108,2024-07-01,0.6,1.0,0.8389932356192384
18,109,2024-07-01,0.2,0.729,1.1200524982731594
18,122,2024-07-01,5.9,0.628,5.994309349666569
18,155,2024-07-01,0.0,0.8700000047683716,0.5029210917958354
18,181,2024-07-01,0.6,1.0,0.9330530203254668
18,200,2024-07-01,0.7,0.957,0.6402340787076458
18,247,2024-07-01,0.5,1.0,0.5281748476506506
18,250,2024-07-01,1.0,0.97,1.159189634000027
18,257,2024-07-01,0.5,0.84,0.7855963666982205
18,276,2024-07-01,0.3,0.935,0.4881850031010272
18,285,2024-07-01,0.6,0.933,0.5422584882151578
18,321,2024-07-01,1.3,0.799,0.8700068705461186
18,345,2024-07-01,0.9,1.0,0.8263842817545405
18,348,2024-07-01,0.2,0.808,0.7852759537854226
18,373,2024-07-01,0.2,1.0,0.413429315849215
18,374,2024-07-01,1.0,1.0,0.5950548597813946
18,379,2024-07-01,0.8,0.9,0.9944074862259424
18,380,2024-07-01,1.4,0.913,1.12701005628757
18,411,2024-07-01,1.0,0.946,0.9892665158548554
18,415,2024-07-01,1.3,0.807,0.9686898677793927
18,422,2024-07-01,0.9,0.825,1.360838857554489
18,424,2024-07-01,0.5,1.0,0.5735414416447622
18,425,2024-07-01,0.4,1.0,0.5121680325142595
18,452,2024-07-01,0.5,0.889,0.8976427618778269
18,496,2024-07-01,1.0,1.0,0.6284906345538812
18,525,2024-07-01,0.6,1.0,0.4684771518287067
18,556,2024-07-01,0.1,1.0,0.3448578442062662
18,580,2024-07-01,4.2,0.9,4.43434870369169
18,596,2024-07-01,0.9,1.0,1.5042194973484997
18,600,2024-07-01,3.7,1.0,3.7208934070819346
18,608,2024-07-01,0.2,1.0,0.3333020351527479
18,636,2024-07-01,0.6,1.0,0.4782830462176263
18,644,2024-07-01,1.0,0.805,0.7977007298816798
18,650,2024-07-01,1.4,0.907,1.3215021175109096
18,670,2024-07-01,0.4,0.897,0.8454321172948821
18,673,2024-07-01,0.4,1.0,0.32671497302031327
18,676,2024-07-01,0.1,1.0,0.42347056224462715
18,694,2024-07-01,0.5,0.752,0.9127093256177371
18,707,2024-07-01,0.3,1.0,0.2862021262108887
18,715,2024-07-01,0.9,1.0,1.1019080774182812
18,717,2024-07-01,0.3,1.0,0.5918747649157263
18,738,2024-07-01,1.1,1.0,1.0954101219223307
18,740,2024-07-01,1.6,1.0,1.174115172868212
18,764,2024-07-01,0.9,0.888,0.9361449009594616
18,803,2024-07-01,0.3,1.0,0.394562150133013
18,817,2024-07-01,0.2,1.0,0.4302207905837485
18,819,2024-07-01,0.3,0.809,0.4531845360549296
18,823,2024-07-01,0.6,0.94,0.4754406501950069
18,825,2024-07-01,0.8,0.88,0.7122594556921964
18,826,2024-07-01,0.3,0.961,0.4062719246447162
18,841,2024-07-01,0.4,1.0,0.3121962929764033
18,858,2024-07-01,0.4,1.0,0.3336751546407294
154,11,2024-07-01,0.5,0.989,0.8209490352212427
154,15,2024-07-01,0.1,1.0,0.34512024869606817
154,21,2024-07-01,1.7,0.988,1.105537596093831
154,23,2024-07-01,0.4,0.863,1.008557046781847
154,58,2024-07-01,0.4,1.0,0.898972835579716
154,74,2024-07-01,0.3,1.0,0.5628218990595201
154,100,2024-07-01,0.1,0.87,0.3212267768658671
154,104,2024-07-01,3.4,0.995,2.907119617020757
154,105,2024-07-01,0.6,1.0,0.5270748679114685
154,108,2024-07-01,0.3,1.0,0.6572858922336129
154,109,2024-07-01,0.1,0.729,0.6596298664233864
154,122,2024-07-01,2.8,0.633,3.9782155385458458
154,133,2024-07-01,0.1,1.0,0.5178951268871053
154,220,2024-07-01,0.6,0.913,0.7319736982024474
154,233,2024-07-01,0.3,1.0,0.404522281467275
154,247,2024-07-01,0.38,1.0,0.4802623172054235
154,249,2024-07-01,0.4,1.0,0.3309865022619305
154,250,2024-07-01,0.8,1.0,0.6647157423310814
154,276,2024-07-01,0.1,0.87,0.5425409662520763
154,285,2024-07-01,0.6,0.911,0.5115128712000365
154,291,2024-07-01,1.05,1.0,0.7927327577186208
154,321,2024-07-01,0.8,0.799,0.7794480799470829
154,345,2024-07-01,0.3,1.0,0.7344001784903231
154,348,2024-07-01,0.2,0.808,0.5110373415502922
154,374,2024-07-01,0.5,1.0,0.40463624971510015
154,379,2024-07-01,0.4,0.9,0.6210485266324497
154,405,2024-07-01,0.4,0.9480000138282776,0.5358733432666654
154,422,2024-07-01,1.2,0.96,1.227539054377381
154,424,2024-07-01,0.3,1.0,0.3485409709058322
154,425,2024-07-01,0.2,1.0,0.44826994120584396
154,453,2024-07-01,0.5,0.9,0.9508604772248017
154,476,2024-07-01,0.5,0.871,0.4092780779042753
154,496,2024-07-01,0.8,0.8,0.7188912023778393
154,506,2024-07-01,0.3,0.957,0.42338502347541
154,527,2024-07-01,0.3,1.0,0.3918458448365953
154,556,2024-07-01,0.2,1.0,0.26626417491733073
154,578,2024-07-01,0.7,0.928,1.1792719427595806
154,580,2024-07-01,1.7,0.899,2.3041907653541838
154,596,2024-07-01,0.4,1.0,0.7998693055805762
154,600,2024-07-01,1.9,1.0,2.27570628044859
154,623,2024-07-01,0.38,1.0,0.3506323855572603
154,625,2024-07-01,0.2,1.0,0.3367569330195494
154,627,2024-07-01,0.0,0.935904026031494,0.4102238870310124
154,631,2024-07-01,1.5,0.989,1.2085507002418134
154,636,2024-07-01,0.2,1.0,0.2819009640798963
154,644,2024-07-01,1.1,0.804,1.0775509914218238
154,650,2024-07-01,0.6,0.906,0.6957704276609848
154,670,2024-07-01,0.2,0.897,0.5419645359792948
154,686,2024-07-01,0.5,0.909,1.2568832504879235
154,707,2024-07-01,0.3,1.0,0.5018397327391628
154,717,2024-07-01,0.4,1.0,0.5532512144777683
154,775,2024-07-01,1.5,1.0,2.7952411582660264
154,776,2024-07-01,0.2,0.9490000009536744,0.3208107221193701
154,785,2024-07-01,0.5,0.74,0.5678162413566947
154,819,2024-07-01,0.3,0.857,0.3267671406146221
154,830,2024-07-01,0.5,0.626,0.890792409728804
154,837,2024-07-01,0.3,1.0,0.26231652462883204
154,841,2024-07-01,0.1,1.0,0.334185870978302
154,858,2024-07-01,0.2,1.0,0.3535162735689662
154,859,2024-07-01,0.4,1.0,0.31127289807941405
182,7,2024-07-01,0.5,1.0,0.5305006580551858
182,11,2024-07-01,1.0,0.993,1.2182081184712128
182,12,2024-07-01,1.0,1.0,0.8236919263461351
182,21,2024-07-01,1.4,1.0,1.4572762761981508
182,58,2024-07-01,1.1,1.0,1.0665386964033297
182,99,2024-07-01,0.6,0.794,1.1103879863177304
182,100,2024-07-01,0.0,0.8700000047683716,0.37210577601393957
182,105,2024-07-01,0.7,1.0,0.5783221187782162
182,108,2024-07-01,0.5,1.0,0.6816782529806797
182,109,2024-07-01,0.5,0.729,0.9445119219569642
182,122,2024-07-01,5.2,0.919,5.20628980790071
182,133,2024-07-01,0.8,0.919,0.5858903332771394
182,151,2024-07-01,0.2,1.0,0.30445414170271395
182,200,2024-07-01,0.6,1.0,0.5908022248797011
182,220,2024-07-01,0.7,0.906,0.6515837842003314
182,247,2024-07-01,0.8,0.982,0.8658481397767067
182,250,2024-07-01,0.7,0.982,0.950047387334646
182,258,2024-07-01,0.6,1.0,0.5172544746728063
182,276,2024-07-01,0.4,0.912,0.5483899427330371
182,285,2024-07-01,0.6,0.9,0.5376528261856126
182,291,2024-07-01,1.2,1.0,1.075361763790633
182,321,2024-07-01,1.0,0.799,0.9773640676923708
182,345,2024-07-01,0.6,1.0,0.8681425697516758
182,368,2024-07-01,0.4,0.9,0.5741501259911295
182,374,2024-07-01,0.4,1.0,0.5141725883063373
182,387,2024-07-01,1.1,0.866,1.3612247851306365
182,405,2024-07-01,0.1,0.948,0.5356018209241911
182,411,2024-07-01,1.3,0.784,1.126521799731392
182,415,2024-07-01,1.5,0.739,1.1788760659118582
182,419,2024-07-01,1.5,0.685,1.7268953971141408
182,422,2024-07-01,1.7,0.947,1.3961455782979542
182,424,2024-07-01,0.5,1.0,0.3654428658606756
182,425,2024-07-01,0.2,1.0,0.3888918568482759
182,426,2024-07-01,1.1,0.942,1.8374131604994592
182,452,2024-07-01,1.3,0.872,1.3992848166703302
182,467,2024-07-01,4.6,0.785,2.834078523260962
182,473,2024-07-01,0.9,1.0,0.7412540146207964
182,476,2024-07-01,1.0,0.825,0.6557040257162401
182,496,2024-07-01,1.0,0.88,0.9694853823269542
182,506,2024-07-01,0.3,0.87,0.49313114122742685
182,554,2024-07-01,0.9,0.774,1.2412631047714553
182,556,2024-07-01,0.6,1.0,0.3885176365846803
182,578,2024-07-01,2.6,0.875,1.2146304261899226
182,592,2024-07-01,0.9,1.0,0.6603752185509193
182,596,2024-07-01,1.6,1.0,1.594255568223819
182,627,2024-07-01,0.0,0.935904026031494,0.37439244392286797
182,631,2024-07-01,1.5,1.0,1.2906973692562604
182,636,2024-07-01,0.3,1.0,0.4760175234942514
182,644,2024-07-01,0.9,1.0,1.1486135555817918
182,650,2024-07-01,0.8,0.907,0.8274796572660639
182,684,2024-07-01,0.8,1.0,0.8523502501007155
182,686,2024-07-01,1.2,1.0,1.2042879827200823
182,706,2024-07-01,0.5,0.906,0.4843897293597561
182,717,2024-07-01,0.4,1.0,0.6873720542350342
182,764,2024-07-01,1.0,0.883,0.8931452403008755
182,785,2024-07-01,0.5,0.737,0.7146777957529953
182,793,2024-07-01,1.5,0.876,1.0313132717641136
182,819,2024-07-01,0.2,1.0,0.37138463680408995
182,825,2024-07-01,0.7,0.782,0.7215661070169275
182,841,2024-07-01,0.5,1.0,0.32463139923801854
182,858,2024-07-01,0.4,1.0,0.39731103284093533
235,9,2024-07-01,0.2,1.0,0.44988155803843016
235,12,2024-07-01,0.6,1.0,0.7979406048789307
235,15,2024-07-01,0.5,1.0,0.34298559017767993
235,21,2024-07-01,1.0,1.0,0.9597037776054282
235,74,2024-07-01,2.07,0.997,1.3855126476647317
235,94,2024-07-01,1.4,0.804,0.9366104973135504
235,98,2024-07-01,0.1,0.85,0.5454012153770538
235,99,2024-07-01,0.9,0.889,1.1859585907487453
235,100,2024-07-01,0.5,0.948,0.43694787055695417
235,104,2024-07-01,4.1,0.992,4.665874795182367
235,105,2024-07-01,0.9,1.0,0.5849996132080775
235,108,2024-07-01,0.5,1.0,0.6286792117745724
235,109,2024-07-01,0.5,0.729,0.8354234594749825
235,121,2024-07-01,0.7,0.865,0.7154090301950977
235,122,2024-07-01,4.2,0.633,5.698694021377463
235,133,2024-07-01,0.6,1.0,0.7393087008645234
235,220,2024-07-01,0.6,0.87,0.9839714994772999
235,247,2024-07-01,0.0,1.0,0.5727836450621167
235,250,2024-07-01,0.5,1.0,0.5931156811510869
235,257,2024-07-01,0.9,0.886,0.7443411598861418
235,258,2024-07-01,1.0,1.0,0.9946580934119821
235,285,2024-07-01,0.7,0.967,0.5385335563427763
235,291,2024-07-01,0.9,1.0,0.8818832236633821
235,345,2024-07-01,0.9,1.0,0.8882972495067627
235,348,2024-07-01,0.4,0.808,0.9150701950654284
235,373,2024-07-01,0.4,1.0,0.37254760166073503
235,374,2024-07-01,0.5,1.0,0.47516648490197966
235,379,2024-07-01,0.0,0.8999999761581421,0.3406173172424064
235,411,2024-07-01,1.1,0.833,1.3337336338311632
235,421,2024-07-01,0.3,0.889,0.619688067889175
235,422,2024-07-01,1.1,0.82,1.3787590996575192
235,424,2024-07-01,0.4,1.0,0.47982242444447043
235,425,2024-07-01,0.3,1.0,0.45659683438107956
235,476,2024-07-01,1.1,0.871,0.5100047267739563
235,496,2024-07-01,0.9,1.0,0.6135349591452615
235,506,2024-07-01,0.6,0.892,0.49430668357746077
235,525,2024-07-01,0.5,1.0,0.5452045857940686
235,536,2024-07-01,0.9,1.0,1.0217113950928638
235,556,2024-07-01,0.4,1.0,0.49034732772473777
235,578,2024-07-01,1.1,1.0,1.1146692601866572
235,580,2024-07-01,3.7,0.899,5.349050844642106
235,592,2024-07-01,0.2799999999999999,1.0,0.43133579438298353
235,596,2024-07-01,1.8,1.0,1.3990818200410802
235,625,2024-07-01,0.4,1.0,0.3724699440784194
235,629,2024-07-01,1.8,1.0,1.9620068901316463
235,636,2024-07-01,0.2,1.0,0.40491404350264315
235,644,2024-07-01,1.0,0.958,0.8657884806829166
235,650,2024-07-01,1.2,0.907,0.9915036398870472
235,670,2024-07-01,0.7,0.897,1.165421204108748
235,673,2024-07-01,0.5,1.0,0.35645423349495164
235,684,2024-07-01,0.9,1.0,0.8638715149816576
235,698,2024-07-01,0.3,0.666,1.2189685126534058
235,706,2024-07-01,0.7,0.815,0.6000326253020323
235,715,2024-07-01,1.0,1.0,1.2059001868948926
235,717,2024-07-01,0.5,1.0,0.6465287944860599
235,734,2024-07-01,0.3,1.0,0.38185562788560184
235,763,2024-07-01,1.4,0.884,1.5393538298461191
235,764,2024-07-01,0.4,0.915,0.9846443348649614
235,765,2024-07-01,0.1,1.0,0.5355584137293856
235,797,2024-07-01,1.3,0.612,1.099806565001267
235,825,2024-07-01,0.2,0.9,0.5571593644995325
235,841,2024-07-01,0.3,1.0,0.36717931924575015
235,858,2024-07-01,0.3,1.0,0.42578422181634684
343,5,2024-07-01,0.6,0.825,0.8001235486898621
343,12,2024-07-01,0.9,1.0,0.8094811087272095
343,21,2024-07-01,1.7,0.89,1.2412067979904688
343,23,2024-07-01,1.4,0.863,1.3007440419728673
343,28,2024-07-01,1.1,0.75,1.0837245007341079
343,38,2024-07-01,1.0,1.0,1.1185741926969741
343,41,2024-07-01,1.5,0.692,1.9302932791819556
343,58,2024-07-01,0.8,1.0,0.6699800055845915
343,67,2024-07-01,0.9,0.89,0.7382162735725502
343,94,2024-07-01,0.7,0.813,0.7442384038520309
343,98,2024-07-01,0.9,0.877,0.7387296004766459
343,99,2024-07-01,1.3,0.881,1.3743686300526483
343,104,2024-07-01,5.3,0.989,4.704631255823496
343,108,2024-07-01,0.0,1.0,0.7038418541743152
343,109,2024-07-01,0.6,0.729,1.1544135806105342
343,122,2024-07-01,6.8,0.633,5.924914825746037
343,140,2024-07-01,0.7,0.952,1.497994855496886
343,155,2024-07-01,0.0,0.8700000047683716,0.4661635474793062
343,189,2024-07-01,0.6,1.0,0.4756582845642805
343,200,2024-07-01,0.7,1.0,0.4617773591940545
343,220,2024-07-01,1.0,0.896,1.210835685178906
343,247,2024-07-01,0.5,1.0,0.5651069663706683
343,249,2024-07-01,0.5,0.976,0.5239576407327335
343,250,2024-07-01,0.9,1.0,1.0811495411697716
343,257,2024-07-01,0.6,0.8,0.6889423696806225
343,276,2024-07-01,0.5,0.913,0.49978308491894047
343,291,2024-07-01,0.7,1.0,0.7356569736724053
343,345,2024-07-01,0.9,1.0,0.8559269864879824
343,373,2024-07-01,0.4,1.0,0.4457964489950055
343,380,2024-07-01,2.2,0.892,0.9569124507197323
343,387,2024-07-01,1.6,0.866,1.8500828602469386
343,411,2024-07-01,1.3,0.904,0.8186535757968165
343,419,2024-07-01,0.8,1.0,1.1409223152537424
343,422,2024-07-01,1.1,0.88,1.1352226581149343
343,424,2024-07-01,0.2799999999999999,0.893,0.671900124378261
343,425,2024-07-01,0.5,1.0,0.550806076994458
343,429,2024-07-01,1.2,0.723,1.3386256067420614
343,467,2024-07-01,2.7,0.79,1.8196482944620722
343,473,2024-07-01,0.9,1.0,0.6923453144762476
343,486,2024-07-01,1.5,0.99,2.8174118922492544
343,496,2024-07-01,0.4,1.0,0.484122224904752
343,536,2024-07-01,1.3,1.0,0.895346312642419
343,548,2024-07-01,0.1,0.8678520321846008,0.6395697259594928
343,556,2024-07-01,0.4,1.0,0.3753568230659816
343,596,2024-07-01,0.8,1.0,1.2133133229552784
343,608,2024-07-01,0.2,1.0,0.3419123539315041
343,627,2024-07-01,0.4,1.0,0.3610902418391922
343,631,2024-07-01,1.6,0.99,1.2371034304733282
343,636,2024-07-01,0.2,1.0,0.3307890823976686
343,644,2024-07-01,0.7,0.903,0.7092587005133573
343,650,2024-07-01,1.7,0.906,1.341960194591128
343,670,2024-07-01,0.6,0.897,0.831536634870961
343,715,2024-07-01,1.2,1.0,1.141024599246995
343,717,2024-07-01,0.5,1.0,0.4772972177119431
343,738,2024-07-01,1.4,1.0,0.8410513781187602
343,740,2024-07-01,0.8,1.0,0.9992890809865249
343,765,2024-07-01,0.7,0.97,0.5396413148274979
343,776,2024-07-01,0.8,1.0,0.5281954240833004
343,793,2024-07-01,0.5,0.83,1.2589412628675931
343,794,2024-07-01,0.2,1.0,0.3433659378011876
343,823,2024-07-01,0.7,0.892,0.519165574336047
343,825,2024-07-01,0.4,0.875,0.5562840842455536
343,841,2024-07-01,0.2,1.0,0.35582853761531263
343,858,2024-07-01,0.2,1.0,0.3131711934860793
18,11,2024-07-02,0.6,1.0,1.0847960250518738
18,12,2024-07-02,0.9,1.0,0.8371159857313089
18,15,2024-07-02,0.6,1.0,0.39319581634668854
18,21,2024-07-02,1.8,1.0,0.8919502188885517
18,23,2024-07-02,2.0,0.863,1.360888151802775
18,41,2024-07-02,0.0,0.6990000009536743,1.4866986701593856
18,74,2024-07-02,1.5699999999999998,1.0,0.9651530959481844
18,94,2024-07-02,0.6,0.813,0.8741877196380742
18,98,2024-07-02,0.3,0.922,0.6142553518673877
18,99,2024-07-02,3.5,0.844,1.6478198186525952
18,100,2024-07-02,0.4,1.0,0.33461200911940403
18,104,2024-07-02,5.0,0.679,4.860724368381076
18,108,2024-07-02,1.4,0.871,0.9941744562062687
18,109,2024-07-02,1.0,0.729,0.9090579357302857
18,122,2024-07-02,8.6,0.555,5.993320097796767
18,155,2024-07-02,0.0,1.0,0.31046828113531005
18,181,2024-07-02,1.7,0.979,1.03801228558122
18,200,2024-07-02,0.2,1.0,0.5780675935303348
18,247,2024-07-02,0.6,1.0,0.5281657734029339
18,250,2024-07-02,0.9,0.974,1.1214193130093464
18,257,2024-07-02,0.3,1.0,0.43546901894183154
18,276,2024-07-02,0.2,1.0,0.38727300814480936
18,285,2024-07-02,0.2,1.0,0.4555624070090767
18,321,2024-07-02,0.8,0.799,0.9380093775259981
18,345,2024-07-02,1.0,1.0,0.8473250054511868
18,348,2024-07-02,0.1,0.808,0.6217366462908133
18,373,2024-07-02,0.2,1.0,0.3668298466345268
18,374,2024-07-02,0.5,1.0,0.633920401919711
18,379,2024-07-02,1.2,0.9,1.0292144517508532
18,380,2024-07-02,0.0,1.0,0.6836416047200082
18,411,2024-07-02,0.8,0.938,1.0345519146586348
18,415,2024-07-02,0.6,0.928,0.8891847340791632
18,422,2024-07-02,1.9,0.991,1.209413106960819
18,424,2024-07-02,0.4,1.0,0.5482605864986351
18,425,2024-07-02,0.5,1.0,0.47264175722686497
18,452,2024-07-02,0.8,1.0,0.5647094579390632
18,496,2024-07-02,0.8,1.0,0.6828609872658882
18,525,2024-07-02,0.4,1.0,0.4700718352596178
18,556,2024-07-02,0.3,1.0,0.3311953408456604
18,580,2024-07-02,3.3,0.903,4.0817901345946455
18,596,2024-07-02,1.0,1.0,1.3963863931263925
18,600,2024-07-02,4.1,1.0,3.9218807513102076
18,608,2024-07-02,0.5,1.0,0.3488252009682869
18,636,2024-07-02,0.5,1.0,0.4732966990463285
18,644,2024-07-02,0.3,0.934,0.7244002881492417
18,650,2024-07-02,0.8,0.827,1.409757677522692
18,670,2024-07-02,0.9,0.897,0.7937086552551077
18,673,2024-07-02,0.1,1.0,0.41182637899181185
18,676,2024-07-02,0.6,0.9,0.5429115448313775
18,694,2024-07-02,0.3,1.0,0.5637027289653131
18,707,2024-07-02,0.5,0.839,0.4896983696814724
18,715,2024-07-02,1.2,1.0,0.9939692860647121
18,717,2024-07-02,0.7,1.0,0.5596422394031098
18,738,2024-07-02,1.0,1.0,0.9831249905397911
18,740,2024-07-02,1.6,1.0,1.1720400382435856
18,764,2024-07-02,0.9,0.853,0.9848400021081829
18,803,2024-07-02,0.5,1.0,0.38799908954553763
18,817,2024-07-02,0.3,1.0,0.40171204904273333
18,819,2024-07-02,0.5,0.869,0.4207832149259856
18,823,2024-07-02,0.5,0.91,0.5125097343389171
18,825,2024-07-02,0.7,0.86,0.7278983298908761
18,826,2024-07-02,0.3,1.0,0.3612725622727885
18,841,2024-07-02,0.3,1.0,0.28451873652916937
18,858,2024-07-02,0.3,1.0,0.30325855365037846
154,11,2024-07-02,0.4,1.0,0.6923529886853284
154,15,2024-07-02,0.3,1.0,0.3512621968987188
154,21,2024-07-02,0.6,1.0,1.154071842979276
154,23,2024-07-02,1.3,0.863,0.90277600597238
154,58,2024-07-02,0.6799999999999999,1.0,0.8326992175172921
154,74,2024-07-02,0.6,1.0,0.5595443901882715
154,100,2024-07-02,0.3,1.0,0.2434669418858142
154,104,2024-07-02,4.4,0.67,3.940790031184574
154,105,2024-07-02,0.5,1.0,0.4737389078573475
154,108,2024-07-02,0.7,0.871,0.7092075164886826
154,109,2024-07-02,0.5,0.729,0.567394093875543
154,122,2024-07-02,3.8,0.555,4.221668924156538
154,133,2024-07-02,0.2,1.0,0.4834437184116097
154,220,2024-07-02,0.8,0.986,0.7038847562609606
154,233,2024-07-02,0.5,1.0,0.4205479140610269
154,247,2024-07-02,0.1,1.0,0.46740221513041147
154,249,2024-07-02,0.4,1.0,0.32278888169906844
154,250,2024-07-02,0.3,1.0,0.6842294959220527
154,276,2024-07-02,0.3,1.0,0.4260342934064185
154,285,2024-07-02,0.2,1.0,0.45238198262219836
154,291,2024-07-02,0.3,1.0,0.8806075290559007
154,321,2024-07-02,1.5,0.799,0.8585930730443083
154,345,2024-07-02,0.8,1.0,0.7144486323714963
154,348,2024-07-02,0.3,0.808,0.5244350417671209
154,374,2024-07-02,0.3,1.0,0.42433988773223585
154,379,2024-07-02,0.6,0.9,0.5826802077592058
154,405,2024-07-02,0.4,0.948,0.5626212596104461
154,422,2024-07-02,1.5,1.0,1.0354206964523989
154,424,2024-07-02,0.4,1.0,0.32777347952353936
154,425,2024-07-02,0.4,1.0,0.4497899527098317
154,453,2024-07-02,0.3,0.8999999761581421,0.8729666331251464
154,476,2024-07-02,0.4,0.843,0.4952339761449651
154,496,2024-07-02,0.7,1.0,0.49275744338841243
154,506,2024-07-02,0.2,1.0,0.3475151885938129
154,527,2024-07-02,0.5,1.0,0.41680419899025223
154,556,2024-07-02,0.1,1.0,0.3429007346002866
154,578,2024-07-02,1.7,1.0,1.0012469142795415
154,580,2024-07-02,2.1,0.903,2.0426076777320445
154,596,2024-07-02,0.4,1.0,0.724253108070527
154,600,2024-07-02,2.0,1.0,1.9247271052411028
154,623,2024-07-02,0.3,1.0,0.33342066900758516
154,625,2024-07-02,0.3,1.0,0.2956483519028253
154,627,2024-07-02,0.2,0.879,0.41071016675037764
154,631,2024-07-02,1.0,1.0,1.135885557679024
154,636,2024-07-02,0.1,1.0,0.26129531359682734
154,644,2024-07-02,0.4,0.953,0.8972201591264617
154,650,2024-07-02,0.6,0.816,0.8286223297980767
154,670,2024-07-02,0.3,0.897,0.5287163710179688
154,686,2024-07-02,0.5,0.909,1.2294445767628819
154,707,2024-07-02,0.9,0.864,0.6456701566899276
154,717,2024-07-02,0.4,1.0,0.5419233075867456
154,775,2024-07-02,1.4,1.0,1.8512040012299418
154,776,2024-07-02,0.2,0.9490000009536744,0.33556194578661247
154,785,2024-07-02,0.2,0.74,0.5990309785164175
154,819,2024-07-02,0.2,1.0,0.22102955424251725
154,830,2024-07-02,0.4,0.631,0.925292079431081
154,837,2024-07-02,0.3,1.0,0.28165612641709703
154,841,2024-07-02,0.3,1.0,0.3124912807860628
154,858,2024-07-02,0.4,1.0,0.3867511744299791
154,859,2024-07-02,0.1,0.8,0.5053782659156567
182,7,2024-07-02,0.5,1.0,0.5447461399770551
182,11,2024-07-02,0.8,0.994,1.1901429306151194
182,12,2024-07-02,0.7,1.0,0.811826688287668
182,21,2024-07-02,0.3,1.0,1.224028908098021
182,58,2024-07-02,0.7,1.0,1.0940745864831924
182,99,2024-07-02,1.6,0.759,1.0367576965087908
182,100,2024-07-02,0.0,1.0,0.2236903160067924
182,105,2024-07-02,0.9,1.0,0.5302073999115652
182,108,2024-07-02,1.2,0.883,0.8035318453488265
182,109,2024-07-02,0.6,0.729,0.7868140587614998
182,122,2024-07-02,5.4,0.878,5.300982164622202
182,133,2024-07-02,0.6,0.919,0.5784830531019858
182,151,2024-07-02,0.4,1.0,0.3140268294267954
182,200,2024-07-02,0.6,1.0,0.5739195756046742
182,220,2024-07-02,0.8,1.0,0.5029597170135889
182,247,2024-07-02,0.4,0.973,0.8791662108536771
182,250,2024-07-02,1.2,1.0,0.7949374163634393
182,258,2024-07-02,0.5,1.0,0.518037131055765
182,276,2024-07-02,0.5,1.0,0.4616133517674601
182,285,2024-07-02,0.7,1.0,0.43360131828362997
182,291,2024-07-02,1.1,1.0,1.1587496485380055
182,321,2024-07-02,1.1,0.799,1.004198895981307
182,345,2024-07-02,1.0,1.0,0.7899846507819719
182,368,2024-07-02,0.3,1.0,0.41609982333696893
182,374,2024-07-02,0.5,1.0,0.514392946910092
182,387,2024-07-02,1.0,0.866,1.3391692390205754
182,405,2024-07-02,0.8,0.948,0.5305882152147035
182,411,2024-07-02,1.1,0.784,1.1396935535530768
182,415,2024-07-02,1.5,0.928,1.060489121769602
182,419,2024-07-02,1.8,0.685,1.7175755623841418
182,422,2024-07-02,1.6,1.0,1.2263864453850255
182,424,2024-07-02,0.3,1.0,0.3433513938319772
182,425,2024-07-02,0.6,1.0,0.3937186580825936
182,426,2024-07-02,1.0,0.942,1.6997315094652397
182,452,2024-07-02,1.1,1.0,1.0708940946280983
182,467,2024-07-02,1.7,0.769,2.942041780067753
182,473,2024-07-02,0.8,1.0,0.7836600976555925
182,476,2024-07-02,0.4,0.799,0.7214353210506665
182,496,2024-07-02,0.6,1.0,0.7963397990138086
182,506,2024-07-02,0.2,1.0,0.3742491004335881
182,554,2024-07-02,2.1,0.792,1.415115032683846
182,556,2024-07-02,0.3,1.0,0.4368789299250768
182,578,2024-07-02,2.2,0.875,1.8096118443825195
182,592,2024-07-02,0.6,1.0,0.6255345169770559
182,596,2024-07-02,1.4,1.0,1.5516844366999512
182,627,2024-07-02,0.6,1.0,0.2012384392074787
182,631,2024-07-02,1.7,1.0,1.3457381229969871
182,636,2024-07-02,0.5,1.0,0.48277423338064124
182,644,2024-07-02,1.2,0.92,1.3217926776704298
182,650,2024-07-02,1.0,0.816,0.9637819361581517
182,684,2024-07-02,0.4,1.0,0.8216633992244773
182,686,2024-07-02,1.0,1.0,1.1330098666523771
182,706,2024-07-02,0.8,0.916,0.4666289105637704
182,717,2024-07-02,0.5,1.0,0.5972757575206529
182,764,2024-07-02,1.0,0.92,0.8767284848481665
182,785,2024-07-02,0.7,0.738,0.7257936320502065
182,793,2024-07-02,1.2,0.864,1.133051218107977
182,819,2024-07-02,0.3,0.875,0.47380145624535475
182,825,2024-07-02,0.4,0.782,0.7377814792586359
182,841,2024-07-02,0.3,1.0,0.3751077015458434
182,858,2024-07-02,0.3,1.0,0.45224332336153983
235,9,2024-07-02,0.5,1.0,0.4460055155107212
235,12,2024-07-02,0.9,1.0,0.7500513041367806
235,15,2024-07-02,0.1,1.0,0.3636396369122046
235,21,2024-07-02,1.5,1.0,1.046886115231001
235,74,2024-07-02,1.4,1.0,1.2940893205179842
235,94,2024-07-02,0.0,0.8130000233650208,1.0207927310306404
235,98,2024-07-02,0.6,0.922,0.4508923302451663
235,99,2024-07-02,1.3,0.844,1.2055583533144354
235,100,2024-07-02,0.2,1.0,0.3353803924739055
235,104,2024-07-02,5.2,0.678,4.2968242859211285
235,105,2024-07-02,1.2,1.0,0.6433813109183537
235,108,2024-07-02,0.9,0.871,0.8044120849234804
235,109,2024-07-02,1.0,0.729,0.8176742795620189
235,121,2024-07-02,0.3,1.0,0.5255679095758614
235,122,2024-07-02,6.1,0.554,5.451958462891195
235,133,2024-07-02,0.3,1.0,0.67204075242513
235,220,2024-07-02,0.7,1.0,0.7236210132822649
235,247,2024-07-02,0.38,1.0,0.5204808027369378
235,250,2024-07-02,1.1,0.987,0.7063785570678119
235,257,2024-07-02,0.7,1.0,0.5801346268563019
235,258,2024-07-02,0.9,1.0,1.0110594750173605
235,285,2024-07-02,0.8,1.0,0.5368149419240399
235,291,2024-07-02,1.0,1.0,0.8422233362198559
235,345,2024-07-02,1.1,1.0,0.9128270709900304
235,348,2024-07-02,0.6,0.808,0.8520135287022688
235,373,2024-07-02,0.2,1.0,0.41307405019157606
235,374,2024-07-02,0.7,1.0,0.486997609511553
235,379,2024-07-02,0.0,0.8999999761581421,0.3600365631134739
235,411,2024-07-02,0.5,0.946,1.1901192756108359
235,421,2024-07-02,0.9,0.9,0.607087123747832
235,422,2024-07-02,1.3,0.991,1.236636549797456
235,424,2024-07-02,0.4,1.0,0.49522590085883644
235,425,2024-07-02,0.5,1.0,0.45147944583165595
235,476,2024-07-02,0.4,0.843,0.7626198797532444
235,496,2024-07-02,0.3,1.0,0.6261060788938646
235,506,2024-07-02,0.2,1.0,0.3761765628019914
235,525,2024-07-02,0.6,1.0,0.5334495004832139
235,536,2024-07-02,0.8,1.0,0.8414174309895374
235,556,2024-07-02,0.4,1.0,0.5450898396522277
235,578,2024-07-02,1.3,1.0,1.1680086364632345
235,580,2024-07-02,4.1,0.903,4.342969633677457
235,592,2024-07-02,0.7,1.0,0.426481120038678
235,596,2024-07-02,1.3,1.0,1.43697024049386
235,625,2024-07-02,0.3,1.0,0.36565648346473895
235,629,2024-07-02,1.4,1.0,1.694757160841974
235,636,2024-07-02,0.4,1.0,0.39117850915214325
235,644,2024-07-02,0.9,0.983,0.906244806497952
235,650,2024-07-02,0.8,0.816,1.0266311242983448
235,670,2024-07-02,0.9,0.897,1.1323469856543453
235,673,2024-07-02,0.2,1.0,0.43055828520984746
235,684,2024-07-02,0.8,1.0,0.894853123560654
235,698,2024-07-02,0.9,0.666,0.9952738209916779
235,706,2024-07-02,0.6,0.828,0.6391922360712166
235,715,2024-07-02,0.8,1.0,1.10839041560891
235,717,2024-07-02,0.5,1.0,0.6287748156109498
235,734,2024-07-02,0.2,1.0,0.38320188229717667
235,763,2024-07-02,2.0,0.884,1.4685946636934313
235,764,2024-07-02,1.1,0.825,1.0382093562562458
235,765,2024-07-02,0.9,0.91,0.6186341498162347
235,797,2024-07-02,1.0,0.612,1.227703237780823
235,825,2024-07-02,0.6,0.86,0.6002715703694821
235,841,2024-07-02,0.2,1.0,0.3227543186157724
235,858,2024-07-02,0.5,1.0,0.4298966031063287
343,5,2024-07-02,0.5,0.825,0.7857154417662184
343,12,2024-07-02,1.0,1.0,0.8681271244886087
343,21,2024-07-02,1.3,1.0,1.2199869708072293
343,23,2024-07-02,1.7,0.863,1.3034132780364553
343,28,2024-07-02,1.2,0.666,1.3723257815955012
343,38,2024-07-02,0.0,1.0,1.2743400666594153
343,41,2024-07-02,0.0,0.6990000009536743,2.0937942130112077
343,58,2024-07-02,0.4,1.0,0.7130901937014127
343,67,2024-07-02,0.7,1.0,0.6152373042580237
343,94,2024-07-02,0.4,0.813,0.7359229213116265
343,98,2024-07-02,0.4,0.922,0.6332394389659763
343,99,2024-07-02,2.4,0.869,1.356336077640253
343,104,2024-07-02,6.0,0.704,5.6908086775423214
343,108,2024-07-02,1.3,0.871,0.7431884444192247
343,109,2024-07-02,1.6,0.729,1.0241808408774071
343,122,2024-07-02,10.0,0.558,5.990068612854914
343,140,2024-07-02,0.9,1.0,1.0802335323075867
343,155,2024-07-02,0.1,1.0,0.30163723721510927
343,189,2024-07-02,0.5,1.0,0.4532396362025234
343,200,2024-07-02,0.3,0.925,0.5867121427606319
343,220,2024-07-02,1.4,1.0,1.0178201473613333
343,247,2024-07-02,0.7,1.0,0.5224051797106033
343,249,2024-07-02,0.3,1.0,0.42982650369688774
343,250,2024-07-02,1.2,1.0,1.0041047598242923
343,257,2024-07-02,0.3,1.0,0.39455187757439547
343,276,2024-07-02,0.6,1.0,0.4009279183578732
343,291,2024-07-02,0.7,1.0,0.6868778430639132
343,345,2024-07-02,0.6,1.0,0.8742974720000641
343,373,2024-07-02,0.5,1.0,0.46219298974867384
343,380,2024-07-02,0.2,0.935,1.1147857076482521
343,387,2024-07-02,2.3,0.866,1.7767678152554691
343,411,2024-07-02,2.2,0.986,0.9405768525332924
343,419,2024-07-02,1.6,1.0,1.0750073573739858
343,422,2024-07-02,1.6,1.0,1.0316351156258166
343,424,2024-07-02,0.7,1.0,0.5436848320567889
343,425,2024-07-02,0.6,1.0,0.543700615767139
343,429,2024-07-02,1.2,0.771,1.105668003627309
343,467,2024-07-02,3.8,0.808,2.0488619521563676
343,473,2024-07-02,1.0,1.0,0.7085949243756136
343,486,2024-07-02,2.9,1.0,2.209760956461425
343,496,2024-07-02,0.6,1.0,0.4772471449256477
343,536,2024-07-02,1.1,1.0,0.8295495685906347
343,548,2024-07-02,0.6,0.935,0.5371712148702441
343,556,2024-07-02,0.4,1.0,0.37678792853356635
343,596,2024-07-02,0.7,1.0,1.1380320715798184
343,608,2024-07-02,0.4,1.0,0.3500545344658732
343,627,2024-07-02,0.3,0.96,0.4833129501507595
343,631,2024-07-02,1.3,1.0,1.109525692696411
343,636,2024-07-02,0.2,1.0,0.3321615483811591
343,644,2024-07-02,0.5,1.0,0.60268100578749
343,650,2024-07-02,1.0,0.834,1.423595950333338
343,670,2024-07-02,0.5,0.897,0.7577328219996455
343,715,2024-07-02,1.0,1.0,1.1349063921561395
343,717,2024-07-02,0.6,1.0,0.4783482995101491
343,738,2024-07-02,0.9,1.0,0.9326838803755172
343,740,2024-07-02,1.6,1.0,0.9785355319950577
343,765,2024-07-02,0.7,0.913,0.5701736693528137
343,776,2024-07-02,0.5,1.0,0.5237306810178357
343,793,2024-07-02,1.4,0.795,1.0499989524326812
343,794,2024-07-02,0.8,0.8,0.5400238049101734
343,823,2024-07-02,0.5,0.9374679923057556,0.5263475141971751
343,825,2024-07-02,0.6,0.866,0.5430232415770189
343,841,2024-07-02,0.2,1.0,0.32580502785784937
343,858,2024-07-02,0.3,1.0,0.33044548382439287
