,lr=0.01,lr=0.01,lr=0.03,lr=0.03,lr=0.1,lr=0.1
,train,validation,train,validation,train,validation
iteration,,,,,,
0,0.5218143136326083,0.578030898165811,0.5157145050144909,0.5712687055505355,0.4946740880163938,0.54796854743253
1,0.5189184633981992,0.5748173113990281,0.5070126085417712,0.5616675271930177,0.4686208788229051,0.5193075045446945
2,0.5159793871602487,0.5716276235069557,0.49905266492324785,0.5527829248267009,0.44671247570634987,0.49519827628708685
3,0.5131814961084652,0.5685009859118326,0.49127419989767346,0.54408205653391,0.42610833661800296,0.4727223290162558
4,0.5102049867920029,0.565198816777505,0.4833875685771339,0.5351515535535831,0.4074086167514802,0.45432812138436374
5,0.5073153373516337,0.5622268706460809,0.4757362102745003,0.5273886350390116,0.3915628947180939,0.4371036497449457
6,0.5044591154167156,0.5591517591677013,0.4685026023477257,0.519548097704213,0.3786634785917884,0.4241950468847951
7,0.5016219394113192,0.5559920018190776,0.4612861722402789,0.5115401956557614,0.36726533236044784,0.41308601153968827
8,0.4988075368032047,0.5528953549845439,0.4546215257588567,0.5041251321504572,0.35755776285791185,0.4023715060943925
9,0.4959675427880995,0.5497204277202553,0.44810881784277395,0.49673736208468383,0.3493884468673696,0.3937046907963918
10,0.4932485553820781,0.5469005003099189,0.44219738836615347,0.49057329361380103,0.34207153628767983,0.38581014849422157
11,0.49066081611047657,0.5441333281709213,0.4363076632190311,0.4844909900263898,0.3363794172847154,0.3794532154395016
12,0.48803707447935746,0.5413545207790998,0.4308333846891384,0.47858962628323365,0.33035202557848264,0.3728480232948815
13,0.48532848384345906,0.5383224127660631,0.4252274162841729,0.4722328014915753,0.3247553039484606,0.36710022551980714
14,0.4827078738945066,0.5354489798417544,0.4199199204477116,0.4663424583568247,0.3204026393414816,0.3625975239350843
15,0.48011025458545803,0.532715489822042,0.41458708680638173,0.4606651165693553,0.31652282621294126,0.3583423859892491
16,0.47759789642674644,0.5298979367147783,0.40951684104976066,0.45500564059081494,0.3129475434784738,0.35492929558389374
17,0.4750989244531768,0.5271111332104171,0.4044937857872612,0.4498508342304928,0.30994705221637836,0.3513451131602842
18,0.47259044358118635,0.524332208798181,0.3998301465924318,0.44465080629983783,0.3075958402132155,0.348452427107733
19,0.4701648869217685,0.521579879787093,0.3955230747283203,0.44008790408374915,0.30550291138738783,0.34492433830143215
20,0.4676815880679832,0.5188466914015312,0.39140612030645566,0.4361715293635575,0.30320275450649004,0.34224729092672135
21,0.4653303423692831,0.5161894091192104,0.38733709020982204,0.4321131432183336,0.30125938185825113,0.3390303992111404
22,0.46313226609559927,0.513720167327455,0.3836018835320527,0.4281737999068126,0.29980282595299906,0.3364215885941433
23,0.46095899203760426,0.5113436770526079,0.37985334823562533,0.42432107710729905,0.29838427383900906,0.33470079167689676
24,0.4589645413315593,0.5092465857387283,0.37647107992275264,0.42049818829323493,0.29686052407265767,0.3332043376963725
25,0.4567990301910815,0.5068802308548805,0.37316602034602714,0.4169477724591464,0.29571035173092536,0.33198307091286405
26,0.45472248880511645,0.504537009349372,0.3701804112760023,0.4136947283692982,0.2945799895987637,0.3306124068425397
27,0.4525186198110622,0.5021398378296499,0.3670814597614435,0.4100552959605758,0.2936271229552464,0.3286117945829549
28,0.45033743544983684,0.49974623662060674,0.36404882383620113,0.4069584881509461,0.29278440769806613,0.32671410288430774
29,0.44826853341901207,0.49755732228691535,0.36130541165778846,0.4036677257223161,0.2920901009327096,0.3252410877811958
30,0.4460913348937377,0.4952655495735,0.35808987814578924,0.40033258774471076,0.291615638106984,0.32381225159862176
31,0.44406450721833973,0.49317802549440604,0.35556041880381845,0.3977865023863896,0.2909483169418702,0.3236791103684423
32,0.44217044274337997,0.49115763938124696,0.3533432006617712,0.3951751969075496,0.2902542451974448,0.322542590730153
33,0.44014439467963967,0.4889484486656084,0.3510361272884256,0.39220518326434406,0.28944043341647113,0.32196511622490875
34,0.43824377066708536,0.4868710507418742,0.3487159312817623,0.3897454219842295,0.2888647156745296,0.32104378948558265
35,0.4363713395153789,0.48481573612904916,0.34636146570484566,0.3871887177734934,0.2881825923393918,0.3207133604243235
36,0.43448257344873836,0.48282701564865554,0.3441483429879452,0.3850863623816606,0.28773998150644003,0.3201509223728344
37,0.4326111046770937,0.4808380693953327,0.3419734162604659,0.3827862039954906,0.28717543889573766,0.31993509675652726
38,0.4307525637460436,0.47877394447415916,0.33959684560345244,0.380187861732026,0.28665663598823815,0.3189630189922879
39,0.42899581875907067,0.47673976943473656,0.3375832929210816,0.3781714961318335,0.2862772593602673,0.31831730149483867
40,0.42722612362586093,0.4747658735089271,0.33577745138316695,0.37593673017591067,0.285859955053418,0.3178721840854464
41,0.42545377208464197,0.4728529370197705,0.33420835412326,0.37409997440847176,0.2853892371097824,0.3174719402121695
42,0.42384999433743287,0.47106090717062393,0.33273087299867254,0.3723752804024908,0.2850098895040714,0.31710591211889994
43,0.4220605868924574,0.4690466454673707,0.3310612118031615,0.37022747634841857,0.2846237024631892,0.3166284209833976
44,0.42052985108274277,0.4673193216548831,0.32952661380854853,0.368380260393263,0.2842941939920754,0.31595083959208936
45,0.4188138699128615,0.4654826862885039,0.328008435708812,0.3669744158005999,0.28400271746432443,0.3154517898458424
46,0.41708849493977196,0.46360013274153955,0.32669829160175035,0.3656129647185203,0.2837257017984601,0.3149144310503099
47,0.4153693608184481,0.46169049330640494,0.32515295205669964,0.36402673487346876,0.2834788447086473,0.31462589803471247
48,0.413692243227503,0.4599518921481572,0.32375229496345354,0.3624757801505453,0.2833076430831123,0.31440586558032524
49,0.41208095088277713,0.4581778318597908,0.322607551238511,0.36119723786667696,0.2829621420126223,0.314511285078563
50,0.4103986546374787,0.45632925174511874,0.3211347515825661,0.3599154970374297,0.2827605561198797,0.314436815013862
51,0.40881100695909084,0.45465703308546174,0.31994849815622217,0.3586078613753327,0.2824901879996903,0.3143703796561866
52,0.4072009748387056,0.4529828286391317,0.3189652977513662,0.3571931205946128,0.28231797451799906,0.31404486781291585
53,0.4057409504418865,0.45142893248043475,0.3176983910884156,0.35577434111891576,0.2819804363074421,0.31400979708895
54,0.4042066904656221,0.449809312385048,0.3165361371530821,0.3546815602671531,0.2818351460161552,0.31358013526093254
55,0.4026563119987145,0.44817081725546326,0.3154925556695691,0.3536639063170162,0.2816064373445233,0.3133836242943326
56,0.40113719575820894,0.44650098888819445,0.3142573806626599,0.3526814034572289,0.28140834969710987,0.3131130165163192
57,0.39962437345306023,0.44485980681736903,0.3132428710550418,0.35123786915603195,0.2812287392773432,0.31310984924577856
58,0.3980248044340129,0.443297154504848,0.31212988470808334,0.35017966900467956,0.2810688218064635,0.31312433172651016
59,0.3964986150018153,0.4417949272803541,0.3113014342102925,0.3490576393292399,0.2809123165047503,0.31308493988650415
60,0.3950637536474222,0.44030227386717924,0.3103975033958031,0.3480700363972306,0.2807954853596466,0.3126490875781271
61,0.3936277488236722,0.4388205918791967,0.3095042953678643,0.3470529322224894,0.28060801892307924,0.31256350114625653
62,0.392198063451266,0.4373416545575053,0.30858613559207454,0.346063810645793,0.2803475706753102,0.3123516898105021
63,0.3908294570983671,0.43595720213349126,0.3077706837981561,0.3452447126973766,0.28020029901738747,0.31236355995618337
64,0.38943920421920303,0.43453103087537676,0.30705531736694347,0.34452972330820464,0.2800597507257177,0.31226374836470777
65,0.38814086883269827,0.4332122312212773,0.3063955460809244,0.3435207889645305,0.27991732217119747,0.31215559562900896
66,0.3867516451793274,0.43174417956765876,0.30562951354709217,0.3428536833939413,0.2797112478274117,0.31210743690724796
67,0.3855106756200264,0.4304151755920391,0.3049558222850259,0.34209385120459873,0.27962135888827433,0.31202382784850824
68,0.3842702755691864,0.42902074924288236,0.30425832854537543,0.3413550679108551,0.279456370182796,0.3119652433989493
69,0.38296560731323903,0.427642699023022,0.30361130020989324,0.34047405403534214,0.27935932455895235,0.31186138473470354
70,0.38185030408012344,0.42638114168708524,0.3030017843295213,0.33997169516680537,0.27922454624774445,0.31179625247738685
71,0.3806861609911957,0.42509510244223764,0.3024752219856902,0.33934501691320124,0.2791653999115958,0.3118022520121146
72,0.3795151570810422,0.4238811173416873,0.3019553634589097,0.3384116186210921,0.2789589870205547,0.31191263164548194
73,0.37829015422528317,0.422398900241926,0.30145202484498573,0.3377234087885716,0.2788038472293986,0.3119276889344742
74,0.37712393952451123,0.42113829670961556,0.3010298839007762,0.33709366240786126,0.27873645528700663,0.3117888087904691
75,0.3759860533804503,0.41995431714190046,0.3005179571348675,0.33627917681495223,0.2785803769583472,0.311738524467251
76,0.3749790923384383,0.41888381020118437,0.3001082984212476,0.3358327331853783,0.27846938385320186,0.3117745874196483
77,0.3738049355079598,0.4176142683159016,0.29959166516302294,0.3352260290361491,0.27830230930297,0.3116991886140981
78,0.3726791557711927,0.4164126317850241,0.29919267131857,0.33446790583611713,0.2781684876053445,0.311618434943507
79,0.3716410568952765,0.4153198429631636,0.29875481255015746,0.33368840449102066,0.2780491232397921,0.3116009066415943
80,0.3705555288627011,0.4142118094432078,0.2982237821881926,0.33314890719990986,0.277845696439983,0.3115052911826425
81,0.36952454772012894,0.4129787110207385,0.29782830789387016,0.33251350920092326,0.2777398332534914,0.31142855328381724
82,0.36848003262371454,0.4119032557261293,0.2974084842299718,0.3318444081982364,0.27758272634657477,0.31134249814706794
83,0.3674747543633729,0.41092673944813424,0.29705320701435173,0.33140279955248825,0.2774437608099848,0.31123248626790245
84,0.36647263632988,0.4098859366803612,0.29671794864147444,0.33075677258571995,0.27735229866137057,0.3111572922900683
85,0.3655532851119385,0.40892404785841174,0.29635748074235024,0.3301854082257632,0.2772891338839326,0.3111374764611515
86,0.3645759370241256,0.4078115968322092,0.2960159470615234,0.3296604983007646,0.2771183192459075,0.31118148212382585
87,0.3635471080052451,0.40668158293135953,0.29567277872925035,0.32917116388856976,0.27703046937492504,0.3111922941620669
88,0.3625676272982211,0.40564012000935784,0.29528362188648766,0.3286547454872767,0.2768572530165897,0.31128037062853336
89,0.36151518232887686,0.40449844477576075,0.29495404629501243,0.32826894246657234,0.2768169434415801,0.31110059830500425
90,0.36061031759742135,0.40348028370143435,0.2946809972916158,0.32793799439844606,0.2765796380209576,0.3110734984863961
91,0.35972100869130924,0.4026056612949206,0.2943400572234146,0.3276073545938126,0.2764705568382189,0.3110474773907484
92,0.3588250725432986,0.401646600928233,0.2940690874429939,0.3270986266177923,0.27639869459141864,0.3109005263330396
93,0.3579421251868355,0.40068028634214603,0.2937347979824137,0.32684352724994586,0.27631412811529116,0.3109435196273987
94,0.35712377641096626,0.3997711079508898,0.2933978980083352,0.3265386488682459,0.2762420173344279,0.3108865127709152
95,0.3563655040542537,0.3989781408945374,0.2931161459131584,0.3261932482981314,0.2761515979255774,0.3110821466453484
96,0.3556136613033618,0.39809750150608253,0.2927712489178971,0.32571706445010856,0.2760785848953801,0.3109789625181832
97,0.35479184539334596,0.3972061510599455,0.2924468705469219,0.3252745691101698,0.2760173842798877,0.3110334878698903
98,0.3539255446180886,0.39635064171176326,0.2921527751120694,0.32504583251186675,0.2758941839750318,0.31099997037327426
99,0.35307170637065627,0.3954942054825521,0.29189521727637546,0.324635038980345,0.2758177068989446,0.31103397032162944
100,0.35221221428912425,0.39452895568009216,0.29167352997790996,0.3243118091107835,0.27566612988921185,0.3110081971125447
101,0.3513135777559065,0.3935762747794902,0.2913824956748616,0.3240022833335214,0.27550358887852827,0.3109784332229145
102,0.3504781602969156,0.39275265561609,0.2911090504784509,0.3235291374188428,0.2754148508895417,0.3109259520414793
103,0.3497287710741133,0.3919341146417891,0.29088824173540334,0.3233100544356172,0.27532231320478406,0.3109991555757466
104,0.3489027776897349,0.3910105859849127,0.2906482187915259,0.3230008349527986,0.275233947355664,0.3109692078801405
105,0.3480667703142734,0.39012232483202247,0.29038126086217947,0.3224878563774693,0.2750868519270171,0.3110010295521271
106,0.34729986440208316,0.38933414352444023,0.2901516832180744,0.32222977617128384,0.2749442152757656,0.3108617368710158
107,0.34660407411513044,0.3885380251502872,0.2899192377634438,0.32204071076639107,0.274861991693081,0.31084784897499923
108,0.3458025289906001,0.3877019046876247,0.2896998804863982,0.3216509443016742,0.27478077276900825,0.31075864814804166
109,0.345055909361722,0.3868300852555009,0.2895355237701763,0.3214100923178858,0.27471648433999835,0.31074947051691904
110,0.3443190772651812,0.3859750318166727,0.2893546724135259,0.32108830485624984,0.274519327289314,0.31064133921845594
111,0.3436244782331655,0.385250784906036,0.28922448227092257,0.3208619284731852,0.2744545983375892,0.3106420527007017
112,0.3429286727653957,0.3844321043533356,0.2890083113977269,0.3205042027028056,0.2743530437829428,0.3106993411706354
113,0.34226574176105806,0.3837067369604773,0.2887964157337537,0.32027606178283,0.2742837782863715,0.31054959415366873
114,0.34161947100974305,0.3830286029869129,0.28866038355037005,0.3200792676474029,0.27420798076179337,0.3104914404661846
115,0.3410014320688534,0.3823734197462972,0.28845953375585676,0.31992875098273127,0.27401662543428684,0.3105159646005975
116,0.3403549021906599,0.38170605125780854,0.28825309946913596,0.3197264186994255,0.2739219021827786,0.31046078369792907
117,0.3397406833167581,0.3810826137978588,0.28808728917053783,0.3196171679125438,0.27382858955703504,0.3103997748107957
118,0.3391171375206162,0.38041769186417446,0.28789032869185754,0.3194163379815931,0.2737311601517147,0.3102806623074204
119,0.33842884726497763,0.3797431352015903,0.28769213739506433,0.319216357631466,0.2736150103321235,0.3102831128876918
120,0.3377516600520026,0.3790995220776966,0.2875210471212225,0.3190166075005755,0.27355559760030057,0.31028840196198443
121,0.33712694317400105,0.3783445308290169,0.28737167313142786,0.3187175388688113,0.2735001371504764,0.3103046343494402
122,0.33654160431907854,0.3778407014763337,0.28720164067068965,0.3184878281027812,0.2732825728697764,0.31024458778245917
123,0.33587988527461765,0.3771574660539978,0.2870375613379001,0.31832889807795883,0.2732338523670675,0.3101981506721702
124,0.3353139889715489,0.3765811328128571,0.28686766617939985,0.3182408785574219,0.27313187748629614,0.3101156459511072
125,0.3346934366790769,0.375908050542165,0.2867367692351533,0.3181775462860574,0.27292989629618697,0.31002012625276393
126,0.3340685249316855,0.37514989218015454,0.2865946822880772,0.31796149780936456,0.2729188201115486,0.30996409585608786
127,0.3334789504281358,0.3746440504318342,0.2864845418745192,0.3177559972021663,0.2728881945706064,0.30993068655948247
128,0.33285806555489883,0.3740169348291769,0.28633473166682893,0.31753119002173114,0.27280690019225395,0.30993824007869536
129,0.33229077060297135,0.37332067208732284,0.286213240758779,0.3172262740240525,0.2727670466683476,0.3099947078605364
130,0.3317934463053319,0.37275893686467354,0.2860663015114708,0.3169624609023028,0.27267558997020386,0.31001750139973616
131,0.3312345205792723,0.37217103872499974,0.28591672317889666,0.3166830504138749,0.27259512701024813,0.3098558260035721
132,0.3307639302984412,0.37175039144980776,0.28576519814133017,0.316549131699945,0.27252229925682625,0.3098766693418523
133,0.33022250762741073,0.37109890959597075,0.28565144771584866,0.31638701599592334,0.2724129858073372,0.30977236293898774
134,0.3297394465784029,0.3705732804365653,0.2855290381412911,0.31624416602592065,0.27229559348810484,0.30985040594993263
135,0.32926922905456213,0.3698791977868033,0.28541393481059707,0.3159843406997331,0.272286830497759,0.30986340931797757
136,0.3286963322103828,0.36928727151729923,0.2852961131835704,0.31581058331450707,0.2722825897881516,0.3098723102922732
137,0.3281549097841004,0.3687923412282033,0.2851561030897728,0.3156805655522715,0.27219043274131016,0.3098513970168764
138,0.32765875547183987,0.36824147976329275,0.28503863074491265,0.31548726287941237,0.27211117960383596,0.3098388476693498
139,0.3272120408548499,0.36778216992580975,0.2849044323127591,0.3154142373763511,0.2720519856759734,0.309877812053038
140,0.3266822183809074,0.3671156866252514,0.2847481173563436,0.31528355885182646,0.27197543230033994,0.3097331380548476
141,0.3261997126677019,0.3664752283135723,0.2846489371521769,0.3150940495163402,0.27180352442553835,0.30974102690188215
142,0.3257175130310554,0.3659099485294172,0.2845521450481454,0.3149576567531736,0.2717994574449523,0.3097498792677835
143,0.3252405144317452,0.36531437550144086,0.2844413011540715,0.3147790001035541,0.27171560448406606,0.30976491633739833
144,0.32478286361791314,0.3646974355982773,0.2843011507920117,0.31457913227888135,0.27171164545981097,0.30977664854914455
145,0.3243366921223678,0.36411506623177337,0.28418833944534316,0.31444868550058874,0.2716173421225246,0.30976339030541206
146,0.32387012522197184,0.36357411076050367,0.284086272020651,0.3143316328707532,0.2714775322138518,0.30984082617508146
147,0.3234555771137605,0.36319431583451567,0.28400478820235364,0.3142114453534429,0.27140124910286295,0.309816085001613
148,0.3230344453005567,0.36257306975038345,0.2838970672390309,0.31411481324091284,0.27137618864894475,0.30981632968633716
149,0.3226424353231984,0.3620984998331684,0.2837958708898433,0.3140904547601455,0.271273171819576,0.3097046878700461
150,0.32222498718689974,0.3615962339941456,0.2836818556590725,0.31399840352878594,0.27108544511777916,0.30970457327244866
151,0.32180573450434413,0.3611153257177884,0.2836069611231755,0.31390598793160035,0.27105573890958146,0.30958603966581894
152,0.32131732834516075,0.3606135770879987,0.28351656586530954,0.3138337995539637,0.27090411636214734,0.3094082528555702
153,0.32091239049445097,0.3601574144831886,0.28339583164583926,0.3137287203614176,0.27077629928006663,0.30933127263759297
154,0.3205032385871016,0.35974078645897745,0.2832580595371256,0.31369409875636556,0.2707123432643289,0.3093178242163715
155,0.3200293474899347,0.3591837580916872,0.2831453613212219,0.31367641864887735,0.27066873865982294,0.30930832418376
156,0.31967129870992356,0.3587907649925644,0.28308644936265814,0.31358966599638716,0.27058460389043,0.30938834251685987
157,0.31926052417099443,0.35822111788579136,0.2829991873717122,0.3135018144217369,0.27057678291608056,0.30934671700504623
158,0.3188659489221007,0.35778199687603135,0.282951777199676,0.3133051580008196,0.2704912228511578,0.30925707097944993
159,0.3184568416040849,0.3573502655552898,0.2828408950808844,0.31325863770271983,0.2703999302002843,0.3091498263932101
160,0.31806596067597415,0.3569253650820125,0.28276101519420904,0.31317724020430393,0.27033756449801527,0.3091460194271886
161,0.3176958354786732,0.35648743113897713,0.2826906309878964,0.313072224075748,0.27021298952664824,0.3090445772964472
162,0.3172977254417498,0.3560275064973512,0.28262748674778027,0.31279585204136867,0.2701959518522218,0.3090523238074029
163,0.316959377225853,0.3556999435028131,0.2825177051815266,0.3127831311529726,0.2701545008716696,0.3090875247241627
164,0.31658453127264125,0.3552895129723668,0.28245367557400786,0.3125964730469733,0.27005381353765406,0.3090492007983445
165,0.3162027463392712,0.35497087376151204,0.2824092217452621,0.31247914128815213,0.2699641705205709,0.30900033422811796
166,0.31584548787041006,0.3546014272544229,0.2823327092687607,0.3123770870073423,0.2698289251333379,0.30915355838381475
167,0.31555785476192777,0.3542808331349399,0.2822753806998075,0.31233211952321294,0.26972778297058836,0.3090878500780942
168,0.3152111559578433,0.3537682621792988,0.2822008707134266,0.3121857755766652,0.26963734749657564,0.309078943748498
169,0.3148962652102274,0.3534519626615717,0.2821303582213963,0.31208425565434667,0.26955995889118695,0.3089704573646201
170,0.31457330596982874,0.353060803696889,0.2820639942174534,0.31206902787376334,0.26950761840411736,0.3089058111978167
171,0.3142003333164123,0.35269739624600904,0.28197792623726686,0.31192758201642545,0.26947961465208503,0.3089048940979717
172,0.31387055190463997,0.3523675298766172,0.2819101788728546,0.311964302355652,0.26939424430727055,0.30891622767094495
173,0.31356565481983173,0.3519953559778316,0.28186077526874814,0.3118572412610975,0.26931390008675615,0.3088360175161624
174,0.3132255623323038,0.35158607442026907,0.28175003302172563,0.31182038516029065,0.26924021818172195,0.3087408644394995
175,0.31291520073078777,0.3512222729509917,0.28168733163691945,0.3117396737506325,0.26923704469092197,0.3087388725494601
176,0.3125856293263447,0.3509645066848939,0.28162979900855206,0.3117014143852799,0.2691705577069609,0.30874724457911373
177,0.31229206855415514,0.3505729768603742,0.28156189804947274,0.3116446869574501,0.26911905445201495,0.30868116940814677
178,0.312004119997793,0.35013282655816386,0.2814934421826373,0.31161254879671474,0.2690509758278083,0.3087712387968948
179,0.31167716923277955,0.3498238910970526,0.28143632282819186,0.3115300009096176,0.26904422987171406,0.3087351046394021
180,0.3113306959478004,0.34948844108331323,0.28137662347426623,0.311489248056655,0.26891814344713577,0.3087122501210433
181,0.31106313751915843,0.34917224267966307,0.2813507409247134,0.3113919295863755,0.2688665951598596,0.3087089634522409
182,0.3107736335073519,0.34889794665888263,0.28130738853167175,0.3112147095408531,0.2687916453515501,0.3086364338925617
183,0.3104800475629917,0.34844548360923455,0.28124562008787135,0.3111677071765416,0.2686877140371514,0.3086174457331238
184,0.31019193709292237,0.3481542234141471,0.2811782920168259,0.311206387113565,0.26859565908085975,0.30872295556917223
185,0.30993977529468414,0.3478805720565845,0.2811304785063848,0.3111165305739768,0.26854951441959996,0.3086195639337172
186,0.30966180353186334,0.3476213267298777,0.2810325034004169,0.31113798041084545,0.2684884858815481,0.30859718463265207
187,0.30939356767957293,0.34719440385030476,0.2809696508064329,0.3110974685240434,0.26838746788684126,0.30856214210178334
188,0.3090925966981578,0.34682258543741934,0.2809020367672925,0.3110207679855531,0.26826793489029316,0.3086364513888579
189,0.3088193958791843,0.3465224349753013,0.2808428359282537,0.310972488548074,0.2682636204698713,0.3086431172929098
190,0.30857365784033497,0.34621965691669665,0.2807951715479879,0.3108874697930779,0.26821891795778174,0.3084977430242006
191,0.30828169586311716,0.34589266763056403,0.2807078416385362,0.31089962432713814,0.26821586925242724,0.30849426582091755
192,0.30803019542434545,0.3455796117868549,0.2806501320495034,0.3108123459806193,0.26821413947678135,0.3084940289271996
193,0.3078299143369138,0.3452369505198257,0.2805939847986025,0.31077445491689343,0.2681186803837586,0.30855968958114155
194,0.30755440626054287,0.34496405226747234,0.2805088052240198,0.310699321513321,0.26798569409038747,0.3084870587012469
195,0.3073215930165434,0.3446584658931023,0.28047473840009557,0.3105905344662558,0.2678875195448765,0.3084963094893856
196,0.30707219784369927,0.344410282980109,0.2804003519894737,0.3104911149298981,0.2678074050969595,0.3084907490121325
197,0.30685757504442757,0.3441387688563937,0.2803412052923426,0.31048435375083544,0.26776307918920705,0.308484551900766
198,0.3066361543217194,0.3438387743142706,0.2802946079016644,0.31044542633504707,0.2676863494593016,0.30842400723604274
199,0.3064294412585441,0.343559797268789,0.2802107414475456,0.31042693276846733,0.26757068757575836,0.30848079702586273
200,0.30618561464793376,0.3433624839111572,0.2801343677560835,0.3104488695365511,0.267466015088635,0.30846247341194755
201,0.3059732060544915,0.34304232521886596,0.2800561240480423,0.31047185015463025,0.26740642181697877,0.3084174571996211
202,0.3057741989290455,0.3427102775310883,0.2799939589912833,0.31046206692232875,0.26731594540022996,0.3082670262106487
203,0.30557017524739566,0.34243365081659105,0.27994268791787086,0.31042802288815624,0.26731236913075773,0.30828319483217637
204,0.3053581011291322,0.3422306147374683,0.2799073147548455,0.310328537614474,0.26723594889229557,0.3084436825428734
205,0.3051649402332436,0.342008276367391,0.2798584684535142,0.3102861125424865,0.26719607930894784,0.3083545545588689
206,0.30493901279042956,0.34174934913494426,0.2798278988819309,0.3102285744111534,0.2671736107983692,0.3082823233129095
207,0.304711042606369,0.3415588076304445,0.2797671072488608,0.31019183965109925,0.26706305982333983,0.30827444598299014
208,0.30449263088987916,0.3412646839770703,0.2796882832601312,0.3101737376236429,0.2670607015339801,0.3082253861897624
209,0.30426849625445807,0.34092280861883567,0.27964326177028115,0.3100921615696099,0.2669671123907302,0.30816961291188744
210,0.3040670795375461,0.3407097306996742,0.2795622024039344,0.3100905916104733,0.2668803410585086,0.30808573409781287
211,0.30389477840176465,0.3404630564648926,0.2794843567447793,0.3100541803655852,0.26682327205950607,0.3081116590203764
212,0.30373216927463287,0.340169449652004,0.2794435360617441,0.3099605934204246,0.26675805588812695,0.30813033509927495
213,0.30352417421596894,0.3399235564228266,0.2793740142666808,0.30990429675259257,0.2667022579391215,0.30817089925876284
214,0.3033344526581989,0.3396624788665483,0.27931169584890964,0.3099211921562838,0.2665234279546066,0.3079835230072277
215,0.3031170609391979,0.3394505535291054,0.27925914412709624,0.3098907020358702,0.2665205518005698,0.3079942739931812
216,0.30292782978073696,0.3392035927853766,0.2792124271094576,0.3098727882334042,0.2664674639783324,0.3080727165047938
217,0.30276181053258644,0.3390347353757811,0.27916622945247827,0.3098455551011195,0.26641617569373693,0.3080099569039679
218,0.3025857903367288,0.33878742571941634,0.27912295791975494,0.3098310247123937,0.26635615047660227,0.30819089892679813
219,0.30240136299400133,0.3385090133605551,0.2790821478288146,0.30972413870321724,0.2663342539029057,0.3081531798455042
220,0.30219861957164124,0.33824650001827755,0.27901385772910525,0.3097192822145167,0.26619702909611953,0.3080108899772219
221,0.3020153618674896,0.33802800240077985,0.27897841805171847,0.3096843449224819,0.26611988823650407,0.30802899248251364
222,0.3018394847069113,0.337872634769331,0.27889959314834084,0.30961201456474907,0.2660356719504942,0.3080040532778093
223,0.30170170769874066,0.33766413160667524,0.27883971358659876,0.3096037542069567,0.26603355817733654,0.30801509773740876
224,0.3014982855559925,0.3374643657600825,0.2787843248635591,0.30956765685423104,0.2659923696350837,0.30805932726786517
225,0.301308960206897,0.33726088839812923,0.27872247678714257,0.3095658141202103,0.2659003671766654,0.3080887642008313
226,0.30115334173594277,0.33710130315855064,0.2786721282633798,0.309553772333448,0.26587472311516225,0.3081305844951847
227,0.30094245575348605,0.3368931472851672,0.27863344714944743,0.309433968026125,0.2658731591602929,0.30812679012728905
228,0.30077457940758145,0.33664870482546155,0.27857301467541157,0.3094256267760904,0.2657662369856686,0.3082096986031218
229,0.3006012301452866,0.3364976754846013,0.27853196202620145,0.3094082686641033,0.2657127531979407,0.30813774011450695
230,0.3004358630627373,0.3362943606696028,0.2784785153003178,0.3093833136182325,0.2656383727445842,0.30815208667715377
231,0.30026168932929237,0.33613271495189473,0.27843856555766205,0.3093035220638218,0.26556537192061075,0.30811103571292964
232,0.3001067293165448,0.33593995188686965,0.2783903609512611,0.30928468522397295,0.2654907416297558,0.3080763192681825
233,0.2999056590616941,0.33573214508129456,0.2783309669700179,0.309294625455754,0.2653991367884815,0.3080583353699895
234,0.29974606675377546,0.3355484705120588,0.2782816972006311,0.30924646779224974,0.26530400566062823,0.30811547165001163
235,0.2995986296069376,0.33529654969633305,0.2782460227827393,0.30918235578807907,0.26525563033504107,0.3081631468476821
236,0.2994474408785675,0.3350759184342397,0.2781947834280584,0.30918789766358423,0.26519377807713396,0.3081273950462564
237,0.299295221689568,0.33488042851718475,0.27815546021100257,0.309185639586552,0.265191661425306,0.3081265309792782
238,0.29914955322627246,0.3346368892058417,0.27809910396577636,0.3091201310093892,0.26507537598235864,0.3081629415295913
239,0.29898964890492613,0.33441701197338747,0.2780617473043219,0.3091284846057679,0.2650120322408908,0.3081581945572383
240,0.2988241475505765,0.33423586473876743,0.27801671806685524,0.30915025376625077,0.2649703517931085,0.308170250879985
241,0.2986535275899247,0.3340049554950429,0.2779959806076107,0.3090700833892765,0.2649413029392022,0.3081201576014976
242,0.2985116381807656,0.3337787005374389,0.27795664546114546,0.3090706741735925,0.2648685607881726,0.3081228736331821
243,0.2983480565210141,0.333549303919908,0.2778816620473413,0.30904979483538436,0.26479257030704023,0.3081510359794815
244,0.29820065359564,0.3334047179400524,0.27783859187346815,0.3090330767431245,0.2647095226645769,0.3082406998488081
245,0.2980715967696843,0.33327674688947695,0.2777980981193584,0.30903130089873293,0.26463701154502717,0.3083875990440667
246,0.29791804633559227,0.33303127555079437,0.27776330134492777,0.30897684056604785,0.26456785558805246,0.3083302383317768
247,0.2977762052500382,0.33285773297359467,0.2777223992935523,0.3089479027888534,0.26449251352661984,0.3082651601042827
248,0.29761364106230087,0.33267753094180996,0.277689472299825,0.3089268290471874,0.2644675528954159,0.30826810690385154
249,0.29749404891542913,0.3324941203535133,0.27766214119514615,0.3088533761835925,0.2644033608646318,0.3082603385726925
250,0.2973505869459241,0.33221014217713984,0.27762415321273815,0.3088251164425181,0.26439585009053346,0.3083108342653438
251,0.29720695965118776,0.33204889551839883,0.27755372518877264,0.3088603980582103,0.2643354215096909,0.30825843166722583
252,0.2970724440880344,0.3318863534283726,0.27751005671603085,0.30884063269262235,0.2642628649843472,0.30822550137350874
253,0.2969367480499308,0.3317465013515462,0.2774771656259694,0.30877711716294354,0.2641714648791649,0.3082012907444019
254,0.2967931617243627,0.33150302270950627,0.2774230486756643,0.3087681223119559,0.26409794641599654,0.30817318121433906
255,0.29667650836954523,0.33133584964796203,0.27739816737757206,0.3086783416671474,0.2640018911578233,0.30812633998755384
256,0.29651065337265714,0.33117841198713216,0.27733987336058186,0.30869948359792393,0.26397210422620143,0.30815613390746377
257,0.29638879440951577,0.33104927664656203,0.27730604304049267,0.3086797136435911,0.26387631554563384,0.3082547810614447
258,0.2962638951886944,0.33085073273100246,0.2772653909406527,0.30866087816724913,0.26384705919279766,0.3082115022011872
259,0.2961166428021918,0.33068824461146734,0.2772211250128994,0.3086016552633045,0.2637735465591421,0.30826131660649914
260,0.29600769516881603,0.33051615585763366,0.27716900533353117,0.3086058031635056,0.2637117090281271,0.30829947767953453
261,0.2958841856937725,0.33033786848031294,0.27711506822287046,0.30860749471247745,0.26367647122403065,0.3083331715009719
262,0.29579921405929976,0.3301937186451968,0.2770856865992554,0.30849656291499883,0.2636355651037769,0.3083909350677508
263,0.29568533142461145,0.3300676152490927,0.277046263959808,0.30848536495433826,0.26355387077558207,0.3085320244892999
264,0.29556742263007474,0.32994451963073457,0.27698589120232,0.3084334548187993,0.26351038282995765,0.30850837621653
265,0.2954399135637201,0.32971712796346525,0.2769578950495139,0.3083785346118191,0.26349852566146853,0.3085274441138055
266,0.29534821759575036,0.32954171819107947,0.2769020016222007,0.3083992619389695,0.2634487447232771,0.30863770634944765
267,0.2952302624861638,0.32936565184718064,0.2768619685157084,0.30840348613763646,0.26342146007842165,0.3086665671587504
268,0.2951168204473262,0.3291869867326654,0.2768122047748248,0.3084065382960793,0.26333132371272217,0.3087023262167227
269,0.2950286869920189,0.32904711620058114,0.27678566615235356,0.3084071091238703,0.2633285316574506,0.3086819163754564
270,0.2949165933833641,0.3288461026099027,0.2767318389745206,0.3083951741783261,0.26326426252900814,0.30869333331812765
271,0.29479617882769577,0.3286452354360193,0.27669222135494514,0.3083963644199918,0.2631872077823588,0.3087305141617839
272,0.294698596741666,0.32849431149335623,0.2766672891027567,0.3083710128172397,0.2631440211284555,0.3087553803462355
273,0.2945950477517302,0.32836059628464764,0.27664023676366556,0.308362727979167,0.26305959902409193,0.3087665623619239
274,0.2944861826869088,0.32824742612217306,0.2766062855153411,0.3083541167744433,0.2630015591792877,0.30874202131907724
275,0.29438034693054077,0.3281414445304845,0.2765553231960266,0.30834283154451797,0.26299403971859675,0.30876427485527663
276,0.2942577162250651,0.3279714080657709,0.2765194854562815,0.30835390235805926,0.26284757977355555,0.30875965720588117
277,0.29415449209175515,0.32779241772709405,0.2764827940774679,0.30835387745765447,0.2627480480047314,0.3087665124163866
278,0.29404344942935934,0.3275887434414292,0.2764509105193348,0.30832174314861793,0.26267197387219693,0.3088428139106712
279,0.29396862310677147,0.32748046644555734,0.2764283868373373,0.3082735978303971,0.26258065041617373,0.3089334564587102
280,0.29387938165727456,0.3272974753958233,0.2763954105122279,0.3082550182789059,0.2625206022168391,0.30898030140774435
281,0.29375599462466856,0.32718896737088576,0.2763609396495271,0.308262511788838,0.2624471452961359,0.3089783860212814
282,0.29366319121527834,0.3270281938215715,0.27634505883623306,0.3082616724947362,0.26240016101063657,0.3089215989483211
283,0.29353017852197666,0.3268863747705634,0.2763125519579219,0.3082456308005302,0.2623570253805448,0.30893397473931256
284,0.29343466770267274,0.3267278313643152,0.2762825123874093,0.3081841242339514,0.26226628719650463,0.30887410092001166
285,0.2933254852324607,0.3265724034285715,0.2762542141428519,0.30815949675131804,0.2622649467638314,0.3087882041636355
286,0.2932563254444909,0.32645695947627473,0.27622105311908035,0.30815772385194656,0.26222681891816635,0.3087902039672221
287,0.29318072377639653,0.3263225256660279,0.27616647591582033,0.3081913913168014,0.2621577182017162,0.3089516368557606
288,0.29305828368101056,0.32613894264653176,0.27612981916516577,0.3081608245482887,0.2621302871852996,0.30896088783236914
289,0.29296552409561,0.3259385957665971,0.2761080908659473,0.3081574717885985,0.2621100546555063,0.3089808571867472
290,0.2928867281774097,0.3258542548138021,0.27605711635424457,0.3081700436330892,0.26202816411387264,0.3089319843481097
291,0.29278658774725275,0.32576669404411196,0.27601770148443777,0.3082129363950837,0.2619009223262428,0.30891511306121056
292,0.2926919165682429,0.3256857793410646,0.2759708277708632,0.30818195923172603,0.2617967255059998,0.3089701204234172
293,0.2926148355950682,0.3255528948058056,0.27594396397223636,0.30817671583057593,0.2616657444663021,0.30874845002821993
294,0.2925176840234771,0.32544310502002927,0.2758862594949474,0.3082352494643734,0.2616477450739561,0.3087276993280519
295,0.2924183534921477,0.3253242186261319,0.2758631683893225,0.3081848550220038,0.26160700475418913,0.30873147015221014
296,0.2923098573341607,0.325154299100628,0.2758341902125379,0.3081341848575171,0.2615420773523945,0.30878845645805103
297,0.2922160884538315,0.3250603417102421,0.2757934060764023,0.30811881509162553,0.2614978913332886,0.3086999431594435
298,0.29212942302317585,0.3248981923071609,0.2757741931175008,0.3080256591007416,0.2614915898487312,0.3086737101606687
299,0.2920332128154869,0.32485284490285776,0.27573403164510274,0.30798220763756634,0.2614806701073994,0.3086752422118252
300,0.29194286927078045,0.32477560253852383,0.27569242314598497,0.30800412460034765,0.2614429506597287,0.3086761562422604
301,0.2918624064874427,0.32468076751388686,0.2756700893926308,0.30805085845911195,0.2614031289390722,0.3086900833254469
302,0.29177075145411385,0.32458759729576003,0.27563243121816494,0.30805234699621764,0.2613493667824085,0.30866921547058845
303,0.29168020251131066,0.3244687204434006,0.2756071775672087,0.30804629760189933,0.26123909939282763,0.3087339347356851
304,0.2916126538022076,0.32433586595865477,0.27558433103330937,0.30803574654474325,0.26115417062786506,0.3087588087284483
305,0.29151644235019114,0.32422582572651704,0.2755530553286577,0.3080514774763732,0.261111959047219,0.30875237757963514
306,0.2914231939718599,0.3240910036485899,0.27552089829713367,0.3080440049531774,0.26106682612521676,0.30862812493617914
307,0.2913265350724567,0.32399962220552725,0.2754936295283736,0.3080413676233392,0.2610283464996579,0.3086170845675722
308,0.2912185066181314,0.3238962874545553,0.27545674858960034,0.3080505372057559,0.26092725214209783,0.30868828580078295
309,0.2911323605296724,0.32379101264205723,0.27543360652579957,0.3080399633509571,0.26086138220287886,0.30873124709396343
310,0.2910523153154206,0.32363842175079865,0.27540671541717826,0.30802037102157753,0.2608304929645296,0.30874047655066555
311,0.2909603110619375,0.3234857289974162,0.27536673954852126,0.30801250577677247,0.26073986907051927,0.30879702253748886
312,0.29090386693236,0.3234025906693633,0.27532892032169726,0.3080064734772821,0.26063097194958385,0.30863602637462373
313,0.29083696313907315,0.32332008275898594,0.2752986895525632,0.3079982986160338,0.26056496121602785,0.308571898474248
314,0.29076181706794435,0.3231915885705272,0.27525089608980635,0.30797885800500246,0.2604903612455142,0.3086377040842144
315,0.2906994634341058,0.32314889986691353,0.27522426072923495,0.3079745277872588,0.26041662600626886,0.30867850559001164
316,0.29062377804459527,0.3230548421585214,0.27520327382705717,0.30795595293453687,0.26030388770824925,0.3086757768275536
317,0.29055222334529107,0.3229813266923484,0.275174249674073,0.3079629666153942,0.2602690200204458,0.3086544843663769
318,0.290484166719135,0.32293044087432415,0.27514612224658025,0.3079792143478889,0.26023843748436265,0.3086979924731556
319,0.29041228773339633,0.32283191218372165,0.2751060581859266,0.30796141452216647,0.26014462218921536,0.30872556436911397
320,0.29033189809058707,0.3226551859176257,0.27508921185971713,0.30790814710471975,0.2601090361131793,0.3087319211604495
321,0.29026528282864605,0.32257342510035303,0.27506553243618254,0.30789436739467296,0.2600728731538772,0.30867787804927843
322,0.29018911623644505,0.3224742368503987,0.2750367405153305,0.3078729363473829,0.25997636722661754,0.3086031697572741
323,0.2901149197660117,0.3223888064506624,0.27500457025166536,0.3077973715635202,0.2598558773625204,0.30870349345481385
324,0.2900519104895706,0.3223257247208461,0.27497637527457225,0.30778243238215,0.25977895748793817,0.30880011572899696
325,0.2899902699406627,0.3222590804799994,0.2749462865513063,0.3077670261244125,0.25970415610440883,0.3087686758461049
326,0.28994456516464656,0.32217180149421776,0.27492413812268085,0.3077435921446019,0.25962303955031296,0.30871011090628625
327,0.28987693979067736,0.3220333857172264,0.27489412747211667,0.3077439528547798,0.2595607926869863,0.3086550939022525
328,0.2898050835145791,0.3219165048038052,0.27484259335436456,0.30772316647283265,0.2595302435855482,0.30859913512977843
329,0.28973620467217776,0.32186276074485676,0.27482343487503574,0.30774641918205276,0.2594634656008227,0.3087089261762879
330,0.2896726327108279,0.32173296284444636,0.2748012288639543,0.30775179361182203,0.2594411766631178,0.3087275894531591
331,0.2896119027328275,0.32162782044415755,0.2747748667868857,0.3077675825317505,0.2593871259250101,0.30874692502595263
332,0.2895636720296061,0.3215505536668753,0.2747620956201467,0.3077776546722158,0.2592935416730669,0.30875363726862426
333,0.2895062912005735,0.32141726749711963,0.27471975030379864,0.30777090776001803,0.2592283950889633,0.30880145776024653
334,0.28943960774866906,0.32132556192498224,0.2747003752255068,0.3077840521195405,0.2591820270071615,0.30884062537034723
335,0.2893721330708568,0.32123649399589854,0.2746733697561518,0.3077658845075606,0.2591173145027587,0.30885405612023087
336,0.2893076682058728,0.3211536563348201,0.27465633502239084,0.30776506784810903,0.25904794674022513,0.3089188844805673
337,0.2892556285802799,0.3210635828388976,0.2746445141605556,0.3077097210572958,0.2589958493836121,0.30888706957701756
338,0.28919468685834576,0.320988856657032,0.27460708142657975,0.3076697128066619,0.25894905137383967,0.3088892355396635
339,0.28914680996888675,0.3209437547067096,0.27458497745879606,0.3076436969189681,0.2588717489368413,0.30884616427964995
340,0.28909774565481106,0.32086393726209966,0.27455042883625347,0.30766328875476684,0.2588214219444337,0.30883890225328375
341,0.2890299419430338,0.3208028499052632,0.27452216500998455,0.30766083152972523,0.25876304406286876,0.30885616847035163
342,0.28896333455654094,0.3206927311028099,0.2745062603710258,0.3076505204969113,0.25871299853902424,0.3088289501514608
343,0.28890902869152785,0.3206234564210581,0.2744656316107845,0.3076515154142387,0.2587045619819949,0.3088344080548466
344,0.28884232291290707,0.3205858160134115,0.27442275009926126,0.30763853532463104,0.25862275045865873,0.3088240475249853
345,0.28877565834587615,0.3205400044495557,0.27438813025476616,0.30763160083202307,0.25858682045488424,0.3088300947324303
346,0.28869881547829873,0.3204327384854382,0.2743728063439495,0.30762093510135535,0.2585408314186163,0.3087838410797037
347,0.28863044035591695,0.320321559351668,0.2743388874381098,0.307624528833366,0.2584626512337537,0.30889989405337215
348,0.2885665662693565,0.3202566513588234,0.2743018719324427,0.30757991446683347,0.25839654246284177,0.30897827649010984
349,0.28850970568165857,0.3201877706656185,0.27427189096938565,0.3075747225474136,0.2583685942662406,0.308986347837795
350,0.28844925991209985,0.32013067082849544,0.27425480294588434,0.3075617768309901,0.25831896538263366,0.308970957967465
351,0.28839497232674166,0.3200057853131385,0.2742082502792602,0.30754933344127644,0.25827088045516877,0.30896641223030946
352,0.2883352025818108,0.31992059269937617,0.27418437969140236,0.3075569057890917,0.25825945843677994,0.3089383799598827
353,0.28827467506779936,0.31985657550086455,0.27415360711454084,0.30755706429184065,0.2582352602677807,0.30892969998336695
354,0.2882342480447174,0.31976255090327504,0.2740938675673101,0.30757189643312466,0.2581867573992571,0.30900587188868317
355,0.288179895745101,0.3197217611304031,0.2740791240923768,0.307551315168509,0.2581314040746025,0.3089573122126131
356,0.28812297931781,0.31967415353877443,0.27405761380053895,0.3074824807616271,0.2580738608053704,0.30896744868901205
357,0.28807465570890006,0.31962081949879767,0.27405137110574834,0.30745998756484305,0.2579767748818829,0.30892707017474036
358,0.2880175043192716,0.31954677950291643,0.27402375383293726,0.3074620764492375,0.25788117062296934,0.3089382756144733
359,0.2879627168973624,0.31941797959608464,0.2740084370996486,0.30744492522422173,0.25779357745447673,0.30900247203385633
360,0.2878977765357726,0.31932163790667695,0.273969441463338,0.307480270287495,0.2577569068612002,0.30900368716927185
361,0.28784091947492396,0.3192484776154139,0.2739397684975251,0.307503018802662,0.2577021171543256,0.30901121155895606
362,0.28779629231181103,0.3191787199710657,0.27390738714913976,0.3074247914608658,0.2576034733957629,0.3090234547056463
363,0.2877285352576608,0.31909799972116004,0.273880852322845,0.30741211181134515,0.25753953783478767,0.30898253901942413
364,0.2876756739564851,0.31900675950701085,0.2738661155273204,0.3073549770255739,0.2574915974108977,0.30893581043861285
365,0.28761749769595146,0.3189580910793563,0.2738387986655939,0.30737929596802005,0.2574708637810105,0.3089169434702749
366,0.28756748182548714,0.3188825250844715,0.27381137102784897,0.307393437710584,0.2573946439578599,0.3089067124145323
367,0.2875054293833426,0.3188155338649425,0.2737849242224181,0.3073668676580448,0.25732158288838897,0.30891085741461205
368,0.287454118028731,0.31871197196284995,0.2737597904531308,0.3073723075888015,0.25727794749850386,0.30889281244328615
369,0.2873898793668382,0.3186785708018742,0.27373750458867174,0.3073723484020819,0.2572169619362275,0.30877340579382706
370,0.2873409873078215,0.3186232598245818,0.27372093323361063,0.30733790630910196,0.2571799731814541,0.3088139284403157
371,0.28728874068504623,0.3185895967041,0.2736899373208254,0.30733029557561437,0.2571468835872908,0.30881773306984955
372,0.287235273443633,0.3185267949749178,0.27364920299816503,0.30729114494586507,0.2570942298483452,0.30883027394734053
373,0.28717985407327246,0.3184424160473964,0.27363323495263486,0.30730862384725305,0.2570744933754204,0.30881159090261656
374,0.2871243628786656,0.3183550577133567,0.2735998248722604,0.30731358065359,0.25701278666170585,0.308793966215721
375,0.2870644838362541,0.31832636534968667,0.27357595443650684,0.30730623999204454,0.25696907325002605,0.30890837643457125
376,0.287013902972847,0.3182306621401994,0.27355102022415967,0.3073075746986852,0.2569104450517255,0.30896918132734386
377,0.2869503585775016,0.3181384348395604,0.2735176223969131,0.3072963662293079,0.2568264086628792,0.30899185600640594
378,0.2868930481387105,0.3180622624954737,0.273454231827018,0.3072993067512307,0.2567969940314176,0.3089567066282364
379,0.2868331318612432,0.3180152294243909,0.2734298249043528,0.3073011351540713,0.2567417982348952,0.3089532559382797
380,0.2867800574525873,0.3179781577449642,0.2734092459338009,0.3072655022448514,0.25669533383186005,0.30890525540063807
381,0.2867387280011283,0.31789044108352654,0.27338833032765014,0.30727114592189686,0.2565926006708661,0.3089004241538038
382,0.286686844639496,0.3178540736737673,0.27334536718507196,0.30724574296063994,0.25656137427664355,0.30888971689250777
383,0.286634475515985,0.31782052646389514,0.273310420795069,0.30727869522872225,0.25651486482606134,0.30929962368035413
384,0.2865902752092575,0.3177554771932722,0.2732793857798564,0.3072699498138133,0.25647937651791886,0.3092512318632866
385,0.28654120045009407,0.3177256067688809,0.27325189221326285,0.3072518653729776,0.25645748583564293,0.3092709129835039
386,0.2865008758397786,0.31769833445131984,0.27324199786647335,0.30725436496426023,0.25641761168329213,0.30934564836332695
387,0.2864483774261927,0.3175845878159932,0.27322178458419044,0.3071709441175205,0.25633683400382745,0.30928102697423016
388,0.2864060947711525,0.3174906658016496,0.2731771052684503,0.3071474352432231,0.25631534291606684,0.30929679353218215
389,0.2863578043977848,0.31746371730121514,0.27314552258395086,0.3071045187712737,0.25628106068233514,0.30932500120700146
390,0.2863010835856305,0.3173684434227088,0.2731118255841937,0.3070870806961398,0.2562115917901161,0.30930788400673437
391,0.28626024237481346,0.3173193372970444,0.2730806528386733,0.3070890050247208,0.2561546386038291,0.3095214403492579
392,0.28622481252473386,0.31723695432395016,0.27306815843784876,0.3070797259007755,0.256086438634022,0.30951634304448356
393,0.28617135801917415,0.31720308930288005,0.27302609125674776,0.30705208927131006,0.2560297466584713,0.3095769430917109
394,0.2861197081524845,0.3171745166375094,0.27298644363111435,0.3070262985192471,0.25598069985940414,0.3095992625318454
395,0.2860742434237802,0.3171567186296627,0.27295941778036115,0.3070114859807141,0.25592333412430984,0.30957324611987175
396,0.286028496729721,0.31709063079403127,0.272937264948391,0.30697284589699025,0.25588055343988153,0.30957446219120455
397,0.2859839260491832,0.3170277264168635,0.2729181242758354,0.3069717193015828,0.25584912030367096,0.30957444149000846
398,0.28594322712111014,0.3169576065367002,0.27289763948849566,0.30697011067720886,0.2557951365987459,0.30960609186163907
399,0.2859003750113049,0.3168816078301926,0.27287805798360965,0.3068897713415507,0.25570661686180085,0.3095359279292525
400,0.28586632178255544,0.316786752102593,0.27285277130298274,0.3069359951193316,0.2556334889203723,0.3095743546675845
401,0.28582188199005354,0.31674354362743595,0.27281475253578474,0.30690432420255664,0.2555846405943319,0.30954158417819827
402,0.28578386476390133,0.31666295661048166,0.27279176983859416,0.3068966893700825,0.25552976956464424,0.3095057826248527
403,0.2857450387877294,0.31663658732309835,0.272754341709015,0.3068992383609145,0.2555237641396414,0.3095194885737725
404,0.2857073096370436,0.31656295063500184,0.27271832052911804,0.3068781402239786,0.2554550751771512,0.30952045033609593
405,0.28566718511925193,0.3165406482394141,0.2726886562508821,0.30686632908703987,0.25543486338526566,0.3095463102005124
406,0.2856281633509831,0.3164433322377849,0.2726609666721955,0.30685982107087917,0.2553958199826577,0.3095517812821646
407,0.2855866683247729,0.31636314788758313,0.2726270500706663,0.30686094353253296,0.2553714456829018,0.3095476378095634
408,0.28555193962225084,0.31631738939452275,0.2725731114928312,0.3068907951763127,0.2553183799039505,0.3094825713746171
409,0.28550794377355193,0.31627578278383206,0.27256362552056057,0.30689669149900456,0.2552619815321041,0.3094826981934634
410,0.28547216213936505,0.31621083036002773,0.27254157138988055,0.30690529646486675,0.2551878897454227,0.30942125934618636
411,0.2854339232041275,0.3161637249647713,0.2725289550186753,0.30692998190774906,0.25516587699920357,0.30943714524085575
412,0.28539542786488326,0.3160954457547643,0.27251732976823445,0.3069434441761396,0.255103251919027,0.30940050044166617
413,0.2853564927202471,0.31604034500031297,0.27249501460001696,0.3069382888344926,0.25505212746383493,0.309480454001797
414,0.28531266647887943,0.3159994576462342,0.27247286070125715,0.30694012268025817,0.2550078319512547,0.3094988519287833
415,0.2852624959445683,0.31597193037253823,0.2724264552993331,0.3069719826901947,0.2549649733625108,0.30955036087801424
416,0.28520345824089,0.31595250538291914,0.27237744116458784,0.3069282938780991,0.2549142421584783,0.3096013518319263
417,0.2851750458171463,0.3158760892521387,0.27235314190747656,0.30690652172008137,0.2548968308532661,0.3096024805988964
418,0.28513447356056515,0.31580124118308095,0.27231355637642096,0.30688451422513024,0.25482365633498383,0.30957708819887836
419,0.28509151551519585,0.3157440721164701,0.27229078952271857,0.30688827784830236,0.2547722928466908,0.309601258209877
420,0.2850485509363667,0.31570828002864537,0.2722721732412166,0.30688860397601997,0.25473069905454504,0.3095990860500597
421,0.28501403604790576,0.31562192604690925,0.2722553322927323,0.3068578127103587,0.2546810365642393,0.3095759511037248
422,0.2849823851746075,0.31557100585378717,0.2722285154088878,0.30683058270218394,0.2546581956227917,0.30951704597996677
423,0.28495088785459965,0.3155195617793812,0.272199853269504,0.3068159124670187,0.2546316361581988,0.3095171681057828
424,0.2849055116959439,0.3154975541616254,0.27219218100937137,0.30677113267990225,0.25455775225145544,0.3095570733401902
425,0.2848610440885469,0.31547226449833987,0.2721326218335985,0.3067581520383008,0.2545021427871741,0.30965183941222973
426,0.2848198178088467,0.3154172988892493,0.2721090511165358,0.3067393440621687,0.2544826492416897,0.30969486015802267
427,0.2847840076252099,0.3153654743523671,0.2720710228184838,0.30676182611310676,0.25446736239033096,0.3096795249417594
428,0.28474385893524556,0.3153487013223944,0.27205571891181307,0.3067561421959674,0.2544133582599545,0.30967821494759595
429,0.2846995629010649,0.3153190835927267,0.27201141171995347,0.3067408108313844,0.2543911460734538,0.3096469671306522
430,0.2846550223597224,0.31527771976820745,0.27199334214807436,0.3067294063216793,0.25433728325463295,0.30969309934092837
431,0.2846091088062013,0.3152318447467675,0.2719753177764691,0.3067333739647354,0.2543265746825248,0.3096995774608099
432,0.28458653602221806,0.3152054340074315,0.27193757057625856,0.3067409422640533,0.25428623637685055,0.3097101801751922
433,0.2845448695881295,0.3151751763484083,0.2719174095855566,0.3066861161802804,0.25424027306025804,0.3096269201747421
434,0.28451770341762994,0.3151608039394476,0.2718591914116605,0.30670009033075135,0.2541645909918935,0.30967310819732075
435,0.2844781872821346,0.31511728066563555,0.2718415247071513,0.306639401894154,0.25413386444208863,0.30958870088423235
436,0.28443849330032195,0.3150797593286072,0.2718135838975709,0.3066598754416894,0.25408353989845933,0.3095961413076321
437,0.284402220401316,0.3150427341585242,0.27179424004014047,0.3066078601727519,0.25406948906570476,0.3095478379069455
438,0.2843688378300151,0.31500429519701456,0.27176857979730124,0.30660323908328,0.25401394673878325,0.3095043069140837
439,0.2843456675270228,0.3149560463200031,0.27173244402057584,0.306620330148279,0.25398812252262715,0.30948851819737794
440,0.2843118050836861,0.314889241335999,0.27167692727528264,0.30663686922042127,0.25396100273317185,0.30943514987575005
441,0.2842659336687382,0.31485977233077905,0.27164662061316347,0.30666512466893014,0.2539213152385668,0.30931146909054236
442,0.28423235569621375,0.31479867353014895,0.2716273428863704,0.3066750647408322,0.2538883982347283,0.30932765801271084
443,0.28419235948307614,0.31472171311581265,0.27158767534000816,0.30665009253650405,0.25386657127444834,0.3093099325494359
444,0.284159193485392,0.3146673537556,0.27156867382918787,0.30657414308852776,0.2538568137383746,0.309313931887184
445,0.28412539603152354,0.3145623084409959,0.2715280594719685,0.3066050650081021,0.25379677702615455,0.30924679471262834
446,0.284096465465522,0.3145195994286768,0.2715264730494721,0.30661079028463567,0.25377006802074437,0.30918334271455805
447,0.2840645785699079,0.3144884841516729,0.27149554436152445,0.30655386153054726,0.2537516662584884,0.30917525528555667
448,0.2840372825914692,0.3144511637717977,0.27147515517842585,0.3065538709138422,0.2536941137447897,0.3091743195326918
449,0.283994793623942,0.31443438411655916,0.2714470497024016,0.30654813591474966,0.25365730799846264,0.309170342962028
450,0.2839545268744454,0.31442177448356246,0.2714212789449778,0.306541174854982,0.2536327218052598,0.3091769889683914
451,0.28393004172167957,0.31438806398631697,0.27141196479456325,0.30657356315245143,0.2536020852732543,0.3092000109767233
452,0.2838988369161779,0.314326439295819,0.2713841808953467,0.3065460534987981,0.25358894188088404,0.30920466588223244
453,0.283878384627876,0.31428944060431174,0.27135123865521416,0.3065692529133006,0.2535605712312558,0.3091838799758658
454,0.2838377615820162,0.3142413786273348,0.2713346217315255,0.30656778101961535,0.2535418013920885,0.3092143369805591
455,0.28379702456624917,0.31423293283803505,0.2713046432512095,0.3065563156251381,0.2534778602494796,0.309165613304378
456,0.28376678095410796,0.31422178067589496,0.2713008797189828,0.30654194943706653,0.2534612467105649,0.3091757784236903
457,0.2837264258457841,0.3141720438929461,0.27127692483864063,0.3065583248210357,0.25341550172156113,0.30907078408294314
458,0.28368933732628665,0.3141193879557344,0.2712515133583994,0.3065590914738796,0.2533670690813706,0.30915717947494603
459,0.28366533544698064,0.3140942094018542,0.2712228863830516,0.3065673644721862,0.25331556288442714,0.30917206673560854
460,0.28364086215713946,0.31404079304781285,0.2711665140708575,0.30661740211930233,0.25321263775001956,0.3090017801135217
461,0.28360312771145707,0.31398886928995723,0.2711433929570848,0.30660455484152327,0.2531992232279068,0.30896813080783647
462,0.28357098938058467,0.31396543527042803,0.27112000288257276,0.3065764603849953,0.2531880798085196,0.3089681720048773
463,0.2835325552525687,0.31391758187052793,0.271100203064527,0.3065782595426876,0.2531274304298942,0.3090355809915517
464,0.28349657157729585,0.31391247307602416,0.2710672794766005,0.3065952573185462,0.2530696208792081,0.3090137984281342
465,0.2834593006255359,0.313865809725901,0.2710317218044001,0.3065970940973103,0.25301596483931504,0.30913413009707336
466,0.2834273767443607,0.3138468979939242,0.2710024136200086,0.3065643366520953,0.2529657597283212,0.3091975344118407
467,0.283396413492756,0.31378645712101155,0.270964171765295,0.3065871619253519,0.25288928744540035,0.30921524987200505
468,0.2833576374638662,0.3137759377733979,0.2709617918960598,0.30659127245537304,0.2528733872486949,0.3091564137554844
469,0.28332905287312743,0.3137564604509775,0.2709340962072409,0.30656202706926067,0.25284503860305535,0.3091153974883132
470,0.28330055671847754,0.3137285769223071,0.2708913803089211,0.3066293064123679,0.25282120373647754,0.30907065189049066
471,0.28327668700167796,0.31364662345207733,0.27087218017310327,0.30661479520098267,0.2528142608761607,0.309106036295681
472,0.28324196574418514,0.31359332467702267,0.27083635613561974,0.3066082838499591,0.25278000871684086,0.3091232389376714
473,0.28321042271170743,0.3135589791266398,0.2707936664995468,0.3065740738868535,0.25273391574548504,0.309072844046663
474,0.2831879876453904,0.31351259817326926,0.2707704327242295,0.3065665022513484,0.25266540892994704,0.3089607988044271
475,0.28314812754349605,0.3134886348258979,0.2707366656096223,0.30657072881937114,0.2526186943231206,0.30896971364564285
476,0.28312254893318156,0.3134697968607353,0.270732931323313,0.3065541429915388,0.2525585464200877,0.30895151067447196
477,0.28308774289676597,0.31343690053023343,0.27072927508090583,0.3065381442457283,0.2525204752676143,0.30894263753325246
478,0.28305311305532516,0.31341730034763243,0.2707256950002052,0.3065227151540308,0.2524906441297115,0.3089495301007119
479,0.2830217300569555,0.31338788849413446,0.2706923709437936,0.30651740063631483,0.2524690427103537,0.30899302367093257
480,0.28299233049145334,0.31337415905269145,0.27065423837958735,0.30648980710864376,0.25242194732498824,0.3090415759949828
481,0.28294995682374247,0.31334183328034837,0.27064742209566306,0.30645411463344213,0.2523504331675786,0.3089849787968547
482,0.28291738878578465,0.31331214235562055,0.2706339999018618,0.30645852818194913,0.25232359800044113,0.30903094214676025
483,0.2828963818853462,0.3132912860408921,0.27060276222417445,0.3064608439048959,0.2522672074739049,0.3090753006494007
484,0.2828641586621774,0.31326968057268845,0.2705857093422655,0.30646481262557324,0.25220951946050985,0.30910050220780994
485,0.28283662950996513,0.3132351094174081,0.27054445448964237,0.30645458446226626,0.252169894123914,0.3091451943641436
486,0.282808884639588,0.31322367099762677,0.2705375291237486,0.30643061046100334,0.25211340863635756,0.30912499531765075
487,0.28277822597885066,0.3132296681507277,0.2705124672680382,0.30643215903942544,0.2520770282045342,0.3090818458918579
488,0.28275135215873304,0.31318030115525336,0.2705070079536852,0.30641784201263994,0.25202974257448907,0.30911507653827425
489,0.2827243650252495,0.31316160925967895,0.27047365661988104,0.3064038108423319,0.2519929668485929,0.30914553371076864
490,0.2827013375746902,0.3131342929013552,0.2704440181061803,0.30643815468781227,0.2519322969597258,0.30914463189863817
491,0.28267197042956355,0.313118907603519,0.2704228573578535,0.3064635648759472,0.2519072180665287,0.309110215971912
492,0.2826342816714646,0.3130852816603112,0.2704100908862532,0.30646215631067164,0.25185134874249937,0.309118348489389
493,0.28261484961236344,0.31306156675481367,0.2703518274103102,0.3063831689981283,0.251809172051817,0.3091394126815398
494,0.28259078875728944,0.3129991319987477,0.2703484094677543,0.30636950563586035,0.2518006726085461,0.3091432945969305
495,0.28254798963340316,0.31297069425651425,0.2703316960215868,0.3063612322926015,0.25177788755586883,0.30921460683027013
496,0.2825144562112698,0.31296234977242837,0.2703154847149069,0.30630276394463873,0.2517222626089022,0.3091930136014042
497,0.28248074948154706,0.3129331499781495,0.2702981394515402,0.30630974524508825,0.25169400041890505,0.3091826884529753
498,0.28245396726324806,0.3129018676851474,0.27029562806093593,0.30631098090105635,0.25166661525861833,0.3091749165225207
499,0.2824249490149622,0.3128870749367931,0.27029314948376026,0.3063122731163298,0.25163104941263675,0.3091128804826546
500,0.28240174768296766,0.31287347538713184,0.27027997000529613,0.3063161519813919,0.2516114340808207,0.3091140595600772
501,0.28237882609014064,0.3128361647803679,0.27026194198361586,0.30630238796485304,0.251555111890693,0.30907682211499865
502,0.28235925835021347,0.3127985220013009,0.27025478703717226,0.3063114975011817,0.25152838643155223,0.30901665734377226
503,0.2823369211437192,0.3127917135931743,0.27024949106776125,0.30631456509147303,0.2514491032235784,0.3089495523693356
504,0.28230832885564494,0.3127784306950172,0.2702254988974558,0.3063915484325935,0.25138779740262385,0.3089701797259769
505,0.28228949525925345,0.31274743853855946,0.2701990329742836,0.3063993971468159,0.2513441144126287,0.308941255516459
506,0.28226891035249224,0.3127252676578204,0.270167950832119,0.30640905914441374,0.2513424278387981,0.3089338108479586
507,0.2822484982629748,0.3127087552392494,0.27015734797923163,0.30641970936206636,0.25130125183636837,0.3089665051408535
508,0.2822137960351852,0.3126856184180286,0.2701212444550427,0.3064097779797072,0.2512667903192063,0.3089861593954716
509,0.28218982579802543,0.3126571031872044,0.2701026400043963,0.3064128600616323,0.2512275957578096,0.3089073000861944
510,0.28216957719616065,0.31263280401432236,0.2701018732337103,0.30642309427752346,0.25116518013618416,0.30897206392710475
511,0.28213816626480803,0.3126009906773033,0.27009166176449806,0.306433632217412,0.2511394136834635,0.30898538368073597
512,0.2821205159414612,0.3125965952805971,0.2700692344460906,0.30646916305854316,0.25108372664727874,0.30894004600435837
513,0.2820819549829002,0.31258300133842093,0.2700602275189365,0.3064886487650521,0.2510600476926095,0.30901979993980855
514,0.2820563649818489,0.31256008220513104,0.27002847543119995,0.3064707430839719,0.2510314762765017,0.30900297358568096
515,0.2820256288306393,0.3125111395409844,0.269995852375092,0.30645345306689786,0.2510104853828089,0.3090205990033147
516,0.2820059772232967,0.3124773085638216,0.26999149015625123,0.3064359052729595,0.2509796160940743,0.3090544608291719
517,0.2819819186744086,0.3124329691860952,0.2699900500305031,0.3064378754813633,0.2509422798859995,0.30900694504501197
518,0.2819649428695097,0.3123978603243433,0.26997143582128774,0.306428574235505,0.2509159110593175,0.30903999380604824
519,0.2819402235064599,0.3124007221255927,0.26993658594916453,0.3064378565852978,0.2508538755325295,0.30915140706389677
520,0.28192310961721284,0.31235848465903915,0.26993583576664487,0.3064428921125557,0.2508384130845099,0.3091463088516835
521,0.28190357658240806,0.31232406158575055,0.2699177777050963,0.30644547031524805,0.2507974605234726,0.3091572920966057
522,0.2818824100478586,0.3122792305205073,0.26988251536601404,0.3064531928792128,0.250734061227828,0.3091584779732979
523,0.281859404785426,0.31224864092965904,0.26987943193714586,0.30644003013305365,0.2507141379164404,0.3092098987305208
524,0.2818322127349703,0.31224063580771905,0.26983133155687333,0.30642979781249463,0.250671605713642,0.3091824893052595
525,0.28180490005361036,0.31222199065764894,0.26983010106802036,0.30643354900715736,0.25062744372299356,0.3091471152457193
526,0.28179233184416,0.31221733588869943,0.269800661645103,0.30647620742533627,0.25055419191521416,0.3091301995565777
527,0.2817657926672997,0.3121955459290647,0.26977141608082,0.30646849195216325,0.25053274098388917,0.3091743897988405
528,0.28173832803415133,0.3121722039827342,0.26975675549807226,0.3064124354271594,0.25047115564231653,0.3091588278098117
529,0.28170659205109716,0.3121684765558574,0.2697437577783142,0.30641594907205627,0.2504583596257297,0.3091573676610819
530,0.2816782038921216,0.3121427328795144,0.2697226001502646,0.3063952713843813,0.2504393528976521,0.3091528616239651
531,0.28165380382645583,0.31209741121479473,0.26971605258608633,0.30640142088010747,0.2504294879448519,0.3091545966456204
532,0.28162322343160245,0.31210564964815635,0.26970194700515415,0.30640538463873046,0.2503792175788792,0.30913050852953
533,0.2816075869376502,0.31206168060233297,0.26966612154687203,0.3063766297595918,0.2502975321473116,0.30911796013019754
534,0.28158759637883546,0.3120082093812401,0.26964153498049953,0.3063562033785382,0.2502507287313938,0.30906152978942225
535,0.28156034968178517,0.3119738736320276,0.2696137820937624,0.3063660467459987,0.250187693576732,0.309178770210845
536,0.2815331999842577,0.31196350421204594,0.26958667966875843,0.3063357339300969,0.2501501609306775,0.30916496845995134
537,0.2815132105585922,0.3119509579098992,0.26954476765442675,0.30629206832614125,0.2501015882401238,0.30918339572712117
538,0.28149088543344025,0.3119070162176273,0.26951723572681563,0.3063287860770078,0.25008613215321457,0.30914544191867543
539,0.2814755328589616,0.31188641705972514,0.26951599911648716,0.30632810062262816,0.25001818983923824,0.3091205830781217
540,0.28144920851313,0.31186552328921235,0.2694911134118023,0.30633162181518847,0.24993988010767235,0.30909175300081404
541,0.28143004579894687,0.3118410885731172,0.26946497006995646,0.30632227966219905,0.24989757408334434,0.3091388197996298
542,0.28141047280539494,0.31181415657629297,0.26946425616069236,0.30632672956431195,0.24984473820581812,0.3091418577970704
543,0.28138812940351227,0.3118112236150604,0.2694593391301225,0.30629741873112964,0.249801488698382,0.3091139232534582
544,0.28136177202805174,0.31179643453469363,0.2694585010214042,0.30630166435096406,0.24976662583641823,0.3091163677051868
545,0.28133844595488117,0.3117970265421572,0.26945351855587546,0.30630480912189545,0.24972043863971374,0.3090914692954032
546,0.2813136532344037,0.3117769664227991,0.26945147488596266,0.3063174622083546,0.2496718332299283,0.3090680228524864
547,0.28129229363168007,0.31175127418327764,0.2694502568485921,0.3063167248729404,0.24963025772506794,0.3090835931569211
548,0.28125861839211797,0.31174661800806613,0.2694331795527718,0.3063904495649866,0.24958557507132006,0.30915668396664
549,0.2812363387090602,0.3117049134640492,0.26941355619066204,0.30639394382625385,0.24951639868112532,0.3092342736500138
550,0.28120430397722357,0.3116813804935127,0.2693846133329792,0.30641758777521344,0.24946766130995301,0.30921378273103506
551,0.2811916973587842,0.3116552650888341,0.2693684613402656,0.3064245317446494,0.2494109217794907,0.3092552806010515
552,0.2811700798293817,0.3116251901012599,0.26936728484685457,0.30642365604113686,0.24935193464200348,0.3093309940183207
553,0.28115209846209693,0.3116176335759488,0.26932401673610556,0.3064145150460016,0.24930135166727985,0.3092901167469509
554,0.28113247593311547,0.3115842651380665,0.2693157437298042,0.3064080207164242,0.24928649029154143,0.30926987127031474
555,0.2811237272166658,0.3115645157787649,0.26928803160089115,0.3063937968589502,0.24925394529044803,0.309261093404083
556,0.2811005295095227,0.311550239701151,0.2692427444087327,0.30638444135691145,0.24924862611725596,0.3092653019733767
557,0.2810803929996387,0.3115374690262164,0.2692235792732675,0.3063796266704408,0.24919973649603155,0.30923965407428666
558,0.2810546290096728,0.31152921483609636,0.26922138102958426,0.3063679506125669,0.2491680361781195,0.30918661286441473
559,0.28103373026840966,0.31150358161877495,0.2691950158367956,0.30638197480754814,0.24912037362651582,0.30922725912698185
560,0.281010564612254,0.31147208521797026,0.2691682795310471,0.30637542229571313,0.2490728317159975,0.30921846752261495
561,0.2809955989503395,0.31143079565571674,0.26916344464825215,0.3063783165567977,0.2490527717441789,0.3092452539277714
562,0.2809760096436799,0.31141623496962734,0.26916124367091826,0.3063799505045475,0.24901002666537964,0.3092796153533902
563,0.28094834576238875,0.3113967866093464,0.26916057558256734,0.30638452450319204,0.24895427134009376,0.30917623632688035
564,0.2809157515223869,0.3113845176582932,0.2691391350322461,0.30636454440865785,0.24889754838264022,0.30932381909015066
565,0.28088672729549086,0.31134699663084553,0.2691003436035055,0.30632711841905635,0.24885112496191508,0.30928993941250593
566,0.2808570209638291,0.3113569728639897,0.26909923519986806,0.3063303788452279,0.2487959690526535,0.30925062789904373
567,0.28082397860522706,0.31134201560530783,0.26908439115938226,0.306322437946216,0.248768221532562,0.30922640721887473
568,0.2807985394216951,0.3113477127885374,0.26905109526850685,0.3062981017891316,0.24874602201678944,0.30924446362600067
569,0.28076881617102223,0.31135738605211527,0.26903131950344017,0.30629152262065285,0.24871905140298378,0.3092546393052785
570,0.2807454447194365,0.3113637096025425,0.2690179502287226,0.30627288021121957,0.2487038225658821,0.30918824341590107
571,0.28072031210410797,0.3113549376357618,0.2689879225546699,0.3062756826100243,0.24865160542383527,0.3092395928569679
572,0.28070539028880465,0.31134422483926255,0.2689605797856239,0.30626604901018456,0.24860268214155315,0.3092169096831676
573,0.28068290737907475,0.31131664467063724,0.2689594562819323,0.306268737148131,0.24856318614626546,0.309228962330042
574,0.2806703499990549,0.3112993938763611,0.26894310615658956,0.3062688083760058,0.2485331647717183,0.30925017794792775
575,0.28065434473281164,0.31128312024743837,0.26892245910341994,0.3062545590524497,0.24851429129046634,0.30926718437974104
576,0.2806325882224223,0.31126390688887623,0.26890383855382977,0.30623758269227846,0.24843881023341818,0.309285514200806
577,0.2806225121523289,0.3112332906737524,0.26887633488898083,0.3062770293742613,0.24837781450010474,0.3093028930662309
578,0.28060087086060714,0.3112235991648312,0.2688751763535249,0.3062762902643962,0.24832746345341875,0.30928943967323874
579,0.28058455306963176,0.31121368302962826,0.2688530433815661,0.30625400179343176,0.2483020559243317,0.30931684591550396
580,0.28056091661200877,0.3111974322536678,0.26884865709612293,0.3062397910390299,0.248265783123266,0.3093408669909691
581,0.28053300993912367,0.31120034699764476,0.2688328043769046,0.30624588712964695,0.24822836870495543,0.3093864555981292
582,0.28051962564697813,0.3111749195311424,0.2688133427283698,0.3062196512804397,0.24820623049338247,0.30932561220703714
583,0.280496717556339,0.3111764346963904,0.2687927098998135,0.30622745474853164,0.24814460030822283,0.30938431113119247
584,0.280472505354148,0.3111439941447748,0.2687770797823529,0.30622810999033867,0.24809299922055408,0.30943096563434147
585,0.28045894420226875,0.3111005643134704,0.2687559257853704,0.30623162394667885,0.24806140444167582,0.3094182045373468
586,0.2804433588235633,0.3110450624347281,0.268736940758805,0.3061865171014722,0.2480153233776576,0.3093707855581298
587,0.28041938257280974,0.3110301352508559,0.26873515793515085,0.30619569967198607,0.24799276174189921,0.30940618690696675
588,0.28040367109579717,0.31099938882417993,0.26871445365686825,0.30617025467732856,0.24797323752746728,0.3094049446540512
589,0.28038960792488526,0.3109901043008871,0.26868705238809304,0.30615263773262724,0.2479337057539198,0.30945268719908
590,0.28037757040410827,0.31096040157999927,0.26866468354143336,0.30616092369311804,0.24789473470421342,0.3095100524361029
591,0.28035085782137525,0.3109552688771719,0.26863791453360086,0.3061508725621892,0.2478432166393628,0.3095122388490306
592,0.28032593815536183,0.3109290898661302,0.2686345391354737,0.3061542764688208,0.24780236657166996,0.3095638325057789
593,0.2803075520948032,0.31089190242173126,0.268601048043588,0.3061542836315389,0.24777353509950586,0.3095113934483149
594,0.2802863262530712,0.31087786354208136,0.2685867522920425,0.3061405535978651,0.24773951209932532,0.3095192853425497
595,0.28026153587776725,0.3108784149600599,0.26858574287491827,0.30614382392612416,0.2476862129059053,0.3095921407226145
596,0.28024267670567504,0.31085603489849145,0.26855935897109673,0.30614718585403433,0.24766886492375353,0.3095749304434166
597,0.2802180506181145,0.3108536227543943,0.2685031415628375,0.30608578095014627,0.24762965870971346,0.30962318641362974
598,0.2801902909301461,0.31084814919363574,0.26847561485104376,0.3060609850715198,0.24758539907998095,0.3096032212788119
599,0.2801749554959477,0.31083543480428816,0.26845756335412585,0.30605661790203526,0.24756560073453035,0.30958757138304693
600,0.2801576403294643,0.31082053448385455,0.26845656875559915,0.3060595783824529,0.2475557953266887,0.3095656988850203
601,0.2801353262595214,0.3108132676576316,0.26845478987547977,0.3060407944400554,0.24754053566276144,0.3095711549383651
602,0.2801260444741248,0.31078078828206906,0.2684307176013042,0.3060530886764417,0.24751582432078031,0.3096040989481215
603,0.2801003749961503,0.31075024385589933,0.26840257644437104,0.30603434950696684,0.24746243446128988,0.3096237315123912
604,0.28007758737876,0.31075235784724625,0.268376293608377,0.30608570990376743,0.2474396197962262,0.3096706832764043
605,0.2800542805324343,0.31072874906177544,0.2683627351379694,0.30608347261584073,0.24740183586814615,0.3096996563840526
606,0.28002470109340405,0.3107303088900019,0.26834968361500794,0.3060770054809204,0.24736527663896027,0.30970154306500475
607,0.2800063885545548,0.31072359662647747,0.2683296170188947,0.30605951923136965,0.24734212319875185,0.3096899897681847
608,0.2799868822677224,0.3107233886980215,0.2683278900559254,0.30606831462259715,0.24732855911848167,0.3096777646345079
609,0.27996141455469875,0.3107194934959614,0.268308773523506,0.30607655888585744,0.2473033463641306,0.3097054856733483
610,0.27994743111467096,0.31070285803745024,0.2683010520956586,0.3060977462149319,0.24727830947295043,0.3096950772232481
611,0.279934839444125,0.31065945448456794,0.2682836119055388,0.306088615903208,0.24723053436408507,0.3096927559992103
612,0.279917523880712,0.3106516166853224,0.26826723763207216,0.306087291130509,0.2471794417225494,0.3096688147046515
613,0.2798886955385843,0.3106363801709925,0.2682622624347177,0.3060758744579054,0.24716490567396915,0.3096596142839895
614,0.27987340183906045,0.31062897895658803,0.2682613075085214,0.30608346653264595,0.24712347288849315,0.30966087282852106
615,0.27985688610601117,0.310622502923559,0.26823273176010165,0.3061050243041305,0.24708396019847068,0.30963594837885927
616,0.2798411989791789,0.3106008736305502,0.26823009032478945,0.30613265303175086,0.24706645826732626,0.3096348807092676
617,0.27982306507906296,0.3105946825395054,0.2682146640700494,0.30612885734881606,0.24704364673401843,0.3096121578370347
618,0.27980667381765456,0.31055169144520406,0.2681782002899582,0.30612662934066504,0.24701144609189668,0.3095897452716284
619,0.2797843273126355,0.3105489516956028,0.2681652842081548,0.30613162812702704,0.24697200910855552,0.3096209837675797
620,0.2797636416563449,0.31052171891798125,0.2681329440843063,0.3061395395700972,0.2469129613783242,0.3095619528133249
621,0.2797422567383506,0.31049815090446325,0.2680805269199627,0.3061526064487025,0.246859279998928,0.30951094220590974
622,0.27971828442386515,0.31050438058032737,0.2680799726505037,0.3061606448229366,0.2467889935860721,0.3095949413482598
623,0.27970215485322986,0.310517822190747,0.26807235722079215,0.3061611605860976,0.24673279842110563,0.3096054108484842
624,0.2796845589696026,0.3105068026662055,0.2680538949874054,0.3061660118039606,0.24668465360241149,0.3095538624563169
625,0.2796702460301412,0.31050857648745345,0.26804989478450897,0.3061543176665983,0.24664665529769694,0.30959997217562074
626,0.2796572084277169,0.31050044295760487,0.26802118788928786,0.3061334358021317,0.24658891398584706,0.30957229449739426
627,0.27963156245267556,0.31046495989429873,0.2679969629166613,0.30616003997118424,0.24656427834675676,0.3095474791870432
628,0.27961708353644854,0.31044341056421376,0.267995965882095,0.3061657772850923,0.24653398107085642,0.3095554626946937
629,0.2796015951432564,0.31043650797381034,0.267975580952214,0.3061708591099498,0.24648480862929906,0.30964407229654
630,0.27958553728081914,0.3104250327837328,0.2679747564021625,0.30616429467000544,0.2464172274513737,0.30965231991249176
631,0.27957618246132215,0.31041907158084353,0.2679557780922167,0.30618059622250987,0.24637026783069393,0.30965111824729485
632,0.2795567590549614,0.310422945510061,0.2679399799155177,0.3061855762227707,0.2463535818364498,0.30964000320249785
633,0.2795313912027462,0.3104039138708774,0.2678998706663459,0.3061775745361751,0.2463453395736464,0.30964970017354476
634,0.2795174547627034,0.3104039247380517,0.26787090481204096,0.30618993916724624,0.2463169205367749,0.3096671309845577
635,0.2795044702919062,0.3103950296181444,0.26786699770078387,0.30618411015470626,0.2462825812459491,0.3096771853553486
636,0.27947899117950725,0.3103926657449257,0.26784878875537754,0.30618309045641784,0.24624596756957795,0.3096845461977967
637,0.2794678538588072,0.3103865301525742,0.2678223880291572,0.3061547101232741,0.24622259158577545,0.30967316845121345
638,0.27944524696043904,0.3103707946330174,0.26777354918949614,0.30609914101614427,0.2462179533069975,0.3096783606325881
639,0.2794317849936335,0.310353908353278,0.2677730116633505,0.30610693858133503,0.2461878421079256,0.3097265185461542
640,0.2794160649446182,0.31035477585622445,0.2677483942209288,0.3061023227320571,0.24616265623999908,0.30975020216862353
641,0.27940012802727443,0.3103191640342811,0.26771723654722707,0.3060662334469323,0.24609201193582703,0.3097685249959675
642,0.27938660908098506,0.3103092095995409,0.2677115499911592,0.30606765624358845,0.24605088539180053,0.30974764580877134
643,0.27937325344634634,0.3103129862468076,0.26769064758983585,0.3060517900876767,0.24601859080926738,0.3097908890581532
644,0.2793499672450911,0.31031248895032676,0.26766024362814284,0.3060596393532044,0.24595484411257637,0.30986011076558306
645,0.27933314897785577,0.3103171273863401,0.2676296969358251,0.30607089436803475,0.24591470232308266,0.30982103437695946
646,0.2793139089652734,0.31031056914974686,0.26762587339872834,0.30606525512049043,0.24587985015418923,0.3099169297692253
647,0.27930248770816496,0.3103102136535369,0.2676063539082767,0.3060571522596729,0.245830978117932,0.3099524174337156
648,0.27929595505796234,0.31030989197822234,0.2675999599279013,0.30605201475553084,0.24579460958664287,0.30994021966360025
649,0.2792844416880459,0.31029131168252516,0.2675662035315913,0.306052971711487,0.2457573026238497,0.30993863289533136
650,0.2792702410607724,0.31029273658750867,0.2675447353461907,0.30604919596440117,0.2457069450868381,0.30988392293730194
651,0.27924995603666536,0.31027751831605055,0.26753941548566046,0.3060456378857448,0.24564847613853583,0.30976675760161
652,0.2792237624705807,0.3102747113538838,0.2675155474712094,0.30605364230427795,0.24562952800980092,0.3097722151660207
653,0.2792051290485871,0.31028128490021034,0.2674914821940763,0.30602618788193875,0.24560622716922895,0.30978641691494113
654,0.2791838070815599,0.31025953508195364,0.2674799589045796,0.3060229834239101,0.24558489859344174,0.3098388177064602
655,0.279171064499803,0.31022713510728,0.2674422219006984,0.306002750495024,0.24557823047618643,0.30984725784544936
656,0.27915078226697443,0.310209724475323,0.2674185327620193,0.30601942213733924,0.24554813899486524,0.3098195564527161
657,0.27913635477549203,0.3101895451914507,0.2673800163818767,0.3060113030721974,0.24550698423070577,0.30984221010306734
658,0.2791280696092634,0.31014554707555186,0.267339153607705,0.3060088583798574,0.24547556913475785,0.3098931698877131
659,0.27911608855962544,0.31014508873540036,0.2673284667758938,0.3060045641481712,0.24544353722965662,0.30988076317858154
660,0.27909279854334773,0.31013772140869006,0.26731601886184897,0.3060093453875183,0.24542367010483104,0.30987221880594645
661,0.2790804299783143,0.3101210827304515,0.26729393981359,0.3060026096162598,0.24540902967135675,0.30988923416261327
662,0.2790565468070511,0.3101112733723565,0.2672503427790694,0.3060083244287477,0.2453935516624319,0.30996627019035344
663,0.2790428760567771,0.3101083171922272,0.2672369318395062,0.3060254918501365,0.24534418048247247,0.3099611858068116
664,0.2790254564296486,0.31008583999171363,0.26721855654429516,0.30602046574648467,0.24531858130249096,0.30991465403659174
665,0.2790135608926456,0.3100794478237732,0.26721764967135575,0.30601997110296825,0.24526933940191786,0.3099396343607449
666,0.2789961781289141,0.31006954894301614,0.2672010291609218,0.3060238334549942,0.24522322291970086,0.31002432403009134
667,0.27897754168860606,0.31006497044417564,0.26719455666483577,0.3060148087720193,0.24517868675054813,0.31001394580317493
668,0.27896053715975944,0.3100594748487991,0.26716566974258926,0.30600647995519537,0.24514140006772966,0.3100145016297572
669,0.2789461807608656,0.3100571578395019,0.26714473998400523,0.30606683219489045,0.24509782134225797,0.3101415648101962
670,0.27891789265374606,0.3100568449059607,0.2671275788126559,0.30607753842704166,0.2450357792779009,0.3101000170391621
671,0.2789049680295413,0.31005528648736497,0.2671017963324518,0.3060766472957881,0.24499780543107944,0.31013112423729855
672,0.27888933768898,0.3100412893685832,0.26709374314653556,0.3060839719721506,0.2449797778191704,0.3100788038986065
673,0.2788693884287428,0.3100448141565231,0.26709254324585946,0.306086430657887,0.2449366829439429,0.31010589861810467
674,0.27884861415027323,0.3100413057830221,0.26707071879815264,0.3060908609493718,0.24490208321009307,0.31012879787040826
675,0.27882485263588314,0.31002218451322505,0.26705883630895727,0.30609439495098767,0.24483909258658482,0.31010318115045127
676,0.27881125171089477,0.309989426733977,0.2670584316080342,0.30609472875740495,0.24481932050298214,0.31013061230305644
677,0.2787969703826855,0.30999199565707664,0.26703343069570296,0.30608282192970226,0.24478706753910115,0.3101029103314774
678,0.2787804626182291,0.3099878290066275,0.2670149684999718,0.30608703054769,0.2447376349192981,0.3101294051950177
679,0.2787653327872894,0.3099918601818124,0.26701279482446466,0.306081890182565,0.2446798892820531,0.31014439063715415
680,0.2787459978164928,0.3099812606769359,0.2669982069691106,0.30607176004539965,0.24466063882641248,0.31015316610381743
681,0.27872628424275947,0.30997312100620616,0.2669801949974479,0.30604744053533994,0.24461519647826613,0.3100878709580887
682,0.2787081648297568,0.30996827658300696,0.26694424791631366,0.3059955761314182,0.24458955003780938,0.310087678994477
683,0.27869611049465615,0.3099501969473405,0.2669433664368949,0.3059990743245248,0.24456983305575122,0.30996605911644237
684,0.27868189701584967,0.3099274349419384,0.26692504708225395,0.30598301621807705,0.2445615644478349,0.30990908618383944
685,0.27866093903900147,0.30992378195835535,0.2668856397577492,0.3059773178909795,0.2445340007138186,0.3099683666651329
686,0.27864775351987986,0.3099239483255483,0.26685113825401635,0.305975901116731,0.24451221830579006,0.3099513580464484
687,0.2786317906780731,0.30991267834888514,0.2668285298469836,0.3059795349168587,0.24450558112492257,0.30998479945248086
688,0.2786137140271419,0.30988736472376843,0.2668108672615346,0.30597849529627424,0.24448904187902573,0.30998347458055137
689,0.2785927322531884,0.30987892884680723,0.26678558896341037,0.30597903201424187,0.24447014013197296,0.30999423477825844
690,0.27857196054657846,0.3098681688835682,0.2667602382017984,0.30599008105267134,0.24444029394727027,0.3099372178043885
691,0.2785633182908254,0.3098203201208544,0.26673084043384365,0.30598089725491295,0.2444194489806994,0.30993054880162835
692,0.27854779622029746,0.3098160855309572,0.2667113976338122,0.30599047388536804,0.24438986171056695,0.30992749030275113
693,0.27852735451917354,0.30981579527744174,0.2666778118700475,0.306007014914346,0.24437082425661205,0.3099271430326122
694,0.27850804612663244,0.309822883978453,0.2666468076783303,0.3059788876837641,0.24431226097808895,0.3099259242429269
695,0.2784922589007705,0.30980791251458295,0.2666084008754055,0.30596750390821065,0.24427735946147533,0.309897069619784
696,0.2784713291766851,0.3097976596733758,0.26658356187216736,0.30595971963971513,0.2442422607466103,0.30989214976584095
697,0.27844936218898886,0.30980358829676496,0.2665504984536755,0.30594084517231823,0.2442097334844532,0.3099076890532407
698,0.27843489091928525,0.30976911961469905,0.2665245488787386,0.30593358183518193,0.2441655170225862,0.3099115355351595
699,0.2784151955009468,0.3097694723204172,0.26651153541432404,0.30592709327104906,0.24413499557440702,0.3099117249363853
700,0.27839703885289624,0.30976097502318234,0.2664929839770856,0.3059171606574523,0.24411299736414355,0.3099175462641473
701,0.27837609750700265,0.30974677155164654,0.266482532970008,0.30589619544322877,0.24404808250662996,0.30988660932729906
702,0.27836345021526276,0.3097043125842277,0.2664631679464053,0.30589864095650426,0.24403727926968735,0.30985155521277846
703,0.27835208811845596,0.3096738984567897,0.2664372700229233,0.305904943634206,0.24398642798880166,0.30976662807941424
704,0.2783418521385966,0.30967565722025314,0.2664074758434698,0.305899448961731,0.24397242119944834,0.30976555218619733
705,0.2783289591021688,0.3096743087477512,0.2663782086422066,0.30594631594306304,0.24394317898376372,0.3097798910003629
706,0.27831813167395675,0.3096727541247723,0.26635552633032095,0.30595334936164453,0.2439220737462908,0.30977992223117257
707,0.27829684349671646,0.3096778089117398,0.2663375608543544,0.30595653613263435,0.24390929984221335,0.30976127157602856
708,0.2782832050842716,0.3096796035836144,0.26633668074348926,0.30595890257206887,0.24389598339441193,0.3097890165893355
709,0.2782680128844282,0.3096419050011811,0.26633452696284327,0.3059543547767921,0.2438465554095306,0.30976600919158676
710,0.27825099347745214,0.3096084341979388,0.2663113149273631,0.30594603168471185,0.24381618505256525,0.30982098749266884
711,0.27822979485240523,0.309603537082415,0.2662743862864476,0.30601369509373216,0.24378503809618102,0.30985451948787956
712,0.27821788127577485,0.30958316753528003,0.2662491371103502,0.30600629472334884,0.24377114500217284,0.309847401568839
713,0.278200427416158,0.309588571654273,0.26623140116484845,0.3060264245087431,0.243758188892983,0.30984481517599116
714,0.27817967959926043,0.3095872438825636,0.26621216912050844,0.3060500732056767,0.2436896118600564,0.3098525549491462
715,0.2781673982545939,0.30957008835015354,0.26618359115036344,0.3060323291631496,0.24362648855107602,0.30985515421300297
716,0.27815318399288413,0.30955923120934914,0.2661574319901623,0.30603326624306626,0.24361083908120912,0.3098700969607855
717,0.2781267858885751,0.30956030128355494,0.26612884296488626,0.3060197295748567,0.24359427159724423,0.30998503774818986
718,0.27811590483432086,0.3095514831379056,0.26611327384914485,0.3059969900357341,0.24356538270637684,0.31002660312973646
719,0.27809870772383627,0.30954593277656134,0.26608601835889273,0.30604313998560995,0.2435640190647368,0.31002807557245443
720,0.27807431667254234,0.30954854822727756,0.26607963997413847,0.306034143040748,0.2435452393346716,0.3100035517171059
721,0.2780495034714736,0.3095253806639811,0.26605468679908373,0.3060353170092071,0.24350851155926154,0.31005377981559473
722,0.27803174837745376,0.3095327828388492,0.26602363428194054,0.3060127199095403,0.2434565245700487,0.3100363350202057
723,0.27800486009601233,0.3095083941908317,0.26599970758071145,0.30601828298619715,0.24344299696603416,0.310002866864968
724,0.277985255616564,0.3095144555041085,0.2659844503581443,0.30601971025954994,0.24340043756592114,0.3101550867812585
725,0.27796892217808356,0.3095073777142155,0.26598354081621395,0.30602291383175817,0.24338827359213885,0.3101042031453489
726,0.2779569905536347,0.3095024514235286,0.2659764616986611,0.3060213061986883,0.24336946495267814,0.31012586489240923
727,0.27794383870432426,0.30949637887696874,0.2659486703242734,0.30603686062255897,0.24333306765728582,0.31010719524983427
728,0.2779329698357242,0.30945779174712257,0.26593349253439236,0.3060484352896368,0.24330073317201475,0.3101436737728499
729,0.2779136195607969,0.30944953952787274,0.2659325973438571,0.30605156031718705,0.2432927198434974,0.3101457524396438
730,0.2778994386826326,0.3094503942927916,0.2659058534223421,0.30604670347411805,0.24325287305527207,0.31017276524123694
731,0.2778918425445967,0.3094046584985067,0.2658708659290792,0.3060636907722779,0.24324265472285483,0.3101802038618639
732,0.27787942568700763,0.3094028133029405,0.26586685732491594,0.3060677648509331,0.2432128303295623,0.3101676864527647
733,0.2778627716955269,0.30942396692055524,0.2658646625747077,0.3060634837023481,0.2431537185455408,0.310199230200654
734,0.2778476975857772,0.30941612901881477,0.2658548079342293,0.3060436296197809,0.24314054470581564,0.31019894835564754
735,0.2778253219612303,0.30938690353482173,0.2658270755736799,0.3060316835315064,0.2431071683044034,0.3102445233410136
736,0.27781511699691563,0.3093828697452592,0.2658028687966748,0.30606901534765196,0.24307461201336117,0.3102645085118539
737,0.27780121657978163,0.30937780013246474,0.2657698616154135,0.30605260197115897,0.2430617098121365,0.31027478926268737
738,0.27778827876312706,0.3093709200150739,0.2657529410920468,0.30605521406153174,0.24304124828610907,0.31027772354367467
739,0.2777735184776063,0.3093736278180511,0.26573636166283576,0.3060555003655119,0.24301662240297192,0.31025635535101653
740,0.27775142697289884,0.3093704329691191,0.2657357729033987,0.30605760148145833,0.24298471321094398,0.31027203625118044
741,0.27773838737725437,0.3093689294586735,0.26572239396380953,0.30605811408651745,0.24294037298893,0.310271756104215
742,0.27773109308112187,0.30935312277748206,0.26570667441017226,0.30605766205220375,0.2429028469501245,0.3103192997750116
743,0.2777134738382306,0.3093482794434662,0.2656903597686398,0.3060533064096208,0.24289516068510644,0.31027161233805417
744,0.277703284921776,0.3093431499058917,0.26566484031808646,0.3061093990553916,0.24287573913289973,0.31029844899083886
745,0.27768631637497476,0.30932414719435225,0.26565133491335324,0.3061295153937694,0.2428411398546156,0.31027728766891016
746,0.27767535039379776,0.30931646373908867,0.2656358150707976,0.30614132928283166,0.24283292581564886,0.31027895589965243
747,0.2776591426534784,0.30930850046327374,0.2656181096056977,0.30614616306091663,0.242811602240028,0.31023857276012506
748,0.2776471453464656,0.3092912576908047,0.2655953089155963,0.3061445566874792,0.2427870148191719,0.31031073713802565
749,0.2776351700899256,0.309295389049218,0.26557115346261934,0.3061354290183237,0.24275977850235742,0.31027404322830215
750,0.2776241226518159,0.30928766795716406,0.2655370584568039,0.30613875905896293,0.24269512767610754,0.3103137432979633
751,0.27761148888816867,0.3092873084451823,0.2655230640004896,0.3061419695625406,0.24269198620500293,0.31031181922705314
752,0.2775949709931678,0.309274352042112,0.26549814924702153,0.3061640699501239,0.24266697266086118,0.3102320251430611
753,0.277578689823697,0.3092766657731812,0.2654599585063217,0.3062034145056112,0.24264004003654985,0.3101780502558692
754,0.27756207293922264,0.3092627320482496,0.2654378331981723,0.3062307080692009,0.24260625191074683,0.3101942732451422
755,0.27754885974309723,0.3092618620526452,0.2654211692409323,0.30622952407293574,0.24255566361329864,0.31018600288492704
756,0.27753203442800134,0.309242244828606,0.2653971091002794,0.3062485854212789,0.24254599237897037,0.3102119636233162
757,0.2775137210531266,0.30924170131343065,0.26539145452283225,0.30623825206170474,0.24249006037838075,0.31026098558859366
758,0.2774942505021401,0.30925942090611996,0.2653818568922651,0.30625995132924927,0.2424704286641768,0.3102949029631217
759,0.2774825408886555,0.3092431493891143,0.26535654523520713,0.3062662268490859,0.24242922182971188,0.3103333151761542
760,0.2774651494757868,0.30923972450545206,0.2653317987562226,0.3062932744910895,0.24241017004055196,0.31031096319575346
761,0.27745694747903654,0.30923666350593787,0.2653031141435817,0.30629473738796165,0.2423895430946296,0.3103282857536765
762,0.2774464135150699,0.3092298634071015,0.2652704837018001,0.3062775430276173,0.24236307849321542,0.3103300684867919
763,0.27743077847067055,0.3092336329290917,0.2652543531828977,0.3063236777559372,0.24234882357648452,0.31033422395091725
764,0.2774170855556102,0.3092037575945513,0.2652284039356381,0.3063059208533863,0.2423021614501284,0.3103915178088913
765,0.2774092249220053,0.30917811856684624,0.26520546879783946,0.3063075187163529,0.2422929134892527,0.3104278197463832
766,0.2773973939381366,0.3091681716807108,0.2651805230805186,0.30630856341146134,0.2422591324447725,0.31043819960474756
767,0.27738558378066613,0.3091577677480857,0.26516571310611864,0.306304565989007,0.24220541311086904,0.31045124376001665
768,0.2773715036683147,0.3091450323084801,0.26514975916237665,0.3063088369408433,0.2421757626431646,0.3104852563058498
769,0.27735780588278264,0.30913387201795,0.2651459505973347,0.30631481226384283,0.24214417271160144,0.31045177416519903
770,0.2773460195143573,0.3091272958141752,0.26513350371830147,0.30632490469058593,0.2421157293431362,0.3104963520894219
771,0.2773266899788358,0.30912279983576596,0.2651214800717691,0.30631958689141425,0.24210464446782207,0.3105042618417061
772,0.2773177693792052,0.30911223829722734,0.2651000061405903,0.3063650413124426,0.2420674268669885,0.31056722864365194
773,0.27729506797432907,0.30909335375805175,0.2650631072989718,0.30638329135311265,0.24206298550609726,0.31057023649545606
774,0.27728533506791986,0.3090838744253333,0.26505840552121274,0.3063660945557716,0.24206059862368973,0.31059484207277865
775,0.2772672847261038,0.30908097547902663,0.26502864539351895,0.30636955621062456,0.24202669569206087,0.31057999743327247
776,0.27724772851912943,0.3090737428793696,0.2649780386112096,0.30631431896596534,0.2420171106099725,0.31058207411415434
777,0.2772305016217241,0.3090760772642782,0.2649613384646276,0.3063311654640447,0.2420089552852517,0.3105835367601626
778,0.2772186267391037,0.30906452937123186,0.26494824735042116,0.30634278199981146,0.24198669452056135,0.31060030161373303
779,0.2772049711651372,0.30908157442480927,0.26493039422788756,0.3063414410106273,0.24197026626997384,0.3106109894673791
780,0.27719842089898933,0.30907566704945955,0.26491179384796043,0.30632401072392,0.24195073503682474,0.31061470299072064
781,0.2771818654990858,0.30907738034117804,0.26488271448764544,0.3063227367297371,0.24190344150884502,0.31058740538385005
782,0.2771608077681623,0.30907579551630093,0.26483507188082184,0.30628861722147516,0.2418726056417098,0.310610736124068
783,0.27714729198317223,0.309078951201092,0.2648260906787765,0.30629177404459845,0.24185192463190058,0.3106858660077029
784,0.2771311725537716,0.30908287584366684,0.2648114417331684,0.30627059702117687,0.2418451467673073,0.31064015633865333
785,0.27711008311539875,0.3090655036990991,0.26479889671034634,0.3062781829112426,0.2418274360546354,0.3106567328726236
786,0.27709524785402484,0.3090541934517965,0.2647819367768809,0.306264919523819,0.24179233242060733,0.3106567161727832
787,0.27708030175850223,0.3090456857767625,0.2647664797076292,0.3062673807345422,0.24178811824006097,0.31065766686378915
788,0.27706617345849255,0.3090346334939801,0.26473486211347064,0.3062746703182015,0.24176397006712444,0.31066237805355473
789,0.27705635395711853,0.30902982536322343,0.2647290941088394,0.3062707896552817,0.241724835131322,0.3106916531383394
790,0.2770502055151779,0.3090343931910306,0.26471461602321644,0.30626395474817925,0.24171261883834952,0.3106950377406842
791,0.27704008149565346,0.30902547124786733,0.2647016426425217,0.3062558437299063,0.24170349777318736,0.31068103407460806
792,0.2770270557195293,0.3090249690835417,0.2646862673005981,0.30624037017417527,0.24168777774681005,0.3106895586767381
793,0.27701350325002816,0.3090243614060434,0.26465846549604194,0.3062226477792321,0.24165639056587224,0.31072020026355934
794,0.2770016430624948,0.30903312318719073,0.2646526122825216,0.30622418104163285,0.24162358894589603,0.31070385462219063
795,0.27699281711984763,0.30903929094832283,0.2646482149508959,0.3062160912503482,0.24160840155998187,0.31072287096801915
796,0.2769821041921858,0.30904419393671384,0.2646390486435745,0.3062133474451295,0.24155105362720325,0.3107229930432496
797,0.276975026789245,0.30902535850072166,0.26461930313390397,0.30622659685447945,0.2415276539256336,0.31071380576047763
798,0.2769638804433036,0.30902060234744344,0.2646020809528234,0.30621729734310416,0.24150442187951474,0.3107609270574927
799,0.2769423252593344,0.3090140743191074,0.26457628157882307,0.3062037165700153,0.24147945612343466,0.310751613773766
800,0.27693137664701184,0.30899576331519174,0.2645744815574134,0.3062135796750164,0.2414580283540368,0.31074070030121537
801,0.2769112484838013,0.30897176585684927,0.2645580754439094,0.3062268900486059,0.24142727727827357,0.3107638240843274
802,0.27689898727799955,0.3089682713176877,0.2645352806640815,0.30625275745608704,0.24141137185689043,0.3107729071000226
803,0.27688856326603345,0.3089628450398081,0.264513209859107,0.30623940278880857,0.24136340008317922,0.3107963668065096
804,0.2768664017733063,0.3089495703406274,0.26450799035110917,0.30624233616946883,0.2413517135018907,0.31076424076989073
805,0.27684916639368995,0.30893974641667454,0.2645036976313762,0.30623429608408237,0.2413330858141488,0.31074500321994913
806,0.2768351419521319,0.30894159701064106,0.2644773374718435,0.3062273510741318,0.24129150835943358,0.3107393971717543
807,0.276819777326512,0.30894001819285033,0.26444649170908663,0.30623472384329475,0.2412629066722335,0.3107378164760385
808,0.27681188279193,0.30893012725017294,0.2644189349424251,0.30627628367610504,0.24124537905090845,0.3107569996838872
809,0.2767995887543257,0.3089060505550654,0.2643960138585219,0.3063507475937133,0.24122606170159216,0.31076018710389286
810,0.27679221377805935,0.3088856342832783,0.2643752163831895,0.3063292047623922,0.24121223941655212,0.31078399498044407
811,0.27677183398078115,0.30889173865000485,0.26435257738176715,0.306331941224656,0.24119937583479137,0.3108022523266548
812,0.2767639728001177,0.30888243530309106,0.26433917896800924,0.3063459453074852,0.24118646028329452,0.31077727912772063
813,0.27675262128433886,0.3088887455745537,0.26433733579085095,0.3063406669003336,0.2411462412258557,0.31076424367484623
814,0.2767405663165288,0.30889134552011827,0.2642934690771429,0.30626843555798156,0.24110637139242966,0.3107909251730656
815,0.27672522541003236,0.30890580895078923,0.2642899139334614,0.30627389736775257,0.24106572494443762,0.31081341893878106
816,0.2767143574637107,0.30889469112245216,0.26427308038231356,0.3062645124730517,0.24102531401300029,0.31081377510383607
817,0.27670582995325016,0.30887749415379245,0.26426016725129003,0.3062724913535495,0.2409857814441858,0.31080279112393633
818,0.27668816960817283,0.30886285128832136,0.26425937236862534,0.30627242235376206,0.24095933557199053,0.31076969257043796
819,0.27667692891067863,0.30884454965963704,0.2642446451795775,0.3062833336461285,0.24093800625575212,0.3107766742729184
820,0.27666075722433386,0.3088046721558475,0.26422167497344307,0.30629059773921075,0.24088733852602723,0.31076406144663804
821,0.2766516076307093,0.3087977618893563,0.26419591980700263,0.306320919988536,0.2408624346844422,0.31073638397259523
822,0.2766379915447131,0.30880261392805386,0.2641811928230477,0.3063340105926937,0.2408302159704409,0.3107008019745902
823,0.2766231062175743,0.3088057315063064,0.264166711021741,0.30635004394905435,0.24081551411772115,0.31071498822353216
824,0.27661398721972036,0.3088017864652847,0.2641431926774642,0.30634332598198105,0.24077069843439777,0.310711961247763
825,0.27660438441337126,0.3087953584189867,0.26414191588442343,0.3063437115700139,0.24074869148212813,0.31069105085524173
826,0.276586995888301,0.30878833695803987,0.26413838834975234,0.3063491579066218,0.24072249327713216,0.3107037052887909
827,0.27657144848458143,0.3087823386348549,0.2641288717587317,0.30632436417223624,0.24067325014507226,0.3106831710739296
828,0.27655584548982937,0.308781158377043,0.2641247391764949,0.3063163782840635,0.2406434085100733,0.3107239221602602
829,0.27653746326842454,0.3087901848686854,0.2641056591227899,0.30629513698828204,0.24061903086057965,0.31073811628265985
830,0.27652140700633177,0.30877826729134733,0.2641051133728467,0.3062965019923363,0.24061426685464482,0.31073973880177885
831,0.27650513565614904,0.3087596552297652,0.26409287802286174,0.3063135908820918,0.24059417754861945,0.3107249048242522
832,0.2764905961451049,0.308763274130056,0.2640693633410537,0.30634627056642527,0.24057479685592045,0.31073631854358374
833,0.2764762382809176,0.30875582352787534,0.26404649605575337,0.30635321335028004,0.2405396991238243,0.31076488501083
834,0.276462698808851,0.30875936470298626,0.2640345492153332,0.3063369524320296,0.24052173752041392,0.3107963004859998
835,0.2764570966255395,0.3087558103726445,0.26401979214608995,0.3063320434284692,0.24048061363575368,0.31083658910261597
836,0.2764458098658685,0.3087498600438111,0.2640044040640874,0.3063156368060856,0.24043879715265087,0.3108897593052884
837,0.27642605667760883,0.3087443077539485,0.263971116516636,0.3063838213678861,0.2404161978499012,0.3109014619900766
838,0.2764161426832381,0.30874175353223865,0.2639526025794329,0.3063807589169342,0.24035624613840328,0.3109472974357004
839,0.27640065251427764,0.30873422305759846,0.2639269973567458,0.3064039007141745,0.2403433942465657,0.3109459035258471
840,0.27638711181351633,0.30872632913720655,0.26391031598874815,0.3063891057166241,0.24029562067698723,0.31098120617402986
841,0.2763654368893668,0.3087124923862103,0.2638878054902901,0.3063746730937108,0.24026554962324964,0.3109685597397636
842,0.27635840819970936,0.30870513166704877,0.26385526758207495,0.306380392428892,0.24021835995327084,0.31092660950373163
843,0.27634960499901823,0.3086951543912559,0.2638371945532991,0.3063706181104835,0.24020022904216742,0.31091812863695495
844,0.27633801786932766,0.30869675379986117,0.2638241220324077,0.30636784306222026,0.24017720672783377,0.3108808594163218
845,0.2763230717630318,0.308692402724836,0.2638224183451079,0.3063611026208311,0.24015769179522245,0.3108404841747621
846,0.2763060454649573,0.30867236238121315,0.2638013758208819,0.3063737191516284,0.24015157950391103,0.31083384918693213
847,0.2762943745511792,0.3086607920045587,0.26379711678179313,0.30636827794305027,0.24012287515509007,0.3108429103122939
848,0.27628549538522,0.30865612969510964,0.26379590016790255,0.3063691411322694,0.2400890384324099,0.31080500852902126
849,0.276273780996568,0.3086282719625073,0.26376282843627985,0.30639272827024044,0.24006909413635716,0.3108201065768299
850,0.2762560499387864,0.3086299113991292,0.2637467589416658,0.3064048897495939,0.2400526614612647,0.3108184826722993
851,0.2762489393448733,0.30863378528854113,0.2637323442567773,0.30640850666630554,0.24001444228753846,0.31083829597632023
852,0.27623634180070883,0.30863276370033416,0.2637318899554542,0.3064077671013795,0.23999830901735206,0.31083719098594104
853,0.276221413067205,0.30861630517729377,0.2637147721813855,0.30638805109806433,0.2399878522484772,0.3109474966033984
854,0.2762107275604795,0.308614191817999,0.2636867203456344,0.3064134327460005,0.23997324030488568,0.310928384274771
855,0.2761949934323163,0.30861489845447626,0.26367738543095387,0.3063904748709666,0.23995889273684745,0.3109289809271658
856,0.2761814494821648,0.3086300098869553,0.2636468634603063,0.30637197053080795,0.2399328189921526,0.31093044830317684
857,0.27617284510341267,0.3086231404063244,0.2636282031222316,0.30638239633268216,0.23991754071907753,0.31088149233063994
858,0.2761630834597091,0.30862206285698146,0.26362741040342486,0.30638422952502503,0.23991690168877253,0.31088400149312573
859,0.27615533603737613,0.30861417493553717,0.2635971318061432,0.30638099500210464,0.23990634332993377,0.3109211292729825
860,0.27613938035874847,0.3086059591746373,0.2635785124474755,0.30637574015110824,0.23987808011111497,0.31092469022555047
861,0.27612932379663435,0.3086174212762961,0.26357683707198165,0.30637843123320824,0.2398526822187406,0.3108994244780533
862,0.2761209365540904,0.30859113992126225,0.26355732364073065,0.3063822463649018,0.23982458218250258,0.31088066213387633
863,0.2761073096110658,0.30856990506747684,0.2635442806092109,0.30637412392556446,0.23980546529970784,0.31086491015025375
864,0.2760971232897407,0.3085599101731056,0.2635315531862663,0.3063713542211739,0.23978524900663178,0.31088634938269893
865,0.27608988772731136,0.30854482424137963,0.2635125547627817,0.30635845887140256,0.23973509804293675,0.3108261599339259
866,0.2760730087612568,0.30854607486243696,0.26349810271522295,0.3063592913610275,0.23969874989761683,0.3108367820845654
867,0.276064061790899,0.3085640305659887,0.26349658480425486,0.3063605625697869,0.23967691125226057,0.31075869888137714
868,0.27605361628385616,0.3085537293995693,0.26348252573026903,0.3063448245926107,0.2396371712772169,0.31082094798125376
869,0.27604751999996985,0.30854701991469863,0.2634753925939057,0.3063330994465751,0.23960756736620503,0.31083797038529104
870,0.27603876690748635,0.30853976810968065,0.2634349907091674,0.30626707183365115,0.2395909300919687,0.3108570333583901
871,0.2760233564946597,0.30854845483130633,0.263393569649664,0.30626547057362913,0.23957913127519537,0.3109009046630808
872,0.27601050221839923,0.3085392310837708,0.263372369473974,0.30625706640991723,0.23954708384414916,0.3109255092673566
873,0.276001364640761,0.3085398896120112,0.2633405561750133,0.3062466159382288,0.23953011660707638,0.31093293007900663
874,0.27599144065505854,0.3085197922357286,0.26331801985328807,0.30624843350522885,0.2395169650312382,0.31097002586183264
875,0.2759839058945604,0.3085142627223233,0.2633086305219983,0.3062429457162395,0.23948276290587955,0.3110243679875393
876,0.27597280085570663,0.3085155059870606,0.26329433508652694,0.3062538567562292,0.23946814918250614,0.31103159078645753
877,0.2759622120249371,0.30849816358125426,0.26327219922208317,0.30627212497626005,0.23942623582584913,0.3110079319551524
878,0.2759481712913409,0.3085006453009084,0.26325645116821517,0.30626841127439575,0.23939004611475426,0.3110467070370954
879,0.27593479332429444,0.30849814254233243,0.2632548889235261,0.30627759865527626,0.23938179158364847,0.31102645576517307
880,0.2759170084835546,0.3085002349449829,0.26324196469774036,0.3062810588900283,0.23935713590558944,0.31097161723434436
881,0.2759137864729193,0.308498905808027,0.2632165969857964,0.30626318131151486,0.23934102323248288,0.31097039957320116
882,0.27590179579704116,0.30849490743590086,0.26320335220759206,0.3062491748780449,0.23931471508850952,0.31096065698630976
883,0.2758923842767055,0.30848151392232553,0.2632022563863452,0.3062494329701934,0.23930520218763227,0.31093807964738535
884,0.2758803259994576,0.3084781866035349,0.26319317640109674,0.3062271315005734,0.23925562054091926,0.310996241617103
885,0.2758643937361678,0.3084782405061678,0.26317098206173684,0.3062757577579097,0.2392250666289959,0.3109942428091325
886,0.27585781291289574,0.30845604794151776,0.2631460161685596,0.30628810857390565,0.2392052007828575,0.31097850375980446
887,0.2758385593285495,0.3084577875850243,0.26314298601284847,0.30628222172455555,0.2392026653162255,0.3109676795924733
888,0.2758249620438128,0.308445418766458,0.2631128109442137,0.3062871912801748,0.23917295618839485,0.3109952177816299
889,0.27581130382462743,0.3084378711112715,0.26309208324614897,0.3063254015976053,0.23915751158435458,0.31103806428787717
890,0.27579321812651575,0.3084286994414917,0.263063422909388,0.3063075298037364,0.2391306147094669,0.3110373745458606
891,0.2757772490983271,0.30841837995735744,0.2630498833751551,0.30632220476654953,0.23911495691813212,0.3110761097162194
892,0.2757593647647178,0.30844120924838997,0.26304858436450534,0.30632310704492177,0.23911252901121774,0.31107756680535337
893,0.2757380863451704,0.3084438003664967,0.26303577487532964,0.30633433715357405,0.2390622451804276,0.3110698633212907
894,0.27572482436836204,0.308445285832851,0.2630344612983372,0.30632500839369425,0.2390265650407728,0.3110720407255025
895,0.27570287868897264,0.30843057615624414,0.2630137941357782,0.3063420690846851,0.23899936614742734,0.3110781625216127
896,0.27569097731233855,0.30840043782050236,0.26301253849999384,0.30634297312272524,0.23897672632195435,0.31107822837398624
897,0.27567600202185544,0.30838682719709043,0.2629982028275726,0.30634212622696255,0.23892769889417537,0.3110639570520958
898,0.27566912646282665,0.3083685286681046,0.2629902811888077,0.306320596728689,0.23886572421580202,0.31106329851244263
899,0.2756492748804964,0.3083640351865351,0.2629637608613012,0.30632393698131055,0.2388325366284738,0.3110109491038486
900,0.2756378791560855,0.30835967391594754,0.2629299309315765,0.30634388679738533,0.2387992579089139,0.31096617474074817
901,0.2756236616336078,0.30836859298458374,0.26291021284627464,0.3063315132217045,0.23875962246228075,0.31095656400640387
902,0.275611232182449,0.3083718648382881,0.26289018555767024,0.3063254508150425,0.23875725977783077,0.3109595170742972
903,0.27560337068210183,0.3083652486021241,0.2628772437771199,0.3063085164848386,0.23872701663319754,0.310965677370313
904,0.27559618040824163,0.3083548889124879,0.2628630481618731,0.30634020928566397,0.23869854684952138,0.3109523667757293
905,0.27558852991712485,0.30835165535364434,0.26285009322640046,0.3063387710423273,0.2386773147720173,0.31092274318572294
906,0.275581748786849,0.308352097552107,0.26282925613398894,0.306334537771338,0.2386439864664586,0.31090071374746275
907,0.2755698889158721,0.30834979638134297,0.2627983475535011,0.30632037999840034,0.2386287684301818,0.3109151626714434
908,0.2755659860930003,0.30834959137029716,0.26278343468821624,0.30631330238250587,0.23859113412179792,0.3108928555151676
909,0.27555910341421974,0.3083431294515156,0.26275841689563223,0.30633643345484696,0.23856189907456918,0.310917575029354
910,0.2755482214982993,0.3083250643580828,0.26274269645587045,0.3063307567178127,0.23854884822996492,0.31092460270666195
911,0.27553636280339516,0.3083184574311158,0.2627375030512673,0.3063311061773921,0.23851163072232612,0.3109341771816237
912,0.2755292657601121,0.30830645755366887,0.2626968409806053,0.3062751555637957,0.23850073707149924,0.31092934508441344
913,0.27551029742988503,0.3083254204193627,0.2626745505979234,0.30628385489532256,0.238462759910681,0.31092706118583474
914,0.2754999279154618,0.30830681071899624,0.26264713073643664,0.30628742247262547,0.23843586027957403,0.3109292709646159
915,0.2754942713881115,0.3083072937264766,0.26263410875042903,0.30627717030329166,0.2384054610814292,0.3108872196119406
916,0.27548160590922055,0.30829789890381226,0.26262092428053546,0.30628953171611845,0.23838353177061322,0.3109458452126575
917,0.2754698504454195,0.30829545461477537,0.2625991869735766,0.3063240182312905,0.23836481775581678,0.3109519244751559
918,0.2754616424406603,0.30829420889061576,0.26258312917051857,0.3063246642580484,0.2383389757359286,0.31102972238099835
919,0.2754454607477281,0.30828149053897724,0.2625618684848693,0.30631031259533953,0.23831948420775947,0.31100593139399385
920,0.2754323876512821,0.3082663214805974,0.262529485296953,0.30632954822861513,0.23830718987067737,0.3109963074079326
921,0.2754217380804829,0.3082653850749457,0.2625143051249609,0.30636569929272867,0.23830087058742086,0.3109989515258084
922,0.275407061925814,0.30825539117608963,0.26251214230052267,0.30636610232467953,0.23826889635602208,0.31096039277155246
923,0.2753967022689145,0.30825218418891864,0.26250719057363664,0.3063661625886176,0.2382440659320016,0.3109690155105821
924,0.2753791712358532,0.30824943396414084,0.2624961425445207,0.306375894613988,0.238187621221415,0.3109636174889523
925,0.2753675120313921,0.30823991821438035,0.26246881357237895,0.3063517401076997,0.23817335315067062,0.31101813520984084
926,0.2753506744478883,0.3082360011604971,0.2624482893828561,0.30636837855982485,0.23813643089890574,0.31100344498653926
927,0.27533515022795657,0.308237091591693,0.26241818605526485,0.3063811196528535,0.23810488089529838,0.3109897128314325
928,0.275320884604937,0.3082290779694666,0.2623973347642469,0.3063874043407338,0.2380781817418516,0.3110054102252507
929,0.27531035508071794,0.30823009810639246,0.26236838812690716,0.3064144912728785,0.2380574223217887,0.31103526193924536
930,0.2752975124901999,0.30822749369497826,0.2623496316196301,0.30640217373539436,0.23802909855390567,0.31102047691856183
931,0.2752917647171984,0.3082238095710842,0.2623395399268899,0.3063909338393998,0.2379794346230805,0.311034905708176
932,0.27528276723619377,0.30822583950233834,0.26231804047986307,0.30641222994980666,0.23794074931018275,0.31103811001870196
933,0.27526961608809075,0.30821196591220107,0.26230383311579747,0.3064102708455446,0.23790995623890066,0.31107618408377924
934,0.2752604336294254,0.3082069948644336,0.26228092135875697,0.30642167546585575,0.2378722528907276,0.3111124923785052
935,0.27525094447255016,0.3082025789221334,0.2622605460373792,0.3064053416702322,0.23785022691750754,0.3111357630003444
936,0.27524110879471464,0.3081918484648628,0.262249366037153,0.3064057727466581,0.23783608507570658,0.3110854338165688
937,0.2752331716759551,0.30818471939720005,0.2622295090334208,0.3063899153321563,0.23781673419770716,0.31112211798440276
938,0.2752279730475135,0.30818157332675045,0.26221239011032954,0.30637894510314934,0.23777943469398347,0.31109378981592944
939,0.2752116246672705,0.3081795973529681,0.26218408101946516,0.30636156377138823,0.23776365411274533,0.3111143193649681
940,0.27520039851103384,0.3081534878164204,0.2621713718539526,0.30636096362220205,0.23776296179266607,0.31110848637533084
941,0.2751808725143174,0.3081421275956059,0.262150283528136,0.30634992802227434,0.23775916765462282,0.3111043201449044
942,0.2751654804604978,0.3081352992023334,0.26212387595278686,0.3063863654863136,0.23773320370824794,0.31112355286144167
943,0.27515415630301043,0.3081316192099427,0.2621157699304002,0.3064084828830355,0.23768762561069345,0.31113075328673795
944,0.27514808039284644,0.3081307087229162,0.26209112100203935,0.30638344147511215,0.2376559140965309,0.3111454997649562
945,0.275143696223129,0.3081297512584927,0.2620896235846833,0.30638993169089107,0.23762928822846235,0.3110759165644986
946,0.2751376520283819,0.3081132481789589,0.26207049095048934,0.3063756912669766,0.23761427837671292,0.31107760379012395
947,0.27512539014621334,0.30810208582745774,0.2620356386015633,0.3063756262536038,0.23760807206754164,0.3110797405684455
948,0.2751138163119128,0.30809197261896376,0.26202349347778714,0.3063779167790026,0.2376006848782286,0.31104375424117925
949,0.27510624512639115,0.3080672406211166,0.26199967549626507,0.30635475479679286,0.23757700110886448,0.311046061132284
950,0.275090423489693,0.3080664082299758,0.26197906156636863,0.3063936117806466,0.2375553220632987,0.31104374870062784
951,0.2750764295696652,0.3080743558397026,0.26194940766353686,0.3064596850847894,0.23749559466562264,0.31105079746076114
952,0.27506397217236117,0.3080608659462558,0.26193669472676634,0.30648437595770883,0.23745858336586997,0.31101470381345664
953,0.2750574968323164,0.3080621573941075,0.2619208551346792,0.30648960936943603,0.23742071379757318,0.31100539950687955
954,0.2750454286491498,0.3080664875152033,0.2619172016061164,0.3064807439841291,0.23736396195711254,0.3110111667209769
955,0.27504095088612485,0.30806292302569094,0.26190031252868784,0.3064661138717501,0.23732525034737642,0.31103152906278825
956,0.2750302531386269,0.3080345094955296,0.2618909275855778,0.3064755997959244,0.23729267463457457,0.31102808385700037
957,0.27501293046434544,0.3080304199495648,0.26188371328622695,0.3064813865027461,0.23726310554227673,0.3110662466843294
958,0.27499691346912175,0.308024524569808,0.26186061865415317,0.30645600301000964,0.23725457960634336,0.31107314855821
959,0.27498544796446356,0.30802596356435513,0.2618462014911238,0.30644613914330193,0.23724095128833142,0.31103572994829576
960,0.2749738664330259,0.30802787273408805,0.2618260822258365,0.30648245914779515,0.23722001989649819,0.31106521472400545
961,0.2749587169514077,0.30802028506858,0.26180092225077545,0.30649900452892936,0.2372028498958103,0.31112054736214695
962,0.27494942196453104,0.3080221306377531,0.2617897164336684,0.30649742164325805,0.2372014895762717,0.31110010588242265
963,0.2749401343971905,0.308018279225637,0.26177288759347933,0.3064941431207384,0.2371898912421401,0.31110073101625013
964,0.2749310658966717,0.3080082804046057,0.26176684595785654,0.30649244513867324,0.23717361364933381,0.31110949903488117
965,0.2749177794799623,0.3080176349988558,0.2617378409112833,0.3064500822686962,0.23716705892270656,0.3111203756744966
966,0.2749129549568916,0.30801908768025144,0.26173576399090054,0.30645010311405213,0.23714272749810333,0.31115124705959696
967,0.2749044761475275,0.3080238350273861,0.26170615182967266,0.30647024009960855,0.23711189638242963,0.3111529832509393
968,0.2748924513230421,0.3080192466769914,0.2616763052513015,0.3064502581562172,0.23708761690916752,0.3112533902461554
969,0.2748804394953993,0.30803021090991306,0.2616509597149534,0.30643529785114687,0.23707007160490925,0.31130520476532797
970,0.27486924050903133,0.3080219013302712,0.2616279169974537,0.30644062221494495,0.23706406019371434,0.31129976011502314
971,0.2748573440712813,0.3080221925580143,0.2616115865413697,0.30644905238885306,0.2370352265840439,0.31130902674115507
972,0.27484347778882506,0.30801507451667254,0.2615856184070405,0.30643736755103435,0.2370344489348703,0.31130340110502913
973,0.27483470084081013,0.3080126011156859,0.2615815234449256,0.30642685651794255,0.23700735622387897,0.3112906494630704
974,0.2748243660879817,0.3080071762169745,0.26156272039987644,0.3064278616130791,0.23699378929493112,0.3113211178121357
975,0.2748169713040966,0.3080016526132741,0.261542086431338,0.3064046400722847,0.23697306467621143,0.3113675368896812
976,0.27480327280118216,0.3080001585902588,0.26152595966346587,0.3063901854149955,0.23693805143797286,0.31135940532402473
977,0.27479332947928337,0.3079913032013906,0.2615081510780175,0.3063863458016818,0.23690689537325405,0.31136820448606906
978,0.27478314543174187,0.30799542614368625,0.26148514696565234,0.30641106072112523,0.2368932421994842,0.31136448412979134
979,0.27477212996333605,0.3079835801488892,0.2614710095166556,0.30640412740471573,0.2368311613945317,0.3114374649218409
980,0.274762222137075,0.30796911376481173,0.26146979849741253,0.30639552161648437,0.23682175967427352,0.31142539123356267
981,0.2747527334768265,0.30796404215860407,0.2614504637540777,0.3064096027629815,0.23678507153856385,0.31137733822949637
982,0.2747416446780855,0.30797511878599776,0.26142644845056656,0.30643159587017926,0.2367760969214233,0.3114019461832189
983,0.274728146996785,0.3079728700571713,0.26140910217809255,0.30641872263354736,0.23676112150140416,0.31139166076057834
984,0.27471761188265725,0.307961260522304,0.2614088742085061,0.306421188601001,0.23674998090799207,0.31136640262118304
985,0.27470628990540363,0.30794345280894964,0.26140546020741706,0.30641290883212097,0.23671620319245518,0.3113731626744474
986,0.27469171456781805,0.3079383507162487,0.26140342218718393,0.3064128780687425,0.2366946389680689,0.3113761292236713
987,0.27468448530897654,0.3079356574134316,0.2613865859551976,0.3064187584707978,0.2366754573458923,0.3113921542504141
988,0.2746686158432618,0.3079226414370542,0.2613620970998357,0.3064037222556949,0.23665278612794124,0.31138914077363883
989,0.2746581755250975,0.3079328657112673,0.26135014599954454,0.30637806928145517,0.23662233280208378,0.3113828948964971
990,0.274645033352215,0.3079284014924366,0.26133921633838025,0.30638406753872827,0.2366051836111007,0.3114272479779874
991,0.27463469965667625,0.307933837366927,0.26131833258508863,0.3064083843152941,0.23656992021119355,0.31145421493325887
992,0.27462380267651293,0.30793649587387745,0.26130353665938794,0.3063945126336854,0.23656719971373366,0.3114279675753693
993,0.27461421436443867,0.30792881150229207,0.26128132908951907,0.3064377432514824,0.23653686880267855,0.31145464984394444
994,0.27460559491090397,0.30793208421408347,0.26127789223645853,0.30642773588704164,0.23650788302984627,0.3115073675166715
995,0.27459868570065604,0.3079232143176494,0.2612438075852203,0.3064565661130453,0.23646966946207168,0.31157241261320895
996,0.2745796138618523,0.3079313641571547,0.2612197406114821,0.3064404337437242,0.23642036231310612,0.31154936467040656
997,0.2745717021994788,0.3079269293868002,0.2612020629459734,0.3064323785437251,0.23641398769722458,0.3115512807898808
998,0.2745579555636836,0.3079157132013921,0.26119920672005387,0.3064278039903643,0.23640063786296414,0.31156384413104127
999,0.2745491576135673,0.30790981593453853,0.26117763073115563,0.3064336239984943,0.23637467807074714,0.3115420871461112
1000,0.2745374621832814,0.30791065940588075,0.26116718837688596,0.3064390043248341,0.23633230947125144,0.3114873176684816
1001,0.2745304368128129,0.3078828360103337,0.2611509662666838,0.30644567325661215,0.23630386132082162,0.311511288672696
1002,0.2745205992648528,0.30787519305286887,0.2611321482236341,0.3064404766359886,0.23627057425579137,0.31151894240318334
1003,0.27451116991650415,0.3078637455717909,0.2611112065192612,0.306489939814992,0.23626051883572072,0.311580077335002
1004,0.27450001535826085,0.30786993211274044,0.26108572461982377,0.30650299028556105,0.23625645595582886,0.31157351883831363
1005,0.2744915730471812,0.30787733153351116,0.2610786025414803,0.30649796755386893,0.23625233926211014,0.3115684010059095
1006,0.2744817839434543,0.30786195158104157,0.2610508188273991,0.3064885439249877,0.23624474263474826,0.31159828213233987
1007,0.27447263307178443,0.30785597661887715,0.26102472850187736,0.30646874243706035,0.23622436905720098,0.31160366980776305
1008,0.27446289082009057,0.30785692815695775,0.26101434670479573,0.306474074726538,0.23619778549272863,0.31161116521078863
1009,0.2744489787717057,0.3078549331286235,0.2609956974495692,0.3064711976485081,0.23617218850190527,0.31161345644746274
1010,0.2744378173125209,0.3078475853099904,0.2609821619701004,0.30646843222141507,0.2361031247057126,0.31153097603987523
1011,0.2744281242298098,0.30782688287899723,0.26094535571074584,0.3064661400417377,0.23607469736350828,0.31151277905494845
1012,0.2744175998470705,0.30783739551510364,0.260911181509537,0.3064639207904301,0.2360350145065436,0.3115311827112725
1013,0.2744116341000784,0.3078459370737627,0.2608928045579457,0.3064698706509031,0.23599250640026673,0.3115372702416763
1014,0.27440497429718663,0.30783728311700786,0.2608897054265529,0.30646325973004795,0.2359583049063316,0.31150025826073946
1015,0.2743931366553813,0.3078340092496823,0.26086350126050467,0.3064629423152075,0.23593351328567355,0.31149408652881966
1016,0.2743821805843756,0.3078327147407399,0.26084887340194074,0.306475590608159,0.23591661020014862,0.31146718711871796
1017,0.2743696907677397,0.307824945128569,0.26083043895269903,0.3064408923974455,0.2358735532082714,0.31148093472350596
1018,0.2743601573157005,0.30782442763045825,0.26082206308434913,0.3064354977746001,0.23585265911261533,0.3115121945386046
1019,0.2743497191870605,0.30781871390357096,0.2607804653906687,0.30642668881744417,0.23584932139411646,0.3115090206516653
1020,0.27434294025862793,0.3078131270890151,0.2607509320503145,0.3064166616195441,0.23583678368266497,0.311508093381341
1021,0.2743296745931181,0.3078192491772298,0.26073962563026276,0.30642272613196,0.23580847185497328,0.31151649073208626
1022,0.27432604750990536,0.30781980739594084,0.26071892553369647,0.3064225199122953,0.2357903212546538,0.31151500428527196
1023,0.2743187402376844,0.3078192412203887,0.26071778773716175,0.30642331792896765,0.23576392273119,0.31153861253493764
1024,0.2743044255211619,0.3078069131744028,0.26071204829835415,0.3064249544489969,0.2357344940656908,0.3115325084850417
1025,0.2742897642480207,0.3078141954898354,0.2606983633868961,0.3064172122355746,0.23571933286523997,0.3115592697625491
1026,0.2742840892117039,0.3078146970428805,0.2606758599616791,0.3064166397150246,0.23570515455621355,0.3115808793244211
1027,0.2742765814807749,0.30780815584669674,0.2606562226069408,0.3064191125571908,0.2356821505907504,0.31157778183136603
1028,0.2742609424593491,0.307814808597525,0.26064160263357217,0.30643937121422515,0.23565425616727018,0.31156622122690275
1029,0.2742527976849781,0.3078116060137367,0.2606363475426768,0.30644269094174154,0.23562769173460132,0.3115097199793956
1030,0.2742409169902409,0.3078209963332356,0.26062237245580294,0.30644009923099297,0.23559139165819462,0.31152345741761295
1031,0.27422641673555237,0.3078312652119693,0.26059939948280675,0.3064435866114545,0.235577040919839,0.3115088240083684
1032,0.2742097222375524,0.30782463216528194,0.2605767889251175,0.3064313731697093,0.23557655517457632,0.31149563894321197
1033,0.27419640963737163,0.3078258130294298,0.2605553807952243,0.30641731074998485,0.23556367736086758,0.31148180194386016
1034,0.2741842988021628,0.30783239961748676,0.26054196885579867,0.3063990385950926,0.23554318523595055,0.31147754623184803
1035,0.27417562090090175,0.30780128375400667,0.26054151759480537,0.30640121186885017,0.23548524495241296,0.3114711243500776
1036,0.2741676390286245,0.30779947081324205,0.26052710607827795,0.30636003534979006,0.23545179448655904,0.3114725395058015
1037,0.2741548308710761,0.3077883502590941,0.2605080594367263,0.3063942803445781,0.2354217294644262,0.31155141863249874
1038,0.2741462167326558,0.3077576553159838,0.26048268661658297,0.3063764431364728,0.23540206350827172,0.31158856637567184
1039,0.27413813249043917,0.30775614716525923,0.260463401768114,0.306379544197959,0.23538648490809155,0.311607231325109
1040,0.27412827399623374,0.3077576350380061,0.26045006571125867,0.30637203345596975,0.23536384674717536,0.31162024669368477
1041,0.27411874418583515,0.30775441511617424,0.26042507409488574,0.3063527889538085,0.23534766363281334,0.31157818924865976
1042,0.27411044321653516,0.30775417505005465,0.26041538003169357,0.30636198466897036,0.23530251259040855,0.31160086785555474
1043,0.2741009632565054,0.30775897830696236,0.2604041773999293,0.30633769408824424,0.2352660147927723,0.3115398212756877
1044,0.2740958465044947,0.307766142748509,0.2603814124106122,0.30634289114117735,0.2352353896810023,0.31155844845447284
1045,0.27408013412544613,0.3077740441097276,0.26038023765186297,0.3063452375224216,0.23520707410762307,0.3115713652110686
1046,0.2740668739807888,0.30777546885260504,0.26036195685410757,0.3063544720658145,0.235185862261483,0.3115921345692784
1047,0.27405936423690475,0.3077685999306145,0.2603441712218108,0.3063672805143595,0.23517569876072167,0.3115774598092122
1048,0.27405022842016113,0.3077669801720782,0.26032307800031235,0.30634887984310016,0.2351318511896399,0.31159021597355335
1049,0.2740393851840409,0.30777488211306964,0.2603111484889382,0.30636240735811193,0.23512108914970548,0.3115884091053918
1050,0.27402348027540274,0.3077837139830591,0.2603078658925195,0.3063582670113558,0.2351041469573847,0.31157020512654504
1051,0.27401126537495935,0.30776486456482127,0.2602852955254403,0.3063433576018883,0.2350793672835275,0.3115887601894016
1052,0.2739983838240286,0.30775624502977533,0.26027413066770483,0.30634621116308675,0.2350468521338228,0.31158999937846377
1053,0.27399081849795787,0.3077668560617755,0.2602485185458165,0.30632855716769714,0.23503402196347403,0.3116180392510316
1054,0.27397856143692534,0.30776947208123945,0.26022480569877815,0.30632804727894664,0.2350166486293724,0.311642945326924
1055,0.2739720322546047,0.3077805177117139,0.2602051099387248,0.30629228291019256,0.23500909148048887,0.31163139980821514
1056,0.2739582672755333,0.30776145088066775,0.26020397780584104,0.3062945927884716,0.2349829694606571,0.31164024820709185
1057,0.27394673371214856,0.3077500992888491,0.26018335099544254,0.30629147089148423,0.23497198913349962,0.31165642332500626
1058,0.273935157271585,0.307752561144467,0.26017306662447237,0.30629380812643686,0.23494103137468528,0.31162462439761524
1059,0.2739280015045069,0.3077560568356351,0.26015356582251625,0.3062856163913605,0.23492467347592755,0.31162698690588936
1060,0.27391843482407796,0.30773918465560596,0.2601469619464778,0.30629043001325384,0.23489424002800025,0.3116366059659762
1061,0.2739103916219576,0.30774549943513424,0.2601335912402957,0.3062970999038346,0.23486458202327182,0.3116468233622665
1062,0.27390981347739546,0.30774478880834155,0.2601200778887364,0.30628715844906707,0.23485246519989125,0.31160490274088565
1063,0.2738965554790845,0.30774169943803587,0.26010598300362875,0.3062867427255162,0.23479654614504764,0.3116477660354097
1064,0.2738884061560454,0.30773910278697747,0.26009726165661096,0.3063021701062306,0.2347502318126947,0.31167926459876694
1065,0.2738766984430201,0.3077411023981927,0.2600840582638277,0.30629418653911933,0.23470600077753417,0.3116535206935274
1066,0.27387001592598803,0.30773911170151586,0.26007178064892134,0.30629834436712605,0.23468267937615916,0.31165839644839766
1067,0.2738581160102447,0.3077368566444172,0.26006050758435567,0.3063307507699588,0.23467712731707444,0.31165338500705947
1068,0.2738505002784433,0.30773220697839376,0.2600410813088316,0.3063435548121732,0.23467042931148263,0.3116538483276676
1069,0.2738455701247078,0.30772761400271437,0.26004049241137484,0.3063443870032073,0.23463260381332823,0.31166517518086845
1070,0.2738386389895389,0.30770678224877634,0.2600197694219928,0.3063312132563641,0.23460345593495996,0.31166769977890635
1071,0.2738283407413662,0.30770416181229693,0.2600052755617076,0.3063249864410686,0.23457473158348705,0.3116846091915506
1072,0.273816896087365,0.3077018089703463,0.25998599368268904,0.3063118825826433,0.23455067532887636,0.31167554898524286
1073,0.2738089819660302,0.30769076324090605,0.25996947429359824,0.30632343562503345,0.2345158426622332,0.3116865891137268
1074,0.27380148357056494,0.307699290520373,0.2599685541280427,0.306326398715197,0.23449011052069324,0.3116411650605235
1075,0.27379175569995773,0.3076826842468992,0.2599545694969775,0.30633679662430247,0.23448557821020852,0.3116428850874431
1076,0.2737808971699845,0.3076822807215371,0.2599391678068771,0.3063444515272561,0.23446865415255508,0.3117028309212343
1077,0.27376639581916823,0.30768193492414647,0.2599228818415248,0.30632675119426717,0.23444024625375326,0.31165225699158083
1078,0.2737609258715137,0.3076795787309648,0.2599119915544726,0.306314975896492,0.2344138392989722,0.31166963015141286
1079,0.2737532618944915,0.307669778200751,0.2599092690169419,0.3063107596608617,0.23438634695401206,0.31167865030268654
1080,0.2737464995732258,0.30766889301430583,0.25989033726593586,0.30634584643388635,0.23435121514516088,0.31166814651883773
1081,0.2737371466455152,0.3076463357296617,0.2598663592625384,0.30635135938147695,0.23432928344985088,0.3116254120423305
1082,0.2737254446953821,0.307643897125294,0.259846237833084,0.30636173911029596,0.23430110350817002,0.3116657046239285
1083,0.2737143090475102,0.3076367959389604,0.2598071726908972,0.30635230939521163,0.2342616335730606,0.31162248039390983
1084,0.27369704893670516,0.30763519783588994,0.259796457379152,0.3063279580425841,0.23423975359210056,0.31166066772845014
1085,0.2736833806815517,0.30764036255342536,0.25979445467622797,0.30633386917291605,0.23422034599610786,0.31169882786481745
1086,0.27367281037664865,0.30762197242135836,0.2597749977338832,0.3063214419827987,0.234196379942886,0.3117227422555208
1087,0.27366544120287906,0.3076179076624292,0.2597730316786736,0.30632726612525085,0.2341700325596165,0.31174391191134193
1088,0.27365475723430815,0.3076200994499361,0.2597644167091602,0.3063668737195561,0.23415076722278858,0.3117440175683136
1089,0.27364258131307373,0.3076289712666426,0.259744082648692,0.306357705998604,0.23414332032836327,0.3117537996891291
1090,0.273637991410805,0.3076305823602932,0.2597299772750745,0.306367393569766,0.23413824643972622,0.31174423789970296
1091,0.2736269235901985,0.307631156703497,0.25972840277072984,0.3063658442122151,0.23408291192470168,0.3117095373720409
1092,0.273619259845912,0.3076020648436258,0.2596945320770549,0.30638762633460837,0.23404090956682858,0.31172626786114077
1093,0.27361415414898904,0.3075944903225759,0.2596758002189756,0.3063735749740706,0.23399875145279433,0.3117499296116559
1094,0.27361224123186806,0.30758923500099217,0.25967590662350454,0.3063608068586837,0.23397090260750994,0.3117731034602787
1095,0.27360049796859964,0.30759072197659965,0.25965403692708466,0.3063463455531003,0.2339583605966234,0.31178661486886716
1096,0.2735942498558189,0.30758980283769166,0.2596387348885405,0.3063342657336025,0.23393604644132543,0.31188747200657735
1097,0.27358233003184523,0.30758133548156524,0.25962056739694667,0.3062998086578408,0.23390520764865624,0.31186423669638136
1098,0.2735734714057234,0.3075811838161471,0.2596034321665716,0.30633439610630103,0.23386685954516034,0.3118905228041909
1099,0.2735628475387979,0.30757783240665715,0.25959109892725996,0.30632976506905624,0.23385290690524002,0.31194148273678357
1100,0.27355359261023654,0.30756118204440386,0.25955954722814534,0.30632861379620413,0.23382494374113263,0.31193510623677667
1101,0.27353112722186707,0.30755682143156987,0.25954191205534655,0.3063581888055121,0.2338122322294668,0.31196381462637474
1102,0.27352658295863064,0.30755874520402204,0.2595212215221066,0.3063563835563582,0.2337621995741653,0.3119552000181541
1103,0.273519853531099,0.3075438637307969,0.25950146193978973,0.3063241193628797,0.23374632641179685,0.311932884841924
1104,0.27351124286796963,0.3075451109371011,0.25949985958000604,0.3063043133943703,0.2337209429109674,0.31194775172055117
1105,0.27350308778489135,0.30754396933351896,0.2594904159008492,0.30631954187441585,0.233686778872186,0.311972499644854
1106,0.27349623681439295,0.3075411665946468,0.25947111728992367,0.3063422605386608,0.23364763847489584,0.3119760134183109
1107,0.27348647829179323,0.3075420133347605,0.25945196314939745,0.30635378498907606,0.23364040985708542,0.3119991565120822
1108,0.2734783688312322,0.30753569887339527,0.25943962538211723,0.306342591467731,0.2336288629471399,0.3119814356207837
1109,0.27346720533468954,0.30753826113061383,0.25942622311083074,0.30635044670850026,0.23360804135113997,0.311990691865957
1110,0.27345473940697407,0.3075610099242844,0.25939876599211337,0.30633894804546,0.23356889958176127,0.3119672535705989
1111,0.27344323096320344,0.307563701909588,0.2593879797949535,0.3063318321999238,0.23352675376374962,0.31202387204610865
1112,0.2734366736908382,0.3075624479340625,0.2593805100042492,0.30632596404969215,0.23351987623056558,0.3120245333280519
1113,0.2734266414352338,0.30756397247679745,0.259361619223607,0.3063921509854713,0.23350228547999746,0.3120382601225486
1114,0.2734159359539671,0.3075647561771551,0.2593408672201752,0.30637607105480963,0.23348515500317024,0.3119681184823539
1115,0.27340236668382784,0.3075596755795353,0.2593235840032455,0.3063755426003024,0.23346714681594485,0.3119915637441238
1116,0.27339351434698583,0.3075581645166616,0.259304541431091,0.3063533263122333,0.23345115326796384,0.3119890350222473
1117,0.27338794175798226,0.3075470034189585,0.2592880523646762,0.3063554174655222,0.2334187052661168,0.31200581223000573
1118,0.273382367048613,0.3075465170441285,0.25928079179199326,0.30634936134666496,0.23338261744961275,0.31198297154633525
1119,0.27337507080373763,0.30754755887625856,0.25926198619375207,0.3063364279072679,0.23336540062447259,0.31201052764210746
1120,0.2733662105082403,0.3075292034989367,0.2592524912176109,0.30633917200675703,0.23334777675377505,0.31207257467874344
1121,0.27335039495659724,0.3075392043479777,0.2592339386440442,0.30632189197641807,0.2333309275065451,0.312055874527474
1122,0.2733445747764305,0.30753355305875646,0.2592110484880788,0.30632672861373966,0.2332979236928078,0.31205539641828556
1123,0.27333530617432483,0.30753205148549956,0.25919889069300783,0.30631627771232717,0.23326427085111978,0.3120458216564307
1124,0.27332300558715006,0.307541641260336,0.2591794667999257,0.3063564514118949,0.23323977086045417,0.3120657420751821
1125,0.273311836147127,0.30753801629407174,0.2591686516039138,0.3063588297240785,0.23322307637323525,0.3120712444063968
1126,0.2733011066730275,0.3075429386198505,0.2591529513053074,0.30634756321537593,0.23319039955162207,0.3121041106573022
1127,0.273297025027834,0.3075391083910177,0.25914029676119926,0.30631852001358834,0.23317113762791042,0.3121108967677098
1128,0.27329106046881496,0.30753254633198696,0.25910995566767,0.3063401914209387,0.23313163029545408,0.31210857718408036
1129,0.2732855929170429,0.30751651079432935,0.25909144657316857,0.3063548841067236,0.2331073383681705,0.3121311860487774
1130,0.2732779881323149,0.3075107010330637,0.2590765146081563,0.3063424685862998,0.23309917402475946,0.3121197714599671
1131,0.27326796346510773,0.30750789450954347,0.2590521492004734,0.3063646058777608,0.23307153909818532,0.3121441062340576
1132,0.27325613040660546,0.3075078052295181,0.259031807193223,0.3063959967358934,0.23304449769729363,0.3121543602698787
1133,0.2732470511199705,0.3075196024467531,0.25901321964720936,0.30641406761789897,0.23303146755706516,0.3121006179810028
1134,0.2732382606243955,0.30751306747151713,0.25899960004811845,0.3064200117611289,0.232997383482831,0.31210377773857484
1135,0.27323080326134364,0.3075154318072211,0.2589866597221733,0.306408870927656,0.23298383288333888,0.31210231789031617
1136,0.27322164717554887,0.3075128462481444,0.2589712892408173,0.30639669706033845,0.23296953376598353,0.31210981098012747
1137,0.27321680017024397,0.3075104944960288,0.2589542351474535,0.3064020130681214,0.23295497671432283,0.31211896513178317
1138,0.27319763845355793,0.3075060401235072,0.2589448617399063,0.306388164189802,0.23290645702003188,0.31213471153938654
1139,0.27318641771156665,0.3075187336960763,0.25893327262224614,0.30638918289821043,0.23285484984062624,0.3121352799753991
1140,0.2731767470208786,0.30752553963886475,0.2589139161828935,0.30641415004262695,0.2328458733342515,0.31212560332839606
1141,0.2731699950079321,0.30751985194688064,0.2588878102700822,0.30641920183288457,0.23283389373722443,0.31213961924738626
1142,0.2731584464988599,0.30752039084536265,0.2588743742660726,0.30644001755293454,0.23280199804440727,0.3121511896392215
1143,0.2731498959989198,0.30751885332576745,0.25886115584386643,0.30641872933222025,0.23279719214465094,0.3121542508863648
1144,0.27314846173915763,0.30751546326645407,0.25883968617211783,0.30641309743532263,0.2327866498151936,0.31213514092553674
1145,0.273143701177777,0.30750585465025176,0.25882914015239,0.30639339435227003,0.23276379440532038,0.3121819165231811
1146,0.27313404330516916,0.3075031388985189,0.2587973019630936,0.30637254378560747,0.23274641855190825,0.31214980218089067
1147,0.27312517956009374,0.3074776868660592,0.2587892602449717,0.3063717972727751,0.23272049934136468,0.31217168560159164
1148,0.2731203470483629,0.30747757238223977,0.2587846578842031,0.30636902278637745,0.23271834895965793,0.31215726909752395
1149,0.2731133612458733,0.3074501383990596,0.2587686737908223,0.3063549334234391,0.23269909088069432,0.31216989113444293
1150,0.27309918020122315,0.30745038963997295,0.2587429628017331,0.30634392559471074,0.23268675130857272,0.3121734767066522
1151,0.27308519722851726,0.30744834818396977,0.2587252412456112,0.3063445754929861,0.23266570064215086,0.31219608810837296
1152,0.2730736604969448,0.307440326531605,0.25869492654312803,0.30636109039061526,0.23264896029812746,0.31219157270534675
1153,0.2730658384901254,0.3074409678901069,0.258657289124023,0.3063211913030301,0.2326347200136645,0.31219679654942833
1154,0.27306058596098515,0.3074466177177772,0.258635824716497,0.30633158618410855,0.2325907705923221,0.3121567735030871
1155,0.2730505585582067,0.30743316779621305,0.258621867979146,0.30632946237667497,0.23256923244937808,0.3121491008891472
1156,0.27304242724288563,0.3074324514747884,0.25862124067875336,0.3063295757899538,0.23252606132851283,0.31217115648056154
1157,0.27303451259180955,0.30742531324124306,0.2586152198727102,0.3063311016055251,0.23250837556165252,0.31217516159336484
1158,0.27302068738397756,0.3074234026025407,0.2585869873246753,0.3063199143011115,0.23248629509844973,0.31216289509627293
1159,0.2730001292029073,0.3074187521834776,0.25857337901915006,0.30631758879834337,0.23247189490563833,0.3121836052321647
1160,0.2729920362210465,0.30738841341219947,0.2585623888892795,0.3062928006324784,0.23245313201161436,0.3121874779455743
1161,0.27298677537028326,0.30737961477658465,0.2585452870704591,0.3063041606728196,0.2324106975758183,0.3121865260890631
1162,0.27297882349744046,0.3073753243085889,0.25852971672335573,0.306305524192515,0.2323782741500868,0.3121940138003474
1163,0.27296647072566504,0.3073732137507112,0.2585140899238297,0.3062847924836214,0.23235707022374597,0.31227388636749254
1164,0.27295781895574,0.30737064543671133,0.25849774802306713,0.30631128766298066,0.23232559792034876,0.31227975766172195
1165,0.2729483377078376,0.3073661832232756,0.25848386029051307,0.3063305741360887,0.2322885121267082,0.3121954946323189
1166,0.27294214941321504,0.3073698533209834,0.2584673007910915,0.3063265553494762,0.23225085031700624,0.31215164892564007
1167,0.2729293844437702,0.3073785020203307,0.2584460928148553,0.3063440784751946,0.2322446022330982,0.31214942581799054
1168,0.27292245416804467,0.30737359288484734,0.2584296540472154,0.3063481385536376,0.2322253499240283,0.31213985455742616
1169,0.2729154040385314,0.30736782373879196,0.25842227662134665,0.306324846718889,0.2322137998383471,0.3121548946249485
1170,0.2728994521610644,0.30735299699651036,0.2584119512785657,0.30633078501682637,0.2321814608929744,0.3121348979181548
1171,0.2728837180129939,0.30734873359883735,0.2584070728932462,0.3063263830953613,0.2321722335214669,0.31213009564252303
1172,0.2728738308325297,0.3073224120941204,0.25839166865767793,0.30635321029116946,0.2321446839648808,0.31217752565995893
1173,0.27286553427028754,0.30731948271822906,0.25837296089430656,0.3063488359331171,0.23211963640301242,0.3121943641843438
1174,0.27285760599423364,0.30731241432519024,0.25835175231323887,0.3063378730533863,0.23210917336433318,0.312203728416749
1175,0.2728512514711725,0.307292049168222,0.258317950137342,0.30628749914646675,0.23210359586740534,0.31220435683366327
1176,0.27283540507228576,0.307296460662062,0.25829450099816575,0.3062711032600451,0.23208200390035316,0.312224897446401
1177,0.2728274990784623,0.30729349941917294,0.25827679838836715,0.3062646530207883,0.2320679390326418,0.3122551315789893
1178,0.2728204612423061,0.30728654324373245,0.2582645000868271,0.3062712415745019,0.23203812614197536,0.3122828869526073
1179,0.27281382232538354,0.3072857294732876,0.2582496767446794,0.30626428492412994,0.23199659244369544,0.3123427566927215
1180,0.272801211819996,0.30728076528767984,0.25824079447185166,0.30628839295715915,0.2319765353835909,0.31231216315532784
1181,0.27278942656709765,0.30726297484152226,0.258218429373718,0.30627351312725154,0.23196130725819838,0.3123128155186075
1182,0.27278252203657255,0.3072582343899988,0.25821133194557816,0.3062719250217753,0.23193148661293045,0.31231343033892633
1183,0.27277797757636385,0.3072510752661535,0.25819378033078494,0.3062740319602284,0.23191653213985383,0.3123088628163892
1184,0.2727707606119965,0.30724720191301375,0.2581698402395062,0.30626148458078795,0.23188678337696447,0.31231202090242693
1185,0.2727565359900457,0.30725345452204966,0.25815162137398734,0.3062645956554702,0.23187436443051057,0.31231130050543765
1186,0.27275229070353485,0.30724964464914845,0.25813422123306556,0.30625717558750654,0.2318707940035673,0.31231476459809093
1187,0.27274484078072203,0.30724977066760767,0.25810753422665306,0.3062569714701058,0.23186253944007815,0.3123161011140422
1188,0.2727347492865731,0.30725189226571586,0.25809707105065316,0.30621324648316456,0.23184827579478884,0.3123380834977876
1189,0.27272451820300325,0.3072479680342856,0.25807593347293334,0.3062271423070883,0.2318384893680191,0.3123198668749671
1190,0.27270719442040836,0.30724948268004726,0.2580573435999748,0.3062274879979363,0.23180868281626982,0.3123494759969952
1191,0.2726979018194533,0.3072555117669092,0.2580487742208398,0.3062216338468484,0.23178920109110818,0.3123299155395578
1192,0.27267890975614856,0.3072375648641753,0.25804026455373913,0.3062181390389515,0.23178121566167645,0.3123326364481871
1193,0.2726683746430558,0.30723444372927056,0.2580195688748938,0.30624015668224264,0.23175463836355004,0.31230462676378534
1194,0.2726632074050456,0.30723060892330406,0.2580078826853339,0.3062392889424539,0.23174377405839877,0.31230268587178683
1195,0.27265301437906486,0.30721963756758136,0.2579972310747944,0.30623995743035437,0.2317335990198934,0.3123049752292584
1196,0.27264193483768717,0.3072103499104407,0.2579777075835178,0.30626750277564324,0.2317138300444387,0.3123381773177608
1197,0.27263511677244473,0.30719633676574987,0.25796169205975167,0.30626490532707756,0.2316806640195771,0.3123482120330064
1198,0.27262794749411595,0.3071904174154849,0.25794671130393165,0.3062737634794349,0.23163864040701304,0.31233627016442667
1199,0.2726206730670642,0.3071906738708163,0.25793638838745286,0.3062742234125577,0.23162324717509272,0.31233352239038303
1200,0.272615975015398,0.30718461200326846,0.2579231375895771,0.3062889045677713,0.23159775956708717,0.31233166619438035
1201,0.27260258654638897,0.30718522997636916,0.25789947015221065,0.3062924636865802,0.23157257150431518,0.3123532244542083
1202,0.2725983302720722,0.3071783968357206,0.25787942983668777,0.30627963882990183,0.23154318437685675,0.31240073807193136
1203,0.2725959586587678,0.30717291279005726,0.257873632216265,0.306273921656825,0.23151044446411884,0.31239511127479974
1204,0.27258840530091233,0.30716825814013493,0.2578527985403482,0.30629905479946684,0.23150997766981765,0.31238829229801807
1205,0.2725732572191032,0.30717482835307275,0.2578316329792376,0.30633072049483057,0.23146459053483084,0.3124384165326436
1206,0.27255741705952985,0.3071603361042926,0.257830800891857,0.3063332190032884,0.23144512546303955,0.31244487791370856
1207,0.27254908821729334,0.3071615923527916,0.2578037989742214,0.306316925387882,0.23142520142011766,0.3125052775900014
1208,0.27254181592478566,0.3071586262294762,0.2577860145439424,0.306326855998796,0.23140425233749307,0.31248099103442467
1209,0.2725259023936625,0.3071486824290943,0.25778265570718256,0.30631827435167336,0.23138223465509558,0.31258318183150124
1210,0.2725108853633153,0.307151828845583,0.257777274182532,0.3063121278266477,0.2313570284478764,0.3125867034064058
1211,0.27250090538805777,0.30714988956979794,0.2577640841022353,0.30632800547503936,0.23134140761564975,0.3125867728924558
1212,0.27249364490240363,0.30713951163517045,0.2577457745396175,0.30632521717889033,0.23133417380491245,0.31258872204534516
1213,0.2724814521179657,0.30713573538652544,0.25773409843735634,0.3063378572343488,0.2312917132573826,0.31255721516209767
1214,0.27246806359006115,0.30713760750745384,0.2577207973729382,0.3063301351577651,0.2312582880060915,0.3125503459027602
1215,0.2724675065809484,0.3071395843897788,0.2577106160276756,0.3063409548393419,0.23122334393110114,0.31254941260026137
1216,0.27246465819012783,0.30712997618053045,0.2576997070962173,0.3063336215994208,0.23120683555187435,0.3125614247286658
1217,0.2724489045915449,0.3071360899563649,0.25766507070141476,0.30633413777920726,0.2311974807008068,0.31256745850010303
1218,0.2724394870512745,0.3071379940299962,0.25765170725184794,0.30632725418868173,0.23117919816779714,0.3125598719893114
1219,0.2724273091306017,0.3071246404930188,0.2576395115145519,0.3063462595329796,0.23116642655954608,0.3125470849599824
1220,0.27242306572679403,0.307123047486328,0.2576323878632044,0.3063468738694131,0.23116462851549224,0.31252913403457894
1221,0.2724135813495839,0.30712126551441643,0.2576168945234057,0.30635490787935354,0.2311601040055882,0.3125260537669304
1222,0.2724064571279615,0.30711510468913555,0.25760125157368524,0.30636821754025967,0.2311345753892967,0.31252839489503076
1223,0.27239499698900854,0.3071130623869087,0.25758848757264025,0.30636024071055556,0.23110661526805457,0.31250891223906746
1224,0.27238545127800634,0.30711155342127144,0.25756978580917395,0.3063783046334279,0.23105674359611325,0.31253082318463143
1225,0.2723726091032274,0.3071241937545428,0.2575593187785884,0.3063753647124311,0.23103749884994623,0.31256561454091575
1226,0.2723629306758181,0.3071139973127502,0.25754785352982523,0.30636375358628154,0.23103748663722556,0.31255711405187225
1227,0.2723462352405804,0.30711933329288194,0.2575227934748593,0.3063752193382939,0.2310202275846752,0.31250719078945965
1228,0.27233913545643335,0.3071118857275583,0.2574992496210529,0.30636909347287256,0.23099701983587345,0.3124974276549226
1229,0.27232715090751836,0.30710994923736856,0.257483629297971,0.30637384726438105,0.23098520793263366,0.31249194393895807
1230,0.2723204479929388,0.3071099694902644,0.2574721271237613,0.30638084075670646,0.2309633021308163,0.31248351743279995
1231,0.2723092413950501,0.3071072003610504,0.257455531133628,0.3063803631599023,0.23094930918721857,0.3124892510469421
1232,0.2722968489579731,0.3071005380664347,0.25744641441674876,0.3063948867927982,0.23093083141772375,0.31248641642579994
1233,0.27229470900172537,0.3070950830935915,0.25744198368554827,0.30639642185451504,0.23091213348564496,0.3124694694896467
1234,0.27228737243841256,0.3070710330067583,0.25742828939091994,0.3063929021078927,0.23088316605155365,0.3124723226455781
1235,0.2722792245754233,0.3070675278808378,0.2573982972488121,0.30640519278898415,0.2308450967852743,0.3124768999293315
1236,0.27226816275840104,0.3070609347975595,0.2573842056800151,0.3063970635549511,0.2308234989061037,0.31247257668353995
1237,0.272257439949516,0.30705620101277215,0.25736561232217897,0.30642672570653756,0.23080090297109537,0.31249908585369646
1238,0.27225080025572557,0.3070306498831348,0.2573457035072166,0.3064308516569841,0.23079143573831734,0.31248508786296014
1239,0.272241571647363,0.30703446446390653,0.2573284972638758,0.30646006019207805,0.23077221085660052,0.31249769249978826
1240,0.2722291986208242,0.3070473643671678,0.2573210491158316,0.30647470162101675,0.23075019265453905,0.3124605634976793
1241,0.27222528677373914,0.307046394413,0.2573064078106259,0.3064897636115865,0.23073325247276327,0.31246613396998163
1242,0.27221103912816635,0.30704401451325286,0.25728868013491657,0.30648590376332663,0.23072594516883696,0.3124590461680297
1243,0.2722016680203273,0.307036106034351,0.2572659966441116,0.3064782097021764,0.23068326889620328,0.31248983704972766
1244,0.2721980873746242,0.3070243518916404,0.2572471672859604,0.30649497770095463,0.23067122506202428,0.31247506141447157
1245,0.2721875540809854,0.30702469848128555,0.2572344539173344,0.30647625216394114,0.23062829686475186,0.31242095125524366
1246,0.27217694363286343,0.3070158762895655,0.25721623298305335,0.3064893067634013,0.23060195110273835,0.3123896924079659
1247,0.27217071008939436,0.30699420266848765,0.2572014052363596,0.3065173436963908,0.230573349112946,0.3123915937036428
1248,0.27216140559859053,0.306992721006881,0.25718166100772627,0.30650727288317986,0.230548240859463,0.31239693118728945
1249,0.272149528288055,0.3069992657339301,0.2571650734606854,0.3065082628226536,0.2305278790556322,0.31240751194132393
1250,0.27213955122106487,0.3069908109002919,0.2571422364942644,0.3065161597242664,0.23050407652268187,0.3124360566836786
1251,0.27213230126403615,0.30698726603198334,0.257137358490896,0.306511145822879,0.23048350962525183,0.31239617622092886
1252,0.27212586419419227,0.3069621391747819,0.2571211276610243,0.3065064234400727,0.2304507697231936,0.3124529875770067
1253,0.2721164713619287,0.306963628554331,0.257111564084349,0.3065073248837732,0.23041745727785948,0.31243493707329545
1254,0.2721122319563554,0.3069616953024287,0.2570927125472377,0.30651130760616996,0.2303896573322923,0.31245869742970567
1255,0.2721077672961097,0.30695695116966054,0.25708490416900204,0.30650400894159696,0.2303653436744576,0.3124317728402994
1256,0.27209769170375664,0.3069699409625271,0.2570790205064196,0.3065143273742334,0.23036210855466094,0.3124209653504082
1257,0.2720898541914889,0.3069467997206518,0.2570617874718144,0.30650891929952734,0.2303316571234877,0.31243894632994645
1258,0.2720813210530303,0.30693613596162844,0.2570442222272871,0.3064983710103862,0.2303198596245304,0.31244615201807757
1259,0.2720690407494418,0.306943029901993,0.2570360329252893,0.30651240598615787,0.23029809172200938,0.3124160879558424
1260,0.27206201923747203,0.30694541582171847,0.2570218553947597,0.3065064495459327,0.23027450862517404,0.31239859692679833
1261,0.2720472398114565,0.3069467332281251,0.25700592857388826,0.30653486547200215,0.23024201140847292,0.3123879739907486
1262,0.27204441629479914,0.30693863774673075,0.25698142454100864,0.3065466775711498,0.23020750256950967,0.312433846319243
1263,0.27204339552866474,0.30693508341663783,0.2569700322055879,0.30655209959600843,0.230196235114634,0.312439508822106
1264,0.2720306291980064,0.30694563130414293,0.25695910860420396,0.3065515576649368,0.2301832471951283,0.31244576455762746
1265,0.27202150614237114,0.3069437185892131,0.2569433646022535,0.3065658499840459,0.2301516889440154,0.3123719569304377
1266,0.2720095740882925,0.3069466417366191,0.2569284612827155,0.30657774840156216,0.23012569679544623,0.3123616499784615
1267,0.27199641983567074,0.3069468087532657,0.2569103276394516,0.3066056430267569,0.23011134783995382,0.31236696267710384
1268,0.27198133681533004,0.30694619334875717,0.2569001533081228,0.30660386023945113,0.23008208335849384,0.31233008438782484
1269,0.27197298796220787,0.3069518472605897,0.2568849046054436,0.30662065477442235,0.23006724329074008,0.3123425867562719
1270,0.2719605131829517,0.306962277567527,0.25688281836829335,0.30661898506014024,0.2300351553391736,0.31239981797291505
1271,0.2719531194772906,0.3069646525138085,0.25688073972739234,0.30662794530975646,0.23002616772577913,0.31239574214541915
1272,0.2719503069353211,0.30695663833814074,0.25687611649761943,0.30663901688269946,0.2300225714137977,0.31239654610011564
1273,0.27194137173628596,0.30695664404548184,0.2568661063052495,0.30664694560037703,0.22999705693224476,0.31241528661759205
1274,0.27194087462222943,0.3069597337800248,0.25686164192385974,0.30663919143680823,0.22998244704860393,0.31242032785295987
1275,0.27194036582310105,0.30696202955622387,0.25684935379366375,0.306669066692908,0.22996915024377312,0.31235072874031855
1276,0.27193490375101737,0.3069679711779957,0.25682066630921835,0.3066860981269358,0.22995033427862943,0.31237724770618946
1277,0.2719321082503298,0.30696001918340604,0.25681387763447416,0.306662759616679,0.22994080904336084,0.3123883338655687
1278,0.2719188927913629,0.30694625589047625,0.256791350243732,0.3066687720992505,0.2299060512056194,0.3124093207574827
1279,0.27190750388712764,0.3069533510901245,0.2567864245614914,0.30667296032263275,0.2298975402183451,0.31245656836888475
1280,0.27190081817596656,0.3069541493404319,0.25676444918018704,0.30665864693886,0.22988409146490135,0.31248433893990696
1281,0.2718921339042579,0.30695737582039145,0.25674826683302737,0.30665875438537393,0.22985837135405138,0.31245436994744763
1282,0.2718815442065478,0.30695489417198574,0.2567404247538662,0.30668074004353957,0.2298483961465489,0.31243986040743427
1283,0.2718812099447719,0.30695719303782254,0.2567248488366712,0.3067066019036189,0.2298400717026666,0.31242876733045316
1284,0.2718641599534975,0.30696427211788085,0.25671998170663723,0.3067168820133053,0.2298358596918905,0.3124341249396207
1285,0.2718451994605172,0.3069684150993477,0.25669305548487503,0.30672027788294803,0.22980670051117194,0.31245532605720805
1286,0.27183568166823524,0.30696715924665013,0.2566765941247569,0.3067086123273884,0.22977575416328475,0.3124366347595127
1287,0.2718329077685454,0.30695926958385017,0.256647432409628,0.30671971453109304,0.22973914907790036,0.31247008918980584
1288,0.2718247996249965,0.306940696696578,0.25662853415844167,0.3067256958409732,0.2297085793120237,0.31243919346194743
1289,0.2718180135540358,0.30693797456658534,0.2566131910367371,0.3067281206202171,0.22970090240140698,0.3124525185008559
1290,0.2718094652266626,0.3069267019724999,0.25659921288987464,0.3067530276098127,0.2296754448187299,0.31244727265726274
1291,0.2718020387449363,0.30692765941493366,0.25657891622063955,0.3067616930737024,0.22966590947378931,0.3124390964571461
1292,0.27179971601160124,0.30691873052872093,0.2565676229731954,0.30676550245526224,0.22964867746727777,0.312446840408295
1293,0.27179658719120436,0.30691890604838373,0.2565511535283483,0.306730085411634,0.22963798947957045,0.31247246347675633
1294,0.27178823310599276,0.3069431804879217,0.25653947451774495,0.30675245375014026,0.22963120562852948,0.3124631557158278
1295,0.2717780098960709,0.30694352858552887,0.25652402945316455,0.30675241330424124,0.22961511608195154,0.31246024571413655
1296,0.27176830900279303,0.3069512627392889,0.25649100959152116,0.306741600428241,0.22961439480330653,0.31246244465214584
1297,0.2717558500128072,0.3069511749439165,0.256476954128966,0.30675513164658375,0.22961185538630124,0.3124457838744609
1298,0.2717504818502865,0.3069505385811238,0.2564671810920513,0.3067552029266099,0.22958632693279005,0.3124853773310788
1299,0.27173174370962744,0.30695463692361175,0.2564635777419643,0.30676286806723957,0.22957757629510034,0.3125004066755725
1300,0.27171686468978223,0.30695702938115493,0.25644103184005335,0.30676682473825745,0.22956084306632357,0.3124842193677881
1301,0.2716997748209116,0.30694835136963516,0.25643098389312763,0.30675873426336675,0.22953060783084733,0.31253590184718844
1302,0.2716926413701282,0.3069572268023386,0.25642571761844396,0.30676523629097174,0.2295089048430831,0.3126032114286517
1303,0.27167878493262154,0.3069478562164541,0.25641549166956995,0.30676543374862864,0.22949310398564526,0.3126032068323954
1304,0.2716781581611444,0.30695047116518964,0.25641033567074195,0.30676286684248966,0.22947175645144804,0.3125747623852205
1305,0.27167766723960535,0.30695218813038355,0.2563907074559121,0.30674872051608837,0.22943279145861503,0.3125572731374692
1306,0.2716697177538941,0.30695295394332245,0.25638729223452167,0.3067519235748377,0.2294074000283617,0.3125406908751766
1307,0.2716662742179268,0.30695656495932755,0.25637195041396543,0.30677915703497083,0.22939523940337267,0.31256086720364273
1308,0.27165303578789607,0.3069486846915418,0.2563547963589089,0.3067830608600512,0.22938577753834033,0.3125697401572965
1309,0.27164500446029743,0.30694136863306754,0.2563474906075899,0.30679995690077094,0.2293734525354567,0.3126200089593389
1310,0.27164451421117736,0.30694302637843107,0.25633370889528695,0.30680980590274404,0.22935356753885838,0.31258198336259035
1311,0.271637732423769,0.30694558790011717,0.25632707535529686,0.3068060389805349,0.22933230942364227,0.31258867476800734
1312,0.2716316517283914,0.3069222222092483,0.2563076917229647,0.3067583988854971,0.2293256205939927,0.3125862572424685
1313,0.27161730918895044,0.30691286529773515,0.2562906737950952,0.30678638789826845,0.22930433438423206,0.3125944202982592
1314,0.2716109206171465,0.3068927749097892,0.2562777705731856,0.3067954129164234,0.2292996135367129,0.31260816759135135
1315,0.2716102802876178,0.3068939023805637,0.2562695272375463,0.3068039345939785,0.2292674619991691,0.3125972434497441
1316,0.27160959141201513,0.3068836006794586,0.2562567866617973,0.306799058076158,0.22925698314355844,0.312644279854934
1317,0.2716013971957132,0.3068766652939898,0.2562293066371521,0.30680975780927083,0.2292347935794286,0.31262748008351576
1318,0.2715909739263628,0.3068720313776484,0.25622398969223614,0.306804341574701,0.22919293169938298,0.3126470802185241
1319,0.2715875380237034,0.30687144708813596,0.2562109960266496,0.3068203852753387,0.22919098847046693,0.31265261311868453
1320,0.2715788414185536,0.30686962061945156,0.2561966965055314,0.3068315445490483,0.22915179792768062,0.312695275112833
1321,0.27157282052931686,0.30684553660226777,0.2561847716595591,0.306825122181273,0.2291154766225962,0.31271214638004424
1322,0.27155978394656083,0.30683356426104214,0.25617806824390493,0.3068065439262807,0.22909611582436382,0.31270764229387116
1323,0.2715509901939289,0.3068342523691146,0.25617426548394306,0.30681148635088173,0.2290816622379591,0.3127342649152777
1324,0.2715375832589089,0.30682920779520917,0.25615244590057246,0.30679595686706884,0.2290780121598524,0.3127286648919374
1325,0.2715301203151156,0.30682646801600305,0.2561447056626445,0.3068136799952026,0.22905211913258533,0.312699362863727
1326,0.2715200194732786,0.3068268581997409,0.256134611188125,0.3067911106019478,0.22904289589182392,0.312682920433394
1327,0.2715064320527517,0.3068295378966238,0.25611818826917565,0.3067998705491552,0.22902481958847123,0.3126916824720007
1328,0.2715058008431932,0.30683077464857744,0.2561083633039437,0.3067984997873482,0.22900685447610614,0.31269598478730093
1329,0.2715053339072424,0.30683444632152085,0.2560940237320724,0.30679279050528385,0.22897109701833696,0.312714695339261
1330,0.27149684811862723,0.30683529508299545,0.25607757572534756,0.30678354450336903,0.2289685050746616,0.31270349604576353
1331,0.2714883087869527,0.30683607178681027,0.25605052879118756,0.306729238386349,0.22893256114687086,0.31268833567942356
1332,0.27147845314459385,0.30682659050853034,0.25604565773687754,0.3067297135967467,0.22891089222330377,0.31269785108478654
1333,0.27147063312404535,0.3068197797634592,0.2560246772314972,0.30675738212756104,0.22889992829822356,0.3126883388162034
1334,0.27146595575177496,0.3068204430758423,0.25601047196805066,0.3067508169354153,0.22884970073164207,0.31267937307123433
1335,0.27145449580231695,0.3068303322503088,0.256002202821486,0.3067513578424642,0.2288323342283449,0.312665542374438
1336,0.27145419504419904,0.3068316676019279,0.25599082117190064,0.30676552301679416,0.22881060806173978,0.3126622246598927
1337,0.27144775977752683,0.3068273738985436,0.2559809568943367,0.306785513880267,0.22877931320585476,0.3126788545313535
1338,0.2714415649572506,0.3068219358572698,0.25596775037059893,0.30679700900985946,0.22874291600890723,0.31269611290145116
1339,0.27143538132639267,0.3068030139702597,0.2559551470602503,0.3067978613613158,0.22873369015002648,0.3127005959925802
1340,0.27142260364118903,0.3068099274931852,0.25594908328242305,0.3068062304625577,0.2287016465273728,0.31275036529707495
1341,0.271417203287826,0.3068109886673178,0.2559447837848889,0.30679925931536794,0.22868344696872306,0.3127268813582176
1342,0.27141213433423117,0.30680100441253505,0.25593592707194174,0.3068045978105551,0.2286628903568075,0.31272946010945046
1343,0.27139843373033595,0.30679276336714534,0.25592739037679285,0.30681493582129327,0.22864408506396444,0.31271266259731767
1344,0.2713872819483274,0.3067893093196822,0.2559147079539174,0.3068482648551594,0.22862825055350747,0.3127094365599666
1345,0.2713803925621904,0.3067898372087468,0.2558981264347364,0.30685402018434776,0.2285932675578772,0.3126807359995205
1346,0.2713698395811429,0.3067766929325842,0.2558788735301023,0.3068497843682086,0.22855607762383445,0.3126361040495726
1347,0.27136137186672815,0.30677755460164247,0.25586523540302275,0.30685687041048026,0.22852383609690138,0.312649398547099
1348,0.27135340186366397,0.30680179535531066,0.25586165626541374,0.30686668947187196,0.22852033094632737,0.31264889120408224
1349,0.27134771027088206,0.3067880891721019,0.25584066767408714,0.30689059293179577,0.22850576492047317,0.3126570111476447
1350,0.27133687359614905,0.30680120560696433,0.25583699152734896,0.3068942628399869,0.22849168595069114,0.3126298033075856
1351,0.2713257731375344,0.3067998316122497,0.25582902781856115,0.30688110950872555,0.22846840269442226,0.3126117081549394
1352,0.271314599167698,0.3068071778331614,0.25581939799640746,0.30688461975584636,0.22845797791278571,0.3125911213314927
1353,0.27130293565156477,0.3068026120496824,0.25581516684077094,0.30688735730190303,0.22845416624639664,0.3126502522018999
1354,0.27129177824411144,0.30680819689558686,0.255798966886349,0.30689283327667716,0.228437731400172,0.31264763975310994
1355,0.27129130024496606,0.30681003759788744,0.25579320979474174,0.3068775011855146,0.22842716454993517,0.312623782877377
1356,0.27128541588290106,0.30680167148771076,0.2557669724069152,0.3068881778377216,0.22840138628484977,0.31263906902276645
1357,0.27127583488703655,0.30679261368173616,0.2557528805519238,0.3068738489473551,0.2283856233521965,0.3126380708142448
1358,0.27127532368384116,0.3067915617555941,0.25574205457932936,0.3068887030837939,0.22837818325876544,0.3126221781649129
1359,0.2712746986378378,0.3067929118274784,0.2557389532912399,0.30689658760226995,0.22836174146711927,0.3125760514871814
1360,0.27126314688953723,0.3067958552918512,0.25571931981678075,0.3068817966811406,0.22833547528863277,0.312579230808879
1361,0.2712552548181555,0.30680183761838803,0.2556996140683768,0.3068831051270839,0.22831957068689776,0.3125649470304578
1362,0.2712496645794112,0.30680803673807633,0.25569012413652914,0.3068908087617839,0.2283185869659772,0.31257031025160065
1363,0.27123974942611795,0.30680101537162296,0.2556763058348428,0.3069154256478078,0.22829202952999464,0.3125714917968941
1364,0.27123063004598624,0.3067984581042212,0.2556646157094277,0.30692119411230895,0.22827563568572057,0.31258555726169
1365,0.27121977602283354,0.3068078923140288,0.2556457636474587,0.3069223864807681,0.22826479278429254,0.31259507431766304
1366,0.2712126423966571,0.30678731288458033,0.25564492480869266,0.3069138791317237,0.2282399671275845,0.31257529863183187
1367,0.2712111880589732,0.3067806855341697,0.2556351276104031,0.3068713648231978,0.2282348981966504,0.31257037518974096
1368,0.27121058278505655,0.30678320549935384,0.2556216348574279,0.30686413076163777,0.2282133913094293,0.31262940433638153
1369,0.2712002437590291,0.30677968924404014,0.25560194875784364,0.3068642191996821,0.22819295941804985,0.31258675747009973
1370,0.27118612144588333,0.30676922176274274,0.255586931175463,0.30686038617935163,0.22816475162001276,0.31255499384487695
1371,0.27118536261294074,0.30676425080450104,0.2555701168369778,0.30685979128609636,0.22814563260408718,0.3125726361959401
1372,0.27118263799705494,0.30675802063269514,0.25553990642243973,0.30686265976284754,0.2281340108085018,0.3125150385382838
1373,0.2711686821163695,0.30675823714960343,0.25553637218610953,0.30686102227202755,0.2281259081248607,0.312535113777142
1374,0.2711567600501867,0.30675333772721264,0.25552082968797124,0.3068517259144289,0.22811588298908037,0.3125178052277898
1375,0.2711508166834767,0.30673519688739614,0.25550559560326824,0.3068598485313671,0.2281124847979483,0.31251969958457193
1376,0.2711494402072337,0.30673622398933137,0.25549710883426713,0.3068672792432089,0.2280879350329656,0.31245189171282506
1377,0.27114304828355923,0.3067406654422036,0.2554825763246798,0.30687740795179685,0.22808617642052192,0.31244571029070684
1378,0.2711424790058578,0.30674174871088666,0.25546315937359426,0.3068808848916382,0.22807356761076766,0.312445993362896
1379,0.2711278034653436,0.30674728074354846,0.25544847930231335,0.3068895595470421,0.22806911102139724,0.3124502258393789
1380,0.2711179362916629,0.30674796200735416,0.2554324834767673,0.3068660386983359,0.22804911688954432,0.31243011689101297
1381,0.2711021339279694,0.30675730490899417,0.2554221571533105,0.30687742529817486,0.2280279285177662,0.3124741380537184
1382,0.2710944603814642,0.30675827326184246,0.25540466108690907,0.3068712745098552,0.22800911374202573,0.31248537802650433
1383,0.2710858966569977,0.3067421277267481,0.25539523346287746,0.3068702443332718,0.22798731280743226,0.3125151056527962
1384,0.27107422134966336,0.3067490884019045,0.2553894421353234,0.3068485619668137,0.22796838488650656,0.3125190569041424
1385,0.271064545216673,0.3067625946305592,0.2553754786953781,0.30685745473598147,0.22793875539665986,0.312476983671036
1386,0.27106071109139185,0.30675986191704674,0.25535942617060947,0.3068537427084216,0.2279180249085391,0.3125280544666169
1387,0.27105590232867904,0.3067627958705094,0.2553419903055833,0.3068560094193624,0.227898890770399,0.31245111232754635
1388,0.2710480796575596,0.30675812127261004,0.2553274531416226,0.3068520775940976,0.2278636164661151,0.3124601451496899
1389,0.2710415793232551,0.3067560113101935,0.2553151686663255,0.3068678590073703,0.22784992647371372,0.31252730419172364
1390,0.2710410951328787,0.30675518809538715,0.25529285252413414,0.306865464973957,0.22781697522921968,0.3125124159177963
1391,0.271039492823857,0.30674920597364874,0.25526966371208315,0.3068667996384332,0.22779232552209375,0.3125394682220592
1392,0.2710252542581087,0.3067430678464244,0.2552551962861255,0.30686848620028323,0.22777257904709364,0.31255284194431454
1393,0.27102477175935535,0.3067422677234177,0.255247219631297,0.30685842846571065,0.22775313103305328,0.31257614667616423
1394,0.2710244606400871,0.3067453153674362,0.25521943162069327,0.30682498836954036,0.22772142363489264,0.31251587742241055
1395,0.27101920908577354,0.3067449588473333,0.2552159276802449,0.30682302130180056,0.22771326955208893,0.31253796791755123
1396,0.2710127600929047,0.3067455419207608,0.25520605185792045,0.3068323571180678,0.22769742830381526,0.3125494638406463
1397,0.2710114604954132,0.30673921586536806,0.25519655902389937,0.3067925514940534,0.2276553926802345,0.31251771638302234
1398,0.27101065803115204,0.3067344149838636,0.25518221309653155,0.30679716742322305,0.227636769438294,0.31249805146534204
1399,0.27099962166579433,0.30674699723670623,0.25516658800703734,0.3067967780570748,0.2276090329552644,0.31250335452759814
1400,0.27099250918167656,0.30674633881286995,0.2551532013119218,0.3068286378314035,0.22760324601876247,0.31251426889758377
1401,0.2709846981363286,0.30674477625509217,0.2551335477064569,0.3068117827906079,0.22757999558616737,0.31253371523307133
1402,0.2709830783996783,0.30674794034104824,0.25512285132563867,0.30681385318057713,0.22756529857368107,0.31257615488551505
1403,0.2709827837524302,0.30675052856147766,0.255106061125259,0.3068116108053315,0.22753100714318783,0.31255280161314797
1404,0.2709740708858155,0.30675196554376444,0.2551030974650182,0.3068153904882803,0.22752479952467355,0.31258634789587764
1405,0.27096754672042467,0.3067521620886228,0.255087464683299,0.30684297977377273,0.22752294645427418,0.3125999421003294
1406,0.2709600123975371,0.30675622796230134,0.2550725665644326,0.3068693982470674,0.2275029657061212,0.31259255316101664
1407,0.2709538143222804,0.30676137253680635,0.25505349491735296,0.3068531046606808,0.22747708116838403,0.31258860577337644
1408,0.27094226889462253,0.30675967158023604,0.2550475238029274,0.3068621165046515,0.2274525593295377,0.31261217644636713
1409,0.2709419761077561,0.3067607419330221,0.25503927963882206,0.30686257650996845,0.22743149198220117,0.3126377569011336
1410,0.27093922283459654,0.3067604957640919,0.2550277762278151,0.30688780332045246,0.22742775350364308,0.3126295766043301
1411,0.2709232356233608,0.3067658930842512,0.2550129489414383,0.3068922569524856,0.22740209058061436,0.31263428487203726
1412,0.27091688495960575,0.30676605201400803,0.2549985021792882,0.30691818070458426,0.2273869883516718,0.31263035016017715
1413,0.27090343216575274,0.3067542412040557,0.2549947486076472,0.3069273181923189,0.22736424286559392,0.31261806011041215
1414,0.27089087371847226,0.30674454914529703,0.25498051760511325,0.30692394691812314,0.22734436710926262,0.3126589109491619
1415,0.27088462414300823,0.3067425508519147,0.25497652213821825,0.3069384986100377,0.22733805699806334,0.3126473114280235
1416,0.27087741038744195,0.3067424789184667,0.25495941300524444,0.30693589621468087,0.22732164696983373,0.31266315367900205
1417,0.27086908081799455,0.30674350247430193,0.2549505828771298,0.3069214976294869,0.22730763816616953,0.31266931321455604
1418,0.2708687883525628,0.30674442226437854,0.25494013907496343,0.30691791265380763,0.22729423715521507,0.3126616627170203
1419,0.2708609248225727,0.30676148941000775,0.25493106323286346,0.30691737831748056,0.227244904267584,0.3126911766708779
1420,0.2708603282170239,0.3067629488054347,0.2549139794542345,0.3069337346833375,0.22721753058751362,0.31269220236387335
1421,0.27084824776507765,0.3067716234615072,0.2548895718313837,0.30692704505751395,0.2271943635048502,0.3126563094502016
1422,0.27084240154279343,0.3067538663096594,0.25488783999010073,0.3069247291500208,0.2271841716967003,0.3126702089130077
1423,0.2708290040389999,0.30674329380072596,0.25488508413304745,0.3069328269847859,0.22716740081741105,0.3126840387962236
1424,0.270816407046456,0.306745506368606,0.2548734105680601,0.30693974601388735,0.22715997003810237,0.3126993070944877
1425,0.27081612742933797,0.30674669424923573,0.2548693279965471,0.30694567084394886,0.22713710475034316,0.31266144338688945
1426,0.2708156636496855,0.3067459648143042,0.25485174260112087,0.3069573539827156,0.227127987721873,0.31267258526172204
1427,0.27080822236763724,0.3067500092612702,0.25483390087206065,0.30693297219321486,0.2271194238986402,0.3126634263671281
1428,0.2708018404835113,0.3067377212077677,0.2548231380735458,0.30693032017421196,0.22710158693524815,0.3126337356389734
1429,0.2707953683414671,0.3067336585043105,0.25480007712517444,0.3069402736211089,0.22708188208769017,0.31264185400991534
1430,0.2707854914124461,0.3067413642199751,0.25478082329156465,0.3069195998757613,0.2270637352556925,0.3126174613741307
1431,0.2707781660027204,0.30673416626386674,0.2547685212193791,0.30693186487055385,0.2270373924974794,0.31263128429078296
1432,0.2707707616258122,0.3067579529190963,0.25475498326652624,0.3068964404814724,0.2269883911139751,0.31267857979113733
1433,0.2707642605301358,0.3067601529452744,0.25474446332166883,0.3069042982169028,0.22696945758031697,0.3126703404669528
1434,0.2707507365927362,0.3067613403417916,0.254724166029345,0.30692324510866836,0.22696056219758878,0.31268623765962406
1435,0.2707422226003451,0.30676438153669683,0.25471398221722336,0.30693883431123753,0.2269287630228194,0.31267578361283405
1436,0.27072452053568435,0.30676497674631986,0.2547076917296823,0.30693203602366237,0.2269124637788131,0.3126732974288716
1437,0.27071533757828287,0.30676682922229465,0.2547023920190654,0.306928108613735,0.22689219602645463,0.31266265385123304
1438,0.27071474908342724,0.30676833466112446,0.2546750994355427,0.30688912491275766,0.22688360346995068,0.31266832144871426
1439,0.2707139672566116,0.3067636236318851,0.2546615939152074,0.3068860148376503,0.2268738354717784,0.31268513006082804
1440,0.270711005610269,0.3067595221559743,0.2546462803119242,0.30690003277585337,0.22685476749682565,0.31269480178318276
1441,0.2707067351374082,0.3067604852274589,0.25463128176008,0.30689927036737125,0.226835984167759,0.3127218200676288
1442,0.27070117977409325,0.30676533851453974,0.25462159584877603,0.30689027643854255,0.2268086537258365,0.3127424739635929
1443,0.2706940748856057,0.3067581483983687,0.2546049986811811,0.3068904084926494,0.2267899556233737,0.3127287626827793
1444,0.27068770114980206,0.3067540673732506,0.2545889376656281,0.3068754582174366,0.22675569314631167,0.3127487935972932
1445,0.2706818055061864,0.30675178940967956,0.2545550105871545,0.30687259611580936,0.22673382212794424,0.31274694166499134
1446,0.27066644779228166,0.3067368522541714,0.2545450236153322,0.30686520739942624,0.22672042434835005,0.3127544662008078
1447,0.2706605286894093,0.3067348440226847,0.25452594516859894,0.3068513347025063,0.22670804235632103,0.31275502451987774
1448,0.27066022974143655,0.3067355624060174,0.25451020002105706,0.3068518090092104,0.22667907426463402,0.31284259899604067
1449,0.27065478778287794,0.3067431326490944,0.2544908790626592,0.306862920613715,0.22666619236661728,0.31283881834566324
1450,0.27065432856208044,0.3067424369375215,0.25447120596706657,0.30686066395667594,0.22666238282885828,0.31285483280583176
1451,0.27065078788847396,0.30674004591229564,0.254456413430199,0.3068588427530128,0.22665759379477374,0.3128478791101849
1452,0.2706423509925714,0.3067385343070218,0.2544476644031783,0.306865975134111,0.22662514043215115,0.31288458828448606
1453,0.2706349969056994,0.3067369626523802,0.25441613893824605,0.30686488756663716,0.22660211460249755,0.31288219760666347
1454,0.2706260980086045,0.30673214023697676,0.2544040602198917,0.30686835728900547,0.22657654788065268,0.31287145012142265
1455,0.2706134588285398,0.3067264725472678,0.2543867259524736,0.306874127745783,0.22656223512678317,0.3128924965545046
1456,0.2706077305573005,0.30672425464020064,0.25436667964779,0.3068770283039881,0.22654824028010856,0.31284696334094053
1457,0.27059892023430365,0.30672779993484356,0.25435323216956657,0.3068711067589421,0.22650714532393162,0.3128575605908105
1458,0.27059258559967575,0.30671613106248197,0.2543418658421087,0.3068696518128461,0.22647524959111426,0.3128321794726606
1459,0.2705840306026989,0.3067313250995185,0.2543212538791943,0.3068719080572851,0.2264388953881888,0.3128377989928728
1460,0.2705713000453154,0.3067209950239829,0.2543117717513129,0.30686483206248083,0.2264023978969784,0.3128074689654833
1461,0.2705705330809259,0.3067164752592852,0.25430369875018316,0.3068835348182655,0.22636787212695278,0.31283644990309645
1462,0.27056616977782366,0.30671892605141987,0.25428779181297323,0.30688012674265747,0.22633513930635996,0.3128315603222244
1463,0.27056184589696564,0.30671990874187094,0.25427261856871486,0.30691989225766775,0.226291433387896,0.31280963806259415
1464,0.2705535753433732,0.3067457247022528,0.2542658839703303,0.3069010176038593,0.22627809219296055,0.31278425479694255
1465,0.27054910374420893,0.30674664031576365,0.25425413531533353,0.3069062841829367,0.2262483481858395,0.31277782518951136
1466,0.27054866578267933,0.3067493962347553,0.2542474415708577,0.30690474784828115,0.22623873927134858,0.31276493260761257
1467,0.2705479046219643,0.30674494619049025,0.25423563888541073,0.3069045893733407,0.22621281992881712,0.31276835202973674
1468,0.27054370343538087,0.3067459903039482,0.2542104422961519,0.3069071920928363,0.22618023632031867,0.3127992965899442
1469,0.2705333919073685,0.30673822602463724,0.25419960924136753,0.30692171429299014,0.22617258692376946,0.3128164603742049
1470,0.2705329391866908,0.30673762456383663,0.2541914189878215,0.3069094296251661,0.22615096771685683,0.3128083364948486
1471,0.2705236105214233,0.30674125353734033,0.2541689510877081,0.3068895261211849,0.22613397926325046,0.3127986060101977
1472,0.27050810521515123,0.3067320661170667,0.2541669448731098,0.30688326152776013,0.22610914810774652,0.3127887189751523
1473,0.2704994343816566,0.306724292610324,0.2541388668979513,0.30688457490560056,0.22608098884806074,0.31277119883851184
1474,0.27049226315964925,0.3067413001239063,0.2541270930627509,0.3068808886775691,0.226063763691673,0.31278570528558175
1475,0.27048686998040034,0.30674614511392884,0.2541072120960221,0.3068747288398407,0.22605069643203535,0.31278586684758547
1476,0.27048642288233543,0.30674558696182747,0.2540989067660523,0.3068531588325304,0.22604104352528864,0.31277741841526896
1477,0.27047508649458346,0.3067506757329724,0.25408391997015767,0.30684591086273666,0.2260234429437121,0.3127790790102885
1478,0.27046551063669694,0.30673795180208835,0.2540716934758279,0.30681235338021706,0.22600970975562926,0.3127925500469399
1479,0.2704551615231235,0.306747037384418,0.2540665878007017,0.30681703143255806,0.22597429844314448,0.3128252441913265
1480,0.2704544065397373,0.3067426636654495,0.2540641534259278,0.3068216624129111,0.22595561429983463,0.3128555304388179
1481,0.27044123046500884,0.3067371030897055,0.25404320765270405,0.3068289727780394,0.22593730119823086,0.3128642328587495
1482,0.2704304505364148,0.30674667184441545,0.2540369223337572,0.306826431878421,0.22591665135271144,0.3128601858524845
1483,0.2704202693502755,0.3067390590679528,0.25403308595290053,0.3068266278817765,0.22590518778982194,0.31284743447092855
1484,0.27040878754186454,0.30674790067076513,0.2540310411786734,0.306823099843046,0.2258896601514744,0.31286775040509635
1485,0.2703993131924296,0.3067617975597431,0.2540172692472308,0.3068238345722512,0.22587191891379366,0.3128804173126771
1486,0.2703916683745851,0.30676886717510077,0.25400705633939125,0.3068037685461798,0.2258352317977001,0.312911954615335
1487,0.2703792871809772,0.30676621592614234,0.2539826465303516,0.30680331075908174,0.22580837300162518,0.31285560286409647
1488,0.27037773903452716,0.30676090107773313,0.25396873879041243,0.30679798634833033,0.22578633868247933,0.3128395267261111
1489,0.2703717434178725,0.30675689212756124,0.2539528023523724,0.3068231500704215,0.22574583429946854,0.31286394113748184
1490,0.27036462424063235,0.30674492820009713,0.2539423095978469,0.30685304318170886,0.22574235379521743,0.31286661232986374
1491,0.2703567005656273,0.30673566077023434,0.25392473311227065,0.30689744517776824,0.22572829976600736,0.3128678436380885
1492,0.2703493667777257,0.30672973638191414,0.25391614847500615,0.30688971670391635,0.22571521936226416,0.31287824428157174
1493,0.27034781710043065,0.3067216587291039,0.2539079798130116,0.3069054998967248,0.22568355157312298,0.31284233299734027
1494,0.270340444202498,0.30672303522040606,0.25390200263451534,0.30690412496308245,0.22566426570279105,0.3128807185760999
1495,0.2703352417249889,0.3067041916537853,0.25388732973311845,0.30694731867602787,0.22563334393412685,0.3128922943277794
1496,0.2703295852984485,0.30670018824261885,0.2538704738834209,0.30693736957803897,0.22559283855705542,0.31292685535016557
1497,0.27032803955431656,0.3066949317061765,0.2538512568631929,0.3069455262284169,0.22557358217721982,0.31292337779532853
1498,0.270322798781453,0.3066964957579496,0.25384625129133537,0.30695452344604096,0.22557165299961163,0.31292572189926726
1499,0.2703133850368331,0.30669677477104484,0.2538277427639525,0.30695926050316047,0.22554657343745368,0.3128929225603747
1500,0.2703014043533062,0.3066891252691303,0.2538176346026423,0.3069762627478662,0.22552339379022446,0.3128919503611779
1501,0.2702994207689585,0.30668528695660996,0.2538131909221573,0.3069818007833649,0.22550078403798632,0.31291204818388363
1502,0.2702991313076315,0.30668809369357664,0.2538029223994909,0.30698509277231856,0.22548377028071573,0.3128830890125961
1503,0.27029424897607235,0.3066826706349293,0.2537843832265328,0.3069707881950128,0.2254757645548478,0.3128707442896844
1504,0.270281137152776,0.30668283500396476,0.2537778966230395,0.3069745336779204,0.22544627023449038,0.31286631430031564
1505,0.2702786468221685,0.30668242280054375,0.2537758851823623,0.3069708719072382,0.22542642900819748,0.31287179125200354
1506,0.27027477271190176,0.3066833517811011,0.2537601754137173,0.3069903941987218,0.2254094298061293,0.3128846320629362
1507,0.2702643522333733,0.3067024053841738,0.25374471295739,0.3070067200688241,0.2253873336111211,0.3128707764494819
1508,0.27025903537846213,0.3066995959883445,0.25374031638763883,0.30700864449907395,0.22535116050380233,0.3128770565905466
1509,0.27025859004536007,0.3067009224291485,0.25372311948222914,0.30700698895188727,0.22532393306196144,0.3128681049121535
1510,0.270253376136171,0.3067022764128832,0.25371592947692406,0.30699260410609097,0.22530525867201415,0.3128788274859815
1511,0.27024158223049755,0.30670455946150843,0.2536923294641896,0.30700471419346154,0.2252699024200737,0.3128565959239136
1512,0.27023454176962547,0.30670595211327345,0.2536787300530984,0.30702876376915095,0.22523849389563128,0.3128618707963281
1513,0.27023196353453927,0.3067063350898796,0.2536517096013818,0.307019046785012,0.22521657145608331,0.31284357983595196
1514,0.2702315224325105,0.306705904536013,0.25363711692194424,0.30702349655537914,0.22518925306930845,0.31290128605466
1515,0.27023108588641864,0.3067054902882957,0.2536294942925539,0.3070121705317503,0.22516501178886658,0.31287571999772323
1516,0.27022963175433895,0.3067082117873263,0.2536131379963641,0.30702822305861044,0.22513899360996684,0.31287648205251584
1517,0.27021855853379506,0.30671265120358066,0.25360701090013243,0.3070362914313112,0.22511539301751976,0.3128554878974986
1518,0.2702182840973221,0.306715415730671,0.25358466450304823,0.30703426661897004,0.22510480010684908,0.3128472251347547
1519,0.2702083217966535,0.3067230186245205,0.2535651402954029,0.3070267946755937,0.22506424892797935,0.31289150068422344
1520,0.270199030724843,0.30673623482594464,0.2535525096689771,0.3070285314736918,0.22503677417598897,0.31290258367853363
1521,0.27019852168523495,0.3067358130324756,0.25354249825372155,0.30702626388309884,0.22502931360670475,0.3129173027557095
1522,0.2701885549118713,0.30672862503883314,0.25353008687030887,0.3070271318367136,0.2250018620478122,0.31297979916901164
1523,0.2701816729479715,0.3067164728646707,0.25351886177934846,0.3070385016277917,0.22499474327481184,0.3129768959105448
1524,0.2701769790914046,0.30671790556510253,0.25349637805383946,0.30703894367850454,0.22496264117980713,0.31299248200832325
1525,0.2701628701511715,0.30670378311713065,0.253481711439389,0.30704095795118774,0.22493647388021623,0.31299325539595374
1526,0.2701558378937203,0.306704875123098,0.2534637652715932,0.30702327916531835,0.22492323209058998,0.31298452283316597
1527,0.2701418863466198,0.3066909114097916,0.2534461669445756,0.30701164543876647,0.22489234227667604,0.31298344625041635
1528,0.2701319160272669,0.3066868934635053,0.25343073320286136,0.3070174167211176,0.22487714083168497,0.31297835897499354
1529,0.2701236036166059,0.306689332418629,0.25342014375873356,0.30702031630838006,0.2248577005825146,0.3129792696387528
1530,0.2701157405715313,0.3066909159529394,0.2534023947458702,0.30702491842866064,0.2248460348424094,0.31299810653092874
1531,0.2701121923538091,0.3066931133621908,0.2533906155664385,0.3070232163028346,0.22483162681722854,0.3130379951249304
1532,0.27009750724247766,0.30668399335940166,0.2533618126675,0.3070242849336136,0.22481677125476124,0.3131379712760872
1533,0.27009627634001204,0.3066850423072059,0.2533541646128611,0.30701860717711477,0.2247997844580664,0.31316101952113184
1534,0.27009224396463405,0.30667023629529355,0.2533424623387863,0.3070291110881301,0.2247727311690737,0.313159199337636
1535,0.2700852718339216,0.3066689149236482,0.25333633323898236,0.30703011161311095,0.22475302556517157,0.31316864968264824
1536,0.2700782514637401,0.3066811274633891,0.2533156547725349,0.30704875880101457,0.22472767828476314,0.3131959895240178
1537,0.2700713424652241,0.3066854728728143,0.25331019670454785,0.3070299838135761,0.22470289887398215,0.31316513118053324
1538,0.27007091540474776,0.30668509367743235,0.2532958354623621,0.3070422317934703,0.22467596346404534,0.3131635566725749
1539,0.2700704869716049,0.3066847162129909,0.25327520567707745,0.3070319040061106,0.22464818784415905,0.3132085709604665
1540,0.2700613411589245,0.3066874473332754,0.2532655844831044,0.30704371197176084,0.2246269289654078,0.3132172984951165
1541,0.2700539939793443,0.3066781379518534,0.2532557675358435,0.30705039425068575,0.22461826467689505,0.3132173364210089
1542,0.2700444223267556,0.30668583441474495,0.2532419688691494,0.3070521127626869,0.22459836478703324,0.3132342593673685
1543,0.27004399609413227,0.3066870935120254,0.2532109396558902,0.30704704100018143,0.2245938748553062,0.31323814177067244
1544,0.27004280052798807,0.3066799965681216,0.2532061045661397,0.3070422132411503,0.2245695064855263,0.31327856301444096
1545,0.27003133677694047,0.30668156921025785,0.25319908780243333,0.3070407192240561,0.2245569769835269,0.31327829577907856
1546,0.2700212814703256,0.3066785527457533,0.2531823823872245,0.3070616874311399,0.22454342468921723,0.31329619635253875
1547,0.27000683434137934,0.30668688824994395,0.2531653886636873,0.307031363276489,0.22452910137324303,0.3132703889561255
1548,0.2700013787099936,0.3066761238138744,0.25315767450168564,0.30703243907296096,0.22449312668256785,0.31326460229584885
1549,0.2699929237623886,0.30668374026626277,0.2531412923857798,0.30701742459514886,0.2244656669800249,0.31323092409260395
1550,0.2699793884733389,0.3066830757972043,0.25312654980774063,0.3070333931601388,0.22443990777808423,0.31318783407395373
1551,0.269970621035422,0.30668586703900697,0.2531131178992219,0.30702084921614303,0.22442060011043444,0.31318137055196205
1552,0.26996439642806014,0.30668275637778625,0.25310201403028126,0.30702898364988834,0.22439818235338543,0.31320141693362374
1553,0.26996396878783524,0.30668239670016195,0.2530893345123438,0.3070010471010192,0.22439116829663946,0.3132107804491835
1554,0.26995499678233165,0.306685030072518,0.25307831542564985,0.30699469856766537,0.2243654265328083,0.3132036376216912
1555,0.2699546787301159,0.30668661482614434,0.2530614023127467,0.3070021436120342,0.2243628230968027,0.31319927688303134
1556,0.2699477017918674,0.3066854893399722,0.253043945926456,0.30699878034986344,0.2243519649608566,0.31320808683228657
1557,0.2699392711910163,0.3066802913032085,0.25303321587977995,0.3070055696775168,0.22433613442582026,0.3132198044160609
1558,0.2699343538173277,0.30666241001989775,0.2530198096934823,0.30701653903114046,0.2243265404529882,0.3132179237129524
1559,0.2699278746798578,0.3066634839484041,0.25300128127078475,0.3070180934400319,0.22431139033753872,0.3132314608596116
1560,0.2699230974381421,0.3066704858986903,0.2529933833742582,0.307025096170132,0.2242925512207241,0.313212164354851
1561,0.26990670147912366,0.3066737603422542,0.2529776958028031,0.30702591541524693,0.224257084222336,0.3132253475644709
1562,0.26989296286365777,0.306660297823472,0.252964310902956,0.3070137312878826,0.22423239224944946,0.31324128883882
1563,0.2698825306921325,0.3066692376872872,0.25296080918315783,0.30703978414582506,0.22421470624627846,0.31323889254775106
1564,0.26987653298413533,0.30666918422389655,0.25295880200665927,0.3070443208691441,0.2241837849179651,0.31322427013038767
1565,0.26986814732638365,0.3066610214903221,0.25294244968449603,0.30704432852953045,0.2241682482887354,0.3132248382613429
1566,0.26986788752202256,0.30666367118936094,0.2529223459493213,0.30705414261247443,0.2241558869877125,0.31321988192885547
1567,0.2698553410581353,0.3066583975099236,0.252907644292697,0.3070573946731945,0.22414936089900417,0.31320355769646674
1568,0.26984429870931365,0.3066485303563054,0.2528986277562563,0.307063973252326,0.22413243153234544,0.31321747519268495
1569,0.26983535911450396,0.3066571818428545,0.2528737443807323,0.3070698437580408,0.22412398489482369,0.31321525413818024
1570,0.26982333025369976,0.3066554097981709,0.2528549303526924,0.30708546502600614,0.2240946456742834,0.31320656782047485
1571,0.2698226172411887,0.3066513453712373,0.25283903257622065,0.30707075866743216,0.22407052833677388,0.3131844821654883
1572,0.269822371105161,0.3066523968199444,0.25282516532842986,0.30706631599393913,0.22406445083556986,0.3132139743410657
1573,0.26981496709616337,0.30665416376906435,0.252809786653739,0.3070579479265629,0.22405872570336566,0.31320494455877806
1574,0.26980519273633113,0.30665115692064937,0.25280175139554356,0.3070504882122621,0.2240398957616911,0.3132100668925311
1575,0.2697967589270213,0.30664166353103445,0.2527946336577049,0.3070516783811181,0.22402617662938845,0.3132237309248116
1576,0.26978525724086677,0.3066398768013139,0.252778854948214,0.3070517922565689,0.22400299455236597,0.31322817239428163
1577,0.26977607175254414,0.3066274018794029,0.2527644101391414,0.30705301152832254,0.22398971535805506,0.31324098329406314
1578,0.2697663135477712,0.3066247623433373,0.25275545532231275,0.3070561915474932,0.22397219336244598,0.3132294864923563
1579,0.26976591016597307,0.3066244757022034,0.2527417994646468,0.3070406612969492,0.2239660139794463,0.3132273349587922
1580,0.26976525263562,0.3066204693220386,0.2527219688984437,0.3070386084262127,0.2239535100928239,0.3132343251124777
1581,0.2697585253414521,0.3066348672195513,0.25271640461583805,0.3070422539423446,0.22394283333268183,0.3132372272917358
1582,0.2697513508519105,0.30663866712899224,0.25270653227946666,0.30701895814787794,0.2239228167588935,0.3132368842357766
1583,0.26974378123307147,0.3066379974032645,0.2526991453110619,0.3070196545570704,0.22390846478698065,0.3132436806252278
1584,0.26973622872330544,0.30663738175932986,0.2526876780661684,0.30701825917966524,0.22389097529787336,0.31321727445488967
1585,0.2697358281593733,0.3066371166617869,0.2526719506310408,0.3069749665478115,0.22387866620743954,0.31321174650644346
1586,0.2697335381089232,0.30662621982906507,0.25266027377632466,0.3069771519687678,0.2238638906956842,0.3131939507311946
1587,0.2697309931456306,0.30662706665486134,0.25264587755704077,0.3070112832594186,0.2238385409206342,0.31319162400459016
1588,0.2697307296698679,0.3066293111352387,0.2526443887475012,0.3070188075311205,0.2238209886626122,0.31323265640741677
1589,0.26972951233256093,0.3066316716295118,0.2526388587755013,0.30703800462189546,0.22381745220315477,0.3132605930513892
1590,0.2697291149974716,0.30663144480609233,0.2526346352049962,0.3070504636829131,0.22381357583874287,0.3132580410491488
1591,0.26971433688956475,0.3066298263231809,0.252623692279075,0.3070443911694487,0.22378561754815562,0.3132591367479646
1592,0.26971409745833697,0.30663102233156786,0.2526125551797799,0.3070519204686126,0.22375544906663455,0.3132352702898421
1593,0.2697138345946448,0.306633621011119,0.2525988227765883,0.30707748238642135,0.22374056317051919,0.31325851120418546
1594,0.26970893208864544,0.3066314877480795,0.2525802142186149,0.3070922528965469,0.2237272151694606,0.31326323193515415
1595,0.2696991318032265,0.30663930032030756,0.25256586240002554,0.30710321028338955,0.22371057406618036,0.3132684678469225
1596,0.2696987334639314,0.30663907623990216,0.2525578797157085,0.3070895959997873,0.22368704169072487,0.31326973144621745
1597,0.2696886629751502,0.3066479212276698,0.2525367685447698,0.3070864448941653,0.22365290842407248,0.3132443744128238
1598,0.26967966065019766,0.30664178800679925,0.25251860323239655,0.30710936156972,0.22362894986858242,0.31326615375600514
1599,0.26967306112562844,0.3066428188143808,0.2525021043284987,0.30711990408808354,0.22361525861697434,0.31329537960931875
1600,0.2696726665471102,0.30664260617696215,0.2524893531887645,0.3071293012576264,0.2235988637091951,0.31329685250362993
1601,0.26966357666052404,0.30664917436704525,0.252470522812725,0.30713489435630836,0.22358084109312437,0.3133195537026828
1602,0.26966333286631633,0.3066514083575435,0.2524519353948545,0.3071527389694518,0.22354567898880134,0.3132655260871597
1603,0.26966268919784725,0.3066475215982486,0.2524438492296012,0.3071512987640324,0.22353151629453674,0.313260934070507
1604,0.269655844092372,0.30665433164268013,0.252418145576011,0.3071526296266495,0.2235268280747884,0.31326054471505416
1605,0.2696474999282654,0.30665633233882233,0.25239705833852927,0.3071740781939752,0.22352370626834403,0.3132430556000802
1606,0.269642366000759,0.30666145685809487,0.2523907254997935,0.30718088002537447,0.22352154373117614,0.3132407810500702
1607,0.2696342747404487,0.30665969581370417,0.25238424401453197,0.30718180763747577,0.22350812012440996,0.3132332761505536
1608,0.2696255476965249,0.30665794233006965,0.2523773577642481,0.3071823387311277,0.22349317281522385,0.3132367675170511
1609,0.2696191505032475,0.30665127996173625,0.25236443485156557,0.3071803386828631,0.2234885449237673,0.3132329762064701
1610,0.2696187594102671,0.3066510900191527,0.2523552130474335,0.30717849102903766,0.22347763370382395,0.3132333115308191
1611,0.269618119985702,0.3066472600938255,0.25234885368676474,0.3071979573172174,0.2234619525314263,0.3132546322309865
1612,0.2696168919659228,0.30664290996349586,0.2523261562932284,0.3071898064690965,0.22343106774261265,0.313290489372728
1613,0.2696069389909092,0.30663642155601467,0.25231273752439737,0.307194205753479,0.22342581815555768,0.3133056036177249
1614,0.269601807704452,0.30663458151222533,0.25228295960055813,0.3072229535650242,0.22340454770530274,0.3133381953982243
1615,0.2695957828940356,0.3066208656856097,0.2522644072028947,0.3072005627108756,0.2233810237037236,0.3132717884685631
1616,0.2695953973359055,0.30662229670407637,0.2522553899391775,0.3071839212140153,0.22337859608916474,0.3132593627362337
1617,0.2695874210415479,0.3066206194039817,0.2522361654064196,0.3071655581704724,0.22336289072928836,0.3132557221295346
1618,0.26957922266172896,0.3066174159167402,0.2522215444906348,0.30715802595213476,0.22335452450884988,0.3132561008527264
1619,0.2695723087632439,0.3066213724074566,0.25220656986876233,0.3071757589747879,0.22332730257822442,0.313288697182641
1620,0.26956287696571096,0.30662908730979677,0.25218645438064624,0.3071998302119487,0.2233190144865524,0.31329642188985257
1621,0.26956167882735976,0.3066300738037828,0.2521775153359248,0.307163222732226,0.22329778977788953,0.3132708293338079
1622,0.26956022311577926,0.306625668232847,0.2521607144703322,0.3071554873284962,0.2232622186054978,0.3132869817787081
1623,0.26954878279612815,0.3066258234476581,0.25215837070963004,0.30716178692242513,0.22324792782683703,0.31326610737790345
1624,0.26954317199013517,0.30662173716638264,0.25214518403898223,0.307186121450951,0.22324006958778525,0.3132851396269969
1625,0.2695351556368964,0.3066147983517737,0.252125267847874,0.3071963227030692,0.22321690163512767,0.3132886602859364
1626,0.2695248476849919,0.3066235135529472,0.2521133020241882,0.3072017390457979,0.22320249176424384,0.31326307761456923
1627,0.2695189952133622,0.3066252565086935,0.25210951330706355,0.307204837575823,0.22317770142626764,0.31324534687787164
1628,0.26951861445326314,0.3066251074194549,0.25208739649459694,0.3072076797045649,0.22315799311104018,0.3132528871858175
1629,0.2695069586692035,0.3066165735046076,0.2520787257076725,0.30721095553728955,0.22315159804545368,0.31326863784049414
1630,0.2694996028831264,0.3066087490789236,0.25206341856834624,0.30721556148928764,0.2231242043325935,0.3132510422299793
1631,0.26948933796340346,0.30662734583398216,0.2520463239538036,0.3072199411966407,0.22310242267404817,0.3132519548361898
1632,0.2694889478223692,0.306627173830689,0.25203469124545125,0.30720369707362827,0.22308474507107004,0.3132467489334997
1633,0.2694699937190904,0.3066029494937026,0.2520082569952857,0.30716973856694724,0.22306226813057559,0.31323355405597
1634,0.26946104146233085,0.3065989937942856,0.2519951040667824,0.3071677848743346,0.2230543353522865,0.3132424244048048
1635,0.2694590729920928,0.30658842688836413,0.2519705908848816,0.3071697787868193,0.22304177803031436,0.3132511695373752
1636,0.26944313335896874,0.30659200851261575,0.2519519687547373,0.30715522535374346,0.22303388023931295,0.3132521569993258
1637,0.2694425457435068,0.30658822392351287,0.25194821715822646,0.3071646374771295,0.22301490051779627,0.3132614300707171
1638,0.26943155611226477,0.3065863024257275,0.25193090558949405,0.30716594473454734,0.22299044778735147,0.31325772591985707
1639,0.26942227913774985,0.30658310172696857,0.2519103532914785,0.30717296276916234,0.22298280077149799,0.3132441070197403
1640,0.269416218847334,0.3065730855580097,0.2519029607614395,0.30716526767881747,0.22295039933623045,0.31321469966774546
1641,0.2694151300931165,0.3065708660373438,0.25188667329311637,0.30717022194644594,0.22293598069893525,0.31318621272406677
1642,0.26940683961787043,0.3065859407299961,0.25187429146921064,0.3071858355358656,0.22292372721167242,0.31320993857168145
1643,0.26939933397024046,0.3065878351277191,0.2518626689588521,0.3071937117739601,0.22289529895572502,0.3132732797372738
1644,0.26939825437223147,0.30658564417207,0.2518544032879387,0.30721388279943757,0.22286573719638703,0.3132709470832001
1645,0.2693869759171151,0.3065858154273836,0.2518479525167774,0.3072203907801615,0.22284362635098157,0.3132469316301371
1646,0.26938220235810373,0.30658384127007693,0.2518300432768601,0.3072071262904848,0.22281955924678043,0.3132425072137321
1647,0.2693818240457869,0.30658367202668796,0.2518170666414305,0.3072190499579942,0.22281500748838684,0.313264446059229
1648,0.26937357363298997,0.3065984558544075,0.2518075209049195,0.307201898120873,0.22279377134358716,0.3132704419200684
1649,0.26937236840058343,0.3066010838130195,0.2517942435946608,0.30720985143160323,0.22276986281693023,0.31329374055535536
1650,0.2693691185394371,0.30660372071485364,0.25177351865212694,0.30721304267215704,0.22272566481945105,0.31330438710301634
1651,0.2693588006768056,0.3066073957527376,0.2517607504759353,0.30722937154857644,0.22268938152320694,0.3132952164159127
1652,0.2693516653240436,0.3065986707072077,0.25174578471685294,0.3072468830255597,0.22266788934396273,0.313296103958484
1653,0.2693404362719268,0.3065988651111689,0.25173669447683356,0.3072475436001153,0.22266011743631828,0.3132870478438061
1654,0.2693400356115925,0.3066019046648986,0.25172671047104506,0.3072406600872912,0.2226495164457938,0.31331141485674635
1655,0.2693396362661653,0.30660493663131366,0.25171169368199353,0.30724673242604517,0.22263276445226265,0.31332123340769824
1656,0.26932547294770504,0.3065964876665217,0.25170822826691164,0.307257735499501,0.22262623677660687,0.313331056562052
1657,0.269325237482421,0.3065990201986312,0.2516967653139427,0.3072636907217888,0.22260567668418452,0.31331201881398885
1658,0.26930841097824404,0.30657398839871675,0.25167462099803817,0.3072910192366585,0.2225910412144857,0.31329014009141126
1659,0.2693081748653502,0.3065761164436279,0.2516596855233601,0.3072817693009038,0.22258449288350893,0.3133007996099576
1660,0.2692984875379007,0.3065687056644005,0.25164596529724226,0.3072829268033961,0.22256647184520237,0.31331425856942624
1661,0.26928834975917937,0.3065763478239754,0.2516321825596737,0.30728527254880716,0.22255185308592937,0.3133259648405531
1662,0.26927761999614985,0.30657467444758335,0.2516226154162605,0.30729090784372387,0.22253676080523682,0.3133605203493566
1663,0.2692720977544882,0.3065770068233822,0.2516174644364686,0.3072676381445935,0.22252555594637669,0.31339367576905836
1664,0.26926398459685347,0.30658291773918195,0.25160338336523547,0.30727767309520615,0.2225055045120748,0.3133863742442972
1665,0.26926070875213315,0.30658654330340473,0.2515951383811149,0.3072987107191556,0.2224867106897711,0.3134927069771532
1666,0.2692560506129257,0.3065847278384728,0.2515879289928781,0.3073128435402851,0.22248342872109103,0.313500936879059
1667,0.2692478721172876,0.30659970644386364,0.25157827736639554,0.3073248057574392,0.2224731295141256,0.31349769711900255
1668,0.2692414554781747,0.3065986285320289,0.2515620495887713,0.3073325728103756,0.2224479788546898,0.3134558154596752
1669,0.26923307451541995,0.3065895048591977,0.2515507338224682,0.30733763242002177,0.22244329197587934,0.31347029025368894
1670,0.2692259141760204,0.30658916596042063,0.25154459346233304,0.307349877289207,0.22242388102943342,0.31346911798724914
1671,0.26921986579557317,0.30659032262150393,0.2515223578368751,0.3073415855501367,0.22241828893729335,0.3134706923178135
1672,0.2692192455207882,0.3065864917600887,0.25151727944189295,0.3073391100788471,0.2224075960836985,0.3134665737566085
1673,0.2692035327940872,0.3065899340373929,0.25150235296303547,0.3073358689415556,0.22238245294166992,0.3134922703541246
1674,0.2692006313668693,0.30659142130635786,0.2514950158469256,0.30733045735251596,0.22237623629562037,0.31348880515474475
1675,0.26919389797363746,0.3065947166649135,0.25148805769382004,0.3073207232038452,0.22234174888358427,0.3135112547265793
1676,0.2691844116286978,0.306602342297554,0.2514573880458178,0.30730515713577405,0.22232250608788443,0.31352175133605165
1677,0.2691785580902758,0.3065888586912777,0.25144532393823477,0.3072996625571455,0.22230098941856402,0.31351968985283263
1678,0.26917083983972406,0.30658212654891415,0.2514369201913431,0.3073028369537103,0.2222712199934711,0.3134781033068747
1679,0.2691704722027994,0.30658187204579673,0.2514265268051847,0.3073013936883199,0.22223650095772982,0.31345546548135944
1680,0.26916735483891363,0.30658416191158905,0.2514182735430079,0.30730835073912866,0.222202674912359,0.31349190668225263
1681,0.26916273792369133,0.3065822039671202,0.2514076352718021,0.30732153472907486,0.22217229988340065,0.31354737372240854
1682,0.2691625034452622,0.30658465285023695,0.25140515150611675,0.30732403551604126,0.22216096341837532,0.313541481225769
1683,0.2691531646325841,0.30659339125546065,0.2513887515556481,0.3073109304800622,0.22214610002768245,0.3135877423823311
1684,0.2691451428100894,0.30660813156807093,0.25137220405132227,0.30731955784450593,0.22212767744394893,0.3135980643004851
1685,0.26913480078188257,0.3066045510343572,0.25134989535827634,0.3073144384435371,0.2221200934783946,0.3136074484339394
1686,0.2691304970264008,0.3065913942734325,0.2513360600400485,0.3073079640948585,0.22211417300146985,0.3135977961354688
1687,0.26912072645842194,0.30659912215943813,0.251329665017573,0.3073030204905715,0.22209284485682432,0.31363314606413384
1688,0.26912036397254036,0.3065988842074565,0.2513227410692491,0.3073076309078433,0.222082885937542,0.3136150091784039
1689,0.2691057397399935,0.3066026929285613,0.2513077296526231,0.3072933336374324,0.2220800502101157,0.31362080815184895
1690,0.26910538057205335,0.30660246902478927,0.2512937513215831,0.30729669809523086,0.2220674417433034,0.3136547032772274
1691,0.2691051461966867,0.3066049310086531,0.2512820286894683,0.3073039138708931,0.22205789726064862,0.31364868253934225
1692,0.26909587578487276,0.30660170609943427,0.2512633974072598,0.3072942330173793,0.22204520952426682,0.3136765922112931
1693,0.269095518648182,0.3066014886026792,0.25124523463891285,0.3072822368448391,0.22203907741940368,0.3136699055490131
1694,0.26907903328261584,0.3065767422468355,0.251243436985346,0.3072864658268323,0.22202524589489714,0.3136697597385383
1695,0.2690718579642296,0.3065692369786059,0.2512319648271666,0.30728739221656376,0.22200444200694783,0.31367754072374154
1696,0.2690682432705132,0.30657452340577246,0.25120911541931074,0.30729687267467204,0.2220022030483593,0.3136854683629726
1697,0.26906403807616575,0.30657662150134457,0.25119158391529617,0.3073089900924611,0.22196863430493516,0.31366569675651007
1698,0.2690636811817483,0.3065765229895636,0.25117528407831163,0.3073117069677287,0.22195848839444204,0.31368738680894726
1699,0.26906346002791365,0.30657858540051447,0.25115866535742065,0.3073004292644571,0.2219426401203818,0.3136600319578412
1700,0.269056006168999,0.30657393180161663,0.25113423568610826,0.30730552448618753,0.22192355116822776,0.31367215484723426
1701,0.26904602416326373,0.3065774657956034,0.25111904820949593,0.30731032806802744,0.2219161948871151,0.3136672604605507
1702,0.26904299236078993,0.3065801461757504,0.25111134629619425,0.3073134497551565,0.22189195593588265,0.31369799548321875
1703,0.2690375528866847,0.30657205076322086,0.25110319812652165,0.3073100965973172,0.22187960205753632,0.31370133967977537
1704,0.2690301841705805,0.3065742831422452,0.2510981774376014,0.30731092968466533,0.22187777621007962,0.3137067545649484
1705,0.26902982925722596,0.3065742097260204,0.2510896459891399,0.3073276308370791,0.2218359591105201,0.31372600096617104
1706,0.2690280811691559,0.3065628655491529,0.25108750290579906,0.3073250722599753,0.22181243946267729,0.3137617961996489
1707,0.26902141400827795,0.3065626166694765,0.25107397856983255,0.30732599385141474,0.22179836213708123,0.3137788383980528
1708,0.26901995519028504,0.3065587324315269,0.2510534674142826,0.30733838827247195,0.221789373814167,0.3138299529951723
1709,0.2690136850799878,0.30655922773704847,0.2510357127834465,0.30733798984093,0.22176936575727385,0.31379098347085627
1710,0.2690042328526435,0.3065663501660129,0.25101534917442614,0.30733709026878026,0.221755201042109,0.3137722806106329
1711,0.2689968346454103,0.3065735896206805,0.25101275952707736,0.307333697534089,0.22173482063686922,0.31374963475549356
1712,0.2689966153557862,0.30657602941829837,0.2510118672942223,0.3073295408971449,0.22172683707182048,0.3137765471220476
1713,0.26898271898901505,0.3065751889396175,0.2509968740709658,0.30730622046663325,0.22170949430577097,0.3137915874897931
1714,0.2689748471022059,0.30657631233476357,0.25098815318069617,0.30730337007090425,0.2216827836883362,0.31381731311133715
1715,0.2689627495665269,0.30657073447624805,0.2509828902092766,0.30730209010954673,0.22165881891388992,0.3138508254920464
1716,0.2689517629930842,0.3065677809497479,0.2509729782432789,0.3073156286518087,0.22163959862830257,0.31382461016468716
1717,0.26894088712100206,0.3065648844952205,0.25095891151115696,0.3073091738007258,0.22161412030374408,0.3138227017440302
1718,0.2689331329467805,0.3065567282075397,0.2509356342078412,0.30730087265134665,0.22160860363407667,0.31386251515562474
1719,0.2689259800274332,0.30655593042672225,0.250930990490516,0.3073017671237649,0.2215829781787224,0.313873724391186
1720,0.2689256240791672,0.30655749926703957,0.2509114644854077,0.3072968047914567,0.22156587218894447,0.31387789451575016
1721,0.26892526922469506,0.3065574119716416,0.25090056815502365,0.30728133902682425,0.2215476350705678,0.31390641586522944
1722,0.26892491536773255,0.3065573305882009,0.2508846203385121,0.30727237449858874,0.22153827449487787,0.31390945119465197
1723,0.2689221762893293,0.30656051382216476,0.25087367905937347,0.30727159238576296,0.22152402007878488,0.3139159824399025
1724,0.26890326383383883,0.30654334144783374,0.250864605088116,0.30727707865870546,0.22150978190434906,0.3139236928485999
1725,0.2688974326422507,0.30655605193450036,0.25086118646281463,0.3072713262027569,0.22150023678109257,0.3139238600945341
1726,0.2688903838291347,0.30655125112286236,0.2508485505013054,0.30723209155369313,0.2214930184166077,0.3139557787861065
1727,0.26888675433598686,0.306558741786037,0.25082700741184477,0.3072346960210306,0.22147355370029673,0.3139314903650858
1728,0.26888233852641347,0.30655668594692226,0.2508063693493029,0.3072314515326845,0.2214509160566396,0.31393710021126564
1729,0.2688778177558779,0.30655138348860056,0.25080309588945554,0.3072261488686058,0.2214169114072808,0.31397964038977383
1730,0.2688773035703569,0.3065530735901525,0.2507905879140642,0.307219206463442,0.22139781086109242,0.3139743647982399
1731,0.2688769519899225,0.30655297895979955,0.2507870769390926,0.30722704316261473,0.22137510669665206,0.313976230495099
1732,0.26887176398463125,0.3065574653059708,0.25077573859866525,0.30722414283971705,0.22136537354451233,0.31398917316108726
1733,0.26886415446374023,0.3065560904190925,0.2507634587123983,0.3072133032651926,0.22135904982621765,0.31398501790604244
1734,0.2688481185054155,0.3065587669213301,0.2507549144491269,0.3072205251833583,0.22134876556361938,0.3139788607246522
1735,0.2688390173093062,0.3065662044160119,0.2507385620780174,0.3072140095824799,0.22133561607911328,0.31398350196100505
1736,0.26883057054793635,0.306573772613085,0.25072887949354733,0.3072260479234184,0.22132382231860614,0.313967556908788
1737,0.2688259607643694,0.3065709103507412,0.2507225617414102,0.3072416200533299,0.22131712670609968,0.31397504834819884
1738,0.2688254119689826,0.3065676557780242,0.25070177895967244,0.30726212387820523,0.22128574873437562,0.3139631128032243
1739,0.26881872150282243,0.3065687372768985,0.25069283381136076,0.30725736714229074,0.22127595376652756,0.31397935070501987
1740,0.2688089431221098,0.30655999491722424,0.2506819460137678,0.3072431578423442,0.22127252547729334,0.3139802633251832
1741,0.268797071285066,0.30656070341422614,0.2506625857333594,0.30725552049060945,0.22124097393979142,0.3139623333509438
1742,0.2687879381711375,0.30655761087250794,0.25064666487102716,0.30725279008017564,0.22123531735653437,0.3139709116372378
1743,0.2687800996562454,0.30655310590460666,0.2506338278587723,0.30723191771146735,0.22122036371039877,0.31401679905636415
1744,0.2687792987962141,0.3065543246562237,0.2506142875770166,0.3072340773769691,0.22121207162990403,0.31403094614687216
1745,0.26877157243561156,0.3065518924760501,0.25060197356704217,0.30724323245451746,0.22119014428852898,0.31407785789490733
1746,0.2687630721248375,0.30654396712371973,0.2505961256166094,0.3072419981815394,0.22116439235870541,0.3140609008612205
1747,0.2687579256056459,0.3065444440297781,0.2505901379395559,0.30723694642137445,0.22114975986897203,0.31406675568383824
1748,0.268752134459195,0.3065470383062314,0.25057354627954687,0.30724651837155154,0.2211393922097145,0.3140552988945993
1749,0.2687517905352897,0.3065469317956699,0.25055932728746966,0.30725285998867574,0.2211199657839011,0.3140570084186907
1750,0.26875144756508096,0.3065468313159879,0.25054515818045575,0.3072687791080153,0.22110398761574673,0.31402110731527916
1751,0.2687512377037989,0.3065477595081073,0.25052363762128177,0.30725260609908905,0.2210987678956352,0.3140362133576151
1752,0.26874399127814996,0.3065548379055202,0.25051908226194175,0.30726112719470283,0.2210679822298854,0.31401225276901074
1753,0.26873795440864484,0.30655527691917434,0.2505054944268709,0.307266202827085,0.2210510627674098,0.3140401053472226
1754,0.2687281885601794,0.3065450293380267,0.25048246574970495,0.30726795029887705,0.2210016629666968,0.3140526349718286
1755,0.2687259730964789,0.3065350409776863,0.2504648557576236,0.3072749183673511,0.22097197685853884,0.31406492365922806
1756,0.26871223681766554,0.3065394483010568,0.25045481367123623,0.3072753471934141,0.2209653468254557,0.3140612074364317
1757,0.26871189214212376,0.3065408517083127,0.25045279127599435,0.3072735448977986,0.22095721393213658,0.3140628552446774
1758,0.26870614401466214,0.3065357012523375,0.2504409818951858,0.3072749585070543,0.22094384950396473,0.31405010519769383
1759,0.26869940755460797,0.3065386868169478,0.2504307084740562,0.3072830931007248,0.2209245203332245,0.31409377004684924
1760,0.26868790858335145,0.3065381978276107,0.25042085324296587,0.30726977272834516,0.22090939910987864,0.3141024550823925
1761,0.2686875674484563,0.3065396198605425,0.2504057404402051,0.3072573366287725,0.22090691974561255,0.31409182828818616
1762,0.2686853675001213,0.3065297305484538,0.2503843574658905,0.30726434262833574,0.22090471215717902,0.3140964473439738
1763,0.2686850299934335,0.3065296858319159,0.2503810065798622,0.3072638236585068,0.22088617646661776,0.3141111184855381
1764,0.26867699685436586,0.30654242496473594,0.2503635229666056,0.3072827424709741,0.22086007297953797,0.31413120180217363
1765,0.26867346466378045,0.30654222701263606,0.2503432722150175,0.3072866175348272,0.2208548950683521,0.31412009818758285
1766,0.2686670142855325,0.30654301482453933,0.25032977906526144,0.30730973415848095,0.22084444611645077,0.3141140420282782
1767,0.2686666781387754,0.3065429760172953,0.2503200503688023,0.30733891063481295,0.22080809587722888,0.3141153134719351
1768,0.26866117630328595,0.30653396514972736,0.2503086555803467,0.3073392250997754,0.220761116875193,0.3140622509192687
1769,0.2686561245224973,0.3065345500007398,0.25028874565319675,0.30733992780266045,0.2207579746763689,0.3140701331306059
1770,0.26864531910173567,0.3065340158769123,0.25027497436416263,0.30730407013894384,0.22074492521237768,0.3140440951473193
1771,0.26863817464911227,0.3065410547370705,0.2502524669938834,0.30730849317590603,0.22070502961544608,0.314053325596224
1772,0.26861965322815673,0.3065239429134369,0.2502497807734203,0.30731331707891774,0.2206939267888806,0.31407617987569925
1773,0.26861857755882096,0.306522915845533,0.25024270395051024,0.30731100328649447,0.22066936214439117,0.3140627776714726
1774,0.26861233330460743,0.306527732098116,0.2502345174296878,0.30730347813331793,0.22066243990377413,0.314065027795548
1775,0.26860476639132036,0.30653609813322275,0.2502264953086391,0.30731095481352516,0.22065487574800569,0.31408381800042257
1776,0.2685955647692025,0.3065382868859292,0.25020920590403545,0.30730983381892213,0.22062655607053444,0.3141242674147468
1777,0.2685916376429967,0.3065399745905225,0.25019271492796913,0.3072931864778566,0.22060727586244025,0.3141251125632596
1778,0.26858583593436236,0.3065389066015102,0.250186146734784,0.30728582390445947,0.22059049138118764,0.314062065771868
1779,0.2685778744299875,0.30655140560742733,0.2501774449184933,0.3072893820533952,0.22056930179663828,0.3141022191782694
1780,0.2685749351952313,0.3065542544631423,0.25016037493321697,0.3072938850951709,0.22054817225397394,0.31411584004070076
1781,0.2685720458535862,0.30655708353273026,0.25013949478982345,0.3073050199205105,0.22052773573199377,0.3141173757833433
1782,0.26857155121627685,0.30655880880910247,0.25013116534381,0.30730078961426777,0.22051361690994362,0.314179562176443
1783,0.26856290105756914,0.3065614488161794,0.250127444758145,0.3072888937504993,0.2204890564170512,0.3141868397690648
1784,0.26854988034617017,0.3065682408030978,0.2501126084085473,0.3072864676010787,0.2204659091324178,0.31418076909901105
1785,0.26853698584543195,0.30655492611324753,0.250106516415113,0.30727922795882073,0.22044006417293835,0.3141553090638365
1786,0.26852642202357563,0.30654722933897005,0.25009592589253604,0.3072782026652698,0.22041022942613656,0.3141677634908852
1787,0.2685252721484305,0.3065489473474421,0.25008288770641285,0.3072835879610171,0.22037790762572892,0.31416749547029504
1788,0.2685207829145813,0.30654621137355004,0.2500714241056982,0.30729088155146755,0.22036061809211038,0.31416755649945377
1789,0.2685151823911995,0.306547013793832,0.25006627710984386,0.3072894849247164,0.22032953581671055,0.3141490811458443
1790,0.26851383064791096,0.3065413797134109,0.25005333496642895,0.3072902035281221,0.22031789144686773,0.31413420661531966
1791,0.2685013081234904,0.3065481240286356,0.25003750360154925,0.3072966078292893,0.22030420175618867,0.3141622698439456
1792,0.26849522388964664,0.30655292521272376,0.2500146556080634,0.3073012642441535,0.22029424063445113,0.3141696405915648
1793,0.2684885287181657,0.3065487711701977,0.24999918059129883,0.3073115558782555,0.22027300485438694,0.31416749291390555
1794,0.268477560079878,0.30654903512068077,0.2499742306141545,0.30730232858519924,0.2202497699721423,0.3141726354900749
1795,0.26846854903796413,0.30655290124478257,0.2499728329057498,0.3072938441384649,0.220237841452679,0.314132508558799
1796,0.26846076742616676,0.30654937772212276,0.24995741231134605,0.3073080788627321,0.22021521525298599,0.3141141125745676
1797,0.26844988468970604,0.3065456812771771,0.24994280148328565,0.3073113783625036,0.22019696323032686,0.31410358290222923
1798,0.26844955073721527,0.3065456704634965,0.24992865184776655,0.3073284310327217,0.22017131915198743,0.3140961938260918
1799,0.26844273012800296,0.30654385997889716,0.24991942454459576,0.3073371265337904,0.22015520570691682,0.31408087946026925
1800,0.2684357008357604,0.3065339104779879,0.24991149263091278,0.3073481661134997,0.2201362857096162,0.3140613573997585
1801,0.26842251715979204,0.3065334069468855,0.24990878233646246,0.3073474790442526,0.2201135884147186,0.31403089194031664
1802,0.26841147212858274,0.30653322451164533,0.2499021286053712,0.3073651089635852,0.2201030134862328,0.31404872269239537
1803,0.26840978795912035,0.3065368367996749,0.2498971943992152,0.3073904255473742,0.22008596110064643,0.31405765902117505
1804,0.2684020461350202,0.30653289303342746,0.24989359595574864,0.3074066026592672,0.2200548843079654,0.31402688359963055
1805,0.2684003897712088,0.3065397918480638,0.24987240145688866,0.3074167158173719,0.22003696705042758,0.3140533543935673
1806,0.2683996412337102,0.30654102099312003,0.2498581300096044,0.3074301081142582,0.22001646610984532,0.31396427460072995
1807,0.26839305090198323,0.3065403797461707,0.2498437341908542,0.3074295734852782,0.21999798648141386,0.31398953081369463
1808,0.26838798323437224,0.30653656579899036,0.24982966961965197,0.3074252417040949,0.2199836620655682,0.3139940957090015
1809,0.2683803558386972,0.30654141878777713,0.24981422590486377,0.3074374074143027,0.21997807221135587,0.3139977267988344
1810,0.2683686553851309,0.3065357491565032,0.24980721985777876,0.30744738438468266,0.21994994150505312,0.31399949532969607
1811,0.26835695808943094,0.3065345492298886,0.24978853012510094,0.3074465279234141,0.21992535226752344,0.31401273077561825
1812,0.2683443293235265,0.3065249304526036,0.24977753046004003,0.30746888772019754,0.21990574227137316,0.31402924130392634
1813,0.26834399381298535,0.3065248810672506,0.2497722445147851,0.3074844494569734,0.21989035937203974,0.3140200800594509
1814,0.2683259100360493,0.30650789158976144,0.24975551328235576,0.30748312994894345,0.2198804765123656,0.31404785721677203
1815,0.2683255419102809,0.30650913811324876,0.2497517005068574,0.30748078491073283,0.21986750416083822,0.31404799094797653
1816,0.2683193858239617,0.30652144406170606,0.24975104768880882,0.30748192406462255,0.21985273364451005,0.314059728587942
1817,0.26831188329607975,0.3065143000213732,0.24974484111223186,0.30748673729292847,0.21982478626301544,0.31404504688869206
1818,0.2683013909939824,0.30651154944570663,0.24972315432863965,0.3074760080211397,0.21980910267546616,0.31405865447235115
1819,0.26829447794306904,0.3065056424028476,0.2497110471144672,0.30745839423321225,0.21979218502394987,0.3140466658182668
1820,0.2682870699310607,0.30650269820999004,0.24970779553514139,0.30745690902327666,0.21978440505348423,0.314034659396397
1821,0.26828673848211576,0.3065026473177222,0.24970347931874987,0.3074556506810616,0.21976861747507845,0.31400530615065
1822,0.26827284889040826,0.3064943847275125,0.24968499278761752,0.3074729909653702,0.21975106167325567,0.31398398287925033
1823,0.2682628751434653,0.3064938829632643,0.2496756320208145,0.3074455882137258,0.21972600090412175,0.31400249392925444
1824,0.2682571419333572,0.30649780248938574,0.2496672946946544,0.3074676455178855,0.21971065654165897,0.31399657658797164
1825,0.2682524906241941,0.3064843557282397,0.24965726759775853,0.3074688450211656,0.21969701246160958,0.3140076043461054
1826,0.26824493442682645,0.30648214126641704,0.2496513718967177,0.3074870645698587,0.21968139611134047,0.3140139597067078
1827,0.2682349780012849,0.30647669735636357,0.24964247561405642,0.3074892469492771,0.21963741956241986,0.3140462574426245
1828,0.2682209743462314,0.3064746290702793,0.24962988885816886,0.3074902131722566,0.2196239917511419,0.3140570481893318
1829,0.26821192987052883,0.3064836493429117,0.24961803448309988,0.30748471861265503,0.2195905377924956,0.3140752551995365
1830,0.26819822784541103,0.3064752424982204,0.24960445107271695,0.30747307468551077,0.2195633381085202,0.3140980509098552
1831,0.26819593528421304,0.30646793269179373,0.2495985608014136,0.30746607606118415,0.2195334592367609,0.3141026977991616
1832,0.26818962234362925,0.3064677309909652,0.24958149855025727,0.30746426756898193,0.21950616865018654,0.3140995002862996
1833,0.2681805936795678,0.30645974075486365,0.24956508250905843,0.30746424697095665,0.21947917338785083,0.3141284050687364
1834,0.26817880126293386,0.30645820949155433,0.24955219808663706,0.3074612253160036,0.21946531653537582,0.3141684157455693
1835,0.2681734424659169,0.30645973155224787,0.2495356728490698,0.3074579905928356,0.21944967356704378,0.31415604698183003
1836,0.26816196347541194,0.3064660471001335,0.24951597733425673,0.30745212797746135,0.21944185652210305,0.3141557052412527
1837,0.2681556679407618,0.3064672652406453,0.24950401481745524,0.30744388757815827,0.2194254462557187,0.3142181899416473
1838,0.26814570662480475,0.30646285852973815,0.24948500381899893,0.30742244862433565,0.2193975355363784,0.31423479227580403
1839,0.26813633964997996,0.3064786311830989,0.24947625965210768,0.3074271715913806,0.21939132389795554,0.31424385796952
1840,0.2681350750442217,0.30647779089285,0.24946823820360883,0.3074299320271364,0.21938809573895246,0.3142212548806104
1841,0.26812649693358803,0.3064808795761001,0.24945469316336624,0.30741409647540713,0.21938271465178527,0.31422340455729986
1842,0.2681248650848709,0.3064820921180344,0.24943536726173332,0.3074399582976491,0.2193452390891068,0.3142107247994387
1843,0.2681246482326083,0.30648180459137403,0.2494330697330856,0.30744557409429,0.21934368805103968,0.3142071217007344
1844,0.2681153044581673,0.30647657341835016,0.24942496464646124,0.3074555473105156,0.2193336219016813,0.31420905907978647
1845,0.26811478261002103,0.3064734326822821,0.2494097344269345,0.3074472641019566,0.219319751699406,0.3142201999221711
1846,0.2681098783808112,0.30647223496698506,0.24939825025349852,0.3074476651221724,0.21929026970747928,0.31423201432114545
1847,0.2681095514567154,0.30647223598459417,0.24939431946835872,0.30746081965938715,0.21927160291980183,0.31421156164481134
1848,0.2681008595702391,0.30647656530832607,0.24938709789691207,0.307459180322706,0.21926699468781188,0.314194887618141
1849,0.2680949924699051,0.30647440773892753,0.24937618932967257,0.30746207474351483,0.2192480866418411,0.31418447602959615
1850,0.26809011610350253,0.3064776251278256,0.24936288553656896,0.30745311123433816,0.2192300129844833,0.31416327803167704
1851,0.26808897905710105,0.306479343194083,0.24936056028578524,0.30745340523857934,0.21920635210330278,0.31411657783297375
1852,0.2680724154763699,0.30645865723984983,0.24935374398537286,0.3074579165608066,0.219199713195937,0.31413816397714023
1853,0.26806416176727416,0.3064614545544303,0.24935257681559783,0.3074625055866707,0.21917868647110497,0.3141115775683653
1854,0.2680570278986867,0.30646203649662457,0.24934475534298128,0.3074668085701382,0.2191597164703801,0.31412265917362886
1855,0.2680452528117273,0.3064574464770929,0.24934102410013215,0.30746620101384503,0.21913593188443808,0.3141342812465446
1856,0.26803801231050306,0.30645652279971564,0.24933156104633544,0.3074770928948314,0.2191118400749678,0.3141218629095637
1857,0.2680284140548414,0.30645998015045817,0.24932794422793944,0.3074995239375438,0.21910031524977966,0.31410415081598436
1858,0.26802191599710634,0.3064565693854687,0.24932193234950445,0.30750698846531554,0.21908016974018438,0.314117408486448
1859,0.26801619676965494,0.3064553677350625,0.24930991288545543,0.3075197941694667,0.21907422302493865,0.31411561915831016
1860,0.2680127702738335,0.30646438192003655,0.24929981326602038,0.30752372477716117,0.2190645541829521,0.3140774898985716
1861,0.2680122525649093,0.3064613116979422,0.24928333551733287,0.3075316704772528,0.2190592250727826,0.31407817808084937
1862,0.26800466758864855,0.30645547561472497,0.24926565749856536,0.30752692617562377,0.2190301645300574,0.3140822383070388
1863,0.26800433485242303,0.30645628324510393,0.2492545097305957,0.30753440627508044,0.21901029069485176,0.31407638769713314
1864,0.2679922313104255,0.30646207444897494,0.24924149060183853,0.307558074242775,0.21899382910889828,0.31401933059098963
1865,0.2679852141167452,0.3064641113437631,0.24923966224487862,0.30756691448402906,0.21898202221674135,0.3140454647392484
1866,0.2679831915522982,0.30645487127129584,0.24921465313454957,0.30755620941559464,0.2189594812874902,0.31405781083017764
1867,0.2679744411627276,0.30645834158780827,0.24919662378952664,0.30755935589453604,0.21894904446570548,0.3140552699463519
1868,0.267973318828948,0.3064600914227213,0.24918535530027647,0.3075555674182866,0.2189412133150144,0.3140395126140117
1869,0.26796368747049126,0.306462539652456,0.2491833468258436,0.30755233290177475,0.21892850774100753,0.3140492091952975
1870,0.2679610131888229,0.30646578652438267,0.24917502138507547,0.3075608871554358,0.2189113590796272,0.3140724117603701
1871,0.26795545042751423,0.3064678445969199,0.2491712773009152,0.30755891167439975,0.218890183399641,0.3140834552965025
1872,0.2679464755233496,0.30646273297888904,0.24915399003046237,0.30755937622132934,0.2188594688800349,0.31408918359676796
1873,0.2679375855143726,0.30647290011467815,0.24914439026618126,0.3075821442485731,0.2188304867357256,0.31410824683888017
1874,0.2679257695589994,0.3064666766301181,0.24913593453231378,0.30758675919621437,0.21882759341834906,0.3141123900727264
1875,0.26791394643126304,0.30646422319911876,0.24912746609833325,0.3075981227949087,0.21880538866156252,0.31409950943484893
1876,0.26790129923060474,0.30645482775190996,0.2491163362020374,0.3075995205297536,0.21878134402838423,0.31408603765719545
1877,0.2678891038051917,0.30643980254133174,0.24910499615889584,0.3076003912351405,0.21875740300823038,0.31413388364432204
1878,0.26788412172730836,0.3064413344430211,0.24910168346969797,0.30759315521990577,0.21873329492357696,0.3140716485760446
1879,0.26787969170535625,0.3064433108884344,0.24909460557999744,0.3075862196367329,0.21872037637933792,0.31408496181887935
1880,0.26787203261121934,0.3064560503083655,0.24908675397636354,0.3075814810061722,0.2186996895588787,0.3141335657806498
1881,0.26787156051347427,0.30645730042384767,0.24907763121586388,0.30758359956793957,0.2186885964818165,0.314121972292401
1882,0.2678638754000297,0.3064537864757005,0.24906540795094823,0.30760881795446415,0.21867184573426338,0.3141160672718778
1883,0.26785242417989275,0.306448591541347,0.2490512796037604,0.3075836987981448,0.21864658375752047,0.3141107981807793
1884,0.2678438454727947,0.30645562260782866,0.24904729463869232,0.30757557526354246,0.21863057737560915,0.31411041771950193
1885,0.2678360723261541,0.3064496255849095,0.249038650130029,0.30758350443596855,0.21860717144083128,0.3141290133569549
1886,0.2678277801111221,0.30645380124110577,0.24902451351336813,0.3075923097738811,0.21859438797258607,0.314125745947197
1887,0.26782667158313433,0.3064555241619601,0.24901276174897777,0.3075888043749494,0.21857400192928264,0.31413571346549857
1888,0.26782072781646676,0.3064478788448156,0.24899461295254052,0.3075820697626339,0.2185634555767249,0.3141292709173013
1889,0.26781986580148354,0.3064414554906669,0.24897736739883894,0.30756845190035803,0.21855795726172986,0.31413918112579026
1890,0.2678138250132851,0.306444240393362,0.24897495097735348,0.307564275149698,0.21854207410830276,0.3141455667378456
1891,0.2678133171455976,0.30644121522109075,0.24896540687429797,0.30757485469653534,0.2185298994317086,0.31412474017063047
1892,0.2678042829753804,0.306447618852572,0.2489611535896875,0.30757007017322796,0.21850716937341047,0.31412503580642626
1893,0.26778667951476964,0.3064306759683004,0.24895345321137652,0.3075782262587923,0.2184706081147074,0.31415374944767416
1894,0.2677719983491741,0.3064322842776048,0.2489402740289436,0.3075886272315284,0.21846336541780018,0.3141651595862021
1895,0.26777105044141475,0.3064309473707612,0.24892617996177344,0.3075633874225114,0.2184468472423506,0.3143019770265387
1896,0.26775951178630086,0.3064290211119037,0.2489124238540505,0.30758724595340314,0.2183871637988628,0.3143217010143254
1897,0.26775061262299477,0.3064218659692304,0.24890529374333792,0.3075762454675236,0.2183480168353985,0.3143761463781857
1898,0.26774771903941247,0.30642536466296827,0.24889052201102882,0.3075922424491805,0.21831229993299472,0.314430231802003
1899,0.26773545775151175,0.3064148618187015,0.2488827838210345,0.3075948528631045,0.21828153891920976,0.314465744735661
1900,0.26773351988824196,0.30640777714002,0.24886981502874017,0.3075925430057013,0.2182711996075827,0.3144674772797175
1901,0.26772117129844397,0.30640261012470926,0.2488613443714014,0.30759883684480327,0.21825913712908257,0.31446026949406136
1902,0.26771201717255316,0.30640001577723314,0.2488605084854422,0.3075954930329221,0.21824392831098358,0.3144647272654956
1903,0.26770319773256873,0.30639294638700776,0.2488540518720292,0.3076049261856536,0.21823559335087037,0.3144721398789926
1904,0.2676903784465574,0.3063975891620789,0.24883530732664438,0.3075989604701955,0.2182130302890289,0.3144603740053216
1905,0.26768899467651486,0.30639450615277464,0.2488223246409719,0.3075865930022514,0.21820410157153686,0.31446906908882827
1906,0.26768569768566103,0.30639982129724463,0.24881047451146815,0.3075786010984473,0.21817605607360946,0.31449139199098525
1907,0.26767770438535826,0.3063961237683787,0.24879730674865105,0.307576890548985,0.2181588620545938,0.31448445972690986
1908,0.2676714256672138,0.30639082663315875,0.24879702834466777,0.307574844968024,0.2181408435863348,0.31448970797982856
1909,0.26767096301233556,0.3063873630897281,0.24878760794997076,0.30756046051063685,0.21813251256703467,0.3144842352468518
1910,0.267669508612583,0.30638896492953444,0.248774500916662,0.30753405053813476,0.21812761818550117,0.3145013882587903
1911,0.2676591649243334,0.3063897492717021,0.24875983295812432,0.30753250711645674,0.218094625935918,0.3144680632802216
1912,0.2676547892093565,0.30639156357076064,0.248756915502494,0.3075379662206987,0.21807505058794874,0.3144613329494212
1913,0.26765343863754687,0.3063911233635096,0.24874118073560028,0.30753025239051746,0.2180579367612124,0.31445072477434455
1914,0.2676412397724018,0.30637787575752945,0.24872810375775908,0.30751749682724233,0.21801747746309574,0.3145163752359339
1915,0.26763587151569196,0.3063810391159402,0.2487075289058406,0.30748929992241364,0.2179957763065344,0.31454082918702875
1916,0.26763326506035173,0.3063844129008693,0.24869442213158452,0.30747547417916743,0.21798499874504,0.31456893355259374
1917,0.26762821840217993,0.30638832519751563,0.24868947803291375,0.3074845669458422,0.21796667378179843,0.3145651196597002
1918,0.2676165791478432,0.30637809106438646,0.24867645920288317,0.30749175942522056,0.21794566163122603,0.3145548792020831
1919,0.2676154788394361,0.30637979298818513,0.24866702546899216,0.307492473329144,0.21793602461855163,0.3145541966880577
1920,0.26760999858767487,0.30638188480398004,0.24865512176028254,0.30750576984339356,0.21791546798958528,0.31458699651082733
1921,0.26759848523642343,0.30639519486290995,0.24864444466670388,0.30750946755329406,0.21789243888543372,0.31460328683882144
1922,0.2675923911860234,0.306395310710618,0.24863572572768572,0.30751247057893827,0.21787354701194253,0.3145958118748691
1923,0.2675833752130412,0.30640312588985097,0.24862905174889205,0.3075248780822777,0.21785095983307284,0.31457353649874886
1924,0.26757092358093104,0.30639639202188407,0.24861171199957008,0.307531881752869,0.217837685053248,0.31456556285352016
1925,0.26756263725183443,0.3063998037006076,0.24860280698023834,0.3075301371552825,0.21783219626251005,0.3145244804341371
1926,0.2675612282324062,0.3063999546910408,0.24859269527808606,0.3075232776943284,0.21781233561614702,0.31453125284671013
1927,0.26754589875497686,0.30639983227267925,0.248575389140876,0.30752372241036047,0.21780555727460998,0.31455437918244283
1928,0.2675404686472278,0.30640190886451346,0.24857217443907534,0.3075172108605156,0.21779124515553655,0.31457565891546135
1929,0.2675336041379769,0.3064000173703281,0.24856443217768293,0.30752264799998913,0.21775560667702623,0.3145686069626685
1930,0.26753236225323546,0.3063980769696216,0.24855448965328159,0.3075208898762751,0.21774695894940937,0.3145720710924259
1931,0.26753170885591543,0.30639851663682216,0.24854581373123585,0.30752347811062114,0.2177354089670645,0.3145582590750978
1932,0.2675275340170253,0.30638169488187583,0.24853436642941307,0.3075370245223086,0.21771787468560433,0.3145827467493587
1933,0.2675210012110122,0.3063775306370308,0.2485279656572404,0.30752711335801464,0.2176996073280298,0.3145869781201699
1934,0.2675196279838973,0.30637680486424074,0.2485210046173091,0.30753239675322275,0.21768482202679323,0.314587234789044
1935,0.2675135184371154,0.30637745802228405,0.2485128194039573,0.30753796791695087,0.21767722939136552,0.314600407023849
1936,0.2675070430891202,0.3063799134090358,0.2485114931840245,0.30753936628750755,0.21766216879708034,0.31460021727211246
1937,0.26749697642725045,0.3063713880165998,0.2485058259104034,0.30753392055465595,0.21764123637198698,0.3145856905093198
1938,0.2674902667580418,0.306373058485108,0.24849480289156656,0.30754703085033785,0.2176249485007036,0.3146017434649995
1939,0.26748541152736705,0.3063738705841721,0.24848804145709574,0.3075523119637007,0.21761542726600056,0.314613460694574
1940,0.267481565934666,0.3063754315225737,0.24846952071461348,0.3075464955731837,0.2175982402187475,0.3145618534672723
1941,0.2674800317275765,0.30636621230344857,0.2484638936681365,0.3075483844559778,0.21757692895403125,0.31464294024941625
1942,0.2674676617811471,0.30636693391426983,0.24845786308871415,0.30755836634508027,0.21756625149685754,0.31462713558557104
1943,0.26745630293208567,0.30636215156769936,0.2484535146482001,0.30754279319509975,0.21754417036532817,0.3146668902987003
1944,0.26744784806376476,0.30635722495047396,0.2484314411186802,0.3075507269562533,0.21753110817643034,0.3146833832674462
1945,0.26743911326841824,0.3063650911834983,0.24841965769438057,0.30754351273087494,0.2174966699625382,0.31464112665918326
1946,0.2674314138320748,0.3063566953535276,0.2484112749387277,0.3075420216931292,0.2174896635139479,0.3146296448169625
1947,0.26742907098613977,0.30635529344344314,0.2483922622850956,0.307537404763207,0.21747320342790372,0.31462686388470135
1948,0.2674220251236683,0.3063476140753094,0.24837985561924877,0.3075375772741767,0.21743228515300378,0.3145666859373457
1949,0.26741334401181066,0.3063566640076443,0.24837207193896604,0.30752478073287026,0.21740355114716994,0.3145743044604242
1950,0.2674039580442454,0.3063588895019434,0.2483656241385303,0.3075229898674251,0.21738990332676927,0.3145306989348937
1951,0.2673960106747126,0.30635598897445443,0.24835463928089277,0.30752729717373456,0.21735856713329446,0.31452186850661823
1952,0.26739580388117984,0.3063557134873554,0.2483421971971912,0.30752653953739084,0.2173401621946071,0.31453576623677026
1953,0.2673769011003245,0.3063331654853231,0.24833703153862177,0.30752706819640896,0.2173072623151682,0.31453378758227063
1954,0.2673674488564885,0.30633526494578894,0.24833145503290438,0.3075105976960243,0.21728952384654696,0.3145191175992117
1955,0.26736101866164724,0.3063312437850413,0.24832104459476692,0.3075370532934402,0.21726929778618115,0.3145335025421679
1956,0.26734827005938616,0.3063361574302733,0.24831400224431183,0.3075452750721785,0.21725052731940905,0.3145268776256056
1957,0.2673383415868652,0.3063278162072324,0.2483044425660887,0.30755709257601044,0.21724794741639353,0.3145515373401106
1958,0.26733809570864075,0.3063284737115548,0.24830108539507026,0.3075624502115814,0.21723962654368634,0.31454734081936836
1959,0.26732792557293966,0.30632412710460616,0.24828116070900266,0.3075607647226578,0.21722131654131546,0.31457258176663316
1960,0.26732175883821985,0.30632658749373826,0.2482652302752616,0.307583185161329,0.21720690827827846,0.31456635661941146
1961,0.267315553310243,0.30634341466593656,0.24824933674743485,0.3075881859359556,0.21718411742136892,0.3145388671417664
1962,0.26729894874970744,0.3063268227722297,0.24824079176406244,0.30759774963781017,0.21716661013070754,0.31462575612277777
1963,0.26728632194386415,0.3063298463337219,0.2482343927732906,0.3075954662150186,0.21715629678810028,0.31462507662557904
1964,0.2672799553716397,0.30632592494828814,0.2482264189646925,0.30757424292667157,0.2171460886623277,0.31461153252136226
1965,0.26727302021053795,0.3063283486236316,0.24820671048771273,0.3075763458089148,0.21712871821780408,0.31462697299275205
1966,0.2672727137728795,0.30632843640569474,0.24820334020566331,0.30756418952845105,0.21709113145954528,0.31464089592656896
1967,0.26726672857310524,0.3063318617684046,0.2481887743980046,0.3075565571792751,0.21708645014708874,0.3146553517083604
1968,0.26725436737099006,0.3063334974053719,0.24817432681376625,0.3075715736062023,0.2170848100126267,0.31465911759469734
1969,0.26724211924259217,0.3063256277348043,0.24815626328399706,0.307559866761749,0.21707539143566373,0.31466326533755323
1970,0.2672407504885008,0.3063227544902304,0.24814930159417867,0.3075601910479792,0.21706267795173492,0.31467095584853966
1971,0.26723189461748154,0.30632164885870455,0.2481245727934656,0.30755192990905633,0.21703022913094988,0.31466901159551586
1972,0.2672259402514229,0.306333207273488,0.24809786527445887,0.3075182987168989,0.21700469709399184,0.3146703162377123
1973,0.2672183330547193,0.3063358954369444,0.24808936523270114,0.3075392553594262,0.21699428674120078,0.31469099617388957
1974,0.26720963164884654,0.30634589275646934,0.2480744328538524,0.30753938417076293,0.21697820589712136,0.3147352201049616
1975,0.26720429275946206,0.3063479780267882,0.24806274087766692,0.30754766249410775,0.21696344688975508,0.3147343994258016
1976,0.2671999023902663,0.3063497250037063,0.24805293079070284,0.3075313066423722,0.21695172208817862,0.3147673144248737
1977,0.26719057059159224,0.3063528030392093,0.24804630206578518,0.30753731564833525,0.21694245433613327,0.31475180002354314
1978,0.26718235512944166,0.3063448330334379,0.24803698223667067,0.30753697098343963,0.21692184675323126,0.31476971726009884
1979,0.26717596163838375,0.3063427130687511,0.24803033140269357,0.30754483227640855,0.2169096068025816,0.31477819046377814
1980,0.2671684111846111,0.30633727593744037,0.2480248467899626,0.30753928669353,0.21690131271488314,0.3147670585692169
1981,0.2671621761995126,0.3063438268478109,0.2480168841409356,0.30754954423163944,0.21686310128379493,0.3148372971196537
1982,0.2671510807992071,0.30634135940041635,0.24800037662622532,0.3075493144906063,0.21685313158809025,0.31484932028338186
1983,0.267145164998772,0.3063418203421425,0.2479834767144556,0.3075409680808723,0.21682740331609238,0.3148046774868888
1984,0.2671331063198464,0.3063371649620423,0.24797332564429453,0.30755000520396625,0.21681357831609985,0.31480407918712294
1985,0.2671255587782485,0.3063397856825499,0.24795925572360117,0.30754148127311837,0.2167930137770399,0.314848017878006
1986,0.26711929847998356,0.30633550860505293,0.24794845469621574,0.307535923853752,0.2167851469178049,0.31485236883345097
1987,0.2671151811125437,0.3063376163755057,0.24794270242418717,0.3075586888326536,0.21676384724011594,0.31487366594805416
1988,0.26710838801028014,0.3063349664559179,0.2479308300656499,0.30757721116208364,0.21675497631912735,0.31485997369568525
1989,0.2670940032829866,0.3063118797742228,0.2479158905192575,0.30758259363363855,0.21674133604299675,0.3148440440728786
1990,0.2670829142737965,0.30629635009002953,0.24790267473391647,0.3075929923430537,0.21673602524704608,0.31487745536672046
1991,0.2670732371873975,0.30629971500060726,0.24789591256078722,0.30761633167274144,0.21673030642290897,0.31487089319597095
1992,0.267062110162535,0.306299236994609,0.24787743172282425,0.30761421650551857,0.21670800747053473,0.31487607904706405
1993,0.26705094669525353,0.3062935376654769,0.24787011035419437,0.3076246527713412,0.21669227385001527,0.3148944382460841
1994,0.26704901728453867,0.30629638816215415,0.2478564294851709,0.3076124411734631,0.2166789358793749,0.31488766320130523
1995,0.26704687783597,0.3062978146632196,0.2478422217125134,0.3076183974923278,0.21667306946256543,0.31488834750714456
1996,0.26703786650502376,0.30630419087767075,0.24782783982924436,0.3076015167668445,0.21665857967081553,0.31490560244778554
1997,0.26703168753068424,0.3063000265862265,0.24782124795241656,0.30760592332230274,0.21664410387840183,0.31493048718014777
1998,0.2670272986277145,0.3063003711376296,0.24781615094270593,0.30760732541647773,0.2166290265729921,0.3149394188790868
1999,0.26702106897166167,0.3063051417297902,0.24780704878560852,0.30759678605967855,0.21662145114917333,0.31494043647470893
2000,0.2670171509399622,0.30630065901329356,0.2478068661049432,0.3075950674983905,0.21659606783644986,0.31499500229360766
2001,0.26701017564982477,0.30629933975033186,0.24779782359715652,0.30759405602355455,0.2165815730252718,0.3149804417728087
2002,0.2670006613521921,0.3063080736691364,0.247787664526386,0.3075906860428971,0.2165492472569561,0.3149749158153198
2003,0.26699195827413164,0.306306639011066,0.24778027580329412,0.30758879055735866,0.21653132400501848,0.31503731061543544
2004,0.2669821703520292,0.3063063883746993,0.2477689930219868,0.30758246483513263,0.2164951358500036,0.3149935793529611
2005,0.2669704495126984,0.3063095878418368,0.2477570638292534,0.3075422926504854,0.21648209565239462,0.3149914003114978
2006,0.2669687698436723,0.3063046140251101,0.24774606859758538,0.3075480604215616,0.21643944992394099,0.3149886097863537
2007,0.26696777111825326,0.30630366293102673,0.24773893608163491,0.30754850811804296,0.2164253448279086,0.31498327991901276
2008,0.2669613024094596,0.3063013933000031,0.2477320125563852,0.3075413505696981,0.216410468657936,0.31511319441494046
2009,0.26695286741474755,0.30629635711066744,0.24772254662233922,0.30753838605587464,0.2163861321319367,0.31510568018740936
2010,0.2669452293758842,0.30630743632727553,0.24771154168659723,0.30753352829273195,0.21636037013000306,0.3151017171731492
2011,0.2669387209712213,0.30630608782043345,0.24770371971961092,0.30754050928087145,0.2163575631619445,0.3151260153262598
2012,0.2669302269485825,0.30632361410472525,0.24768569053239858,0.30754357955012934,0.21634969493903017,0.3151581953625086
2013,0.26692226277644804,0.3063326072032847,0.24767610941630794,0.3075474222339584,0.2163392103774831,0.31514335898925033
2014,0.2669202034810618,0.306331009064242,0.24767358738712636,0.30754589242385993,0.21633574080493054,0.3151472057443898
2015,0.2669123165124403,0.30633321381242107,0.24765955539230772,0.30753288077506413,0.21632202367081715,0.31517632288015074
2016,0.2669120117351554,0.30633416066390157,0.24765400962457693,0.3075507685055663,0.216292867251644,0.3151574995998748
2017,0.26690363207022594,0.3063513626967113,0.2476421927814275,0.30756554440457573,0.21627599334230407,0.31519031892408594
2018,0.26689630825828625,0.30634738029988307,0.2476343273936582,0.3075598644038397,0.2162575066791468,0.3152014922343697
2019,0.2668889010841609,0.30635291145062843,0.24762476214281323,0.30754958589328335,0.2162455586016393,0.3152136306685597
2020,0.26688438653039576,0.30634076668705734,0.24761244796152024,0.30755460744460783,0.21624031822985937,0.3152235867784922
2021,0.266878582749216,0.3063386681874952,0.24760859445409952,0.3075529262569357,0.2162239682915187,0.3152818851403646
2022,0.26686770972715307,0.30634239657735723,0.24759912847126625,0.307582022623886,0.21621629141453932,0.31525914462953813
2023,0.26685986704879033,0.306352013935599,0.2475869622710491,0.30760530941165115,0.2162071651567218,0.31524057536768946
2024,0.2668531696147342,0.30635436441642566,0.24757735411176623,0.30760738755367295,0.2161908615501517,0.3152944525809054
2025,0.26684462306168655,0.3063507323698219,0.2475655630434975,0.3076061200264361,0.21617195775467546,0.3153165030342708
2026,0.2668426641690893,0.3063421542593067,0.24755687375163116,0.30759342230778836,0.216161279540052,0.31532104675601613
2027,0.2668307966108023,0.3063419778630484,0.24755139929147066,0.30758372963509223,0.21613682476718493,0.3154034140409018
2028,0.2668304744418002,0.3063419645361788,0.24752997899047613,0.3075904104814436,0.21612016421074604,0.31542516838285417
2029,0.266828260989722,0.30633512957608094,0.2475231909795832,0.30758169387227124,0.21610349090523923,0.3154245615664373
2030,0.26682120460302033,0.306335815653668,0.24751185631731004,0.3075883483175792,0.21609433439671694,0.31541661072232363
2031,0.2668056186997803,0.30633550090242617,0.24750475589575144,0.30759959198182796,0.2160746326467254,0.3154292378774287
2032,0.2667979513127926,0.30634080596925,0.24749292257120453,0.30761935844792815,0.2160620074404562,0.31541550725809914
2033,0.26678591299702503,0.30633286596082154,0.2474879767151451,0.30760979124049065,0.21605340106310597,0.31542334622704016
2034,0.26677601455925876,0.3063322646446955,0.24748247424117942,0.3076249240485894,0.2160423145282061,0.31540259853931146
2035,0.2667707071831754,0.3063349445861926,0.24747145730605924,0.30764174849201753,0.21602833101852179,0.31541115425130134
2036,0.26675628712292015,0.3063187251410482,0.24746504415130294,0.3076420536960109,0.21601813992120675,0.3154298400104767
2037,0.2667481237099436,0.3063072414960493,0.24745617506870504,0.3076367981488994,0.21598016520773788,0.31542389948592764
2038,0.26674277346271585,0.30630638929649734,0.24745296012752283,0.30764345885193917,0.21595941178103176,0.3154418449167632
2039,0.2667385757402372,0.3063080060904459,0.24744320114043086,0.307656102819285,0.21594695722065285,0.31541539538772034
2040,0.2667301632237909,0.30631095388469565,0.2474262164985313,0.30763720855065924,0.21593951663854055,0.3154211028673949
2041,0.2667295477476511,0.30631138299699046,0.2474154958067197,0.3076454729953698,0.21592892950289705,0.31542781316705476
2042,0.2667214678384042,0.30630899874331236,0.2474052838528215,0.3076336420009775,0.21591992436141302,0.31545122470583176
2043,0.2667132184283635,0.30631661230728546,0.2473988994315896,0.3076246074616822,0.2158961362845973,0.3154474757726245
2044,0.2667047284031677,0.30632027294949876,0.2473857707231773,0.3076193309948596,0.21588764345542594,0.3154472333309086
2045,0.26670333549261843,0.30632178198188925,0.24737673678305952,0.307619896434508,0.2158823667554266,0.3154370092074644
2046,0.26669354740460394,0.3063335397082953,0.24736399069482767,0.30762937083065683,0.21587284772553003,0.3154454567534966
2047,0.26669287436732947,0.3063346283412688,0.24735095486842204,0.3076901981745416,0.2158659657740802,0.31545837428448364
2048,0.266690289275484,0.3063315000353233,0.247327372032141,0.3076827738882001,0.21585559916320865,0.31546468161439656
2049,0.26668779468184883,0.3063282241663783,0.24731068668771042,0.30769675116006806,0.21584098007390415,0.31549501254338064
2050,0.2666753332491201,0.30632683853914355,0.24730231065324476,0.3077100223991032,0.21582115142102604,0.31551248500829276
2051,0.26666570244618254,0.30632312770326686,0.24729769724298994,0.30770276746575675,0.21580130860513122,0.3154832121401242
2052,0.26665086660459125,0.3063036070777106,0.24728904098038268,0.30769864462745156,0.21579659459935382,0.3154772111097654
2053,0.26664314689622726,0.30629995114613123,0.2472736308364286,0.30768162262990245,0.21578030296325504,0.31547655422289755
2054,0.26663795201437296,0.3062971654422473,0.24726693603621952,0.3076914283627982,0.2157661450245808,0.3154641740515874
2055,0.26663156333310917,0.3062958211075006,0.24725617201371974,0.3076933560333604,0.2157462374123939,0.3154744612448129
2056,0.2666239318430216,0.306292199728262,0.2472531234877632,0.3076930482068185,0.21572624208876442,0.3154861794783399
2057,0.266617607044209,0.30629087329467014,0.24723900082192263,0.3076941107844153,0.21570222552846416,0.31551344499246015
2058,0.2666128101979866,0.30629172802187504,0.2472254810913211,0.3077116076760621,0.21568771982464885,0.31549093896623703
2059,0.2666009845559297,0.3062949540299979,0.24722028204807478,0.3077070452582857,0.21567127070668501,0.3154813356274115
2060,0.26659208234514636,0.3062907968559247,0.24721201633682144,0.30770227103623804,0.21565288655319387,0.3154843701511037
2061,0.2665822571628832,0.30627970490180695,0.24720663148993005,0.30771680170996646,0.2156396058473842,0.3154574661580438
2062,0.2665664794732385,0.30628740728666504,0.2471979031671956,0.3077271557798776,0.21563411396189577,0.31545682275465314
2063,0.26656581606409324,0.306288493069232,0.24719605286085436,0.30772927792221183,0.21561636255054445,0.3154602957807985
2064,0.26655689834134766,0.3062868811701101,0.2471917134919276,0.3077325808392917,0.21560374251830958,0.3154723873243243
2065,0.266551004956615,0.3062881076800478,0.24718873649206785,0.3077283128042095,0.21556886406550066,0.3154797214789439
2066,0.26654221062060435,0.3062915979658757,0.24717838247165644,0.3077422816555687,0.2155468334109685,0.315464177841994
2067,0.2665381892772559,0.30629883573699984,0.2471698584627291,0.3077501575436818,0.21553268089726052,0.31545214252475406
2068,0.26653681636318854,0.3063003415710472,0.24715416293659398,0.3077463101458132,0.21552926058925864,0.3154534776556771
2069,0.2665290942688985,0.30629793229588603,0.24714076279478303,0.30772697846337976,0.2155030789489144,0.31547071170407825
2070,0.26652087543613073,0.3063052790504612,0.24712430110196187,0.30772929136440513,0.2154906961337863,0.3154719860798836
2071,0.2665131892339401,0.3063053058717189,0.24711774042077503,0.3077440711023069,0.21548285633937347,0.3154957842987637
2072,0.26651188700409434,0.3063010152590143,0.24710968366736902,0.3077485414364466,0.215473229236419,0.3154830190340175
2073,0.26650574928839144,0.30629765740367826,0.2470949255905873,0.3077593443082776,0.21545284946139423,0.315489169017887
2074,0.26649588863803353,0.3062914873457508,0.24708143662215612,0.30775072073148746,0.21543938003274987,0.31546970622377946
2075,0.2664937476188241,0.3062848660577439,0.2470673146840133,0.30776295203923226,0.21543136739164606,0.31546387339991416
2076,0.2664845363645755,0.306293396681612,0.24706294974545165,0.30776034330001956,0.2154103314847267,0.31549231013121887
2077,0.2664771641093028,0.306298710466025,0.24705912206582725,0.30776049176049314,0.21540700590398068,0.31548477747138814
2078,0.2664700565885333,0.306297753380522,0.2470455962422357,0.30777331931169366,0.21539264886720802,0.3154961843768283
2079,0.2664563788213653,0.30630200182235595,0.24703470244035805,0.3077780582596472,0.21537779465385776,0.3154928578672228
2080,0.266447836498687,0.30629927690719855,0.24702441389541335,0.30779510446322733,0.21534939191908906,0.31549379015102524
2081,0.2664415252117505,0.30629697616799206,0.2470242717180696,0.30779844029082726,0.21533034582221447,0.3154939925717574
2082,0.26643692286240844,0.30628836037165924,0.2470108965671467,0.3077947704509849,0.21530893720168162,0.3155173067997486
2083,0.26643441039605975,0.3062852738931973,0.24699443716271144,0.307782975834001,0.2153028358757668,0.3155183140854339
2084,0.26642578853184523,0.3062828553994758,0.2469892800546023,0.30778563349086485,0.21529339755494076,0.31551031715920613
2085,0.2664195167116172,0.30628150860657044,0.24697445862778597,0.30779124904329247,0.21526737903176843,0.3154874443445082
2086,0.26641094082971134,0.30628391701555746,0.2469646347945225,0.30780252733988056,0.21524299334761593,0.3155177811116283
2087,0.2664021415328769,0.3062858868202235,0.2469539255140183,0.30777840202352275,0.2152227126539457,0.3155347652158388
2088,0.2664014897052706,0.30628694550242064,0.24694080226046297,0.3077842118694815,0.21521151417850767,0.31554305917984576
2089,0.266395767062796,0.3062908325211605,0.24693324573901365,0.3077896439138386,0.21519795193116906,0.3155370484378848
2090,0.2663892075337597,0.306290326265682,0.24692151860392803,0.30781411308690215,0.21516957808369241,0.31554068247964445
2091,0.26638303586662515,0.3062922779537445,0.24691878559519365,0.30781193564460224,0.2151467002218941,0.31555408233861454
2092,0.26637191259746,0.3063197986358777,0.24690920680435216,0.30780541388244387,0.21511450795652812,0.3155823860168179
2093,0.2663642343248943,0.3063338543247441,0.24690074323091668,0.3078154850189794,0.21508600079425924,0.3155698589605638
2094,0.26636174093161397,0.30633074543100514,0.24688188067633132,0.3078213133739157,0.21507359973447443,0.315580938339779
2095,0.2663481996802227,0.30630834309148275,0.24687276891503673,0.30780767221933747,0.2150602779583489,0.3156124006174106
2096,0.2663480038788266,0.3063080327687742,0.2468641052918837,0.30779743901594786,0.2150436035647298,0.3156393016247426
2097,0.26633907856576,0.30631223609743735,0.24685187075195814,0.3077960330815916,0.2150380143401117,0.3156536864219795
2098,0.2663315413760965,0.3063099306921676,0.24684639651221096,0.3078132988179023,0.2150355119548626,0.31565801239977126
2099,0.26631808879995317,0.30631321011886986,0.2468370297645545,0.30779705062381013,0.21501241608651747,0.3156620916852592
2100,0.2663109019752121,0.3063187406428295,0.24682237030427898,0.3078098393793205,0.21499720616653878,0.3156233325504072
2101,0.26630985773049753,0.30631696700270594,0.24680430854565857,0.30784067782104985,0.21499399843881267,0.3156142784605407
2102,0.26630345042602327,0.306319207161091,0.24679173575561328,0.3078627897501688,0.21497705057963273,0.3156198946276951
2103,0.26630187700886226,0.3063144658891396,0.24678673955685002,0.30786205143643186,0.21496417830983774,0.3156369384804613
2104,0.2662865498007911,0.3063129751232277,0.2467791661972,0.30786904433603024,0.21493616349148112,0.31564416554468766
2105,0.2662790082116386,0.3063152809894569,0.24676669663400833,0.3079116280079483,0.21492328182982223,0.3156566272577152
2106,0.26626676957018375,0.30631392655017253,0.2467619327826668,0.30790007751351434,0.2148966101954149,0.31565983925273705
2107,0.2662657945973198,0.3063111970642448,0.24675787881974698,0.30791158353403547,0.21489071674625235,0.31566097998171666
2108,0.26626438934351243,0.3063054919522973,0.24674336017166015,0.30791268663029947,0.21487655488756782,0.3156425936139117
2109,0.26625847150367,0.3063256241792457,0.2467278876129287,0.30793196835767106,0.2148677637103363,0.31564664216976507
2110,0.26625789311237696,0.30632603913924017,0.2467216645646184,0.3079277699416715,0.21485659787744285,0.3156609182753255
2111,0.26624707770013895,0.3063261661575295,0.24670984416961,0.3079337991029501,0.21483705791650218,0.3156815237823003
2112,0.26623643874737346,0.30630645358948866,0.2466969605513041,0.3079396088250473,0.21480493078549298,0.31568029346496185
2113,0.26623227935280286,0.3063068172123042,0.24668510281733638,0.3079052065312077,0.21478244525029708,0.3156822652676391
2114,0.266221744328156,0.3063054055165825,0.24668212220200667,0.30789979852017946,0.21476345519832868,0.31566717941357425
2115,0.266214141884771,0.3063115493341111,0.24666106954398076,0.3078926045612481,0.21474652430154131,0.3156755150277916
2116,0.2662067750472077,0.30632569032064627,0.24664988181550954,0.3079067345041948,0.21472602598981172,0.315635504675018
2117,0.26620431971777336,0.3063225864245137,0.24663104424313081,0.30791612607352425,0.21470297163218427,0.3156427966198186
2118,0.26619611217893635,0.3063395622110123,0.24662699822993225,0.30791491420629424,0.21468522212493732,0.3156522423145365
2119,0.26618791933762054,0.3063416759122609,0.24661278712472212,0.30794275345729033,0.21465600198540932,0.31565422391946296
2120,0.26618227274013895,0.3063376672793141,0.24660868562362162,0.30795137455374066,0.21464350382371597,0.3156538107071497
2121,0.26618114887878674,0.30633585230053106,0.24659519690699536,0.3079444004660794,0.21463025402358418,0.31563181681637337
2122,0.26617379732154844,0.30633353687397563,0.24657938581648103,0.3079556749987171,0.21460579284723652,0.3156493933631005
2123,0.26616924497126415,0.30633428830654147,0.24656928027779842,0.3079515919328859,0.2145929990366461,0.315637331177602
2124,0.266162159149393,0.30632633572529994,0.24655710075952159,0.3079408975134409,0.21458122511212202,0.3156406222392487
2125,0.26616082859167256,0.3063264715457301,0.24655319517242555,0.3079357267098354,0.21456694229260412,0.31563877830611065
2126,0.26615311423916604,0.3063148256690631,0.24653989201272572,0.30793774807227653,0.21455883045264418,0.31561437362953043
2127,0.26614526565831187,0.3063119733929949,0.24653876553146473,0.3079447238489325,0.21452604926992747,0.31564405419944913
2128,0.2661407437828996,0.3063127348366201,0.24652720076996934,0.30793500232111987,0.2144969403440696,0.3156376748196571
2129,0.2661395650890748,0.30630822278026726,0.24651562159782403,0.30794675445552455,0.21448252572326984,0.31562031760421616
2130,0.2661310025534206,0.30630700518919485,0.24651066848334074,0.3079488190356951,0.21447585510618566,0.31563649928898685
2131,0.26613072006379296,0.30630759405544816,0.2465061208118662,0.30795272248409944,0.21444340275778387,0.3156356509493002
2132,0.2661251886691445,0.3063036373707776,0.2464985571633343,0.3079593354605801,0.21440065973836758,0.31567595097972806
2133,0.26611604438472153,0.3063001680513829,0.24648522121337949,0.3079450029237799,0.2143923459462235,0.3156510736705024
2134,0.2661013019685187,0.3062842200337775,0.24648275375106737,0.30794333377738964,0.21436741195330392,0.31564711953862784
2135,0.2660885977787884,0.30626231634041245,0.2464772001255599,0.3079359485730388,0.2143545401172959,0.3156555259240582
2136,0.26608320322745166,0.3062615091668694,0.2464690355381004,0.3079400675167067,0.21431233911394273,0.31566888903828216
2137,0.2660808624338981,0.30626021805230585,0.2464624179923773,0.3079353565761311,0.2142781705496321,0.3156984959058282
2138,0.2660660847974966,0.3062615753979793,0.24645554652411794,0.307944511726644,0.21427459590282213,0.3156966692854021
2139,0.26605992469317935,0.30626352158194453,0.24643951610913978,0.307971052932338,0.21424971010526098,0.31568559202286145
2140,0.2660567850965519,0.3062544107550942,0.24643084285304598,0.30797768695551025,0.2142360710614756,0.3156878130469707
2141,0.26605493118460216,0.3062461114298034,0.24641599223452834,0.3079786293758978,0.2142238241019526,0.3157090154283168
2142,0.2660454838243491,0.30625768917277457,0.246403020845643,0.3079843626807647,0.21420181691399703,0.3157019750375107
2143,0.2660401841961949,0.30626043873372455,0.24639828729715146,0.30799008479974643,0.21418532034299712,0.31573859552317274
2144,0.266038935209531,0.3062576151983017,0.2463963216231948,0.30799876662367465,0.21417034164459225,0.3157655075579948
2145,0.2660293003111064,0.30625879465434774,0.2463867601693874,0.30798871660943744,0.21415500861555317,0.3157502581992307
2146,0.266021836844589,0.30625956196940757,0.24638077310834128,0.3079929450752459,0.21414542847510062,0.3157464339625354
2147,0.2660151256937872,0.3062601517736155,0.24636859479698223,0.30796371612064133,0.21413745395647746,0.31573853544759484
2148,0.26601456504051935,0.3062605760719293,0.2463566201843233,0.30802236956135876,0.2141262439410206,0.31574435828658437
2149,0.26600694169829253,0.3062560697136168,0.24634341252283504,0.3080220123895943,0.21409589503052368,0.3157336159202488
2150,0.2659983564293654,0.3062636206464615,0.24633696641628533,0.30801679289250505,0.21405831193535188,0.31576230588025794
2151,0.26598354763113236,0.3062656365326837,0.24632507134726647,0.3080180195105886,0.21403809710579325,0.31576420719621606
2152,0.26597627449460876,0.3062792278018869,0.24631525432581847,0.3080324036910889,0.21403102201254315,0.3157636065839422
2153,0.26597510558852644,0.3062764325354201,0.2463000195525043,0.3080221928077869,0.21402074354711445,0.31574774580470816
2154,0.265974487180497,0.3062774688690108,0.24628680496595706,0.30803516741856274,0.2139991974123354,0.31574329044644994
2155,0.2659740826785363,0.3062784289315301,0.24627473982280304,0.3080349285356162,0.2139688269615196,0.315732161070404
2156,0.2659735261082319,0.30627884799105054,0.24626395423833547,0.3080420945978537,0.21396223867183747,0.31573221409542646
2157,0.26597291483508534,0.30627987344448343,0.2462606355883765,0.3080463587406416,0.21392047372966694,0.3157685689993198
2158,0.26596265840045197,0.30627152131631336,0.24623537964012426,0.30805556037469023,0.21390845341719453,0.31573081280575915
2159,0.2659618308826705,0.30627055944497633,0.24622650393775689,0.3080584811094876,0.21389713251686635,0.31575180430189487
2160,0.26595604095363423,0.3062660520978146,0.2462159227805367,0.30806061416329444,0.21387628987907287,0.3158028924107378
2161,0.2659459670003595,0.30626287879895825,0.2462101781891594,0.308061621092006,0.213845628291174,0.3158029647833231
2162,0.2659456907401257,0.3062634375673295,0.24620014768797324,0.30803879062763456,0.21382873870678498,0.3158267034973426
2163,0.26593768314101224,0.3062550912270945,0.24618918507730359,0.30803961151496706,0.2138041128646344,0.3158571665583165
2164,0.2659323752093731,0.30625329260100326,0.24617118490857143,0.3080453772180875,0.21379432898551992,0.3158656606063949
2165,0.26593122718685247,0.3062505374287607,0.24615821298990456,0.30807473253087225,0.21376146047870556,0.31587425282118087
2166,0.26592320273295844,0.30627043800696496,0.246145686051,0.30808399745980003,0.21374437141842928,0.31587564065365137
2167,0.26591461332552274,0.30627433166103013,0.24614108895628736,0.30808502840177177,0.21373399330032464,0.3158884761445593
2168,0.26590427714720805,0.30630149929782857,0.24612875398441594,0.3080825471893817,0.2137171458195862,0.3158884445317987
2169,0.2659031362829102,0.3062987030956976,0.246117283772906,0.30809817664817574,0.2136842195192787,0.3159014032974798
2170,0.26590073627668537,0.3062955785341116,0.24610509954507148,0.30808586920352465,0.213663253014947,0.3158744102226046
2171,0.2658899033792635,0.306291623859707,0.2460903914158718,0.3080982443802266,0.21364884673270915,0.31592732221461345
2172,0.26588767412658604,0.3062827519712271,0.2460813580591825,0.3080869352045601,0.21364643019798787,0.31593315479713324
2173,0.2658870747814948,0.3062837746323151,0.2460725543952552,0.3080903260009258,0.21364037339998607,0.31592023993967877
2174,0.2658769363710697,0.3062858400842965,0.24605588200435233,0.3080893023250377,0.21361707827254828,0.31592062023883744
2175,0.26587056624256583,0.30629039645304557,0.2460529196973042,0.30809578995104886,0.21361141010960516,0.31592547259202197
2176,0.2658599090432325,0.3062853120600694,0.2460459352286644,0.3080923533088217,0.2135925621505663,0.31594191749093004
2177,0.2658520599032556,0.30630219350441684,0.24603009801007292,0.3080826121363779,0.21358772107427604,0.3159556116180835
2178,0.26583821705063426,0.30630451170215084,0.24602560518818029,0.3080836200596292,0.21357247373796343,0.31596937286420906
2179,0.26583173747948236,0.30630579361336174,0.2460170390395158,0.30807495089576586,0.21356536609212387,0.31597717189322816
2180,0.26582986810033127,0.30629760921865506,0.24600876936944818,0.30805637062106245,0.21356143727827853,0.31597920445357075
2181,0.2658189937756169,0.3062935607176509,0.24600322850465284,0.3080580023885565,0.2135346919904228,0.31601906703639043
2182,0.2658097801433613,0.3062852652129905,0.24600213739058935,0.30805877065552045,0.21352420845992495,0.31603428595914196
2183,0.2658028331259072,0.3062834977175455,0.24599992919684896,0.30805844286121153,0.21351051447161792,0.31598563004959157
2184,0.26579232634459193,0.30628134318518746,0.24599417652369193,0.30806783002105287,0.21350597824304274,0.31598912413228314
2185,0.2657840788021996,0.3062803668213216,0.24599099120094506,0.3080584951316602,0.2134824866557388,0.31599951193536163
2186,0.26577764427583633,0.30628810680577023,0.24597844361980473,0.3080469297218322,0.2134812265910051,0.3160010158086195
2187,0.2657676780384812,0.3062869661639159,0.24596795539351604,0.30804792293613925,0.21346900380232894,0.31601340090458263
2188,0.26575348929466325,0.30627271768554604,0.2459583764387283,0.30805019732215166,0.21345028404768232,0.3160239086265531
2189,0.2657529748490461,0.30627306699354534,0.24594671463051976,0.30804593797673263,0.21343984439584898,0.31597543055255123
2190,0.2657527996026657,0.3062727526815762,0.24594167445943485,0.3080545863453046,0.2134049876316721,0.31605873216668096
2191,0.26574422522708957,0.30627835546571,0.2459311847252023,0.3080632343096349,0.2133882789062722,0.31605525865254447
2192,0.2657367090150737,0.30627390676427113,0.2459278424333384,0.30807237740074245,0.21337184799270223,0.31602774462182265
2193,0.2657288807915318,0.30628262284917723,0.24591525979911658,0.3080682637314663,0.2133565621327466,0.31600414428411955
2194,0.2657241313941348,0.3062833030786571,0.2459086131227788,0.30806236569466483,0.2133484214127818,0.31596868610681594
2195,0.26571330048223074,0.3062821219967811,0.24590165754340215,0.3080574312165714,0.21334491316205617,0.3159341101321506
2196,0.26570634416928457,0.30627668815015097,0.24589043103758149,0.3080485059011601,0.21333255953651986,0.31593787483903923
2197,0.26569901773115134,0.30627706744154454,0.24587434499384087,0.30803895043782664,0.21330803275069352,0.31589833070134593
2198,0.2656918599251464,0.3062906495504921,0.24586115035953657,0.3080531617000712,0.21328928410825013,0.31594181196814447
2199,0.2656863907866087,0.3062861356699058,0.2458445938626683,0.3080688156878745,0.21324847439182132,0.3159584733838196
2200,0.2656793017116861,0.3062797619512199,0.24583586240913255,0.3080742556140003,0.21323052650927954,0.3159642598503393
2201,0.26567440511346424,0.3062863951767173,0.24582479794531942,0.30807523151859456,0.21321490932801404,0.31597762720307215
2202,0.2656672542365599,0.30629262553610914,0.24581598806797697,0.3080577900349951,0.2132111885847687,0.3159662597184056
2203,0.26566624613956774,0.30628881931789304,0.24579944322740202,0.30806275167516456,0.2131968696443257,0.3159540489726402
2204,0.2656613392005779,0.3062924173037087,0.2457872592913943,0.30808494718996365,0.21316766273027665,0.3159745625935374
2205,0.2656610487131034,0.30629306403596596,0.2457787821930714,0.3080837090800967,0.21314748019639135,0.31598516911246566
2206,0.26566041964771414,0.3062935687063954,0.24577585406359884,0.30808263913072886,0.21313568129163454,0.3159667092908988
2207,0.26565857576117363,0.3062855025168121,0.24576352618529004,0.30805891991316137,0.21310922014404712,0.31596773623744334
2208,0.2656539623231324,0.3062821365042808,0.24575840747749686,0.3080809805081725,0.21308449536188478,0.3159775491035148
2209,0.2656493817219898,0.30627877773171014,0.2457473998214115,0.3080907304380367,0.2130746204768702,0.31598388448350284
2210,0.26563587117738746,0.3062793793099097,0.24574366988316138,0.30808970263082314,0.2130715639586345,0.31597186069015687
2211,0.2656269817254849,0.3062779254128789,0.24573609522540227,0.3080953746310219,0.2130497731982726,0.3159785661515336
2212,0.2656208244973125,0.30628001150998524,0.24572263690909973,0.3081173167147855,0.21302772231566636,0.3159701891965933
2213,0.2656101397335575,0.3062806991591453,0.24571376670720063,0.3080847170609195,0.21298738786735094,0.31596332384538967
2214,0.2656041344472843,0.30628218256796985,0.24570849122104768,0.3081056461615261,0.21297746375931836,0.31595358422542436
2215,0.26559315253430216,0.30628317439465497,0.24570296969256342,0.30809755424252505,0.2129616713469767,0.3159545654719819
2216,0.2655827360481825,0.30627831842477726,0.2456945947860244,0.3081210687046611,0.21294795330989555,0.3159377122915809
2217,0.265578477274789,0.30627964169248056,0.24568735231941238,0.3081188949475114,0.21294169004955746,0.31593607322485284
2218,0.26557285812047465,0.3062819671242384,0.2456725568581016,0.30812286745940926,0.21293273524262288,0.31592136416723626
2219,0.2655601979594311,0.30628581982112396,0.2456634050433226,0.30811534548797054,0.212915423694765,0.3159493078484628
2220,0.26554968256444594,0.3062948748449649,0.24565651443656938,0.30811394118835683,0.21290043977893205,0.31596077216695473
2221,0.26554909409506106,0.3062958771860188,0.24564439113571426,0.30811587035491433,0.2128905984649508,0.31599832738683137
2222,0.26554850815122594,0.3062968742646683,0.24564137263654123,0.3081246032957973,0.21286547652172955,0.31602068056913757
2223,0.2655408542522739,0.3063055123582266,0.24563072621160714,0.30812172971973656,0.21284856167815885,0.3160127927689268
2224,0.26553907983425723,0.30630673800787256,0.24562314413322128,0.3081153261281356,0.2128333086575442,0.3160179136618415
2225,0.2655248529602371,0.30630855478017627,0.24560865866094247,0.3081167029582071,0.21281559096733058,0.31599198153526736
2226,0.26551860169950064,0.3063091383093023,0.24559591454626317,0.3081282905636054,0.2128069270301751,0.3159815207768326
2227,0.2655172390257669,0.3063095665948274,0.24558464466493943,0.3081380594957261,0.21278376202416152,0.31597640401346266
2228,0.26551366525048703,0.3063081051111087,0.24557779836821295,0.3081221861180962,0.21277631430137323,0.315948871876777
2229,0.2655095351282174,0.30630039804763265,0.24557310010812383,0.3081077567545514,0.2127631176311973,0.3159630440192602
2230,0.26549928181854665,0.3062953977013183,0.24557094845529984,0.3081074636183265,0.21274698907929732,0.31600327428609754
2231,0.2654907639441618,0.30629193477370364,0.24556232851530607,0.3081051630075025,0.21273638153897284,0.3160217453127705
2232,0.26548358153593826,0.3062888751244039,0.24555679298253955,0.30809660743718,0.21272767498081263,0.31600380940055606
2233,0.26547507373943635,0.30629611954280533,0.24554853334359372,0.30809439042886355,0.21271035164519975,0.31598382732161007
2234,0.2654684871026307,0.3062842423295013,0.24553403105962837,0.30809419834127466,0.21270216902486633,0.31598886423858935
2235,0.26545964128306976,0.30628230168010967,0.24552201508836669,0.3081033175941289,0.21267180380843165,0.3160017435177606
2236,0.26545093605955145,0.30629153570184936,0.24551504926353804,0.3081102038174188,0.2126661473600315,0.31601893259594166
2237,0.26544605789544023,0.3062921110618453,0.2455051487526005,0.30811363242836753,0.2126642302439494,0.3160035930862036
2238,0.2654412292908975,0.3062957235043309,0.2455022676828598,0.3081103152637122,0.21265547918191227,0.31600173203190535
2239,0.2654350912606987,0.3062959124904092,0.24549662560857946,0.3081166872202558,0.2126259513693104,0.31599783058910946
2240,0.2654238709532787,0.30629611789429995,0.24548647203045676,0.3081119935158083,0.2126020520825833,0.31598646955620185
2241,0.2654155709212655,0.3063033191753376,0.2454809502149242,0.30811470446054523,0.2125849118340031,0.3159755065640099
2242,0.26541381441810163,0.3062987394159113,0.24547285932798613,0.30811980648431087,0.2125683667373618,0.31599445467672316
2243,0.2654041786867257,0.3063026418159615,0.24546848230015456,0.3081211634569823,0.2125528936764962,0.3159704387635616
2244,0.2653953909025499,0.3063169148319193,0.2454601021407636,0.3081260653125377,0.21253640811069532,0.3159513097052315
2245,0.26538951292009405,0.306318967902574,0.24544643957050716,0.30813006874152227,0.21252614348375423,0.3159586056565376
2246,0.2653889774002191,0.30631936878999905,0.24543899447825965,0.3081323236043607,0.21251491939558523,0.3159776588367997
2247,0.2653816386015332,0.30631505016363114,0.24543577640582304,0.3081310446590489,0.2125025442894341,0.3159998725783571
2248,0.26537994659135294,0.30630957118262625,0.24541673146489243,0.308148785678406,0.21248526105285104,0.31597337325655717
2249,0.26537566681019226,0.30630231133321534,0.24541024243080548,0.308132765490084,0.21246961438042858,0.3160431663715987
2250,0.26537125964134706,0.3063028716688921,0.24540076304868788,0.3081555176421308,0.21245523657246942,0.31603933633580106
2251,0.2653670489314903,0.30630295084696996,0.2453915183896908,0.30814113153881334,0.21244659195444734,0.31602929040079986
2252,0.2653647258167466,0.30630506540970204,0.2453676068768563,0.30812992096875186,0.2124339825135054,0.31604805524705604
2253,0.26535878322433293,0.30630364398900245,0.24536423188782694,0.3081308007773376,0.2124314962237932,0.31604930889031085
2254,0.26534899146458285,0.3062987621212235,0.245357616444537,0.30813772210197177,0.21241602884536606,0.31605344522993906
2255,0.2653443050310252,0.30629971541735235,0.24534754654640167,0.3081367792457207,0.21240748052147065,0.3160469188420271
2256,0.26533822236440363,0.3063023591425006,0.245335423904367,0.30816082533117,0.21238911412457387,0.31607052287911397
2257,0.2653281627610129,0.30629733898486344,0.24532379860383358,0.30816792492775175,0.2123749960529136,0.3161048980357736
2258,0.2653198444046191,0.3062946990143668,0.24531177117323844,0.308157173689744,0.2123618878018009,0.3161000026733661
2259,0.2653107588382048,0.3062987766095279,0.24530182197209116,0.30814813553134496,0.2123502888421942,0.3161080456289624
2260,0.265305055165921,0.3063011198853526,0.2452881973050976,0.30815211286530103,0.21233744332351806,0.31608032003291947
2261,0.26529985756428476,0.3062979832154051,0.24527515598280183,0.30814410309931617,0.2123275254358921,0.31609401418862826
2262,0.2652883839815949,0.30630308818164803,0.24526842137288954,0.3081424815986653,0.21230120436690858,0.316073191781533
2263,0.26528285388554057,0.30630276080992547,0.24526561666782812,0.30813357002238334,0.2122820474294099,0.3160783613665827
2264,0.26527152751639105,0.30630784059151284,0.24525954791447255,0.30813612521435496,0.21224715166799962,0.3161205278348748
2265,0.2652709981133224,0.3063082500851908,0.24525325524145516,0.30814292117059316,0.21224118153198585,0.316139286183098
2266,0.2652642641769198,0.3063021943185716,0.24524159982435453,0.3081521617528619,0.21223165690926976,0.3161790189561215
2267,0.2652611363790924,0.30630497174527854,0.24523255228232888,0.30813947741969944,0.2122084724675959,0.31618748213569775
2268,0.26525014769779764,0.3062979514785783,0.24522323194552886,0.3081329498962527,0.21218678021807633,0.3161817936119343
2269,0.2652433967572282,0.30629859479708416,0.24521589455637288,0.3081369233723031,0.21217417543918582,0.3161815879998797
2270,0.26523571939309304,0.3063156143749983,0.24520595041015547,0.3081380145589078,0.21216783031412326,0.31619073763629246
2271,0.2652265065898999,0.3063137851046419,0.24519557759071908,0.3081609443587755,0.21215182058904056,0.31619046081134117
2272,0.26522189591040446,0.30630877002674683,0.24519346916657364,0.3081584416768558,0.21213350148007076,0.3162112323231407
2273,0.2652143545955219,0.30631515611720556,0.24519056596258434,0.30816192506205553,0.21211092804141132,0.3162088843055836
2274,0.26521325834982606,0.3063125754761934,0.24518400104357793,0.3081620510613887,0.21209299781373664,0.3162516439288778
2275,0.26520612450790343,0.30632018010020134,0.2451744124754524,0.3081732649238916,0.21208215614312137,0.3162242878493471
2276,0.26519825695107324,0.30632033464740804,0.24515543292349692,0.30817340063520526,0.21207018455143503,0.31625044673238906
2277,0.2651914889305694,0.3063143903721746,0.24514870440628947,0.30816696172861346,0.21205603622335933,0.3162709000422852
2278,0.26518601782164275,0.30631795456635064,0.2451381189155596,0.308188009196384,0.21204795110280425,0.31626220339260397
2279,0.2651819921243272,0.30631060463364773,0.2451335655978454,0.3081892203103809,0.21204530671043217,0.3162670071637134
2280,0.2651814719020495,0.30631014889332964,0.24511095246183848,0.3081912922732487,0.21204028418223178,0.31626324279665874
2281,0.2651691364081996,0.30631387948928657,0.24510482952597973,0.3081939926717858,0.21202031540188276,0.3162699889876467
2282,0.265162229336502,0.30631983005522345,0.24509092045291508,0.3082333726927533,0.21200217487370115,0.3162882391774466
2283,0.26516182124377374,0.306319859571562,0.24507735535173247,0.3082397269123749,0.21197868173253773,0.3162811883059641
2284,0.26515460140199026,0.3063184147406309,0.2450716963043039,0.3082529859419238,0.21197351736271927,0.3162784371178046
2285,0.26514556887460566,0.30632156572164637,0.24506759396538566,0.30826358942255855,0.21195795729557607,0.3162750750600555
2286,0.2651376029526837,0.3063160757027168,0.24505610404160003,0.3082791826513726,0.2119557139643013,0.3162700898638815
2287,0.26513162350350644,0.30631564309433346,0.24503957516745364,0.3082748054673606,0.21194615350621893,0.3162882300799213
2288,0.2651274649628731,0.30631587722363135,0.24502768352558857,0.30827667177018325,0.21193979837227664,0.31630083047101154
2289,0.2651190845086251,0.30631354297673924,0.24501642312208285,0.30828184356023175,0.2119362957715498,0.31629000286613784
2290,0.2651123143552192,0.3063173635715641,0.24501302509046127,0.30828406625065624,0.21192189083870402,0.31628252582497063
2291,0.26511123548520915,0.3063148199516711,0.24500673234428635,0.3082830129280651,0.2119150686002231,0.31627790607191847
2292,0.2650991503238177,0.30631005567097275,0.24499970456289127,0.30829608465576863,0.21188858918415412,0.31626366074521445
2293,0.26509867339584614,0.30631037184803095,0.24498879240049518,0.30832400899489393,0.21186845805730173,0.31629172189890126
2294,0.26509570727030213,0.30631388645719343,0.2449844383913433,0.308326432773409,0.21185513223620334,0.316291577531463
2295,0.2650876339191453,0.30631024809895085,0.24497433032864518,0.30830898512269506,0.21184228307244532,0.3162742436853442
2296,0.2650829553109842,0.3063144824446158,0.2449538802932767,0.3083022706337142,0.21180614593735575,0.31631159532155123
2297,0.2650770935750202,0.30631308765527027,0.24494865082124498,0.3082957124133914,0.21179042959187575,0.3163214946195606
2298,0.26507294315430086,0.30631526221635724,0.24494170274578064,0.30829458402829185,0.21177261831890706,0.3163225139792644
2299,0.2650676908070847,0.30631746679492483,0.24492609979674565,0.30829901188028846,0.21175849546710568,0.31634601513824434
2300,0.2650602209254826,0.30633479026789073,0.24491262586280538,0.3083115738746677,0.21174606713772556,0.31636360888329285
2301,0.26505154049888274,0.3063347474575491,0.24490593585761825,0.30830512249734443,0.21173146185834546,0.316354004852916
2302,0.26504645591059334,0.30633189307048375,0.2448977272747701,0.30829696037795795,0.21171373511618682,0.31638019147202273
2303,0.26503242371870017,0.306332130126009,0.24488196909796323,0.3083161895894971,0.21168741881944256,0.3163767207258702
2304,0.26502811213755634,0.3063275892170741,0.2448740895822843,0.30832845555861854,0.21167347044940762,0.31639342058733866
2305,0.26502394403844465,0.3063296442247353,0.24486169602231928,0.3083420648126249,0.21165664649137494,0.31639367880147284
2306,0.2650191362137459,0.3063183361806964,0.24486090809986194,0.3083411170707205,0.2116462359184384,0.3164028251103404
2307,0.265018071156753,0.30631628364625674,0.24485272331693986,0.30833924296965803,0.2116373467967981,0.3163997208544736
2308,0.26501034652950944,0.3063131613464294,0.2448407463211853,0.30834534151934306,0.2116182089287315,0.316404085196393
2309,0.26500162218108064,0.3063066217022354,0.2448353303510997,0.30836207571506674,0.21160220306795294,0.31639898624598817
2310,0.26499684292677256,0.306311249192366,0.24482801091783662,0.3083713453837523,0.21158881657109235,0.3163935888627014
2311,0.26498991367879615,0.3063161498939795,0.24482074512744414,0.3083779515033969,0.2115677446965093,0.3163705177502249
2312,0.26498461272716084,0.306327543169392,0.24480825816580848,0.3083875104394216,0.21155234732643743,0.31634691322721886
2313,0.26498219739141765,0.30632236914494554,0.24480514037851064,0.3083857432415896,0.2115382923101001,0.31635700438062186
2314,0.264971063466231,0.30632058864498646,0.24479141632275864,0.30836698051805783,0.2115229623977313,0.3163556606574447
2315,0.2649670980942982,0.3063213113860968,0.24478552870669967,0.30836557575980483,0.21150502335925456,0.3163720316030107
2316,0.264959065677591,0.30632294221436285,0.24477496831160236,0.30835610936023516,0.21150405154554316,0.31635806882450773
2317,0.26495869289425805,0.30632379225044465,0.24476764068290427,0.30837248217045227,0.21149083344496702,0.3164112884874178
2318,0.2649539982598377,0.30632935071937684,0.2447619246365203,0.30838239073817447,0.21148383332619522,0.31642315166413093
2319,0.26494550565803104,0.30633103377069953,0.24475143588252068,0.3084010162810335,0.21145756541949026,0.3164345514383622
2320,0.26493460408569414,0.306331482435631,0.2447392018142176,0.30841104102961037,0.2114509224034399,0.31642267158357323
2321,0.2649208389226969,0.30633189717299614,0.2447322936189624,0.3084107039374707,0.21143043374624265,0.3164307974847716
2322,0.264905192297189,0.3063341465558303,0.24471320129869525,0.3084216878590253,0.21142746952379615,0.3164216335093731
2323,0.2648970225813569,0.3063397430540259,0.24470906637141046,0.3084391160680566,0.21140865590905622,0.316432240944271
2324,0.26488345334442176,0.30634013706563196,0.24469971816616348,0.3084315868192903,0.2114015390969386,0.3163882163570358
2325,0.264876999619438,0.3063448023084876,0.2446931234753261,0.3084529948844559,0.21139100926033597,0.31642032961806577
2326,0.2648630439690307,0.3063491759980955,0.24467626682341384,0.308449095702709,0.2113867062177722,0.31642475485528593
2327,0.2648578066004176,0.3063512202441476,0.24466766321651973,0.308448899920303,0.21137956230796734,0.31642071222681056
2328,0.2648505301410945,0.3063491984508375,0.24466665694554487,0.3084497491093346,0.21136397967987244,0.31639950948845075
2329,0.26484276477769947,0.306344480868452,0.24464597499935284,0.3084462897261213,0.2113517468223336,0.3164062987047461
2330,0.2648424527382521,0.3063456003100314,0.24463664998781687,0.30843680685173025,0.21134898922987563,0.3164135844981482
2331,0.2648339169375947,0.30634179442351556,0.24462597615442955,0.30844928591617327,0.2113143753705758,0.31642878906661054
2332,0.26482928783845905,0.30634657844388447,0.24462076566792906,0.3084508223146003,0.2113021390967073,0.3164341954309767
2333,0.26482555112921496,0.3063510640001652,0.244607209076943,0.308456259361857,0.21129368387955844,0.3164226683931293
2334,0.26481223642357765,0.3063526905892304,0.2446014360837236,0.3084544797489578,0.21128702924452308,0.31641009412538845
2335,0.2648055357413614,0.3063585249648259,0.2445906446798632,0.30845821317758165,0.2112636181712894,0.3164264877772898
2336,0.26479926236730467,0.3063581504395338,0.24458098003697926,0.3085088478527787,0.21124882539132123,0.31641728471976877
2337,0.26479314203194954,0.30635324942847736,0.24457281479864493,0.3085012884333216,0.21123800767818662,0.31642278384137035
2338,0.26478734699714335,0.3063518358872385,0.24455796186310985,0.30849616588026857,0.21123034323022213,0.31636321066587253
2339,0.2647775932092289,0.30634363128520176,0.24454535665863994,0.30850209939129475,0.2112261813764629,0.3163507950867485
2340,0.2647726098148694,0.3063589931535236,0.244532883774988,0.30849245533013564,0.21119393913482717,0.31635578410160237
2341,0.2647658730484309,0.306365881414871,0.24452570151621655,0.3084743801060354,0.21116690507004726,0.3163258931280746
2342,0.26476406411361963,0.30636252898946403,0.24451753505061663,0.30848477835698407,0.21115381728003835,0.3163191814675117
2343,0.2647572183222639,0.3063552136023379,0.24450039213933938,0.30850900248906454,0.2111387411816658,0.3163208929329536
2344,0.2647494227417896,0.3063548975597041,0.24449788016222954,0.30851073690126973,0.2111374371421949,0.316328214692295
2345,0.26474738350230326,0.3063541724888508,0.24449638627941098,0.30850961975733543,0.21112244730149882,0.31636904212641026
2346,0.26474041842740037,0.30635123491453625,0.2444803183049787,0.30851443961303615,0.211112619482736,0.3164100204839155
2347,0.2647379103735568,0.30635082504299865,0.24447592238193683,0.3085255613030089,0.2111051123879907,0.3164149915391148
2348,0.2647276439105063,0.3063491652079265,0.244469954964679,0.30853855532417457,0.2111009083035873,0.31640837289040435
2349,0.26472270997431835,0.3063454294887069,0.24446960783017663,0.30853539555106985,0.21108649204194194,0.3164030464806891
2350,0.26471314519981104,0.30634158879896856,0.24446158882316354,0.30854540191874247,0.2110687087828735,0.31640605924889986
2351,0.2647060642361726,0.3063315088119053,0.24444772713136217,0.3085457464167782,0.21105639003558624,0.31641814393559486
2352,0.26470012261506787,0.3063361742172129,0.24443851903482577,0.3085633149151073,0.21103409172113155,0.3163741123790923
2353,0.2646946581214901,0.30632355137937806,0.24442546403285503,0.3085589486656604,0.2110216382752149,0.31637474384162434
2354,0.26468351547730246,0.30632500032149684,0.24441735851443586,0.3085455778390683,0.2110065945232257,0.3163692197272281
2355,0.2646751878267871,0.30633898267653864,0.24441578648046236,0.3085450407318001,0.21099610001048325,0.3163549521565374
2356,0.26466943749182564,0.30633757971444536,0.24440638504773024,0.3085611774014617,0.2109788050465475,0.3163601476683054
2357,0.2646620586330151,0.30633155517276645,0.24439186563564097,0.30858551604831713,0.21096069711736903,0.31636324284286216
2358,0.26465615275797705,0.3063362345325781,0.24438705540273792,0.30858855506638033,0.21094675225326281,0.3163328879401831
2359,0.2646486627154568,0.3063426832459655,0.2443747929636657,0.30857022633828046,0.21093016326351038,0.3163215020998887
2360,0.26464259599058315,0.3063429833909763,0.24436465825787304,0.3085772909734075,0.2109000913534406,0.3163191631964553
2361,0.26463849202872197,0.3063446662379041,0.24435809961482835,0.3085704702812665,0.21087461311379357,0.3163205952876524
2362,0.26462982088092973,0.30633823785232517,0.24433905431576722,0.3085634471295295,0.21084786414173481,0.3163260860406028
2363,0.26462257852512866,0.3063410166346373,0.24433103296920763,0.3085716234210224,0.2108442546074266,0.316334578085518
2364,0.2646223068252847,0.30634093769514337,0.24431711429958358,0.3085848195031439,0.21082587420287044,0.31634512916414864
2365,0.2646168074146234,0.3063429993153383,0.24431529621015913,0.3085893752573704,0.21081052290726585,0.3163398038748764
2366,0.2646111053455535,0.3063379292603474,0.24430806288714402,0.30862536686088865,0.21080173798628482,0.3163373846399552
2367,0.2646040920809976,0.30633767035362347,0.24430133475808705,0.30862334177565615,0.2107933405256534,0.3163306499303349
2368,0.26459961047569824,0.3063418413415633,0.24429085856598493,0.308621983360614,0.21078387354893768,0.3163263415787096
2369,0.26459471069993257,0.30634180947282563,0.2442898894854033,0.3086233750961694,0.21076559751960067,0.31630774882491736
2370,0.2645935063608938,0.306337162352357,0.2442754844070089,0.30861025611896664,0.21074032559413217,0.31632411790426895
2371,0.264582733787792,0.30634371820432715,0.2442595913215879,0.3086149542075196,0.21073579709554,0.3163473389434155
2372,0.2645730137564597,0.30633855610826705,0.2442510191941272,0.30861066477218957,0.21072277748703788,0.3163867412721186
2373,0.2645625284605509,0.30633265872082305,0.24424504292508176,0.30859887792788243,0.2106980988987859,0.3164077887303917
2374,0.26456186632503137,0.30633336313424614,0.24423253211407123,0.30860045311541573,0.21067781685969555,0.3163838288267679
2375,0.26455014357558765,0.30633979173419357,0.24422191951612873,0.30860380667568754,0.21066327290177544,0.3163935120088744
2376,0.26454126316595916,0.30634221021836466,0.24421972508578993,0.3086082374541028,0.21065268539271528,0.31641117335604046
2377,0.26453489190847607,0.30634462688119013,0.24420462864268747,0.3086205001960448,0.21064060882766344,0.3164241087690567
2378,0.2645248179291708,0.3063414918367576,0.24419055918518634,0.3086190774013155,0.21061802422213863,0.31641071206938953
2379,0.26452357681967514,0.3063395016512058,0.2441807245468381,0.3086334277246395,0.2105946553024132,0.3164004376985142
2380,0.26451727866105224,0.30633964421399923,0.24417191927594972,0.30863864003465347,0.2105720205937388,0.3164120657694531
2381,0.26451159388142453,0.3063383239447654,0.244158793591751,0.3086255386135947,0.21056810412735352,0.31640747608456893
2382,0.26450422091510156,0.30634994475736366,0.24414191384396158,0.3086337210791006,0.21054498105089917,0.3164099220843327
2383,0.2645036354329344,0.3063499628945754,0.24413216197850532,0.3086390621210916,0.21053394021050378,0.3164003939461471
2384,0.264492794309718,0.3063565084278127,0.24411633670009564,0.30863133125755104,0.21052658495408094,0.3164200159298229
2385,0.26448112822242925,0.30635900760604556,0.2441034056953434,0.30863388076652615,0.21049960054585778,0.3163764674578263
2386,0.2644712818316088,0.30637570712691176,0.24409530193544834,0.3086262720387249,0.21048595532677492,0.3164287191154153
2387,0.26446563927729966,0.30637226336425677,0.2440944624368813,0.30862254852387583,0.21048055403906585,0.31642397655041693
2388,0.26445428812894206,0.30637942425805703,0.24408781643164193,0.30862128215992296,0.21047626705081485,0.31641444512104105
2389,0.2644480864512108,0.3063805338854551,0.24407730681176718,0.308613526163659,0.2104651290113801,0.31640202456071864
2390,0.26443816537912174,0.3063830640697644,0.24406791227752922,0.30861442237818726,0.2104546047926674,0.3164234836116069
2391,0.26443200161240915,0.30639758969028325,0.24406127513465514,0.30861885294809877,0.21043775247825156,0.31642234599012803
2392,0.2644224012934034,0.3063922328264198,0.24405540904291886,0.30862954816335464,0.2104175673875923,0.31641906432319133
2393,0.2644206968439009,0.30638540383888196,0.2440487082791556,0.30862389881280616,0.2104121724261464,0.3163947565337389
2394,0.26441642158563144,0.30638905819620343,0.24403950456698723,0.3086269652467856,0.21039094691388105,0.3163847998364673
2395,0.26441102400186334,0.3063852414431296,0.24402027041962468,0.30862120673913696,0.2103814369863088,0.31638938978124764
2396,0.26440535076734467,0.3063864988434354,0.24400126442409198,0.30857683612548337,0.2103582618528869,0.31633591320767107
2397,0.26440084395459457,0.3063906424902389,0.24399538168772006,0.3085806479628506,0.21035146438273028,0.31632424759951866
2398,0.26439259647212465,0.3064073985296207,0.24399180878376334,0.3085741817840335,0.2103410032131163,0.3163193282113005
2399,0.2643801150915364,0.30641351451450743,0.24398631973559426,0.30856704088232884,0.21033640951060437,0.3163154690848809
2400,0.2643786178989498,0.3064109620344583,0.24397992119020173,0.3085927096702719,0.2103291320367202,0.3163120310111195
2401,0.26437041817599555,0.3064090351802245,0.24396931718790654,0.3085824340917828,0.21030251846653264,0.31633093744288776
2402,0.26436964766141924,0.306405690081763,0.2439613218015705,0.3085793529780282,0.21029614000340363,0.3163341005104816
2403,0.2643582952233338,0.30640846380636605,0.24395327383590545,0.30858212636808696,0.2102814548035118,0.31633594793333575
2404,0.2643565885431361,0.3064048376742323,0.24394815929965996,0.30857391131320905,0.21026533730101393,0.31633321474804554
2405,0.2643452714573888,0.306408075925704,0.24394085183199016,0.30858967355524847,0.21025046579344264,0.3163772614658134
2406,0.26433653663847523,0.3064094519887539,0.2439342903735745,0.3085890248999159,0.21024233713902776,0.31640020977681477
2407,0.2643284458999185,0.30640473041750216,0.24391513176149837,0.30859136687639216,0.21022993838371956,0.31638474298481917
2408,0.26431492207649315,0.3064095124865029,0.24390288435492277,0.30859053458041025,0.21018939922381413,0.3163976471710291
2409,0.26430243865781544,0.30641092853531554,0.24389268251694998,0.3086143689589581,0.21017219413682597,0.31640105537078506
2410,0.2642975972016885,0.3064261269027038,0.2438886367876194,0.3086136406530186,0.21015046844076832,0.31638139207801425
2411,0.2642950831712602,0.3064309702974721,0.2438762330089953,0.3086090121447684,0.2101452247143775,0.3163922714636689
2412,0.2642911759708918,0.30643172249462813,0.24386047115478818,0.30859352492399234,0.21012203579757854,0.3164556716270111
2413,0.2642800144806573,0.30643871409641343,0.24385030620055015,0.30859233252729446,0.21011520577620124,0.31646356720846675
2414,0.26427586106822637,0.3064426125421376,0.2438439127361223,0.3085859274149068,0.2100905038848275,0.31643569527544474
2415,0.2642648006276162,0.30644953108514383,0.24383809688313515,0.3085911865188372,0.21008703337166756,0.31644264113961296
2416,0.26425703053143085,0.3064495015725337,0.2438317235168325,0.30858491496276264,0.21007445599872301,0.31643396705958426
2417,0.2642553803708943,0.3064475885549467,0.24381975555218025,0.308580588334055,0.21006751525857148,0.3164251216171396
2418,0.26424939025252986,0.30645171169787633,0.24380722648887806,0.30858105021189075,0.21004408337252797,0.31643321666715585
2419,0.26423606510295045,0.30645640567425825,0.2437911146883439,0.308573496608562,0.21001686875406736,0.3164199391327847
2420,0.2642312613932287,0.3064714674665515,0.24378664738018982,0.308576534265699,0.21001185625347066,0.31643034019891997
2421,0.2642306041833789,0.3064720154585011,0.24377697511086,0.3085818347447336,0.21000185849310296,0.3164567602163885
2422,0.2642252232432854,0.3064717838885446,0.243765769087224,0.3085851794153986,0.20999413909096587,0.31645568874685037
2423,0.2642212097659049,0.3064736691306994,0.24375816192668565,0.3085751357936567,0.20998558445963816,0.3164595747891188
2424,0.2642142488194813,0.30647701383173614,0.24374169639912446,0.30856671708591243,0.20997112591092018,0.3164594697979649
2425,0.2642070567550475,0.3064711882687058,0.2437368047809284,0.30856362853715485,0.2099537157516714,0.3164542094899407
2426,0.26420141890699944,0.306459326234711,0.24373375473331957,0.3085625146484484,0.20993606787711433,0.31645114865297036
2427,0.26419322151084634,0.3064729076761414,0.24372100805934324,0.3085550145921583,0.20992394637583905,0.31645147284197916
2428,0.26419277162049537,0.30647573569000597,0.2437107408721171,0.30855199415702395,0.20990894427204163,0.31648014612275294
2429,0.26418634372259614,0.30647387324618053,0.24369591144861938,0.3085504117640419,0.20989360969202212,0.31643812533357357
2430,0.2641789332592536,0.306481327682492,0.24368473045372363,0.30856726566144027,0.20987996854867474,0.3164368225095693
2431,0.2641720704327014,0.30648959532207487,0.24366983148504207,0.30855721254516927,0.20985771454346558,0.31643705483959284
2432,0.26416846776549113,0.3064905402318253,0.24366698797827754,0.3085545340243246,0.20984363276972381,0.3164325505963779
2433,0.26416782123192756,0.3064873615599503,0.2436611971167035,0.30855878169301887,0.2098303716979172,0.3164692122245262
2434,0.2641609616909032,0.30648527634305983,0.24364971946206934,0.308569271519057,0.2098251535628856,0.31646019288610244
2435,0.26415424835067425,0.3064813534003779,0.24364339557870382,0.30858519594706557,0.20981506188211727,0.3164402362535658
2436,0.26414630082738766,0.3064878666121213,0.24363975466770502,0.30857502345693766,0.20980483233674713,0.316444678752328
2437,0.26413926641541435,0.30648703964306745,0.2436343466458429,0.30857761032770775,0.20980200871331295,0.31644434568337043
2438,0.2641337316182285,0.3064855202574427,0.24362199040732516,0.30857302588391444,0.2097924638783519,0.31645707105657433
2439,0.2641252921394624,0.3064876432025184,0.2436148328636949,0.30857721534373156,0.20978001886181233,0.31646489673516626
2440,0.2641197867601062,0.3064887761856428,0.24359681512290354,0.30857617415007493,0.2097764304190088,0.31645779282965075
2441,0.26411831135486197,0.30648637155019237,0.24358840222793873,0.3085816272945976,0.20975411699395624,0.3164757809150662
2442,0.2641142639808722,0.30648358027339534,0.24358271107016127,0.30857519838736636,0.20974394834259988,0.3164760128810876
2443,0.26410486704131325,0.3064895413366695,0.2435746729909863,0.3085863454412582,0.2097272777488316,0.3164888270456802
2444,0.2640925413954404,0.30649108826440774,0.24356241159269842,0.30858055408872054,0.2097126491218524,0.31649963051400093
2445,0.26408189885319716,0.306487998850593,0.2435561225077227,0.3085789469394194,0.2096891371995475,0.31649918610251887
2446,0.26408127193916986,0.3064875897231556,0.24355089026856555,0.3085764837901655,0.2096637509896451,0.31650601414621304
2447,0.2640765574675114,0.30649212998172504,0.24353978791979472,0.3085781696118093,0.20965298267074972,0.31651256373921777
2448,0.2640748957333521,0.3064879857179158,0.24353340658776756,0.3085697752995914,0.20963660860293665,0.3165127740808753
2449,0.2640746698080764,0.30648832967157086,0.2435162266294432,0.30859382770516214,0.20963076105438808,0.31650358277574925
2450,0.26406960635993965,0.3064946634479815,0.2434902147868572,0.3085843349639629,0.20962693931266144,0.3165197894459575
2451,0.2640596661925279,0.30652031294789805,0.24347829015714156,0.30860090635027704,0.20961019304744616,0.31653611728945086
2452,0.2640550324808357,0.30651995367558704,0.2434678693313802,0.30859232287386745,0.2095956089267062,0.31654797971842125
2453,0.2640482539667872,0.3065180127999461,0.24346085902891204,0.3085907295692957,0.20958514050935076,0.3165181284254872
2454,0.2640476385247299,0.3065189533478394,0.24345569938156522,0.308591089388655,0.2095762241174864,0.3165225471977799
2455,0.26404183662785385,0.30651740906710334,0.24343912329895562,0.3086017103149745,0.20956642432456166,0.31653784347397923
2456,0.26403459410569446,0.3065164006446878,0.24343020461741258,0.3085946967931295,0.2095529045015709,0.3165421603088565
2457,0.2640329520135236,0.3065136615956783,0.24341585989981585,0.30862241966545595,0.20953954944109326,0.3165443880733367
2458,0.2640266647822646,0.3065157769210716,0.24340970218741695,0.30861522748779197,0.20951866395061966,0.31652516454202034
2459,0.264016293407533,0.3065167199782381,0.24339506023955393,0.3086379584330435,0.2095028924207872,0.31656162359159157
2460,0.2640095728407774,0.3065188731632112,0.24339395894255236,0.30864301232294306,0.20949976247064328,0.3165641609434829
2461,0.2640090203977109,0.30651990645280236,0.24338575947924634,0.308639336101034,0.20947904032582546,0.3165481010277433
2462,0.26399878116520076,0.3065140847973628,0.2433755262071431,0.30862903112710255,0.20945439924656076,0.31654907813323874
2463,0.26399336551660707,0.30651552995171283,0.24337298030308926,0.3086325994028766,0.20944755290222147,0.31653984609434477
2464,0.2639882483754905,0.3065206163582239,0.24335344816986593,0.30861723763623944,0.20943630672190044,0.3165189467474083
2465,0.2639836848344781,0.3065181768946977,0.2433413814703849,0.3086234525284253,0.20939264257442058,0.31650179656008687
2466,0.2639772658523888,0.30651866040959874,0.2433242928893623,0.30860403463009356,0.20937468221804262,0.31652424548406355
2467,0.26397553109219507,0.3065154116752224,0.24331922026901387,0.30859943549825714,0.20935487200798644,0.31652376744310384
2468,0.26396282836827434,0.3064974947723044,0.24331152659466368,0.30859730381323525,0.2093483399833046,0.3165320856727232
2469,0.2639575069403974,0.3064926060455064,0.24329977730488536,0.3085981239590523,0.20933354024951656,0.31655633122220933
2470,0.26394786952069943,0.30648975881538243,0.24329270197847647,0.3086114263429518,0.20932521388278572,0.3165797062941221
2471,0.2639475014705126,0.3064910248288717,0.2432845936178236,0.30862305279467317,0.20931504505401838,0.31659526661576687
2472,0.2639392089514377,0.3064923887835229,0.24327725564503958,0.3086241847197459,0.20930232974066681,0.31660560236079044
2473,0.26393391268931177,0.3064904081348497,0.24327076975798118,0.308624722629393,0.2093009754872374,0.3166105116266577
2474,0.2639310738928079,0.3064841106342404,0.24326663821235092,0.3086294057228726,0.2092847527281467,0.3166050395578143
2475,0.26392624661455133,0.3064761996002469,0.24326447441061083,0.308632524625291,0.2092667338878087,0.31656482621363957
2476,0.2639169521945676,0.30647222603542834,0.24325799490352062,0.3086447023143559,0.20925655446457897,0.31658092821804695
2477,0.2639054753822351,0.30645323694470955,0.24325194703850803,0.30865439924842364,0.20925182107572252,0.3165735004686432
2478,0.2638933426217008,0.30645449284971454,0.2432428803961111,0.30865691361901326,0.20923971797264557,0.3165717956030966
2479,0.26388609222186,0.3064573588742523,0.24323533040994935,0.30865572798855434,0.2092215697341332,0.3165839714773033
2480,0.2638770314762937,0.30644708124567954,0.2432330114557131,0.3086569126339273,0.20919446045492052,0.316578016319827
2481,0.26387666484581773,0.3064483313900098,0.2432274700999477,0.30865326535546544,0.20918645947406192,0.31659195317430294
2482,0.2638760873178148,0.30645145970083154,0.2432205509116764,0.3086515549857608,0.20917688203596418,0.3166053867852526
2483,0.2638731825661033,0.30644204218097015,0.24321337553203437,0.30865909505493705,0.20915454398295535,0.31661337020609714
2484,0.26386537856647874,0.30644858859532187,0.24320664183210605,0.30865808412721246,0.20914371914404234,0.31662074708362514
2485,0.26385999063181714,0.306450205126483,0.2431936222422096,0.3086649512669069,0.20912919960464524,0.31661676995774085
2486,0.2638590693655168,0.30645056584829006,0.2431891976449754,0.3086667268226878,0.20912177296232143,0.3166177603586526
2487,0.2638517709525162,0.30644959324059706,0.24318282316390746,0.3086603608526607,0.20909944965588934,0.3166196483804112
2488,0.2638460147828904,0.30645503212661496,0.24317342793836058,0.30866245236393725,0.20909416380506132,0.3166174750095267
2489,0.2638376297541809,0.3064554417453001,0.24316198544921458,0.3086753272822959,0.20908158468646693,0.31660204671751374
2490,0.2638328737952863,0.30645056995153297,0.24315078750937633,0.3086705947077578,0.20907360636515412,0.3165950633472119
2491,0.263824250138223,0.3064484123045581,0.24314194691418725,0.3086667060260726,0.20906627280655035,0.3165914491980124
2492,0.26381818996360135,0.3064531229179927,0.243136237813335,0.30866869254022844,0.20905543057125248,0.31657556882382465
2493,0.26381511683474307,0.30646423944964574,0.24312334190341642,0.3086706132104759,0.20905014303059696,0.3165832994274601
2494,0.2638080338241778,0.3064634881192076,0.2431145340547087,0.308656646483879,0.20903347603405167,0.31656209571935506
2495,0.26380745590115473,0.3064665552673178,0.24310678823533205,0.30866546050908983,0.2090018794670923,0.31655529841080665
2496,0.26379935442720714,0.306467024323084,0.24309679454906102,0.30865246002961133,0.20898304072530272,0.31655372678399557
2497,0.2637942974719674,0.3064876049467024,0.2430906154293947,0.3086833463208286,0.20897558858540233,0.31655960577740044
2498,0.26378467973166797,0.30648542775513843,0.2430823542627537,0.3086817859672007,0.20895775604887196,0.31658832064101605
2499,0.26378039679308024,0.30648955055555466,0.24307530565648094,0.3087199079886198,0.20893886489638758,0.3166050807460808
2500,0.2637734677757341,0.30648899666542007,0.24305591041108532,0.30870758812915644,0.2089211802204152,0.3166050580745418
2501,0.26376622771591557,0.3064951994847869,0.24304823262894337,0.3087055293955811,0.2088955798559484,0.3166072845669782
2502,0.26375689227374804,0.30649291447837596,0.24303755081260975,0.3087138876866434,0.20888803803443717,0.3166164499785017
2503,0.26374697761710963,0.3064872310806916,0.24303279468783182,0.3087160846696837,0.2088755879212726,0.31661538944376855
2504,0.2637426767459368,0.3064885062672009,0.24302662183179877,0.3087172469717525,0.20887153479848636,0.3165956678880242
2505,0.26373646076845436,0.3064929952830147,0.2430195184656688,0.30871780761395146,0.20884230110950194,0.3166108433652012
2506,0.2637306724073221,0.30649744329616213,0.2430149579464506,0.30872162659413943,0.2088169892020559,0.3166091528367984
2507,0.2637239530214466,0.30648623726260965,0.24300674066383054,0.3087234901852076,0.20880727657390377,0.3166240552515073
2508,0.2637191985045261,0.306481508460201,0.2430008289934094,0.3087406926939808,0.20878024438237675,0.31658914230317564
2509,0.2637143405168905,0.3064816315636926,0.24298998885263245,0.3087370328046955,0.20877671520232083,0.31657245866831757
2510,0.26370317708667035,0.3064620540242921,0.24298287454222098,0.30876190133070697,0.20876579789869035,0.3165768295476438
2511,0.2636960923247909,0.3064506688756931,0.2429729554242492,0.3087635236435956,0.2087534522714963,0.31659000073860016
2512,0.2636844924118324,0.30645639035328937,0.2429675382340373,0.30876030116885284,0.2087497782003065,0.31660954023854787
2513,0.26367488260516436,0.3064472597076128,0.24296470033757983,0.30876011454282554,0.20873286719914788,0.31661194360707995
2514,0.26366556684249143,0.3064418446236575,0.24295520169645865,0.3087582022126149,0.2087243043152367,0.31661215250708397
2515,0.26366074274585966,0.3064417095606339,0.24295167328863143,0.30875959485675875,0.2087119326777601,0.31662616199756877
2516,0.26364876154794287,0.30644308981039403,0.24294787860726116,0.3087463129542234,0.20868944221795463,0.3166419270853216
2517,0.26363691870364325,0.3064444597026186,0.24293513211528914,0.30875219166435147,0.20868333216441776,0.3166543679492054
2518,0.2636301365009345,0.3064338120034382,0.2429277502239968,0.3087523642934682,0.20866523155525313,0.3166580316453014
2519,0.2636232036144852,0.3064232683988264,0.24292333587477533,0.30875851215441763,0.2086555614469857,0.3166680724541973
2520,0.2636226016068321,0.3064241759417816,0.24291613654966482,0.3087497402536089,0.2086369115642765,0.31665536297418084
2521,0.263613361167201,0.3064190732881116,0.24291263683567296,0.3087529547248924,0.20862114909982282,0.3166553680057509
2522,0.2636117443689945,0.3064150139527614,0.24291134063391284,0.30875877310426464,0.20859651310911895,0.3166693773198433
2523,0.26360886545164247,0.30640573063179793,0.24290325870700255,0.30875875054156204,0.20858314890293295,0.3166984181947937
2524,0.2635998774254376,0.3063996873123858,0.2428882959294101,0.3087631672671472,0.20856970136250805,0.31671132632568416
2525,0.2635994648939334,0.3063965049684927,0.24287931482262867,0.3087695210236134,0.20854389326499853,0.3167016372530575
2526,0.26359168251397136,0.30638980072248495,0.24287127512893514,0.3087675659688446,0.20850730809634377,0.3166774799791401
2527,0.26358502038462134,0.3063963211350003,0.24286160989625655,0.3087690930311382,0.20849693940405148,0.3166704561931681
2528,0.26357449177831915,0.30640224912780434,0.24285736287939264,0.30877723140590924,0.20848298195638856,0.31666756923098033
2529,0.2635739660063986,0.3064032505821315,0.24285199904032398,0.30877134203685314,0.2084574461076399,0.3166463299927482
2530,0.26357245166938925,0.3064005565662157,0.24284300427758637,0.3087835727184384,0.20843074213980708,0.3166345161433124
2531,0.2635643640629567,0.3064021232172363,0.24283313782641358,0.3088039539263331,0.20842260616172456,0.316663538510751
2532,0.26355786237675016,0.30639905752242946,0.24281850925184753,0.308813185939168,0.20839815620740693,0.3166861024085709
2533,0.263557076324979,0.30639569111343934,0.24281461633756932,0.30880492506303375,0.20837689892808883,0.3166694294290425
2534,0.26354971771268165,0.30639788059255324,0.24280883445418494,0.3088054484674897,0.20836193685620782,0.31664830887318907
2535,0.26354812416846557,0.3063938969458643,0.24279845724644994,0.30879145499241933,0.20834814415485894,0.3166555719739177
2536,0.26354189852579507,0.3063846551612739,0.24279625415578138,0.3087995458439382,0.20834606398077507,0.3166581306680636
2537,0.263538382456978,0.30638408863455335,0.2427805993403021,0.30879223994158955,0.2083354864327403,0.3166537501322818
2538,0.2635329745708959,0.3063827229158099,0.2427750049852863,0.3087913354940346,0.20831799384528574,0.3166469768495709
2539,0.2635278701426042,0.3063952585821701,0.24277074929571563,0.3087969652679279,0.2083026380753065,0.3166314931003422
2540,0.2635179838769649,0.3063917711067355,0.24276620945791202,0.3087947625775244,0.20829999496516172,0.31662309030504576
2541,0.2635163213972032,0.3063886286611238,0.2427574023690522,0.30877938970024155,0.2082718775951363,0.3165992616986661
2542,0.26350720350269113,0.3063857275903246,0.24275425703186818,0.3087774820955141,0.2082564800607689,0.3166257993032415
2543,0.26349938733795325,0.3063858041612586,0.24275242487923504,0.3087763788163497,0.20825525604034564,0.31662252420088843
2544,0.2634942911027867,0.30638480434379045,0.24274923836823464,0.30877422320752806,0.2082479566978546,0.3166184210298434
2545,0.2634876941398147,0.3063835899663259,0.2427407437895092,0.30876607387192717,0.20822989785590593,0.3166210882974412
2546,0.26348604604911785,0.3063804755621953,0.24272128887676647,0.30876426860328293,0.2082011177350285,0.31658358537929926
2547,0.2634802592950196,0.3063761337400666,0.24271465546252022,0.3087691008483486,0.20818447162793186,0.31661137985258153
2548,0.2634767116659484,0.3063791625380611,0.24271141899303122,0.30876481600975375,0.20817321075728107,0.3166264053940146
2549,0.26347447912523914,0.3063798784230721,0.2427060080301275,0.30877768088970076,0.20816684726602158,0.31664127139479753
2550,0.26346998441745284,0.3063822391631366,0.24269574568589372,0.30878659591715396,0.208159662731672,0.31663338088953824
2551,0.2634629394426538,0.30638784424142074,0.24269234352806895,0.3087853230491387,0.20815185114948553,0.31662662764650235
2552,0.2634613063465631,0.3063857668338647,0.2426815014477163,0.3087874878174741,0.20814759776186662,0.31663614271386625
2553,0.26346090459104676,0.3063857749555572,0.24266861254944389,0.3087888703120889,0.20813246138241256,0.3166424656072512
2554,0.26344922598164977,0.3063871130675952,0.2426639100132849,0.3088003433197273,0.20811730397940242,0.31661711669956044
2555,0.2634423786869909,0.3063844078430882,0.24264399676948187,0.3088002138023278,0.2081032668719077,0.3165995792866951
2556,0.26343512505829814,0.3063799858628788,0.24263964694421636,0.3087950398976165,0.20808478732485233,0.3165839284704548
2557,0.26342651579087056,0.30638625970740363,0.2426363484186256,0.3087992801973372,0.20805461949606768,0.31659566018978574
2558,0.2634226497542927,0.3063863234032168,0.24262900794010014,0.3088070946009264,0.20801473435318432,0.3165947284080338
2559,0.2634162686140393,0.3063851158978768,0.2426247119333528,0.3088049729939108,0.20799353267321036,0.31663185243576547
2560,0.2634113028483568,0.3063829812599954,0.24260779590239948,0.30880564074487205,0.20797770614918615,0.3166223966248704
2561,0.26340115510574313,0.3063827527248436,0.2425935443142607,0.30882777304372755,0.20796527357122901,0.31660265534203647
2562,0.26339562826971963,0.3063853455835746,0.24257430678608027,0.3088252068352931,0.2079493400012919,0.3165974294833088
2563,0.2633889735271202,0.3063876780664572,0.24255577410486026,0.308811758189154,0.20791770667236775,0.3165826071859343
2564,0.26338293941559726,0.30638391374075896,0.2425442608940725,0.30880600920813067,0.20790664560310274,0.31658309237022025
2565,0.26338237372147294,0.30638351021153354,0.2425343102469008,0.3088062682693503,0.20789040435500608,0.31658274234751604
2566,0.26337594213217436,0.306369878681585,0.24253054245834932,0.30880510490917285,0.2078829634084154,0.3165775019375833
2567,0.26336814936159497,0.30638584963808446,0.2425216630885685,0.3087949778466463,0.2078730421116855,0.31657131912501757
2568,0.2633637748218085,0.3063862380169166,0.2425167671915655,0.30880152469070726,0.2078590359068304,0.3166012295830687
2569,0.2633632131651741,0.3063858503908449,0.2425115222286344,0.3088208555500064,0.20785220001994034,0.3165826955953529
2570,0.26335679813852286,0.3063927603729287,0.24250456024248815,0.30882368264405197,0.20784993297338594,0.31659218467401073
2571,0.26335064120376556,0.30639430353436986,0.24248931390036088,0.30881851042826314,0.20783623244684912,0.316557751416541
2572,0.2633501898701803,0.30639524856317046,0.24248705051290023,0.3088062265763518,0.20782099777722246,0.3165092452251895
2573,0.26333851369698225,0.30639675036876435,0.24247519059192196,0.30881409402465776,0.20781518230647664,0.3165133461308028
2574,0.263332980915468,0.3063865451662463,0.24247361060121025,0.3088115622075726,0.20780748091928117,0.31651611201957897
2575,0.26332814350227274,0.30639142966530764,0.242461150807024,0.30880113059189446,0.20779854228241287,0.3165120508050662
2576,0.2633269756005639,0.3063895300814012,0.24244830330362702,0.3088267865313805,0.20777538733590545,0.3165551988377973
2577,0.2633174587434993,0.3063839105208775,0.24242937408704962,0.30881865697537436,0.20776544439293843,0.3165894592796348
2578,0.2633131468795482,0.3063842894401566,0.2424250169261093,0.30880588609568926,0.2077521303724349,0.3165943726574463
2579,0.26330496922726476,0.30637704542107425,0.24241930760591995,0.3088027406333212,0.20772503857001787,0.31663224361336967
2580,0.26329881702152996,0.30639130714944,0.24240497643598036,0.30880645384141087,0.20771354203862608,0.31663224269094764
2581,0.2632948850070857,0.30638541418693016,0.24239373260289682,0.3088033430696289,0.20769579768101734,0.3166306107897709
2582,0.2632871917767713,0.30638060729157013,0.24238621452303652,0.30881556556790934,0.2076933769147282,0.31662889688830376
2583,0.26328297319755484,0.30638880523661693,0.2423803365974268,0.30880010163173566,0.20768852945436905,0.3166172858139373
2584,0.2632769313462273,0.30639453863882776,0.24236610155725707,0.3087916753538729,0.20766286643399115,0.31663458837296704
2585,0.26327658716341945,0.3063950518890833,0.24235902457035474,0.30880533760359563,0.20765956673421732,0.3166338050384026
2586,0.2632672570106704,0.3063877519994873,0.24235387065698807,0.30879967535543923,0.20765352537003412,0.3166247555532142
2587,0.2632637808698259,0.3063916787056326,0.2423523617817775,0.3088000578122551,0.2076421748116026,0.3166032858683634
2588,0.26325932081939457,0.306391118316888,0.24234198078522567,0.308799573011744,0.2076279384464097,0.3165992918911005
2589,0.26325211060562664,0.3063920848558772,0.2423323805733223,0.3087890385095722,0.2076239117574184,0.316594447452262
2590,0.26325067355711873,0.30639021740726696,0.2423266404139538,0.3087911789652126,0.20760222265763467,0.3165882024472173
2591,0.26324905974775853,0.3063863490392633,0.2423221937197287,0.30878722138696824,0.20758840974751638,0.316580126127042
2592,0.26323760549325254,0.3063877815436558,0.2423118631821082,0.3087928906981463,0.20758438704299909,0.3165544481715837
2593,0.2632305999316717,0.30638316034419427,0.2423070369542354,0.3087910605465612,0.20757455361027594,0.31655207035085065
2594,0.2632253118585355,0.3063816655736608,0.24230354007525584,0.3087865231642458,0.20756361639714507,0.3165698342958098
2595,0.2632193101055258,0.3063716862090401,0.24229351690256326,0.30877817712485206,0.2075462989292027,0.3165649182475824
2596,0.26321187017676956,0.30637769305630036,0.242278724327018,0.3087672720362122,0.2075403220174838,0.3165553717218303
2597,0.26321098226061157,0.3063777941819991,0.24226718047492035,0.3087615649859792,0.20753421834535574,0.3165605196621686
2598,0.26320672128082545,0.30638147543291844,0.24226012912241393,0.3087511260197299,0.20752550179826035,0.31656706383468197
2599,0.2632010284788924,0.30638659887945663,0.24225575886848255,0.3087335263568003,0.20751298182584507,0.3166273551728506
2600,0.26319431693638934,0.306376220467997,0.24224541862570995,0.3087398793462843,0.20749421358373002,0.31663823188561807
2601,0.2631840181625125,0.3063825691172295,0.2422356623414832,0.3087415217759444,0.20748409730669407,0.31664302157753343
2602,0.2631758449415657,0.3063835491924931,0.2422239121255209,0.30875876765571053,0.2074678754423312,0.3166074962702757
2603,0.26316757416986025,0.30638226513370553,0.2422085048625594,0.3087723233275883,0.20745467890948374,0.31663637148979296
2604,0.2631596817783763,0.3063952426794505,0.24219309721810817,0.3087640429918563,0.20744377637033246,0.3166246962310399
2605,0.26315852246983745,0.3063932927044807,0.24218597022736163,0.3087891995212453,0.20743439332143607,0.31661389491517716
2606,0.26315038156186144,0.30639491688882103,0.24218513661677757,0.30879144662815206,0.20743253320241792,0.31660075920937203
2607,0.2631464830758827,0.30638911164130606,0.24217369334103198,0.3087904895514791,0.20742113331741124,0.31660158922410947
2608,0.26314130442159384,0.3063865071925218,0.24216645054619715,0.30879259815963117,0.20741004853891054,0.31662356848192513
2609,0.2631405920983935,0.30638683226914626,0.2421624191664505,0.3087900737309361,0.20739313279318783,0.31663396912670894
2610,0.2631350574332786,0.3063824767179904,0.24215631723023387,0.3088112952188385,0.20738190822493732,0.3166489376693379
2611,0.26312789818231835,0.30638795544962355,0.24214034713669078,0.3088129111299447,0.20737326459544037,0.31663740288466635
2612,0.263122109194902,0.3063936803601711,0.24213159802226966,0.3088195279754486,0.20736142260914883,0.31663613709398614
2613,0.26312023201260326,0.3063890938035599,0.24211885920295448,0.3088343236920772,0.20735080336774075,0.3166447274278494
2614,0.2631186076432946,0.3063871332522679,0.24210890118911765,0.3088230201786263,0.20733614180255747,0.31666209053193756
2615,0.2631145353811333,0.30638851846556203,0.24210611309707356,0.30882715923470994,0.20731390739912692,0.3166700054173198
2616,0.263105979661898,0.3063832274678874,0.24209687940206664,0.30882427165232806,0.2073002252798258,0.31668934687563116
2617,0.26309788555586044,0.3063891490129953,0.2420962842784974,0.3088244216164607,0.20729644843260447,0.3166882924512706
2618,0.2630940280887664,0.3063892357329319,0.24208003980243814,0.30880993375983123,0.207281864466316,0.31669111886490575
2619,0.2630838806427416,0.30639479186030744,0.2420746312380607,0.30879903455175794,0.20725831332595926,0.3166895393483689
2620,0.2630778628981173,0.3063935587678129,0.24207249393605715,0.3087929023779808,0.2072469633021979,0.31670047200108437
2621,0.263073850611294,0.3063919397807635,0.24206524688792522,0.30878649247132484,0.20723104724816374,0.3167221482063263
2622,0.2630734013793309,0.30638889622466914,0.24205870102567734,0.308772243166231,0.20721812278488907,0.3167185763992326
2623,0.263064626956742,0.30639399431774555,0.24205546619578416,0.30878206514384915,0.20720743198689798,0.31675113659370463
2624,0.26305106278407153,0.3063769110482964,0.24205510822369417,0.3087837713236829,0.20718542201601378,0.31673889574519054
2625,0.26304563508734646,0.3063752722124937,0.24203991971052533,0.3087757471209706,0.20718225982204935,0.3167628069197407
2626,0.2630352302002579,0.3063789375939899,0.2420371643631954,0.30877981754368966,0.2071647628673876,0.31676570502136664
2627,0.26302240070085375,0.30637596012375967,0.24203112978218194,0.3087726866784634,0.20713838367135534,0.3167916920814864
2628,0.26301284966442867,0.3063704358990989,0.2420141430565942,0.30874453679837494,0.20713642105670985,0.31679053055201284
2629,0.26301143672365,0.3063686147941751,0.24200798871898208,0.30873818254294455,0.2071332908917501,0.3167845003165445
2630,0.2630026311500749,0.30636193372155607,0.24200581930594184,0.30874434230298486,0.2071078759734961,0.3167715211644636
2631,0.2629938866288315,0.3063702108812619,0.24198991487828814,0.30875804412688557,0.20710485182076294,0.31676801609612165
2632,0.26298987810480146,0.3063703811210353,0.241986848411019,0.3087631342072348,0.2070731453064308,0.3166941485406522
2633,0.2629808866740437,0.30636513217001105,0.24197429214498406,0.30875063555407883,0.2070592430791866,0.3167038041887936
2634,0.2629797426127692,0.3063632772453446,0.24196594721243164,0.3087330491123905,0.20704327408701495,0.31669834396827795
2635,0.26297275881872917,0.30636374419256174,0.24195040159750383,0.3087436745873614,0.2070230600581154,0.31668757305202555
2636,0.2629620143207581,0.3063667199703691,0.24194633427713544,0.3087515110188172,0.20701029964154707,0.31671553876570496
2637,0.2629604219003443,0.3063629215974559,0.24193453071269708,0.30876322060353606,0.20699285213475846,0.3166964219692714
2638,0.2629588420123677,0.30635915441895906,0.24192386370280106,0.30874570590623396,0.20698004655557742,0.31669469134791556
2639,0.2629585091128653,0.30635965822361116,0.241913114372987,0.3087487452817022,0.20696705940648671,0.31671703209377233
2640,0.2629504233718168,0.3063614550005684,0.2419079467869272,0.3087530927434521,0.20694600109969738,0.3167257340391856
2641,0.26294408369494066,0.30635878165028013,0.2418972329100793,0.30871659798882956,0.20692858071428996,0.31676756135211903
2642,0.26293460758411313,0.30637476409282854,0.24189151764866096,0.3087166229381643,0.20691544969320966,0.31675951450623663
2643,0.26293410581971527,0.3063751892300599,0.2418784616665659,0.308721200894284,0.2069124261482191,0.31675721508851784
2644,0.26292505169954417,0.3063866331622073,0.2418732293228493,0.3087232898072062,0.2068961611642208,0.3167722147712069
2645,0.26291839197713135,0.3064069081670512,0.24186656372988372,0.3087612748633679,0.2068857410865972,0.3167820154076132
2646,0.26291018413289935,0.3064112521622659,0.2418509263333609,0.3087671559106805,0.20688068265602547,0.3167895927390965
2647,0.26290345573026647,0.3064056141144863,0.24184176038043328,0.30877891358922555,0.2068627434203807,0.31682244707158025
2648,0.2628941048987713,0.3063989092571079,0.24183342663417579,0.3087849953430542,0.20685733951418933,0.31682115471987815
2649,0.2628933408425743,0.3063978347192547,0.24182595901935527,0.3087733153153738,0.20683217124892414,0.316831813169616
2650,0.2628872008413509,0.30638998335016787,0.2418225452444399,0.3087736961654035,0.20682366894328122,0.3168196214607994
2651,0.26288180587247334,0.30637784267455637,0.24181290838775563,0.3087718673314267,0.20680664749660338,0.3168450874042062
2652,0.26287681110408023,0.306374362999183,0.2417988879354964,0.30877831001582257,0.20680029871150118,0.3168407964829684
2653,0.262865726196035,0.30637568246549424,0.24179046435829785,0.3087850407565799,0.20678811731316538,0.3168564717788472
2654,0.2628598878426536,0.30637927370149415,0.24177790721441303,0.3087804318853129,0.2067664861261112,0.31688602112606246
2655,0.2628594504970322,0.30638018900824326,0.24176928721370877,0.3087777648467309,0.2067559532696519,0.31687213652977786
2656,0.26285919665840984,0.30638128017800764,0.24176523121758442,0.3087965850598054,0.206749343759545,0.31687980061516835
2657,0.26285894374215957,0.30638236696723453,0.24175188083744137,0.30880648284055723,0.20672341257362634,0.3168763934791709
2658,0.26285748651403834,0.3063798369808018,0.24174389043300198,0.30879641463636126,0.20670770969606467,0.31686710796703904
2659,0.2628494224565388,0.3063760137351608,0.24173283783632493,0.3087595454952106,0.20669827357482287,0.3168698847204224
2660,0.2628447988079795,0.30638334939125283,0.2417268145355667,0.30875779694512717,0.20668291815351533,0.316860022333414
2661,0.26283989632566607,0.30640355315425677,0.24171514922376505,0.3087599323119652,0.20667163916090975,0.3168523880586547
2662,0.2628301994171368,0.3064079498307367,0.24170782372982685,0.3087658890336804,0.20666719264580763,0.3168500580558675
2663,0.2628235530262272,0.306403745043724,0.2416918540954745,0.30874918052940525,0.2066591151364258,0.31689140614458344
2664,0.2628169873349062,0.30642370315890755,0.24168231537700485,0.30873614940502453,0.20662140501345708,0.31687531047552164
2665,0.2628164584367957,0.30642332802940164,0.24167467357807873,0.3087378695135235,0.20661276495473954,0.31690082292698174
2666,0.2628159318476601,0.30642295405561293,0.24167415801369885,0.3087352453647105,0.20659470359405052,0.3168872194163263
2667,0.26281082466604816,0.30642036120020105,0.24166303758545943,0.3087288825363508,0.20657317072713166,0.31690931848093734
2668,0.2628003764700059,0.30642805887138747,0.24166244716879487,0.3087268640328283,0.20655500287784226,0.3169332189421015
2669,0.2627915558749901,0.30643929973168427,0.24165565872174885,0.308719700254908,0.20654488272275232,0.3169187754175436
2670,0.2627876005449905,0.3064368259030918,0.24163629400747919,0.30871572585381346,0.20653548370903568,0.31691096173278505
2671,0.26277920587275694,0.30643025801164886,0.24162762590258616,0.3087142533533682,0.2065271996576397,0.31690472104381584
2672,0.2627788389674274,0.30642988786191794,0.2416198158674613,0.3087164666560015,0.20650779220607673,0.31690764274884065
2673,0.26277479315904834,0.30643237580995786,0.24161521898795232,0.30871276532911035,0.20649222269429746,0.31690267122161425
2674,0.2627702787668783,0.3064292375661037,0.24160989095392038,0.3087105418201892,0.20648715862815953,0.31689724409254943
2675,0.26276154761203613,0.3064282803785546,0.24160197286751214,0.30871826033684435,0.2064751175770362,0.3168954298173373
2676,0.26276102399437834,0.30643043874410997,0.24159447647793103,0.3087258175963528,0.20645961184487036,0.3168973016509669
2677,0.26275586957281094,0.3064280172884993,0.24159094468088899,0.30871263581062036,0.20644264647003271,0.31691993877833213
2678,0.26274680212187956,0.3064276408442622,0.24157925749740142,0.3087125499485194,0.20642385668520072,0.31689148050714366
2679,0.2627406260249622,0.30642371813041436,0.24156319503054963,0.30869798892531897,0.20641816911089678,0.3168911178327898
2680,0.2627314189939987,0.3064187565726567,0.241550583801979,0.3087024542764597,0.206402418509284,0.3168441353626484
2681,0.26272076448974724,0.3064287339882413,0.2415356046780312,0.3087149785520768,0.2063930968900798,0.31685437770999936
2682,0.2627206391174188,0.3064300419381236,0.24152421366493693,0.30871258312266614,0.20638145317976386,0.31685571179299266
2683,0.2627136000128404,0.306435521666466,0.24151763032846604,0.3087211195412369,0.20637278414273266,0.31684745901160294
2684,0.2627027573332608,0.3064366590455285,0.24151232113293156,0.3087232938262665,0.20636699187895716,0.3168525790803539
2685,0.2627022808630713,0.3064370460281001,0.24150130446594006,0.3087349329658743,0.20635857807290212,0.31686695698212286
2686,0.2626916076284333,0.30644264797586396,0.24149366467147837,0.3087293022573172,0.20634888365719287,0.3168824263131061
2687,0.2626872418689018,0.30643951514640405,0.2414871188557423,0.3087317193582993,0.2063436884412043,0.31688216187963697
2688,0.26268086469137236,0.3064324001229183,0.24147741219760513,0.30874679151195916,0.20633711729588006,0.31688192985042785
2689,0.26267379915736244,0.3064503681732331,0.2414693794268942,0.30876254810633375,0.20629110265029935,0.3168675357350856
2690,0.2626699916406257,0.30645362649114366,0.2414615319260151,0.308762389514813,0.20627680602722867,0.31687534459664557
2691,0.2626693401284206,0.3064538595003904,0.2414568751349564,0.30876470922436816,0.20626933109772283,0.31683663607738854
2692,0.2626613894261545,0.3064501215128758,0.24144988735102138,0.3087799453218311,0.2062500338523148,0.3168523184982007
2693,0.2626537670110051,0.30645895851634347,0.24144409691329088,0.3087809832085228,0.20624450041503975,0.3168671539172352
2694,0.262649782033556,0.3064628262296811,0.24143954274819615,0.30877740788514735,0.20622723567662954,0.31690143130012516
2695,0.2626494099558912,0.3064636740091459,0.24142951612355762,0.30878256397842324,0.20622610925059798,0.31691777688465184
2696,0.2626436192896141,0.30646060268258035,0.24142513630162432,0.30877916030020613,0.20621566759567297,0.3169236657950372
2697,0.26263800167515133,0.30646410536318147,0.24140520967335227,0.3087831764047134,0.20620327321161083,0.31694839356493293
2698,0.26263014769093485,0.3064595211640375,0.2413960759622883,0.30879984961078955,0.2061869725281151,0.3169131264859385
2699,0.2626190694481192,0.30646449079230037,0.24139297856803688,0.3087832669042649,0.20617859559476412,0.31693435649351603
2700,0.26261771833897374,0.30646196000649867,0.24137612499410926,0.3087769202133937,0.20617135756443486,0.3169234516768582
2701,0.2626165909028862,0.3064601255344356,0.24137536076819227,0.30877636662322855,0.20615882787101733,0.3169179532634483
2702,0.262609331001484,0.3064608252025367,0.2413603980279023,0.3087576340571849,0.20614507049301417,0.31690971152989234
2703,0.26260535253506845,0.3064582697612345,0.24135340564307062,0.3087555565953597,0.20612004615661297,0.3169107448513318
2704,0.262597071287941,0.3064642914735826,0.2413455982659835,0.3087746163964387,0.2061045264134243,0.3169267800659739
2705,0.26258997958269625,0.3064699507446536,0.24133453844345887,0.3087820802520105,0.20609173277735052,0.3169158486169042
2706,0.26258052772114326,0.30647129590222666,0.24132684822998104,0.30877759268708516,0.2060754249792852,0.3169234305639389
2707,0.26257321428311775,0.30648007197596483,0.2413082487527669,0.3087844776671256,0.2060555154255613,0.3169160997886713
2708,0.26256564692303447,0.30648391225596594,0.24130270734325157,0.3087866057857015,0.2060407953923841,0.31689400925397193
2709,0.26255670810677306,0.30647724106854346,0.24129070982423048,0.3087818626759875,0.2060317268608948,0.3168735994936885
2710,0.2625528937647551,0.30648247488984703,0.24128315529526462,0.308773466630354,0.2060125726853563,0.3168711202550413
2711,0.26254838680930076,0.3064845252212051,0.24127254274069354,0.30877130826596766,0.20598902087104864,0.3168377419351695
2712,0.2625480121821581,0.3064845506993783,0.24125856027660217,0.30877507832288664,0.20597716601974156,0.31684086572944326
2713,0.2625435332409144,0.3064790689247936,0.2412467316431299,0.308781624821579,0.20595313243929397,0.3168405052198156
2714,0.2625377415130755,0.30647597729817805,0.24124353563716852,0.3087803053442453,0.20594994028625074,0.31684747405777985
2715,0.26253355811719875,0.3064755048239145,0.24124180647072307,0.30878559367299657,0.20593097998712434,0.31683609008043123
2716,0.26253230991586823,0.3064770149726783,0.2412289415300262,0.3087853239131357,0.20590380264635097,0.31678657104507113
2717,0.262524170438089,0.3064829651875896,0.24121004847741268,0.30877366281895746,0.20589670752739028,0.31680639123454785
2718,0.26251205197462535,0.30648876567704825,0.2412060214361406,0.3087715496806603,0.20588456807348582,0.3168133316600671
2719,0.26250758745672786,0.3064915307476583,0.2411936258312876,0.30879708393295985,0.20586971222862205,0.3168176968806915
2720,0.26249551321331543,0.30650391078691824,0.24117924375052546,0.3087893672562004,0.20586178351340453,0.31682860322003437
2721,0.2624901060851064,0.30650871450819145,0.24117127633344693,0.308787222638787,0.20584225476836643,0.31684440226648
2722,0.2624842775052939,0.3065017130403545,0.24116412087501887,0.30877914617078434,0.20583593250313129,0.3168388028739449
2723,0.26248316118015047,0.3064998826012401,0.24115719892880066,0.30877343454915235,0.20582903845625272,0.3168426071270945
2724,0.26247509547375947,0.3064916167443057,0.24115261458837048,0.30877157487728746,0.20582277321606007,0.31686005044822024
2725,0.2624675967449592,0.3065040214460065,0.24114288499579295,0.30877700688883214,0.20580870186163736,0.31685105781808365
2726,0.2624585994027651,0.3064988335925058,0.2411248722363121,0.30878889050025626,0.2058031082811411,0.3168655562444091
2727,0.2624581279947415,0.30649923204474094,0.2411143081287832,0.308802736718666,0.20579651383723785,0.3168816643651249
2728,0.26245749633287413,0.30650036653533863,0.24111221746463624,0.3088000208479233,0.20578583146904755,0.31687921306104333
2729,0.26245708422156067,0.3065012420023179,0.24110711193372492,0.30880903402377013,0.20577150982766382,0.3168590939605997
2730,0.2624508856615913,0.30649741770410527,0.2410963570896844,0.3088126553148008,0.2057588591148299,0.31688726978415893
2731,0.2624449605457134,0.30649157406170247,0.2410925886081502,0.30882042930784115,0.20574245928842483,0.3168970531448799
2732,0.2624362378221833,0.30648638229657915,0.2410831341921062,0.3088279272644387,0.20573321920988077,0.3168975205352809
2733,0.26243515858046873,0.3064850452877217,0.2410830284705386,0.30882488691171994,0.20571776445513995,0.3168893947919813
2734,0.26242877980164253,0.3064860425665447,0.2410638213296521,0.3088270734586185,0.20570477476580776,0.3169089830050131
2735,0.2624210358373238,0.30648239435690083,0.24105733809593086,0.30884002344221306,0.2056908538074087,0.31692093623595696
2736,0.2624146388835674,0.3064750276240779,0.24105129704628628,0.3088415833010002,0.20565674821317814,0.31692697116734164
2737,0.26241423153332,0.3064758988704856,0.24103258862021806,0.3088236441872025,0.20563682707243555,0.31693514763398656
2738,0.26240830639767765,0.30647764126236066,0.24102698226726094,0.30879969175189836,0.2056085887679376,0.31700137900158515
2739,0.2624041297336766,0.30646922685678757,0.24101493226493886,0.30875762058412837,0.20559169038460448,0.3170032438691043
2740,0.26240347691871474,0.30647105730959096,0.24100837788986057,0.3087901336981913,0.20558044624028854,0.31699873459391
2741,0.26240262489104565,0.30647007933154735,0.2409987267487682,0.30880555823496264,0.205569227618306,0.3170135984899517
2742,0.26239680455135017,0.3064688975316874,0.24098590513032217,0.3088079838109792,0.20554777634554916,0.3169424636497087
2743,0.26238763542974813,0.3064644079771024,0.2409695083714749,0.3088088269814114,0.20554592557226753,0.31693643554367856
2744,0.2623868613456733,0.30646031036891036,0.24095707530438149,0.3088010100445597,0.2055327719320667,0.31691675733311275
2745,0.26238256878224003,0.3064630252741607,0.24095279678941753,0.3087977754235963,0.20551166744274468,0.31691285849325856
2746,0.2623812356102765,0.30646010493444037,0.24094612113861935,0.30879707202525797,0.20549964884698071,0.31691126477414927
2747,0.2623753282126837,0.30647299232499964,0.24094420104276423,0.30880282279065474,0.20547714677788964,0.31692005043404387
2748,0.26236734339004397,0.3064747594192618,0.24093263650764601,0.30880763312909926,0.20546415511330257,0.3169578305710691
2749,0.26235927417192195,0.3064743620607098,0.2409307557116707,0.30881319349593117,0.2054494121612773,0.31697708395257335
2750,0.2623527329609299,0.3064901221109959,0.24092355205397342,0.30880624707420284,0.20543806813912363,0.3169776238291902
2751,0.2623470698546871,0.3064938854978923,0.24091364498111031,0.3088248632403035,0.20542969186166507,0.3169801183487886
2752,0.2623403047635854,0.3065071309514637,0.24090356560801712,0.30882326195181165,0.20539713539093896,0.3169726129735662
2753,0.26233951333699823,0.3065056920778852,0.24089502553860417,0.30880815733468986,0.20538600201646945,0.31697800227048323
2754,0.2623345692279396,0.3065041032833147,0.24088695419498712,0.30881501416698803,0.20537105995342012,0.3169780687191033
2755,0.2623301623311225,0.30650603490418793,0.2408769771490698,0.3088119648457602,0.20536065532222056,0.3169846762501171
2756,0.26232373445989376,0.30651901043314633,0.2408650895251871,0.30879049675892695,0.20534529907736251,0.3169962740658436
2757,0.2623233792953574,0.30651863550606145,0.24085343879075116,0.3087999182907665,0.20531097532977688,0.3170094441689058
2758,0.26231431979393,0.3065141798526007,0.240839737525095,0.30879256439718905,0.20530597294374403,0.3169868957320177
2759,0.26231038256256195,0.30650467420485894,0.24082406837736467,0.30878477187749953,0.20530278991711193,0.31697322168374364
2760,0.26230367183023984,0.3065069927811862,0.24081844713173173,0.30877670730172946,0.20529242301915093,0.31700183593000947
2761,0.26229980418393944,0.30651408178728845,0.24080933181195188,0.30877475101566015,0.20527816484326822,0.31698502499394793
2762,0.26229304722500946,0.30652381578297616,0.24079961479365325,0.30877435808096976,0.2052607311974174,0.3169936234440278
2763,0.26228319588244325,0.3065243244614602,0.24078786310267447,0.30878750538298533,0.2052433135919955,0.316999458238024
2764,0.26228208886530735,0.3065224863848869,0.24078376103360163,0.30879570345080426,0.20523382893453632,0.31701380865881856
2765,0.26227371631512936,0.3065308860908722,0.2407755345023093,0.30879883879176534,0.2052155606892182,0.3169713114823056
2766,0.2622658911251875,0.30652956535733344,0.24075494302147704,0.3088102386163978,0.20518768185490013,0.31699536448969484
2767,0.2622597640525927,0.30652741504803227,0.24075455987483912,0.3088139747260428,0.20518208076613287,0.3169914034745085
2768,0.26224833457190666,0.30652941702734504,0.24075183313403287,0.308814259365988,0.2051661909826327,0.316997454932912
2769,0.2622444315678408,0.306519929157563,0.2407457391751444,0.30882071364727814,0.20515430748950658,0.3169914277932302
2770,0.2622341394342255,0.30651782105757297,0.24073731584640054,0.30883080779552025,0.20514156870893613,0.3169894087493909
2771,0.262233681456943,0.3065182108694894,0.24072719148095256,0.3088234940822577,0.20513103154547183,0.3169836618181049
2772,0.26223325642570694,0.3065152457652885,0.24071589757328163,0.30883020707663383,0.20510850183166357,0.31700035404331195
2773,0.2622249752439583,0.30652313925213187,0.24070514985268315,0.3088250537462077,0.2050972680795493,0.31701008246653123
2774,0.26222353150671,0.3065205134184796,0.24068783056632104,0.3088218135171837,0.20508650345901733,0.31701230737250946
2775,0.2622187180767368,0.3065196424985451,0.2406806103790442,0.3088189252715815,0.20506462951347093,0.3170196265312891
2776,0.26221286181570097,0.3065139774995,0.24067629692442552,0.3088134367917709,0.20505550258948985,0.31701388589449897
2777,0.2622064026537247,0.30652780377225586,0.2406664825763624,0.30883316286693424,0.20503593276022009,0.3170151115395004
2778,0.2621992842732815,0.30652333582007146,0.24065784988626784,0.3088395431465707,0.20501714715547387,0.31705012423779255
2779,0.2621927205807603,0.306532942819517,0.24065197933382484,0.30883336934732525,0.20500548047030503,0.31703294008360783
2780,0.2621848574574294,0.3065387193284212,0.2406447066229541,0.30883773365012773,0.20498915296234627,0.31705147475043877
2781,0.2621844981743898,0.30653949473827546,0.24063882369767972,0.3088359707414232,0.20497215667276025,0.31705599870899714
2782,0.26217400282591663,0.3065394896918208,0.2406199035558673,0.3088399776920379,0.20496794805302757,0.3170580130321337
2783,0.262166444637964,0.3065340201552362,0.24061033415077474,0.30883104157918134,0.2049622706394785,0.317092541708886
2784,0.26216064788456733,0.30653549299669847,0.24060042840061405,0.308850170600969,0.20495972512033112,0.3170889663338296
2785,0.2621558341592149,0.30653372080276714,0.24059215185230895,0.30886505519888163,0.20494804338486616,0.31712368619002107
2786,0.26215262781232607,0.30654052277324173,0.24057978062834334,0.3088773524595767,0.20493759228450928,0.31714006890583446
2787,0.2621514025155993,0.30653876320639994,0.24056994578638757,0.30886621517726054,0.20490155772274926,0.3170828340462431
2788,0.262151207790726,0.30654023142672493,0.24055845789832658,0.30887779367508855,0.20487376365161375,0.31710426854546336
2789,0.26214565868991685,0.3065452777196047,0.24054655084886906,0.30888067373637884,0.20486399052532223,0.3171311641097923
2790,0.2621406017525462,0.3065392602820893,0.24053958702996195,0.30886589273449655,0.20486076180760063,0.31714285305109946
2791,0.26213362095013487,0.3065476313847797,0.2405367853378224,0.30890266832258273,0.20485007775648523,0.3171396890447629
2792,0.2621287345908518,0.3065450711134995,0.24053253267924715,0.3089086115071404,0.20483226877145383,0.3171904130507789
2793,0.26212545641022666,0.30654179737613835,0.24052599331377408,0.30889809948119423,0.20481924142280838,0.31717791411466184
2794,0.26212047316447323,0.3065426619161786,0.2405178343819853,0.3089082879219373,0.20480872980793347,0.317161791730519
2795,0.26211294808760793,0.3065462734194044,0.240500441226268,0.30891445213506297,0.2047824468650829,0.3171886217593653
2796,0.26210144538981434,0.30655037505819505,0.24048165540980873,0.3089102617086241,0.20474848167451767,0.31718298636324094
2797,0.2620913405648692,0.30655674244204456,0.24047287226331296,0.3089067772304383,0.20472827766869245,0.31718956231706125
2798,0.26208789700950313,0.3065650596854388,0.24046924458668711,0.30891044364155107,0.20471922833171521,0.3171778540953759
2799,0.2620799026213339,0.30656617119092583,0.2404560037104172,0.30889735089630965,0.20471585420931535,0.31717442573601295
2800,0.26207460172281244,0.3065623413239806,0.24044542963940474,0.3089040222264301,0.2047059107365841,0.31719172521654293
2801,0.2620681426605424,0.30656981703413005,0.24043654358754024,0.30891071859981994,0.20468644482761966,0.31718082188170643
2802,0.26206417574360946,0.3065713662845135,0.24043460552089221,0.30891515802892455,0.20467542885511616,0.3171781360604415
2803,0.2620601193520395,0.30657052753737674,0.2404234677651036,0.30889599168136767,0.20464779244686385,0.31717782114724713
2804,0.2620535200104806,0.30657182804156735,0.24041581225223688,0.3088996068987725,0.2046431055923789,0.3171838493225803
2805,0.26204686132514765,0.30657825741624023,0.2404115029632817,0.30889722754144894,0.20463372556117793,0.3172038026490379
2806,0.2620465068763537,0.3065778198395402,0.24040693243003006,0.30890645015491625,0.2046322342236256,0.31721925386029315
2807,0.26204150855912695,0.30658109626448954,0.24040516113989546,0.30890378625517045,0.20460609122025136,0.3171888342723455
2808,0.2620285614298621,0.30656438926923113,0.24039380262913526,0.30890922901391593,0.20459133208973665,0.31718477249127014
2809,0.262017630750034,0.30656613393326887,0.240386011765701,0.3089040339512124,0.20458012859817964,0.31718618263907256
2810,0.26201113740857557,0.30658890755665924,0.24037336875063808,0.3089253877965744,0.20456809597227837,0.31720065994261964
2811,0.2619995590071607,0.3065726496369018,0.24035824986972457,0.3089147526826115,0.2045621904776376,0.317189243091951
2812,0.26199546357039,0.3065700740342437,0.24034399850495072,0.30890968616813763,0.20455761289080293,0.31718860026206624
2813,0.26198935904038895,0.3065711885614344,0.24034007851880806,0.30890884030971183,0.2045382969433511,0.3171974279331314
2814,0.2619830591688133,0.3065794078929888,0.24033302593614958,0.30891066771436304,0.2045202205808504,0.3172049031091339
2815,0.26198270173184773,0.3065789483467214,0.24032103608695354,0.30893349473347814,0.20448808722949038,0.31720748536589255
2816,0.2619811170286041,0.3065764950166234,0.2403050046184995,0.3089146278760064,0.20447213862488742,0.31723639868017317
2817,0.2619773698068359,0.30657752221643636,0.24029923282474455,0.3089045779707986,0.20446617694843683,0.3172370434454355
2818,0.26197710580278133,0.3065784207891579,0.24029287472137195,0.308908142666197,0.20446255679094988,0.3172511745145378
2819,0.26197190458977115,0.3065790079108878,0.24028806528661795,0.308908339883264,0.20444792440418835,0.31722557257832334
2820,0.26196850572144587,0.306579887069328,0.2402864177005792,0.3089053642487405,0.20442721080809692,0.3172564889301124
2821,0.2619570701185175,0.3065617524664061,0.24027861054630642,0.30889080015097103,0.20442374937981675,0.3172626360041261
2822,0.26195327453234296,0.3065633432037697,0.24026422509864262,0.3088863517605433,0.20440870795460872,0.31725020478040666
2823,0.2619446740277443,0.30657176831556765,0.24025786582038763,0.30888094305803826,0.20439637958557558,0.3172314990784677
2824,0.2619408628407071,0.3065739285428929,0.24024758047475206,0.3088814244235341,0.20439145843634735,0.3172291485598978
2825,0.2619398608600163,0.3065720619637989,0.24024023477352452,0.30889142054012547,0.20438313675887937,0.3172274491014745
2826,0.2619338224677945,0.30657317094890646,0.24023593239451455,0.3088899877174741,0.20437243689788584,0.31722402323357585
2827,0.26193040953511515,0.30657860385566577,0.2402279765505673,0.30888508119461944,0.20436976530545706,0.3172295459067652
2828,0.2619235002334741,0.3065787531827433,0.2402161101559706,0.30890170997462557,0.2043531133614759,0.317244945597347
2829,0.26191581117680957,0.30657020886417885,0.24020806955941182,0.30891689201489725,0.20434085888005465,0.3172435915550867
2830,0.2619131238298379,0.3065611913375953,0.24019920683368476,0.30892123562718304,0.20433015360894624,0.31728448197315046
2831,0.2619081493992145,0.30656097324070786,0.24018516686062402,0.3088992432722667,0.20431628050341932,0.317268804447792
2832,0.26190395795139154,0.3065639111543407,0.24017739998645676,0.30891190010097014,0.2043157177431596,0.31727862566764015
2833,0.26189924325751185,0.30656676162405644,0.24017528791406445,0.3089150017784375,0.20431069276754021,0.3172761788327624
2834,0.2618950943495454,0.3065755448868021,0.24016512052996192,0.3088959115191627,0.204296288468977,0.31731333791845
2835,0.26188771278664263,0.3065647435620027,0.24015523893239338,0.30888656563822453,0.20428951607207466,0.3173274561362314
2836,0.26187882397439666,0.30655961658500935,0.24014777751143437,0.308893291409572,0.20427476982669698,0.3173384140193491
2837,0.2618665698675414,0.30656663271250795,0.24014430161064604,0.3088843607817936,0.20426936213207603,0.31732863359907676
2838,0.2618615405978877,0.3065635023125944,0.24013349590166208,0.30889019411864915,0.20426153379709616,0.31733288979760954
2839,0.26185351143854774,0.30656387188696516,0.24012545093895293,0.3088845190804193,0.20424673834662108,0.3173425233937846
2840,0.2618458872603399,0.3065554523670689,0.24011736947086246,0.30888854414820427,0.20423699418568034,0.31736521978130317
2841,0.2618435112642754,0.3065555294680373,0.24010879388078235,0.30888703764506625,0.20422066253490387,0.3173792091685211
2842,0.26183572138655736,0.30654782127217467,0.24010523113858281,0.3088842075179422,0.20420957366530282,0.3173791671288693
2843,0.2618336006424901,0.3065529101962538,0.24009914689396963,0.30889632893970664,0.20420245958695835,0.3173790661214168
2844,0.26182749722677956,0.30657197127078034,0.24009116967668745,0.30889918488726853,0.20418623092832489,0.31737763387512785
2845,0.261823796078903,0.30656695914783033,0.24008445676063628,0.3088944803268957,0.2041746799998393,0.3173577826494673
2846,0.26182212844645875,0.3065701265611327,0.24007817497273948,0.30889930152572687,0.20415273209972187,0.31736042668014375
2847,0.26181561564112915,0.30656849076141457,0.24007007254396937,0.30889324593521567,0.20414680366324203,0.31736463231678075
2848,0.2618152636090537,0.3065680509003937,0.2400547198039746,0.3088945600515113,0.2041309987167842,0.3173729596457075
2849,0.26181152219402015,0.3065824374334268,0.24005437032716737,0.30890115086754316,0.2041160323017461,0.31738673059536365
2850,0.2618022774846165,0.3065900167357643,0.24004800994654638,0.30889609853929584,0.20410655911138476,0.3173800034966562
2851,0.2617953967916845,0.3065950389562901,0.24003928538286023,0.30888616452915596,0.20409049576283853,0.31737040641138553
2852,0.26179038396837345,0.30659308543539604,0.24003064056888065,0.3088866994134914,0.20406838457679977,0.3173759679428099
2853,0.2617831844669156,0.30659197280322575,0.2400234277463675,0.3088836332309701,0.20405816388655476,0.3173785281176707
2854,0.2617794423874895,0.30659354393830196,0.24001195926452015,0.3088846835742958,0.20404851990118966,0.31736064592828755
2855,0.2617696734878764,0.3065948602702891,0.24000467362554284,0.3088856070124869,0.20404226427078737,0.31735920860908373
2856,0.2617641549365308,0.30660194246346745,0.23999456814785952,0.3088709862153262,0.20402308463137514,0.31738051554335783
2857,0.2617637961232161,0.30660265100126255,0.23998612137331451,0.30888192354587907,0.2040032724024564,0.3173957405598399
2858,0.26176123165428944,0.3066045703624141,0.2399801835436066,0.30891652227956573,0.20399288627708612,0.31740395724632314
2859,0.2617557066974478,0.30661919897059237,0.239965273261225,0.3088947074530516,0.20398795653089294,0.31740792156616465
2860,0.2617553494946948,0.3066199049751092,0.23996130359994775,0.30889145414768876,0.20396075302715666,0.3174001934001918
2861,0.26175055168483596,0.30662642111849436,0.23995302227912044,0.30889257856120866,0.20395006549735917,0.31742854484850086
2862,0.2617414496718988,0.30663038164961887,0.23994288591810164,0.3088566874991964,0.20394586784146887,0.31741815411258684
2863,0.2617353699871872,0.3066275738112651,0.23993847375786267,0.3088515882124244,0.2039343981246502,0.31741860793677806
2864,0.2617245912690721,0.30663234477414836,0.23992607887216566,0.30884969436400245,0.20393282467629634,0.3174188313901061
2865,0.2617155229956745,0.30663331370628216,0.2399180066847083,0.3088444145789183,0.20391610368294322,0.3173980684994602
2866,0.26171414677120364,0.3066352694450863,0.23991140197248373,0.3088436351506103,0.20391051687884745,0.3173962062532199
2867,0.2617097328411798,0.3066334202199294,0.23990369757990493,0.3088499993361104,0.20390628781645442,0.3174027978647574
2868,0.26170534656954103,0.3066356427443877,0.2398922119740676,0.30884666634920893,0.20389847461995855,0.31738878395545145
2869,0.26170500101185284,0.3066352165719889,0.23988841539575878,0.3088427438149452,0.20388163546462607,0.31741487356697135
2870,0.2616978893737396,0.30662959275396834,0.23987592293320759,0.3088439912110428,0.20387296451102202,0.31740263008268205
2871,0.2616891023086782,0.3066245046469212,0.23986554294053522,0.30884054310020087,0.20386460990214852,0.317403055445155
2872,0.2616860213680114,0.30662396078212023,0.23985069831700265,0.308839427230418,0.2038592325355568,0.3173980311898557
2873,0.2616798231462537,0.30662287467209826,0.2398343956285349,0.3088435513752331,0.2038525272064247,0.3174010604324795
2874,0.26167288561383234,0.30662953351901623,0.23982879464925463,0.3088464787463612,0.2038339666085409,0.3174017881682313
2875,0.2616638326647,0.306625268409642,0.23982347603268503,0.30883969696112884,0.2038079038712711,0.3173975041531629
2876,0.26165919712355057,0.30662265784984244,0.2398150888439085,0.3088457616013253,0.20379622710295497,0.31737519285790394
2877,0.2616555713035809,0.30662392874990607,0.23980559625873682,0.30885361563368663,0.20378531387184246,0.3173773514474918
2878,0.26165451861803474,0.30662498142191874,0.23979948270338947,0.30885083648344647,0.20377414581413353,0.3173833951295454
2879,0.26164959433179913,0.30662336955868613,0.23979775774242235,0.30885093432468724,0.20376875960057278,0.3173848928877068
2880,0.2616439753686122,0.3066224199382899,0.23978693412177107,0.30885564906261964,0.20375523758868266,0.3173754257164366
2881,0.26164315276335165,0.3066214050196399,0.23976751938294363,0.308849695924042,0.20374391514936713,0.31739530944626443
2882,0.26163961229401267,0.30662275067106065,0.23976389460408512,0.30883946374512233,0.20372652675588115,0.3173850087718225
2883,0.26163331379314386,0.3066195333393951,0.23975242388165455,0.3088428050306152,0.20371660192744,0.3173918483468514
2884,0.26162564728503973,0.30661648117282675,0.2397371720708314,0.30883700149782894,0.2037094391432981,0.31738410883467655
2885,0.2616210436572226,0.30662073727438316,0.239730394141598,0.30883653360732444,0.20370239218111755,0.3173952079888
2886,0.26162073555273996,0.3066209033049336,0.23972062760971527,0.3088270549402752,0.20368617782063753,0.31741524734303966
2887,0.261617020847139,0.306623653348873,0.23971377996746995,0.30881559112179896,0.2036760727594282,0.3174123525711482
2888,0.26161218337945147,0.3066217705023494,0.2397064062392545,0.3088221277474218,0.20365366045794547,0.31739525828826354
2889,0.26160206794820823,0.3066129838565635,0.23970255668330162,0.3088181476812231,0.20364416508072183,0.3173848143307179
2890,0.26159852522080645,0.3066127446359349,0.23969255905752263,0.30880145975391904,0.2036314727260949,0.3173921671146969
2891,0.26159145412155027,0.3066244317474128,0.2396819314026151,0.3088174675151946,0.20362189573663422,0.31739777772523786
2892,0.26158690468636947,0.3066216732905339,0.23968065894670887,0.30882257219155884,0.20361428689420036,0.31740404309003917
2893,0.2615847352036844,0.3066201120180985,0.2396717155130361,0.30885201661715045,0.2036086410809623,0.3173987744451105
2894,0.2615834527832291,0.3066166149007921,0.23965707635677605,0.30886420789623886,0.20359360949748068,0.3174035804984303
2895,0.26157694559532313,0.30660233912543694,0.2396430531841973,0.30886240728580305,0.20358497011183369,0.3174274058078042
2896,0.26156879177122727,0.30659773764661225,0.23963217117898378,0.3088597400524402,0.20356434371787407,0.31741637236350995
2897,0.26156255958174435,0.3065836228061456,0.23963085473817636,0.30886238555241274,0.20356035135295694,0.3174077572772229
2898,0.2615569350532218,0.3065927282237172,0.23962326112098412,0.3088557408913995,0.20355241108439578,0.3174047134332772
2899,0.26154826364717687,0.3065922153700527,0.23961913139756652,0.3088509809089302,0.20354685124885208,0.31741330397657486
2900,0.2615436727776554,0.30659084896988564,0.23961430232152398,0.30882849451959715,0.20352962222793702,0.3174212372239867
2901,0.2615371377290396,0.3065922500084011,0.2396122764153028,0.3088361131079293,0.20352611214588442,0.31742226566064746
2902,0.26153467289469523,0.30658333908933727,0.2395993266032774,0.3088268930323019,0.2035173504270195,0.31742913701090053
2903,0.2615255421996187,0.3065750369335472,0.23958753774067493,0.30884447722227265,0.20351265312974612,0.31743009451663534
2904,0.261517017789167,0.3065697397171025,0.2395840327636181,0.30885463877676156,0.20350810079983483,0.3174270531161427
2905,0.26151602432053134,0.3065673928028071,0.23957855199027153,0.3088571483478383,0.20350315399760974,0.31742364543064383
2906,0.2615093673644529,0.3065647788060531,0.2395684224289122,0.3088771319630162,0.20349320289659809,0.3174182868918806
2907,0.2615041067473087,0.3065671724190097,0.2395556025355711,0.3088742557603734,0.20347939901347403,0.31741423135265817
2908,0.2615013002574127,0.30655828342615676,0.23955242298513574,0.3088714065403695,0.20346406917664375,0.3174208103716518
2909,0.2614946975355385,0.3065522501333469,0.23954983918177156,0.3088645576952619,0.2034510189889861,0.3173969606945429
2910,0.26149242960164076,0.3065531612160249,0.23954420815226887,0.3088762645295807,0.20343847363786446,0.3173949440565508
2911,0.26148513444693205,0.3065397207736941,0.23953537689822527,0.308858355347592,0.20343658660677832,0.31738404707062057
2912,0.26148478351083004,0.30654040735840093,0.23952841248889722,0.30885350705317466,0.20342123440561377,0.3173561156702767
2913,0.26148217734499696,0.30653741215872193,0.2395176647845914,0.308854338668604,0.2034151299032864,0.31735104447745
2914,0.26148017330400924,0.306535745043827,0.2395118026916111,0.3088579187494826,0.2033983051553541,0.3173379027235523
2915,0.26147955928799155,0.30653809717755187,0.23950520451416699,0.30885633460939654,0.20339059476498267,0.3173338057318445
2916,0.2614755867856712,0.3065284991643121,0.2394988948991598,0.30885851918516816,0.2033799904696649,0.31733522113167467
2917,0.26147523780823656,0.30652848446476105,0.23949214731087567,0.3088595624677413,0.20337392500556775,0.3173371928979359
2918,0.2614688752650503,0.30653822303002126,0.2394770179859827,0.3088671160822844,0.2033698492556978,0.3173515452612584
2919,0.26146000512248957,0.30653503580808517,0.23945947271055096,0.3088811152166737,0.2033494546412297,0.3173780970050566
2920,0.26145584939039707,0.3065441222770086,0.23945717851262605,0.3088948758322061,0.20334300241705938,0.3173886687374405
2921,0.2614466749280778,0.3065380255634146,0.23945255083228492,0.3089009496270082,0.20333557828964072,0.3174002603898122
2922,0.26144130562791,0.30653427076189477,0.23945026748638348,0.3088931891250144,0.2033106882414628,0.3174073823871944
2923,0.26143143217856707,0.30653664516393275,0.23943636732733098,0.3088971908491195,0.2032880817583916,0.317378478034805
2924,0.261418823601407,0.3065203184254329,0.23942633392123108,0.3089056487172066,0.2032735751715826,0.31738109272423126
2925,0.2614167362377047,0.30652117565345743,0.23942051698609068,0.3089111807188951,0.20326012273924418,0.3173713667255223
2926,0.26141288795087286,0.30652587980839535,0.23940934520298587,0.30890695164454324,0.2032570772921719,0.31737719033702483
2927,0.26140665557628834,0.306518792670881,0.23940237158796676,0.30890696321170213,0.2032461160843909,0.3173771033266695
2928,0.26140119106082954,0.3065168802263834,0.23938314279892078,0.3089113209832598,0.20323709704653398,0.317389897476007
2929,0.2613924141151115,0.3065192622157558,0.23936856869471038,0.30890967899408733,0.2032298160529617,0.31741115016167815
2930,0.26138552119977954,0.30652316740391455,0.2393672547887074,0.30890541962014323,0.20321832963745123,0.3174336422970959
2931,0.2613786350366851,0.30653458564857455,0.23936441347725404,0.30889979090879993,0.2032133757298732,0.31743146644403214
2932,0.26137159013122624,0.30654690127379947,0.23935772836412045,0.3089151365398915,0.20318513439174962,0.31747197567206065
2933,0.2613649181478178,0.3065549067784756,0.23934799857822203,0.30892273135687925,0.20318404836334455,0.31747113312438874
2934,0.26135762008078295,0.30655332903206733,0.23933409158561225,0.3089254696270655,0.20316531591443118,0.3174626019544764
2935,0.2613536934983184,0.30655633413687977,0.2393253291001442,0.3089189322318719,0.2031510416807065,0.31748044799923725
2936,0.26135042535917224,0.3065576022490708,0.2393125532003893,0.3089141139364417,0.20312427544205164,0.31746625581265214
2937,0.26134031522056583,0.3065389461577501,0.2393036728298576,0.3089229012561789,0.2031192533606478,0.31745216524746606
2938,0.2613351125077843,0.30653146682673055,0.2392866171143188,0.30889394936565506,0.20310262825574515,0.317444721064424
2939,0.26132957760141934,0.30653090378004966,0.23927395380290242,0.3088866403060934,0.20308623362240863,0.31742909034709593
2940,0.2613252674466865,0.3065288249492247,0.23926439382670223,0.3088960917546513,0.20307453016304552,0.3174349768691318
2941,0.2613202336073911,0.306525048449308,0.2392571514143623,0.30889995374810986,0.2030630602364687,0.3174388875370718
2942,0.2613144067731968,0.30652194621097817,0.23924947182200432,0.30891576502652907,0.2030501325259578,0.3174365899788173
2943,0.261310669785339,0.3065221052670112,0.2392407949832547,0.3089182467906681,0.20303069510165936,0.3174506057485871
2944,0.2613011764468383,0.3065172653439695,0.23923300975015024,0.3089216419409853,0.2030150958095789,0.31742784175440286
2945,0.261294763822863,0.30651534248384305,0.23922544599153497,0.30892174026238195,0.20300278369020572,0.3174468016031365
2946,0.261290711675572,0.3065129544379949,0.23921791508383994,0.30892230100917295,0.20299237332035083,0.317454749579009
2947,0.2612869355241941,0.30650332127775815,0.23921081070866665,0.30895278891708094,0.20299104549807306,0.31744845385162174
2948,0.2612820954958279,0.30649620047622206,0.23920075868558033,0.30895586196556246,0.2029726230783056,0.31744245372400204
2949,0.26127590187841065,0.3064909668693085,0.23919403867946654,0.30897681072134126,0.20295938260206137,0.3174581767981532
2950,0.2612688007720394,0.30648435922499445,0.23919121741707175,0.3089722354705043,0.20294783960695137,0.3174783616287017
2951,0.2612620759517727,0.3064893607732523,0.23918533518125112,0.3089813964532579,0.20293297896262083,0.31747454345341014
2952,0.2612587960019063,0.30649209850567694,0.23918067187041914,0.30898763612580765,0.20292310741263253,0.31749708169406976
2953,0.261258683487958,0.3064932716495626,0.23917412800116725,0.30899380925618036,0.20291812282699123,0.3174992168613495
2954,0.26124985000410544,0.3064919592001272,0.2391663194872898,0.3089966300639244,0.20290996320628973,0.3174892858039217
2955,0.26124565651868054,0.30649309480511777,0.23915991069238102,0.3090056494128413,0.2028982171077308,0.31748165852586585
2956,0.26124071799597803,0.3064961089025426,0.23914739499024154,0.30901504797311635,0.2028714213632324,0.3174769661257043
2957,0.26123717981533373,0.306496779472802,0.2391355772194767,0.309018001595219,0.20286402296368375,0.3174801433066293
2958,0.26123093928353597,0.30649640917369847,0.23912779804596804,0.3090143827364368,0.20283970505780677,0.317481248587577
2959,0.2612236569200135,0.3065009066936788,0.23911597425245806,0.3090257030532679,0.20281911587267343,0.31748654810072185
2960,0.2612196253526215,0.30650519296232326,0.23910897536598727,0.309021637528597,0.2028080777870856,0.3174978852974946
2961,0.26120992013305017,0.3064881288215686,0.23909294950522988,0.3089992566072431,0.202788716415352,0.3174755137351556
2962,0.2612047795624733,0.30648622976179696,0.23907873306771382,0.3089998008226661,0.20277997906634726,0.31746918567352267
2963,0.26120020890820805,0.30648304810309396,0.2390649966833269,0.30901434020312624,0.20277188908843566,0.3174820400786815
2964,0.2611904234551674,0.30648430403861715,0.23905214055793983,0.30902135485182775,0.20273869243421566,0.31747847425698456
2965,0.26118115798885166,0.30648410803365345,0.23904926280141708,0.30902263542433217,0.20271443831231245,0.31749342924792556
2966,0.2611745181369267,0.3064734332139316,0.2390455488750317,0.3090232844528692,0.2027026916785169,0.3174885016702567
2967,0.26117002901172404,0.3064723254370841,0.23904201312065018,0.3090386831792271,0.2026866274419117,0.31752648875895767
2968,0.26116424905978286,0.30647557045336826,0.2390334732755586,0.30903183450276694,0.20267282328744032,0.3175152065002065
2969,0.26116170272265343,0.3064708933767587,0.23902896782757366,0.3090328040474662,0.2026657039659013,0.31751209048391904
2970,0.26115166021543584,0.3064681544775773,0.23902258950265878,0.3090323401027068,0.20265104959944363,0.3175271501324902
2971,0.2611437263987464,0.3064672615445491,0.23901948964027692,0.30903067065814954,0.2026424162245155,0.3175174815164522
2972,0.26113802145770537,0.30646945318659125,0.23901225944787588,0.30904082602293576,0.20262970391483182,0.3175094451474411
2973,0.2611342859009695,0.3064635466337618,0.23900864578521105,0.30904540272714187,0.20261821077818185,0.3174715040527039
2974,0.2611258061550652,0.3064582329109087,0.2389986006648367,0.3090429384785839,0.20259944943137315,0.3174661770128552
2975,0.2611208556327021,0.306459169551807,0.23898766798315385,0.30904366086644447,0.20257285180625528,0.31744761371941094
2976,0.26111725839522687,0.30646125648881833,0.238982894524169,0.30905497740128474,0.2025584340715456,0.31744572700923646
2977,0.2611145648676625,0.3064521841519261,0.2389769483173265,0.30908834623074627,0.20254424554535366,0.3174433499527654
2978,0.26110930142682903,0.30645202357407264,0.23896260211730577,0.3090719328030575,0.20253538682860775,0.31744778489043113
2979,0.26110237210078235,0.30645029684581243,0.23895966832870277,0.3090681846111799,0.20250213264370004,0.31744854914949383
2980,0.2610975865349634,0.3064487957910344,0.23895322356970053,0.3090587285600715,0.20248314444054516,0.31743723407298013
2981,0.2610941851153148,0.3064429498593534,0.23893737228451137,0.3090464686063394,0.20247652593257298,0.31743498387809893
2982,0.26109400757094015,0.3064431524279814,0.23891690597357101,0.309061499476084,0.20246738826732094,0.31744480127332897
2983,0.26109154846076954,0.30644525608005196,0.23889892741334404,0.30903753702896536,0.20244834655327773,0.3174630420436294
2984,0.2610879180053946,0.30644671179278715,0.23888908974600906,0.3090182574567554,0.2024323087784633,0.31746312320968845
2985,0.26108766966362834,0.3064475723823335,0.23888257376558533,0.3090235234018702,0.20241832401659704,0.3174618155791799
2986,0.26108268936979007,0.30644385131624435,0.2388701245910751,0.3090142497118113,0.20239944205520843,0.31747994547763553
2987,0.26107998477534694,0.30643493060755933,0.2388634678114225,0.30901191023860913,0.20238441184342762,0.31747458134462975
2988,0.2610749206201553,0.3064300028586907,0.2388556905807646,0.3090179558021092,0.20237879472606993,0.3174731484820144
2989,0.2610715259295458,0.30642984837193915,0.23884784786811325,0.3090192841954311,0.20236985882629865,0.31746691468472416
2990,0.2610654459771092,0.30642625456097955,0.23884041520962618,0.3090437985165938,0.20236221557638287,0.31744793751347483
2991,0.2610638942373276,0.3064194463101446,0.2388314984032719,0.30903959303635065,0.20235721211410057,0.3174508502308392
2992,0.2610551156517637,0.30641148871321144,0.23882130321226105,0.30903546695494727,0.2023271075250672,0.31747072086171285
2993,0.2610508855865451,0.3064220273827167,0.23881789015733412,0.30902555901426576,0.20232036367237247,0.317502179501026
2994,0.26104490926183593,0.30642237019620333,0.2388106350643217,0.3090192350927685,0.20228755030995857,0.3175288140914607
2995,0.26104006135294205,0.3064202484031322,0.23880185605544635,0.3090344647862652,0.20228322269159915,0.3175681197190621
2996,0.2610379997523082,0.30642105786054624,0.23879896603811446,0.30903501862109795,0.20226128195854345,0.3175708860190817
2997,0.2610326525710168,0.3064224989589326,0.2387899927286122,0.30904486819912086,0.20225718582269234,0.31756967409172654
2998,0.26102828112501514,0.3064116821529204,0.23878599164324152,0.30903771124155127,0.20224888158138707,0.31754614296963535
2999,0.2610239910261786,0.3064194524748232,0.2387769575345511,0.3090523448083125,0.20223444881233676,0.3175512758794893
