rf,catboost,knn,actual,fold
1.2883326665768393,1.3203587723591768,1.244,0.9,1
1.2087997376541877,1.204729534775276,1.0872,1.0,1
1.2240475795942953,1.2355471238637374,1.148,1.3,1
1.220815654229902,1.2758845261165368,1.2491999999999999,0.8,1
1.2778317067915936,1.2654183706632816,1.2032000000000003,1.3,1
1.1218761588702861,1.186165857509084,0.9119999999999999,1.0,1
1.140961287599083,1.1741776815639047,1.0,1.1,1
0.5177806526220402,0.5128859814761215,0.43920000000000003,0.6,1
0.9313889180520774,0.7546370609132915,0.664,1.2,1
0.5261760175067296,0.5060982568455181,0.5808,1.0,1
0.6309785241808634,0.7200944223759966,0.66,0.6,1
0.6897861600962504,0.6741873538389427,0.672,0.4,1
0.5451059313760378,0.5369335925605387,0.5272,0.2,1
0.542913723584401,0.558448419838624,0.5144000000000001,0.4,1
0.44781404812240766,0.5002672201135117,0.512,0.3,1
0.4678971956339126,0.46808875835525815,0.52,0.4,1
0.3053117671683549,0.24785945718432945,0.324,0.4,1
0.5439492844352979,0.5561362518552871,0.528,0.3,1
0.5432818195863783,0.6255832575312859,0.584,0.8,1
0.46578353194337213,0.42846895353224274,0.41,0.4,1
0.3602136270047,0.34259594443288355,0.348,0.2,1
1.2141261453195833,1.2635254755877625,1.2079999999999997,1.6,1
1.1919687340190215,1.265764439407136,0.9359999999999999,0.4,1
0.8379893528059751,0.8080365808304908,0.72,1.0,1
1.2862413916149842,1.3045569986353425,1.1284,2.5,1
1.752619889179197,1.7987143313159113,1.656,2.0,1
1.3480933142771752,1.442596399834543,1.0599999999999998,1.9,1
1.2060918863702361,1.1131542436608899,1.156,1.2,1
1.1023271252876385,1.1068090807610163,1.1199999999999999,0.6,1
1.008174178447518,1.0122380420793915,1.0116,0.5,1
0.977587138181518,1.0158840324990854,1.0020000000000002,1.2,1
1.33835634771087,1.3017568930336085,1.4340000000000002,0.8,1
1.1031312175060566,1.1216633048382458,1.3559999999999999,0.8,1
0.8781074598197476,0.8509330884308903,0.9523999999999999,0.6,1
0.9011909563665154,0.8726150112451121,0.9996,0.8,1
1.6107164137652188,1.5797166477753095,1.5639999999999998,1.7,1
1.5377650693169194,1.5518195594241373,1.5239999999999998,1.4,1
1.5804668177283958,1.5100493057446507,1.3960000000000001,1.1,1
1.6063232540796646,1.7432417503297395,1.4880000000000002,1.7,1
1.8367239782838884,1.8555204904384188,1.9747999999999999,1.1,1
1.4912697955259409,1.390540672593027,1.452,2.2,1
1.5915245005918939,1.668959929656224,1.5992000000000002,2.0,1
0.6617670041607038,0.5795748694932324,0.5112000000000001,0.4,1
0.6360751450703315,0.5598829727056722,0.45559999999999995,0.64,1
0.5949704797580222,0.5517777919292112,0.602,0.6,1
0.7255701797002925,0.6936395602359243,0.7559999999999999,0.8,1
0.7945387084641514,0.8550686193365203,0.7660000000000001,1.1,1
0.5738217933736872,0.5919832781644436,0.6,0.7,1
0.6441458307026657,0.6091419986455499,0.6,0.6,1
0.44367086054706345,0.4631918189063805,0.46799999999999997,0.6,1
0.4762758396804501,0.41060354884785644,0.436,0.2,1
0.42402722692313677,0.4139542987224875,0.4044,0.2,1
0.4757247496034581,0.4711366738359794,0.4568,0.7,1
0.4977048444507171,0.5035169472584792,0.49999999999999994,0.6,1
0.4566929731260732,0.42108869969301455,0.44920000000000004,0.6,1
0.48007804295446677,0.4719730517373258,0.5756,0.5,1
0.47831250623361865,0.5366622274555066,0.4464,0.6,1
0.5071245822013413,0.5059134377850925,0.584,0.5,1
0.37327048306473987,0.34394799697907336,0.4152,0.2,1
0.6203806941577079,0.7226144173329867,0.764,0.9,1
0.7932174264653804,0.7652850203487331,1.0,0.9,1
0.6925502675552201,0.6311698613982508,0.64,0.7,1
0.3559178015586789,0.37119111104321173,0.36,0.4,1
1.0882488800518066,1.0540252654840103,1.1188,1.0,1
0.9693055459057713,0.9805915448774689,1.0148000000000001,0.8,1
1.1147467468589103,1.1039483490156625,1.0759999999999998,0.8,1
0.9767736516662493,1.0698128688873665,0.9588,0.5,1
1.0670806850658936,1.0437265131692752,1.1032000000000002,1.0,1
0.9692612406069128,0.9500908128590149,1.0639999999999998,1.1,1
0.986105369456054,1.0162700667191793,1.136,0.8,1
0.7852951294879408,0.7719877825809649,0.716,0.9,1
0.8769547155137235,0.8142441088875212,0.7667999999999999,0.7,1
0.6256940849928396,0.6095727972433135,0.5932,0.7,1
0.7318862195005233,0.8251531424733902,0.6272,1.1,1
0.9169156651137718,0.981430687428517,0.9520000000000001,0.4,1
0.7376461847737311,0.6552542153552209,0.7824000000000001,0.6,1
0.6753751938031668,0.6743191469973561,0.6148,0.37,1
3.3928828307378676,3.3154913441929077,3.1959999999999997,2.8,1
3.5234789964904705,3.251429763608257,3.252,3.2,1
3.200241423189886,3.361617752230721,2.76,3.2,1
4.235569733478857,4.172110000001183,4.176,5.0,1
5.025668366623631,4.509271992061974,4.28,5.0,1
4.061965623534375,3.925743222222561,3.5440000000000005,3.2,1
4.230429516507702,4.018947191176512,3.608,5.7,1
0.8793658349033863,0.8439370145183392,0.648,0.7,1
0.8997439037474665,0.8901692786751004,0.9055999999999998,0.8,1
0.8838183506791567,0.8754349179095593,0.8428,0.5,1
0.9669015293330928,0.9708753036592533,1.0752,0.8,1
1.0202822670609346,1.0456322062509031,1.0452000000000001,1.6,1
1.0601117496865675,1.0203668266901882,1.228,0.9,1
0.848659983752058,0.9172044965304241,0.9,0.4,1
0.6042261342328513,0.6191955787004044,0.7240000000000001,0.9,1
0.6483278914541921,0.68610789401108,0.5227999999999999,0.6,1
0.679502702743476,0.7090000039067825,0.6056,1.6,1
0.8218393353401274,0.9758607038089353,0.7352,0.7,1
0.7983560472170536,0.8490848038696168,0.824,1.6,1
0.881158067835512,0.965687888787034,0.784,0.8,1
0.8293295573681033,0.7930241315838357,0.6560000000000001,1.1,1
1.8945739784826807,2.0040693970091183,1.84,2.8,1
1.97987871829679,2.0967013666227556,2.056,3.9,1
2.0356494899532103,2.117816561293079,1.9520000000000002,3.2,1
1.9807276310167785,2.246461314262804,2.264,3.8,1
2.068371373494981,2.250161057184817,2.6519999999999997,4.6,1
2.0467214167877215,1.8845563594468915,1.9760000000000002,2.8,1
1.9849817200834414,2.028746596273228,2.18,3.4,1
0.9409458531052203,0.9889315342370334,1.0839999999999999,1.1,1
0.9192859871301621,0.8463813494325036,0.856,1.3,1
0.8968950410131039,0.8146706660977034,0.812,0.5,1
0.8206777874802501,0.9687691448239275,0.7780000000000001,1.2,1
1.0543666510843834,1.0643929129189078,1.06,1.3,1
0.9239273540243228,0.9677425436827592,0.8960000000000001,0.9,1
0.8734890160661115,0.8630191744419389,0.7392000000000002,0.4,1
0.8792798744714353,0.857136920454343,0.9520000000000002,0.9,1
0.869213903420132,0.8518175637306373,0.7240000000000001,1.3,1
0.8457179046992458,0.8161343819867644,0.8480000000000001,1.3,1
0.9607313984869101,1.014370971929161,0.9495999999999999,0.6,1
0.8701233583537163,0.8854217739915807,0.8452,1.3,1
1.0029539203944517,1.0465728999030475,0.8588000000000001,1.2,1
1.0450375221457526,1.0354574943181951,1.1119999999999999,1.0,1
0.756858358439151,0.7448964434074772,0.76,0.6,1
0.6236495158873772,0.6282967378398191,0.6335999999999999,0.9,1
0.6397062360748942,0.6284642148552233,0.586,1.0,1
0.8509888346155776,0.9639475233852856,0.9184,0.6,1
0.88865157487669,0.8741281680961104,0.9511999999999999,0.7,1
0.599746447931455,0.5470469419313349,0.6572,0.5,1
0.6772661323375266,0.6097908595212703,0.7120000000000001,0.3,1
0.4498180002580612,0.47673823193451775,0.556,0.6,1
0.4664900574036496,0.49579163764168027,0.52,0.4,1
0.4855078169935801,0.5461945986898538,0.536,1.2,1
0.4482686263197204,0.47556172817270764,0.52,0.1,1
0.4405139148544628,0.5063199569155532,0.4348,0.4,1
0.39550577563971107,0.37894314890966996,0.28800000000000003,0.5,1
0.4106514741702832,0.4317909905198109,0.46,0.3,1
0.8572865226276135,0.834851857883767,0.8447999999999999,0.8,1
0.8332368936603854,0.8628362493029613,0.8216,0.6,1
0.8419734882930714,0.8336449439364607,0.7992000000000001,1.1,1
1.0241164290965445,1.065199340086949,0.9492,0.8,1
0.9994705613509005,0.999349182610025,1.0079999999999998,0.5,1
0.9635021698817616,0.9943079161360187,0.9228000000000001,1.2,1
0.9303067744032816,0.9893856805012196,1.1172,0.9,1
0.4825418896176217,0.47176085678014795,0.4756,0.4,1
0.48042219617125814,0.5146945539705423,0.4104,0.5,1
0.5351090976158381,0.5166710506880112,0.43839999999999996,0.0,1
0.6283434184847456,0.5428004056062596,0.494,0.4,1
0.5356198869960623,0.5506128594517645,0.5880000000000001,0.8,1
0.47720447744945943,0.43808547733643816,0.40800000000000003,0.4,1
0.4798806946045402,0.45311840623369404,0.5519999999999999,0.3,1
0.39847809232141573,0.3835110415641455,0.3868,0.3,1
0.46415206533780645,0.44271925868476786,0.46399999999999997,0.2,1
0.340219617263813,0.33100648328268045,0.392,0.3,1
0.5059977798825832,0.509611645079953,0.5479999999999999,0.7,1
0.4294425167483947,0.43978849157773314,0.5720000000000001,0.2,1
0.4261724199442816,0.366839995099362,0.4600000000000001,0.5,1
0.3267258517950903,0.3311712934543946,0.3559999999999999,0.7,1
0.49520344002545397,0.5000944294213256,0.5444,0.6,1
0.4926806999999067,0.48598082349010374,0.4,0.7,1
0.432689462820552,0.4040923781345729,0.436,0.3,1
0.6052104977234958,0.6175716677743597,0.648,0.3,1
0.58032415974048,0.6242200953818521,0.608,0.4,1
0.49382327984703606,0.45558651217443935,0.5396,0.4,1
0.40640321238980026,0.39391959608710664,0.384,0.4,1
0.3388907652729148,0.3319360363751371,0.43520000000000003,0.3,1
0.3407620204933245,0.33904349003084683,0.33520000000000005,0.0,1
0.33458452758136886,0.32344321903365714,0.35600000000000004,0.4,1
0.39409108181446245,0.3937804218117868,0.42400000000000004,0.6,1
0.41211402992657525,0.4191787237829579,0.4640000000000001,0.5,1
0.31485008174025975,0.3114031594540815,0.32799999999999996,0.4,1
0.49590307684109336,0.4195956278287971,0.392,0.5,1
1.1221834216235094,1.1485598065465,1.06,0.4,1
1.0043984101971477,0.9293536718115349,1.0348,1.3,1
0.9646152597582147,0.8425779750506912,0.8255999999999999,0.8,1
1.1860917449288702,1.2346491424567203,1.178,1.2,1
1.2140335903880963,1.2597144442422363,1.2808,0.9,1
1.084119172666082,1.0223530242438077,0.9279999999999999,0.8,1
1.088738255341986,1.02288174493357,1.08,0.4,1
0.8028197304465046,0.71761797041606,0.816,0.0,1
0.59554774771848,0.5910105565997364,0.4512,0.6,1
0.7165423691424442,0.640991774994937,0.5952,0.6,1
0.8233317824842916,0.8330123826576296,0.892,0.8,1
0.8993950126149165,0.8540492330458093,0.8960000000000001,1.3,1
0.7003785052578911,0.7538005415522113,0.7879999999999998,0.5,1
0.7241836555518161,0.6905006096494547,0.6679999999999999,0.7,1
0.8541882368820757,0.7310996575567048,0.8,0.7,1
0.854790317415163,0.7168782165397548,0.78,0.8,1
0.8622063442167244,0.7532141681123862,0.7639999999999998,1.0,1
0.8639078032527243,0.8105652496400421,0.6960000000000001,0.7,1
0.9385307584133773,0.8470973185200528,0.84,0.5,1
0.8571484179103873,0.6800888906551648,0.6920000000000001,0.9,1
0.8161749106636507,0.7346301733618698,0.7760000000000001,1.1,1
0.5095898786672249,0.5012045082359379,0.4271999999999999,0.6,1
0.6033732416672257,0.6187461705788289,0.58,1.0,1
0.5546602575879502,0.5557495212332315,0.47600000000000003,0.8,1
0.7099631738550319,0.7233289366293094,0.5112,0.5,1
0.7763311256744062,0.8107573576903216,0.7319999999999999,1.3,1
0.7602209968259265,0.7786595725808724,0.7,0.9,1
0.6473822929811284,0.6313344691389624,0.54,0.8,1
0.7795932683887332,0.6529889974306676,0.5920000000000001,1.2,1
0.9296109181650434,0.7255430458918721,0.7759999999999999,0.9,1
0.8074890721551515,0.7273389671147877,0.7112,1.2,1
1.1141425197061816,0.8667398504091759,1.088,2.5,1
1.5738970741172391,1.4065047567215672,1.544,1.8,1
1.1165263530051706,0.963156672820896,1.116,1.9,1
1.174619032511607,1.016744309340576,1.1640000000000001,1.5,1
0.49631858621095915,0.5622985700546024,0.456,0.3,1
0.4878444015558803,0.47578384993823636,0.508,0.2,1
0.37755611968037917,0.31606410778593663,0.4111999999999999,0.2,1
0.5509638057375529,0.6009311281724743,0.612,0.16999999999999998,1
0.5260991149539321,0.5174020073895425,0.636,0.3,1
0.4407432483251199,0.4379303393124481,0.5428000000000001,0.4,1
0.3313336677065602,0.31748838228167964,0.488,0.7,1
1.3423278340103275,1.2927258066545362,1.24,1.8,1
1.1452736957371266,1.2157953982568626,1.428,0.2,1
1.1180808735464323,1.0333567491031381,1.1320000000000001,0.0,1
0.9804205945637303,0.8577035512726285,0.632,0.0,1
0.8313917278265561,0.9086183908015151,0.7239999999999999,0.0,1
1.0407408392479904,0.8613908514646209,1.008,0.0,1
0.8891786949902648,0.8614715881984213,1.04,1.7,1
0.628552757559392,0.7043203674710405,0.7875999999999999,0.4,1
0.5707036433366149,0.5219588135652979,0.52,0.4,1
0.5595333975699479,0.562328458732535,0.6040000000000001,0.4,1
0.5865151005454114,0.6129663868631192,0.5760000000000001,0.8699999999999999,1
0.7276515730408557,0.8032175933118065,0.7672,0.9,1
0.5709778099446882,0.5517846498584693,0.496,0.6,1
0.6939542973775052,0.6867854502178015,0.5568,1.0,1
1.4528702194660843,1.0646231157719055,1.036,0.7,1
1.3300202634485296,1.1635396950287364,1.056,1.1,1
1.085663535737773,1.1007783321409752,1.0959999999999999,0.9,1
1.541715846133038,1.5296990901772367,1.5271999999999997,0.9,1
1.5879214101809664,1.5297139563250939,1.5908000000000002,1.5,1
1.4026522023904584,1.3144927612653428,1.2160000000000002,1.3,1
1.2687843124000469,1.017033554028355,1.544,1.3,1
0.4802638041410427,0.5138773395276017,0.45880000000000004,0.7,1
0.5401912870250197,0.5434136281776341,0.5228,0.8,1
0.5566435247420594,0.5685376041160782,0.5708,0.6,1
0.7191441337630653,0.6222255461362926,0.6919999999999998,0.6,1
0.8127616039796859,0.7702906126042111,0.648,0.5,1
0.6145666364991743,0.6333966179498917,0.522,0.9,1
0.7450984809888763,0.8049390177680771,0.6936,0.8,1
0.33375544368875676,0.23676969933336467,0.268,0.1,1
0.3091038751560393,0.30485049690931365,0.256,0.3,1
0.33671363083339273,0.34221188632000493,0.35200000000000004,0.4,1
0.39673579440208023,0.39116985749288785,0.41200000000000003,0.4,1
0.4066673556966128,0.42136049520402785,0.52,0.4,1
0.3135191837657185,0.31410187784097643,0.292,0.6,1
0.3746278475052059,0.3766570981264096,0.41200000000000003,0.6,1
0.4570014750987104,0.4196689970708785,0.42400000000000004,0.4,1
0.47206134355414664,0.40356543897783675,0.39599999999999996,0.7,1
0.4091985952184196,0.386571365840096,0.468,0.4,1
0.5601555817676463,0.5985229112948343,0.528,0.3,1
0.5769661520284476,0.600989507792945,0.5868,0.1,1
0.4364677913876538,0.3898116459205228,0.49160000000000004,0.2,1
0.3086283470392682,0.29928204025301997,0.31999999999999995,0.0,1
0.7436517655340229,0.6706452864152039,0.76,0.7,1
0.8103871064718575,0.6823260933419979,0.72,0.8,1
0.43316940356707,0.43445909921387016,0.4160000000000001,0.7,1
0.8502437513154409,0.9009254556262601,0.616,0.8,1
0.8721317135593855,0.8477294635809811,0.892,0.9,1
0.8389240879206312,0.7660999482100512,0.6960000000000001,0.7,1
0.8218849782991406,0.7236894258244774,0.824,0.8,1
0.5510125947335202,0.5281047159780821,0.552,0.9,1
0.5670515070962424,0.564877115237955,0.552,0.6,1
0.4414576939621925,0.43715355375534065,0.45199999999999996,0.0,1
0.6436091460290553,0.6119827698040283,0.612,0.6,1
0.6303488944091484,0.6242377191452809,0.74,0.4,1
0.49517847486645006,0.47137969394661833,0.4708,0.7,1
0.6963939866153467,0.6370835290100207,0.624,0.3,1
0.4571882985329098,0.46470001090100255,0.4808,0.2,1
0.3918076024658764,0.3909124291959738,0.368,0.1,1
0.39882170965268093,0.4041910690517708,0.40320000000000006,0.4,1
0.4966192111803624,0.4696306550320568,0.436,0.4,1
0.5074506113980252,0.4960730630035681,0.548,0.2,1
0.3775995374264337,0.3661938139222631,0.39959999999999996,0.2,1
0.5400274302616737,0.5024679452120286,0.408,0.3,1
2.3956921811093213,2.061066527631919,1.3263999999999998,1.9,1
2.400749806931769,2.2703821102568025,1.656,2.5,1
2.0362063215031805,1.6738396674271034,1.5055999999999998,2.0,1
2.2615510754528416,2.1645164547028104,1.7519999999999998,2.2,1
2.370798413067145,2.1874214024906844,2.14,2.5,1
1.7307487864467297,1.6783275581058832,1.64,1.4,1
1.6395844370513257,1.594199912150236,1.736,1.4,1
2.3602043912255275,2.3284683872023537,2.14,1.7,1
2.6135660549208772,2.3216804768524426,2.204,0.9,1
2.017458946246498,1.829295145407833,1.5992000000000002,2.1,1
3.1626118150823643,3.1232409422382967,3.2239999999999998,2.5,1
3.3924434964166994,3.376652177953095,3.3560000000000003,3.1,1
2.51673350903735,2.5045304257900303,2.528,2.1,1
2.4981437854533053,2.356565809910308,2.552,2.6,1
1.3389749288745347,1.3736459192592991,1.1600000000000001,2.0,1
1.4750164359965854,1.486354992558916,1.188,1.8,1
1.397364656486526,1.216892978841563,1.228,1.4,1
1.7949837799598833,1.7608236107415913,1.574,1.1,1
1.5661151290314625,1.546237306292932,1.2919999999999998,3.0,1
1.7834266485793724,1.7435928454910181,1.432,2.1,1
1.439057668262942,1.4093361347148146,1.3319999999999999,0.6,1
0.3588155976900895,0.28006896754906907,0.34800000000000003,0.1,1
0.32377384887042937,0.28257010276513084,0.3132,0.0,1
0.33806271385228454,0.30759073594146413,0.35519999999999996,0.2,1
0.40199547593554646,0.37348098136360963,0.4832,0.0,1
0.484786872636916,0.4289476679232451,0.4268,0.4,1
0.31812429532503195,0.2662095048745181,0.3339999999999999,0.3,1
0.3108279896588107,0.2916080052120139,0.376,0.0,1
0.5375596455272248,0.5154069122608238,0.368,0.5,1
0.5375355513904757,0.5344158464315849,0.46799999999999997,0.3,1
0.47812020367715613,0.45510430428813325,0.532,0.7,1
0.6424486046162606,0.6651250619231748,0.5760000000000001,0.5,1
0.6616080831926338,0.696778587277566,0.616,0.4,1
0.5409639277841224,0.5319148368625168,0.5207999999999999,0.5,1
0.5488773919531156,0.5770998240818691,0.5804,0.5,1
0.8765622402403405,0.998364974841768,1.088,1.4,1
1.3344943866508414,1.2900984558128394,1.28,1.9,1
1.6790221831885621,1.580587070820246,1.392,1.5,1
1.5907655818769644,1.3351565990054968,1.4680000000000002,0.8,1
1.1502856090175948,1.2158563299142398,1.432,1.9,1
1.6330263627710873,1.6674904843481113,1.8,1.4,1
1.5409430695842181,1.5471445163669637,1.588,1.1,1
1.1797587832379681,1.2493652998970632,1.06,0.5,1
1.0537946358470747,0.9916160699226546,1.0464,0.6,1
1.0716560981742935,0.9673673354360631,0.8880000000000001,0.9,1
1.1988708345432404,1.1722982016569299,1.1588,1.2,1
1.2344771091749664,1.2781388761494716,1.1728,1.4,1
1.1164524336057904,1.138614919570323,1.2599999999999998,2.2,1
1.258801623525539,1.4467824042277542,1.1159999999999999,1.8,1
0.5696641542260138,0.5719327376075656,0.41120000000000007,0.9,1
0.6339948888675302,0.6463114238868932,0.596,0.2,1
0.5537084695447577,0.582114238840405,0.62,0.9,1
0.6539746564346159,0.7418804758680235,0.7160000000000001,1.1,1
0.7162060295222509,0.8332999395241873,0.7112,0.1,1
0.531785222602423,0.5041879862023879,0.3848,0.8,1
0.5611305652381675,0.5830283903954866,0.5828,1.0,1
0.5269412374589022,0.4299582525000128,0.44079999999999997,0.4,1
0.43906763320841274,0.43087844164347916,0.4672,0.3,1
0.43158108914517346,0.42226860961595947,0.3752,0.4,1
0.49367443825657,0.5029414592521647,0.508,0.3,1
0.5151730602264154,0.5580816393843735,0.584,0.4,1
0.4362430704050503,0.4051393035157674,0.4699999999999999,0.5,1
0.42399509895365395,0.47280891028266503,0.36400000000000005,0.2,1
0.3806222787088065,0.3750616138313361,0.4104,0.2,1
0.3374820178704272,0.35427597669352984,0.38799999999999996,0.4,1
0.337281164918269,0.3440201882589628,0.368,0.4,1
0.4163588914514624,0.41124757520771676,0.43920000000000003,0.9,1
0.42016695883975896,0.49115541585574324,0.584,0.3,1
0.33658382433328876,0.3322445127510172,0.3652,0.2,1
0.3534201179649257,0.3667714678355709,0.36399999999999993,0.0,1
0.7918417087379136,0.8185574393349571,0.7228,0.7,1
0.8178166631169554,0.7416056934982318,0.664,0.2,1
0.8763062442558129,0.9375213164309268,0.6439999999999999,1.6,1
0.8543097083897423,0.9428626117434747,0.6988,0.5,1
0.9310955311635467,1.092451106804337,1.1348,1.8,1
1.089143969391111,1.1758901449495267,0.964,0.6,1
0.9524190465753198,0.9481562084744347,0.932,1.2,1
0.5990064359802898,0.6279661935939711,0.6320000000000001,0.1,1
0.49922112331048346,0.51306854885549,0.444,0.4,1
0.5254182003457495,0.5073263229445228,0.36,0.0,1
0.5663805798266174,0.5762852528580258,0.5468000000000001,0.5,1
0.7520042756219248,0.7753419174294333,0.8348,0.4,1
0.39506693475035104,0.30654293319317194,0.44799999999999995,0.3,1
0.47777676368281136,0.5193481099057414,0.6344,0.5,1
1.135780072700093,1.2042287788470403,1.3119999999999998,2.0,1
1.25695129227937,1.3995213413326164,1.244,0.6,1
1.1340020988932926,1.090560632567501,1.0152,0.9,1
1.276754812261497,1.295457407387718,1.224,2.0,1
1.5510170195860518,1.6585257401814548,1.4639999999999997,1.8,1
1.2505626933912886,1.3452718720976282,1.2280000000000002,1.3,1
1.2493709936544402,1.3720922476054103,1.1340000000000001,1.2,1
0.626970920503418,0.6070199883451048,0.5027999999999999,0.2,1
0.5662910884357639,0.5230246772018479,0.428,0.3,1
0.5065454289077187,0.5318430349753891,0.48400000000000004,0.6,1
0.6420572751377654,0.6331334567559956,0.5720000000000001,0.6,1
0.6538367012494984,0.6787002839813607,0.7347999999999999,0.9,1
0.6056777724644533,0.5818216197005767,0.524,0.8,1
0.6445754316776083,0.639660214670154,0.7239999999999999,1.2,1
0.38021660522496153,0.36702030548272635,0.35600000000000004,0.4,1
0.3961036175223923,0.3845246379420938,0.3312,0.2,1
0.35586069385041935,0.36947024959818925,0.41320000000000007,0.3,1
0.41458257463773046,0.4037896884533992,0.45640000000000003,0.5,1
0.42749189782557534,0.43569183103524234,0.512,0.0,1
0.33818697527565705,0.29258428094235733,0.40120000000000006,0.2,1
0.3407099715966402,0.35477233138001785,0.3552,0.6,1
1.3282475818405737,1.4149795584244043,1.348,2.0,1
1.4408442236848018,1.476155922205188,1.236,1.6,1
1.2153387092398704,1.1140671884411106,1.1336,1.4,1
1.5214587924243492,1.6503048731444958,1.8028000000000004,2.2,1
1.6776011353762441,1.7604796114486105,1.6976,1.5,1
1.3167275788819675,1.4316568372599852,1.22,2.2,1
1.3702986067151122,1.3723462245629032,1.2920000000000003,1.2,1
0.8639464941002905,0.806295836235363,0.6868000000000001,0.7,1
0.8533258175549857,0.8026534404995381,0.7188000000000001,0.9,1
0.87178564994886,0.8641529062594532,0.6908,1.0,1
0.8937374460263233,0.9961419282655297,0.8991999999999999,0.9,1
0.9623888997126212,1.0002209912083468,0.9632000000000001,0.3,1
0.7661957970713013,0.7171839197970958,0.6399999999999999,1.0,1
0.7915297399234053,0.8411188911520098,0.7267999999999999,0.9,1
0.4910649766146324,0.6572130680198103,0.44799999999999995,0.4,1
0.45963764710715954,0.41641777667692376,0.5319999999999999,0.4,1
0.5030850236329909,0.567200946817137,0.5479999999999999,0.8,1
0.6659990225507166,0.6847536082189601,0.8080000000000002,0.4,1
0.6105026674010123,0.596953538235028,0.6679999999999999,0.4,1
0.515325679311687,0.5553123110053753,0.5776,0.7,1
0.5651325328740758,0.6339546105596962,0.6200000000000001,1.1,1
0.43008658515245735,0.4104143857576307,0.42400000000000004,0.0,1
0.4442875669159868,0.3381977140931339,0.408,0.4,1
0.46679827682632824,0.4708310473350633,0.508,0.6,1
0.4871282146835595,0.5435253990505595,0.524,0.6,1
0.6151956984064653,0.6475486658431168,0.7707999999999999,0.7,1
0.47616882610742634,0.5380940722057841,0.468,0.2,1
0.48118792958593737,0.44432893425350933,0.5760000000000001,0.7,1
0.5129367332870549,0.5333754628486759,0.544,0.3,1
0.4777810532715307,0.4929946714419299,0.5319999999999999,0.4,1
0.5024543843571266,0.632886513203457,0.49920000000000003,1.1,1
0.7698122604845679,0.7646778336539366,0.78,0.7,1
0.8542220628626507,0.7147739398185172,0.6040000000000001,0.8,1
0.7315318949299582,0.6884116615362607,0.6080000000000001,0.9,1
0.9137361502402801,0.8058066649978398,0.8080000000000002,1.1,1
0.5088131654890965,0.4630943490266627,0.4644,0.4,1
0.4094718586408604,0.37575897483649257,0.4,0.0,1
0.37173385002261616,0.34615099632565755,0.3912,0.4,1
0.5528926299794544,0.5356861345685695,0.5463999999999999,0.5,1
0.4552278769599364,0.482812020715797,0.49999999999999994,0.3,1
0.3638669841209012,0.34373989420121975,0.39120000000000005,0.6,1
0.3530055474753481,0.34991035005272203,0.41200000000000003,0.4,1
0.3625114169715405,0.344425248360104,0.44,0.3,1
0.357433856253374,0.33334560668257013,0.34800000000000003,0.1,1
0.3459852056492363,0.29854660910811015,0.3552,0.2,1
0.4821168618497085,0.4891440893698535,0.5880000000000001,0.6,1
0.5173230760067672,0.5675211395488752,0.56,0.7,1
0.3487422617053118,0.2892626579337826,0.29600000000000004,0.5,1
0.3461222993185073,0.35774612230293246,0.412,0.3,1
0.5252128690913606,0.5653927090329129,0.46959999999999996,0.6,1
0.5124171881705095,0.5020252990810103,0.4628,0.2,1
0.547823360502513,0.6164322994827972,0.524,0.1,1
0.7550889042484665,0.7970817507566522,0.6948000000000001,0.8,1
0.7749376506863056,0.8165743773402825,0.7544,1.0,1
0.604186254734958,0.7046579874427253,0.552,0.4,1
0.47032799590547086,0.46843971047763827,0.4,0.4,1
0.5495147859505594,0.5119542550483782,0.628,0.7,1
0.5591846997016496,0.5308161500175315,0.52,0.4,1
0.5238753926804182,0.505875562374593,0.5160000000000001,0.9,1
0.6945108449413401,0.7770961128541883,0.6552,0.6,1
0.6861607227214822,0.7429818909409948,0.7040000000000001,0.7,1
0.49366308003111053,0.507103546887414,0.484,0.5,1
0.622925858745318,0.6423420553534849,0.636,0.4,1
0.30921324431433633,0.2706932112700918,0.31200000000000006,0.0,1
0.3960256507669948,0.39033875502261745,0.44559999999999994,0.3,1
0.32286915232543867,0.2588913153942346,0.40720000000000006,0.4,1
0.4208094000443205,0.48674565104583983,0.44,0.4,1
0.5014803061742171,0.5149623694859315,0.608,0.1,1
0.39360361297103563,0.35856741610595944,0.47279999999999994,0.4,1
0.43979831610741543,0.42690996097311845,0.4576,0.7,1
1.1512378371824452,1.214628207555455,1.1280000000000001,0.3,1
1.007924479109308,0.9669761210898216,1.0048,1.0,1
1.1849895276592406,1.1121481970580294,1.056,0.8,1
1.2708106678813558,1.302948814953762,1.3079999999999998,1.7,1
1.3810230778919632,1.4419884707841155,1.36,1.6,1
1.1652647375061511,1.13086555997476,0.9960000000000001,1.1,1
1.125500501213184,1.1268983043134768,0.8720000000000002,1.1,1
0.5013749725754363,0.5548904335752703,0.5559999999999999,0.5,1
0.5306552128729413,0.5773328192009973,0.52,0.4,1
0.37002976094687495,0.31496022242609023,0.36719999999999997,0.3,1
0.5958485540447856,0.6033770372184302,0.628,0.6,1
0.554019401437589,0.5639417383613471,0.644,0.7,1
0.41826882104546254,0.3899772661257362,0.43200000000000005,0.1,1
0.39154982763822993,0.3806910052923875,0.4588000000000001,0.0,1
1.221898060139965,1.2645101425185485,1.064,1.0,1
1.1661967023571405,1.2111874062167818,1.016,0.0,1
0.7396618396238416,0.7137276066537731,0.596,1.6,1
1.3935226420324351,1.4519372672994861,1.2435999999999998,1.6,1
1.3957991153526461,1.415818407763837,1.3159999999999998,1.4,1
1.171354911248282,1.1778340730761,1.0639999999999998,1.4,1
1.1188384461998473,1.0300389343927645,1.192,1.7,1
1.072078837964116,1.0230544920101845,1.1079999999999999,0.9,1
0.9837658326887335,0.9389549049055833,1.0512,0.8,1
1.0789495844881538,1.0536848051569865,0.9944,0.5,1
0.966139538638331,0.9610682731564464,0.9039999999999999,0.8,1
1.0297732584483834,1.0118257282640062,0.924,1.0,1
0.933934232944053,0.8923036645442196,0.8760000000000001,0.9,1
0.9062421291757933,0.899687178737095,0.9400000000000002,1.0,1
0.9575572986902311,1.02138594177384,0.94,1.3,1
1.2483693531620255,1.2073800492334277,1.2148,0.8,1
1.038571766512307,1.0923300704666223,1.09,1.7,1
1.649510763716726,1.6835032486789672,1.5075999999999998,2.0,1
1.5521579017703284,1.610327934103308,1.5963999999999998,1.5,1
1.2162642222041615,1.1982859907084527,1.232,1.3,1
1.3720220959561105,1.3760263181921253,1.1908,1.6,1
0.9304244577688737,0.9145783855666645,0.8628,0.77,1
0.7676482577499195,0.6838113629435878,0.722,0.2,1
0.7679371234084659,0.6892483328330485,0.6839999999999999,0.6799999999999999,1
0.9839567201961008,1.0329699745475638,1.122,1.2,1
1.0962270624192827,1.0526182510065532,0.9672,1.4,1
0.9504093946782727,0.9526809075315548,0.736,0.7,1
0.749633421235374,0.694729415756536,0.516,0.7,1
0.5838490922536482,0.6121962455096274,0.6244000000000001,0.7,1
0.6473705395663203,0.6130229210282128,0.612,0.4,1
0.46151378358657674,0.4555032612987582,0.44000000000000006,0.5,1
0.6581499305445032,0.6950289352216354,0.7639999999999999,0.6,1
0.6508935392571988,0.6736598111269863,0.7160000000000001,0.3,1
0.5169554557159457,0.49720688605366126,0.5524,0.5,1
0.47939767068039185,0.45953333404407043,0.44,0.4,1
3.871823627656883,3.7421701185071576,3.2239999999999998,2.5,1
4.0583934151100385,3.739336949718547,3.6479999999999997,2.7,1
4.0336629918296145,3.854274925409054,3.46,3.8,1
4.735591231641063,4.744503368281196,4.156,5.5,1
5.594075341130605,5.524923434529348,4.0760000000000005,4.4,1
4.3914735668253675,4.280859661190194,3.6359999999999997,3.9,1
4.621309537409369,4.604189270671737,3.816,4.5,1
0.4257804017985133,0.4292690047366535,0.37199999999999994,0.2,1
0.40544455105340516,0.39590866533862434,0.40399999999999997,0.7,1
0.39224490435714865,0.37508627956613355,0.424,0.3,1
0.45167013512822024,0.45678483261219316,0.4672,0.6,1
0.4664240697264623,0.49246917042647115,0.5068,0.8,1
0.40112620041550523,0.4100638574278244,0.35719999999999996,0.3,1
0.5257596003978777,0.6283624966834997,0.5943999999999999,0.5,1
1.0261625027568366,1.01557881995621,1.1656000000000002,1.1,1
1.086789070487861,1.0498539709260832,1.172,1.2,1
1.1398609587980415,1.0660350356273023,1.1056,0.8,1
0.9773767130659837,1.058638561644648,0.9924,1.2,1
1.2842394378041286,1.3662115177459029,1.1752,1.5,1
1.0777554062600698,1.0632388324885729,1.156,0.8,1
0.9812749671567641,0.9720629239166894,1.1296,0.3,1
0.4940697005071456,0.5229658061468558,0.54,0.4,1
0.48561259648628624,0.472725231004486,0.366,0.5,1
0.5222907701716482,0.49563160392378436,0.48800000000000004,0.3,1
0.5667996409417287,0.5641568403754551,0.54,0.8,1
0.5819977977040326,0.6425081055234183,0.608,1.0,1
0.41809613716524985,0.4690482803566557,0.4268,0.8,1
0.5922378963099171,0.6098126953072356,0.768,0.4,1
1.591744651676525,1.5757422994803028,1.6839999999999997,2.8,1
1.9182730810538287,1.8227982634060798,1.824,2.1,1
1.7141649801376404,1.6626937716968293,1.8439999999999999,2.25,1
2.007391330031274,2.0332960650563128,1.5432000000000001,3.4,1
2.0079981472820534,2.1035588626364854,2.316,3.7,1
2.0639384461925085,2.3122353095483206,2.1040000000000005,2.6,1
2.0386831324317205,2.20927181981553,1.8951999999999998,2.3,1
0.4828120095938747,0.4905735157040312,0.44799999999999995,0.5,1
0.3768200490134697,0.3512324383718576,0.32,0.3,1
0.405252726897525,0.38609602860844094,0.41600000000000004,0.7,1
0.6134508144979741,0.6791216746749169,0.684,1.2,1
0.7054312930620866,0.7720220450742004,0.6920000000000001,1.2,1
0.4937851095413588,0.46978056918514655,0.49199999999999994,0.3,1
0.4398670740855568,0.49061398490177205,0.528,0.5,1
0.7553437387089798,0.7489697714940898,0.728,0.5,1
0.7542506625807487,0.682729515944078,0.616,0.8,1
0.5838965255481121,0.5841995681998167,0.5851999999999999,0.7,1
0.766764877901623,0.8374503005490993,0.7252,0.8,1
0.847736822344685,0.8357845628789624,0.812,1.0,1
0.7676305146573189,0.7576297304346125,0.7143999999999999,0.5,1
0.6139262586014735,0.6080043562361817,0.596,0.5,1
0.550039512691734,0.532286819789392,0.4360000000000001,0.6,1
0.5455194984019293,0.5326987599423085,0.5108,0.5,1
0.48699166802638977,0.4696482154167076,0.46840000000000004,0.6,1
0.6725616031445992,0.7001226444287421,0.696,0.7,1
0.6582202995930343,0.678481910995717,0.7880000000000001,1.1,1
0.5976087684547501,0.6539211513069036,0.58,0.7,1
0.5170450931595256,0.4702124745742717,0.4439999999999999,0.3,1
0.4399715261263015,0.45323199875202125,0.528,0.5,1
0.44113885927874247,0.46581341111478525,0.524,0.5,1
0.454815967394865,0.48984499992120983,0.528,0.6,1
0.4136066558106299,0.3687118024406088,0.40399999999999997,0.4,1
0.4474865478202859,0.5168546536528129,0.41200000000000003,0.3,1
0.35039027088396657,0.33193585373199175,0.28800000000000003,0.5,1
0.39758414201775427,0.3906469142219465,0.436,0.4,1
0.39260166301428595,0.3913709319196524,0.4496,0.9,1
0.4853612445662222,0.5028320954294453,0.48400000000000004,0.1,1
0.48688390258146996,0.47565524626590405,0.37200000000000005,0.6,1
0.5123979543410666,0.5016850862728772,0.484,0.5,1
0.5013537249165974,0.506941865058671,0.596,0.8,1
0.47610691751896894,0.45805020891483644,0.35200000000000004,0.3,1
0.44504612153738615,0.4423231116485979,0.4828,0.3,1
0.597842930884199,0.5872309373267184,0.664,0.4,1
0.551263999817646,0.5623328709272222,0.4664,0.7,1
0.5782394628588645,0.5818103531242795,0.5539999999999999,0.4,1
0.7150293696695332,0.6576315449423238,0.7440000000000001,0.9,1
0.8055102400998302,0.7510986817317414,0.82,0.9,1
0.6589661994300215,0.6450994168874937,0.6232000000000001,0.4,1
0.5718650356912425,0.6064575227061918,0.5928,0.3,1
0.5622787775569184,0.5906179811229146,0.616,0.5,1
0.544889934916283,0.5429587644775723,0.496,0.5,1
0.44829164166671104,0.41967922659494417,0.41200000000000003,0.4,1
0.6699021609558774,0.6770301423057025,0.7320000000000002,0.6,1
0.6704057743986108,0.6960811644528929,0.7760000000000001,1.1,1
0.5796290639013233,0.6146247230534061,0.516,0.6,1
0.4681695640199563,0.48143455585124895,0.512,0.6,1
0.5760236412618753,0.5926425401886805,0.5524,0.4,1
0.5653392334367198,0.5224242100577884,0.504,0.5,1
0.5223369872171727,0.5157999595205549,0.4948,0.6,1
0.6989230255306021,0.7250540467149247,0.7440000000000001,0.9,1
0.7391690650168224,0.8198836659846555,0.924,0.8,1
0.5894840075905635,0.6352346540969,0.604,0.16999999999999998,1
0.4742274346763962,0.42325817387651804,0.48719999999999997,0.7,1
1.3368260409961998,1.3304177543192082,1.2144,1.5,1
1.3728401747711036,1.373310588955211,1.072,1.4,1
1.2488764020099894,1.1188402044108716,1.1844,1.1,1
1.5463856588936946,1.638722975143887,1.6056,1.9,1
1.6723873612982876,1.7291188594462499,1.5839999999999999,1.6,1
1.3860597491150595,1.3428057928387962,1.3559999999999999,1.9,1
1.4028554867256695,1.4150839155182866,1.0508,1.5,1
0.47817013228282423,0.423679211739179,0.42,0.5,1
0.4938277967492631,0.436111427181426,0.408,0.5,1
0.4910554128139633,0.43874244647750976,0.428,0.6,1
0.5447651010446164,0.5346770472408686,0.564,0.8,1
0.5645566363769143,0.5994157280278599,0.7552,0.6,1
0.5012717522332628,0.4585527252112394,0.46240000000000003,0.4,1
0.4944217931050819,0.4872984131524996,0.436,0.8,1
1.1054825670443833,1.041248531058321,1.0632,0.9,1
1.1041722763329855,1.0410365106929749,1.048,0.9,1
0.9652305868245005,0.8564581595910465,1.0344000000000002,0.8,1
1.2502662337073553,1.293229539368956,1.2768000000000002,1.1,1
1.2704227678734437,1.2458162230184375,1.344,1.3,1
1.0447468308040886,1.064036573084714,0.9560000000000001,0.9,1
1.0376730331905495,1.024812028556151,0.924,1.0,1
0.5914368251303349,0.6031559090710832,0.5192,0.7,1
0.6436460876187138,0.6470933771190073,0.5992000000000001,0.2,1
0.6541788815522959,0.651861728826201,0.5792,0.7,1
0.8026518090868678,0.78900663873305,0.5720000000000001,0.6,1
0.9449456028274894,0.8680191314550292,0.8615999999999999,1.4,1
0.7004723573784482,0.732971373103816,0.6679999999999999,0.2,1
0.623897201114966,0.6217942521261907,0.484,0.6,1
0.6305963487928158,0.6075452679174604,0.508,0.6,1
0.5782768558987472,0.5497067002584088,0.544,0.6,1
0.4595146684150495,0.4308243650750169,0.44719999999999993,0.5,1
0.66660832201492,0.6710190061868008,0.7119999999999999,0.5,1
0.6792752813452024,0.7028759741551536,0.672,1.0,1
0.7326444062598587,0.6837921064358596,0.66,0.9,1
0.6641624271237047,0.6317299146980841,0.4640000000000001,0.6,1
0.8860734152118448,0.7808233247517264,0.7988,0.6,1
0.794626693393475,0.679449558736705,0.436,0.4,1
0.44365104090349256,0.4898936149582283,0.616,1.0,1
0.9500935229179058,0.9300619270557848,0.7260000000000001,1.9,1
1.1367315404557559,1.1261267239413915,1.144,2.3,1
1.2206891128467656,1.2307703854786818,1.056,1.3,1
0.8821294899938383,0.7809500036604734,0.8959999999999999,1.1,1
0.5195833226419309,0.5814521659321918,0.5104,0.7,1
0.5760538611032632,0.5710169196065313,0.5319999999999999,0.8,1
0.354751953373148,0.3509565697754294,0.336,0.3,1
0.6132421621134237,0.6352113702087481,0.588,0.7,1
0.80438579329545,0.7670433481695155,0.8147999999999999,0.7,1
0.6162175565334476,0.6047511911562964,0.5227999999999999,0.7,1
0.36449791521468333,0.3839513799430073,0.38400000000000006,0.4,1
1.4447803424355787,0.9835086232054322,1.18,0.6,1
1.041966732448658,1.0787662849788913,1.108,1.1,1
1.217465853693229,1.2619415650336094,1.1868,1.3,1
1.4795835490853564,1.552965100905622,1.5988,1.2,1
1.4969332398180788,1.4869661932555145,1.6339999999999997,1.3,1
1.3057980584034312,1.3258413279064851,1.3159999999999998,1.6,1
1.3899262718060383,1.26959008741134,1.4800000000000002,0.5,1
0.36581366113820973,0.29487567969910045,0.33199999999999996,0.0,1
0.4466461774196556,0.41415998589386716,0.3404,0.4,1
0.36551971080395174,0.3525445153967858,0.4040000000000001,0.4,1
0.40387007022734617,0.3976346331236383,0.5,0.5,1
0.5505471088632635,0.5539061400493281,0.528,0.7,1
0.3793758105819093,0.35278993559100946,0.34,0.7,1
0.44034356896350385,0.42713413359959257,0.44,0.5,1
0.34259188317912775,0.24227183482206127,0.29600000000000004,0.1,1
0.3069333746962297,0.3060863735398933,0.24799999999999997,0.2,1
0.31277686947762706,0.32091899127524226,0.32799999999999996,0.3,1
0.39763462860750204,0.3991219181558387,0.412,0.7,1
0.42019982063642297,0.4457791115065902,0.496,0.3,1
0.31295122139593173,0.30726651722673404,0.29600000000000004,0.5,1
0.33375198955161395,0.3526804333989704,0.4159999999999999,0.5,1
0.8524848173494581,0.811566279403189,0.8560000000000001,0.5,1
0.7758463082762854,0.7911549435562919,0.7856000000000001,0.8,1
0.8639087603432536,0.8916008632645137,0.8740000000000001,0.8,1
0.9733867987215571,1.0163922476984906,0.9424000000000001,1.0,1
1.1369065538588368,1.0461574690926043,1.2124000000000001,0.7,1
0.8173846210527638,0.7942817620702732,0.8331999999999999,0.6,1
0.7754455768557519,0.808823064348009,0.792,0.5,1
0.4003276334976632,0.4084653655105067,0.556,0.5,1
0.5427695322951018,0.5284115272423473,0.47200000000000003,0.3,1
0.3847392412207693,0.3485737540285805,0.3360000000000001,0.5,1
0.6129072024725745,0.6017483279407271,0.504,0.3,1
0.5706662002333422,0.5414755613501305,0.604,0.5,1
0.3537972474562089,0.34350690767983233,0.4372,0.4,1
0.35173956617301866,0.371711058877106,0.4188000000000001,0.9,1
0.9034057386800656,0.915185508623567,0.976,0.8,1
0.9221634702227135,0.9430300495355051,0.9519999999999998,1.1,1
0.8746971717372327,0.8615472876630117,0.8904000000000001,0.8,1
0.9633595975804451,1.1152597502207258,1.1328,0.6,1
0.9688561797543398,0.9749965543394954,1.032,1.1,1
0.8750898075684851,0.9516281357463384,0.7216,1.5,1
0.9286307702465856,1.0568367924410476,0.7839999999999999,0.6,1
0.47987674244913864,0.5100211742981527,0.548,0.8,1
0.5126224485006241,0.5530221620913653,0.4800000000000001,0.5,1
0.38095047511921737,0.35833186869768086,0.424,0.4,1
0.5625532211050068,0.5983810260040854,0.548,1.0,1
0.6632605770574592,0.6904658004550533,0.7508,0.6,1
0.5081420286503735,0.4765137572359123,0.40199999999999997,0.4,1
0.4088137827605374,0.3869498652848821,0.408,0.5,1
0.38391042459193375,0.4358146559703958,0.41119999999999995,0.4,1
0.3991884452101808,0.44197583680293034,0.39320000000000005,0.7,1
0.46199965523724357,0.49393622719757774,0.5227999999999999,0.1,1
0.5114478711134293,0.5130848768136327,0.514,1.5,1
0.6290759758143352,0.7620217237441944,0.736,0.7,1
0.5278947442176212,0.49579406524449976,0.4004000000000001,0.7,1
0.5669769612530146,0.5735773934172321,0.5708,0.3,1
0.5132196546017265,0.3220812436995294,0.45599999999999996,0.3,1
0.4915705249556516,0.5088052076150493,0.42200000000000004,0.5,1
0.5263578395060033,0.5178514035517388,0.39880000000000004,0.4,1
0.6356799560483561,0.6015652988637176,0.516,0.8,1
0.7243174702632982,0.6589799561538364,0.6,0.7,1
0.5404082517834277,0.5189654550849943,0.46799999999999997,0.5,1
0.5979143822698918,0.6417259621050879,0.592,0.3,1
1.2717214411295061,1.3285250588600608,1.284,0.8,1
1.213974483825479,1.1452791096755168,1.2116000000000002,0.8,1
0.9946298959523513,0.955351361829951,1.074,0.8,1
1.328971792626862,1.2953638697260594,1.3072,1.9,1
1.4969416262155095,1.5288411666914856,1.6119999999999999,1.6,1
1.2095440804101163,1.2466258614872001,1.252,2.1,1
1.25763685678576,1.4009002137336972,1.016,0.9,1
1.9793562827717677,1.6929212945735883,1.188,2.1,1
2.3457785699654017,2.4817491941749354,1.564,1.7,1
1.6115855554685152,1.435967818042666,1.1564,1.1,1
1.5963790118218844,1.7103924520136338,1.46,2.7,1
2.0071895576803005,2.131722284132329,2.0799999999999996,2.2,1
1.5714329101299085,1.6291421547338403,1.3159999999999998,1.4,1
1.4609889848483724,1.4461362923561023,1.272,1.2,1
2.3246239114653844,2.3574704620016176,1.4480000000000002,0.7,1
1.6372013520427013,1.697157756170753,1.3880000000000001,0.9,1
1.384166476778632,1.1867487227018674,1.372,1.2,1
1.7449259013561418,1.7321795471512678,1.8439999999999999,1.7,1
1.7318439857067816,1.7778462748525017,1.7,1.6,1
1.4419389719043785,1.4382294591458538,1.2112,1.5,1
1.5320492367724399,1.4942601805632272,1.4639999999999997,1.6,1
1.0949409948109001,1.100470681983897,1.1188,1.2,1
1.1838140240082236,1.0901764604781445,1.0988,1.0,1
1.0853524827498255,1.09396009525173,1.1603999999999999,1.1,1
1.4498864558965767,1.435175723699704,1.136,2.5,1
1.9354166924581602,1.7987766685222675,1.868,2.4,1
1.2682946208429373,1.282544742043637,1.26,1.3,1
1.2685188090009114,1.174506445360144,1.1440000000000001,1.0,1
0.4600999689053587,0.40782324482975507,0.508,0.7,1
0.4812642596248394,0.4420611877306095,0.49200000000000005,0.2,1
0.4634634228236059,0.4259988027745094,0.43200000000000005,0.8,1
0.6289085472961078,0.8375935158697088,0.564,0.1,1
0.7099498136982337,0.590021385637225,0.628,0.4,1
0.4609576837162528,0.5966138186780797,0.488,0.6,1
0.4795697956277913,0.45776095403217293,0.484,0.3,1
0.3008357521852264,0.26810351072141336,0.39760000000000006,0.4,1
0.29481097190664884,0.2707740098897534,0.29760000000000003,0.3,1
0.28820270850341745,0.2610517743010772,0.26799999999999996,0.4,1
0.38226399872969113,0.3564695939792146,0.368,0.4,1
0.39676250813232533,0.3904431019444274,0.42800000000000005,0.3,1
0.3350964553429888,0.32339903314834717,0.34519999999999995,0.6,1
0.32979875742162873,0.3507304845956453,0.336,0.2,1
0.6373624158896104,0.7144306917999954,0.78,0.0,1
0.5740472369131845,0.514881880930085,0.764,0.1,1
0.5317891323440324,0.5419785798521807,0.7,0.6,1
0.6416903894111728,0.646262566268524,0.768,1.2,1
0.7717757421868858,0.8409585396761501,0.696,0.8,1
0.7240206706435125,0.7396080370223046,0.9039999999999999,0.1,1
0.6694754317432238,0.7175387238096589,0.6679999999999999,1.4,1
1.324122399844921,1.3540223976600216,1.4520000000000002,0.7,1
1.0177488337903142,1.0410212660095537,1.0668,1.3,1
1.2069970150689828,1.232122613566319,1.1188,0.8,1
1.2506883139036749,1.2790251647169235,1.3832,2.1,1
1.8280348622712719,1.907258473465516,1.744,1.5,1
1.4096999008390623,1.4807635091009805,1.188,1.9,1
1.4726679392900572,1.55522721530533,1.3272,0.7,1
0.5499391345420184,0.5256965141831083,0.444,0.4,1
0.5457948651775674,0.5448115890551675,0.424,0.4,1
0.5643242372144105,0.6200267487431961,0.5399999999999999,0.2,1
0.6222213211429362,0.6169299091258629,0.5192,0.8,1
0.6555798764915046,0.7143126797544499,0.584,0.6,1
0.529162859852867,0.5431684910735867,0.4,0.7,1
0.5517455142753485,0.5910806010919204,0.512,0.5,1
1.2550996975245317,1.17014558623242,1.256,1.6,1
1.6591528116930916,1.511826340976469,1.476,1.9,1
1.9142952337426626,1.675648683811818,1.6840000000000002,1.5,1
1.5187999367020937,1.5729621377572665,1.36,2.0,1
1.8772493528243415,1.9481695341548633,1.4999999999999998,1.6,1
1.6527870160770635,1.8001304128004305,1.8399999999999996,2.1,1
1.9775745944258931,1.9950800126895498,2.052,1.4,1
0.8708933530732291,0.8345036674480908,0.9495999999999999,0.7,1
0.8217749392970268,0.7254525493957938,0.796,0.9,1
0.8326340694851283,0.7857481805876052,0.8039999999999999,0.6,1
0.8294249439954868,0.8492609905057128,0.8392000000000002,0.9,1
0.9142885056044608,0.9396143913288263,0.9272,1.2,1
0.8272676953402354,0.8527968916676308,0.7759999999999999,1.0,1
0.8743562012198028,0.8893636622615367,0.8375999999999999,1.1,1
0.4866312050933215,0.414133234032033,0.43200000000000005,0.5,1
0.49929130996273585,0.4464875164409418,0.4439999999999999,0.5,1
0.5033237810514528,0.4748344434226889,0.488,0.4,1
0.5351823407589898,0.5394335336955471,0.544,0.5,1
0.5505692558330366,0.5556161486814103,0.512,0.7,1
0.47379532806048646,0.44962201877006225,0.43040000000000006,0.4,1
0.46658751337495186,0.46414866579208663,0.392,0.5,1
1.4333422756240932,1.4359232131484871,1.212,1.0,1
1.396212586846003,1.3282896633822998,1.1667999999999998,1.4,1
1.4719556856316163,1.5318926011502287,1.3319999999999999,1.8,1
1.7096344056861517,1.7641433255772911,1.4920000000000002,2.0,1
1.8425236512130767,1.9615576455948394,1.928,2.0,1
1.5612619490016069,1.677048543358407,1.64,1.5,1
1.4498021613460035,1.5375840320729064,1.268,1.3,1
0.8796992529225243,0.885488038965851,0.9280000000000002,0.3,1
0.956194894242053,0.9528238527391263,0.9,0.4,1
0.8649598773267185,0.833009257109611,0.8828,0.8,1
1.2222851137671673,1.1708432981465264,1.1268,1.0,1
1.2070385008891662,1.1675832243874957,1.1552,0.8,1
0.9999713988711926,0.9359950503999364,1.0144,1.2,1
0.9772246260015661,1.0872896182369087,1.0064,0.5,1
0.4868728194897478,0.535510888063031,0.4296,0.4,1
0.49599856082395233,0.49858547481949284,0.444,0.4,1
0.47632280134245547,0.4942367837890932,0.544,0.5,1
0.5707488185441222,0.5912165723143384,0.5868,0.8,1
0.6842938190528713,0.6852723854391622,0.7160000000000001,0.9,1
0.6046232528503422,0.5853229153193252,0.5720000000000001,0.8,1
0.6182019482883149,0.6120788151735724,0.6240000000000001,0.7,1
3.8263162539541615,3.8119932218901957,3.46,3.1,1
3.069429511591128,3.248229961511799,3.076,3.3,1
3.0239964933620516,3.2318919877663226,2.948,3.0,1
3.7934642244668013,4.281025649300869,3.784,4.5,1
4.847254252609214,4.980102727348534,4.1160000000000005,3.3,1
3.7863996500105706,3.7608166800389635,3.34,4.4,1
4.149157401428059,4.11809536297497,3.7159999999999997,3.7,1
0.5940642342278853,0.6216520234339251,0.584,0.5,1
0.6008405298104008,0.6206491758117668,0.648,0.2,1
0.5197608146126245,0.5841909092279672,0.54,0.3,1
0.5712913934739132,0.5986520420631076,0.64,0.3,1
0.6061098448048986,0.6406680253870611,0.6988000000000001,0.8,1
0.5975478170004834,0.5848245749603437,0.6,1.4,1
0.8310156184730166,0.8585365203364503,0.8079999999999999,0.6,1
0.3245607005207019,0.31006784030398493,0.37199999999999994,0.3,1
0.3533549549890896,0.33999610467792307,0.3559999999999999,0.4,1
0.45411894667034175,0.4532370729366691,0.48,0.5,1
0.4277073170968814,0.421997093309562,0.42,0.3,1
0.4484811704514821,0.4538022201191047,0.5168,0.4,1
0.37986174666994366,0.36957409613862496,0.444,0.3,1
0.34884649905936804,0.3611694189363079,0.46679999999999994,0.6,1
0.4932357968202204,0.5918866695220131,0.604,0.4,1
0.46424938425593865,0.5004544657319976,0.4759999999999999,0.5,1
0.4838873534313289,0.5294940425259064,0.516,0.9,1
0.634566333689298,0.7603921899820112,0.676,1.0,1
0.8561992044652752,0.8726505354184041,0.648,1.0,1
0.7365325569587237,0.7609273576886975,0.672,1.0,1
0.9884151907836393,0.8560538250500492,0.816,1.4,1
0.2992946108206814,0.28150837023997655,0.31360000000000005,0.2,1
0.5005037875548092,0.4671767652267103,0.5584,0.1,1
0.31802965063659894,0.22643104074568177,0.446,0.1,1
3.7850370330286993,4.637163229593066,2.84,0.7,1
1.4750899781115983,1.2203193642461714,1.332,2.4,1
1.7816528687048594,1.7714032159931956,1.6240000000000003,1.0,1
1.281155457084799,1.2276354125582238,1.244,1.1,1
0.5484701553444671,0.7192623157903932,0.5176,0.3,1
0.5646885532977788,0.6971077159907383,0.6392,0.3,1
0.42571743659369504,0.2675225656221323,0.4508,0.3,1
0.5696597029423488,0.5800099903392021,0.552,0.4,1
0.55361002956265,0.5448962621603065,0.56,0.4,1
0.5545557015440988,0.5654568569336702,0.556,0.3,1
0.5496754518071181,0.5659684868630049,0.452,0.3,1
0.5653919637831568,0.5326007443660388,0.6200000000000001,0.4,1
0.5419799618495853,0.5137291703812334,0.43720000000000003,0.5,1
0.5474695432817551,0.5244791830915216,0.5227999999999999,0.4,1
0.6727970618510227,0.7355984494542618,0.7760000000000001,1.2,1
0.7583316113052502,0.8996948100102341,0.8872,0.6,1
0.5039600917567202,0.4908083791426938,0.5,0.8,1
0.6148877923502563,0.6698362694707702,0.6108,0.3,1
0.45175895993642956,0.4846436605690026,0.44480000000000003,0.5,1
0.49150239727595635,0.48581556276679044,0.424,0.7,1
0.45531554296819887,0.42798675590531077,0.43199999999999994,0.3,1
0.6584903491068952,0.7104585027592442,0.7559999999999999,0.5,1
0.6532133788224221,0.6500876705355352,0.648,0.7,1
0.5455299022526096,0.594573995973423,0.4988000000000001,0.3,1
0.5130893746969544,0.5499302363714442,0.5216,0.7,1
0.43793377518438265,0.6047427016204862,0.588,0.5,1
0.46549308314792465,0.5372507174082302,0.5840000000000001,0.4,1
0.4451705495469046,0.5341802050470619,0.6108,0.3,1
0.44884172937697436,0.579166253818831,0.43439999999999995,0.5,1
0.45858950737498066,0.5353722559414593,0.40800000000000003,0.6,1
0.4407185625636359,0.41496270091722937,0.44800000000000006,0.5,1
0.373804339733536,0.3853105492213095,0.35600000000000004,0.8,1
0.4834679182433958,0.47420519710998926,0.56,0.6,1
0.49156560604014016,0.4971638870946032,0.5039999999999999,0.8,1
0.5107020946394095,0.524663258753695,0.5468,0.8,1
0.5799887482080307,0.627651781017475,0.5599999999999999,0.2,1
0.46935888755641286,0.587800257945544,0.43479999999999996,0.4,1
0.43464671964186913,0.4380529007331321,0.5160000000000001,0.8,1
0.47869665434790276,0.4976672696937091,0.5579999999999999,0.8,1
1.2915291442477164,1.278651254668523,1.5239999999999998,1.1,1
1.2358990644034742,1.1875291679645987,1.1444,1.2,1
1.2731224003838746,1.2613015354321635,1.236,1.0,1
1.4024603267561857,1.4037253554141134,1.3988,1.3,1
1.3954722592456659,1.5011708915320474,1.2555999999999998,2.1,1
1.3596818508878252,1.6112430193413965,1.5479999999999998,1.5,1
1.157981294872141,1.1703679966476201,0.9640000000000001,0.9,1
0.6789938601247855,0.645750271308981,0.6204,0.4,1
0.5263945545370453,0.5782426909867336,0.528,0.3,1
0.5090520374603129,0.5203252327748432,0.5184,0.37,1
0.5737657904393791,0.5635339702111842,0.542,0.7,1
0.6453013794366914,0.6222631476543463,0.812,0.3,1
0.41761254074875237,0.45042470531237677,0.4132,0.7,1
0.4830150714669006,0.510257745330978,0.424,0.5,1
1.1718075686981755,1.292676405035583,1.0439999999999998,1.1,1
1.1208004703797527,1.0735646402279442,1.168,1.9,1
1.0973631613045574,1.0887507738468742,0.8864,0.9,1
1.3958269250180904,1.3764373263260319,1.224,1.8,1
1.4747356533057236,1.5212176234731527,1.6559999999999997,2.5,1
1.5704507337910487,1.4895818572420167,1.3111999999999997,1.4,1
1.2395118288474352,1.1387305669055245,1.1440000000000001,0.9,1
1.0433077498908925,0.9689888418174458,1.0948000000000002,0.5,1
0.8791786721145611,0.8508115882106281,0.7839999999999999,1.5,1
1.1335360249385886,1.0551407954462784,1.1520000000000001,1.3,1
1.1226669098198137,1.146740217949339,1.1032,1.7,1
1.2471094146654018,1.2850260602386774,1.568,1.5,1
1.178117600848347,1.146068036326188,1.124,1.0,1
1.1334226937027096,1.1407891161441768,0.956,1.5,1
0.7478997930419858,0.690979534735249,0.5936,0.2,1
0.7265837717016647,0.7360950587527272,0.6112000000000001,1.0,1
0.7640350107100289,0.7301869613564662,0.7120000000000001,0.7,1
0.7737411806962089,0.7671596866267073,0.7508,0.5,1
0.8038943522620822,0.7304541541319498,0.804,0.5,1
0.6323775701419592,0.6171955198174169,0.5603999999999999,0.5,1
0.5392718104085702,0.5750442081502479,0.6148,0.5,1
0.5681447994679399,0.5800690657275298,0.6032,0.6,1
0.5419431646921284,0.5168079768743234,0.496,0.5,1
0.445547025964008,0.4196131209857376,0.42800000000000005,0.3,1
0.50801036983356,0.49172446214975013,0.5516000000000001,0.16999999999999998,1
0.5727672319942227,0.5693948298040061,0.628,0.6,1
0.5032365000412369,0.49023194980336954,0.544,0.3,1
0.3824212358876298,0.36891283831755933,0.38799999999999996,0.4,1
0.34814926663280277,0.3492471604209933,0.30800000000000005,0.2,1
0.33927510173855163,0.3279467594013189,0.3132,0.6,1
0.37914099852866445,0.37156132442705414,0.4,0.4,1
0.4347004451240636,0.41120128557287894,0.38400000000000006,0.4,1
0.45855180716425387,0.48359871229364554,0.47479999999999994,0.5,1
0.39881417688975856,0.38340109950582024,0.4548,0.5,1
0.5283411834628086,0.7644312394141235,0.564,0.9,1
1.2408416064671939,1.224426105945604,1.2308,0.8,1
1.0682257080212219,1.0689479728210343,1.1039999999999999,1.1,1
1.1438857437416838,1.1524957656986428,1.1840000000000002,1.2,1
1.2992976547909179,1.2923751919670334,1.3139999999999998,1.2,1
1.2983644575377635,1.3084076272089502,1.3159999999999998,1.1,1
1.0707120855157488,1.0534783335484912,1.0988,1.3,1
1.1430892759877698,1.1484018565643859,1.224,0.9,1
0.49020870703010927,0.5360360276262166,0.56,0.4,1
0.4640010666031242,0.4263076830068753,0.49999999999999994,0.3,1
0.3541408624829053,0.3062164705905349,0.368,0.7,1
0.6754687999934765,0.7752577485397462,0.768,0.5,1
0.5737649180418215,0.5207152489810918,0.504,0.9,1
0.4330626943826929,0.4477447574384516,0.4228,0.6,1
0.5672962534200919,0.5290473600391317,0.5479999999999999,0.6,1
1.7364107220166582,1.670061565181028,2.016,3.7,1
2.2774483756888344,2.103646593557563,2.3080000000000003,4.3,1
2.3835103417926637,2.1985523449907474,2.408,2.9,1
3.0031925365209022,2.932513719345731,2.9159999999999995,2.9,1
2.9383004067990086,2.9669364217662486,2.9440000000000004,4.1,1
2.2873976151784734,2.0725221257472333,2.288,3.9,1
2.3110963484098277,2.3131205431122894,2.388,1.7,1
0.33899154880483695,0.3332962268426552,0.4096,0.3,1
0.33787792115916737,0.3308268665660485,0.31200000000000006,0.2,1
0.3409350782219675,0.33563996794555295,0.36,0.4,1
0.49293017490966323,0.5349169620472602,0.44,0.8,1
0.5744382814113859,0.6217155171147474,0.6828,1.3,1
0.3584027243600203,0.39984236588289895,0.368,0.2,1
0.3878323993705187,0.40024722843025634,0.38400000000000006,0.5,1
0.48312682860374584,0.46212165911988157,0.38,0.5,1
0.48180732287417866,0.4558342444231677,0.436,0.3,1
0.48309633238975813,0.48626524014365197,0.44,0.4,1
0.5727544337846552,0.5595038760853105,0.6240000000000001,0.6,1
0.5736581446113664,0.5841054115990405,0.644,0.6,1
0.4907220122416865,0.46851273703630975,0.52,0.6,1
0.49680558730721563,0.5031054853481978,0.544,0.1,1
0.8179383138061017,0.8080262897385357,0.6788000000000001,0.8,1
0.7739175233043658,0.7316129850464758,0.688,0.4,1
0.7030631127636868,0.6389004769649538,0.6692000000000001,0.5,1
0.8336561558605159,0.8621553433334478,0.862,0.9,1
0.9447636151506631,0.9714790966929324,0.964,0.5,1
0.7741177006888416,0.7293359420579708,0.94,0.5,1
0.5211724010900812,0.5050406785887191,0.5424,0.6,1
0.9447685828194748,1.0293224108371237,1.1520000000000001,0.7,1
0.8913210725347527,0.7920729165976859,0.8800000000000001,0.4,1
0.7102390737077081,0.5939874554561846,0.836,0.5,1
0.8326811467234236,0.9365929123692334,0.758,1.0,1
0.9389184100393013,1.0249722557330063,0.9304000000000001,1.0,1
0.7716547996218551,0.7689917637938967,0.7932000000000001,0.8,1
0.7038482783133536,0.6713155099771331,0.6232,1.2,1
0.48232880977541215,0.5114911822462093,0.6559999999999999,0.8,1
0.5568895104529795,0.555550483404785,0.684,0.5,1
0.542490010263164,0.5687629241838448,0.5920000000000001,0.6,1
0.46932906013470266,0.4551620671925732,0.472,0.5,1
0.49178374493798493,0.5053390499808216,0.544,0.5,1
0.5928357243138235,0.4849226983234706,0.352,0.7,1
0.490629316103337,0.45013055344847663,0.504,0.5,1
0.7225878858663702,0.7044129981703819,0.6988000000000001,0.6,1
0.7526998806233065,0.7092315082853133,0.7828,0.7,1
0.7864324406031541,0.7596158704629972,0.7559999999999999,1.0,1
0.9598611110686233,0.9302397973937512,0.944,0.3,1
0.880544283478596,0.8129377421705454,0.9508,0.9,1
0.7555434787231567,0.7016840012185398,0.6112000000000001,1.1,1
0.892891291719581,0.9310104510312686,0.644,0.5,1
0.5367328384929024,0.587739336196891,0.628,0.6,1
0.5559065032617727,0.5486736417654898,0.544,0.3,1
0.4947869358347545,0.4435114103531606,0.38800000000000007,0.6,1
0.6843685961407053,0.7233597850757043,0.72,1.1,1
0.6551081529569949,0.6921842925701476,0.7800000000000001,0.8,1
0.5426491577267106,0.5312291624558168,0.41080000000000005,0.6,1
0.5617007445284121,0.5626966840021898,0.5479999999999999,0.6,1
0.5338648986286458,0.5775290459886523,0.5760000000000001,0.5,1
0.522445904505005,0.5316006091562508,0.43200000000000005,0.4,1
0.4427882876302506,0.4051784908032613,0.48800000000000004,0.5,1
0.5915004539596104,0.6064416844985355,0.6,0.9,1
0.6396478573818445,0.7064524984456536,0.7120000000000001,0.5,1
0.5119777548282192,0.5429552579659489,0.4736,0.5,1
0.4633366473550827,0.435403431864188,0.468,0.5,1
0.4892371345045275,0.5066077026979094,0.5760000000000001,0.3,1
0.4887692193360232,0.5098712772498948,0.456,0.2,1
0.41020323770942496,0.3581729173983567,0.4831999999999999,0.75,1
0.5773156460471917,0.6353330488092352,0.62,0.4,1
0.6040361659306465,0.5992212412048901,0.62,0.6,1
0.4917848173902807,0.5087936125458575,0.472,0.2,1
0.40655424975134935,0.3502566366490507,0.4832000000000001,0.4,1
1.37757273626637,1.4257578146049315,1.1,1.0,1
1.3649447794326928,1.3160766502667267,1.3256000000000001,0.9,1
1.0461214020313525,0.9957364118045421,1.14,1.1,1
1.660509207970617,1.6863892930456823,1.6712,1.9,1
1.627995479475549,1.641785034021507,1.7839999999999998,1.3,1
1.3795149635458401,1.3073416861315388,1.192,1.2,1
1.35991054294339,1.317702591776842,1.236,1.4,1
0.49177442977881225,0.448136291011154,0.44799999999999995,0.8,1
0.5008368492462076,0.4647655631658448,0.48400000000000004,0.5,1
0.5173517652875947,0.47086640739562413,0.5479999999999999,0.5,1
0.5397688050796363,0.5679911519714138,0.49520000000000003,0.7,1
0.5632904350147889,0.5663501828961477,0.564,0.9,1
0.5405453159901035,0.5260870840319002,0.504,0.7,1
0.5555886635409415,0.5373451838691157,0.568,0.6,1
1.166850321442255,1.1679673010589955,1.196,1.1,1
1.1567056264059088,1.1599594490360854,0.9924,1.2,1
1.097688088454266,0.9578136943072297,1.0176,0.6,1
1.285975553604272,1.332367346659605,1.5348,1.0,1
1.2901920537311498,1.2562170726134687,1.408,1.0,1
1.0543761258937832,1.052367992335356,0.9799999999999999,0.9,1
1.1008683856407926,1.0558028295103736,1.04,1.4,1
0.4593163869366445,0.4972681371245278,0.36,0.2,1
0.4802343439303884,0.5051862745474701,0.49199999999999994,0.27999999999999997,1
0.3549346112177571,0.3006466650338747,0.4512,0.2,1
0.4192018949660322,0.4102245268347867,0.43199999999999994,0.2,1
0.5215618562062464,0.5946325266027548,0.58,0.3,1
0.4334956833326333,0.36816176244692783,0.4728,0.5,1
0.31389945227980537,0.29320583565888103,0.30400000000000005,0.3,1
0.7614546358033265,0.7927143777761909,0.6040000000000001,0.7,1
0.509052157010034,0.47109022744773943,0.48,1.0,1
0.6429811709396439,0.6576893854498357,0.698,1.0,1
0.8294683039402677,0.914526795056872,0.7264,0.7,1
0.8768126364951788,0.8721287959693617,0.8439999999999999,1.2,1
0.8301350030121334,0.8323921640235692,0.792,0.8,1
0.6278087164865804,0.5923396373942371,0.5431999999999999,0.4,1
1.7974554015638413,1.6929733088769376,1.4432000000000003,1.4,1
1.7211914502506749,1.4474981792725585,1.2000000000000002,2.9,1
2.0150143523397466,1.986366389720124,1.7332000000000003,1.6,1
1.7056593809474097,1.7790782671821326,1.7200000000000002,2.3,1
2.1010394973217856,2.167704159452531,2.112,3.1,1
2.1717270248037828,2.22928563342196,1.8512,2.9,1
2.1928795447642138,2.2695421094068653,2.0032,2.3,1
0.5118312599664958,0.562827394868751,0.5880000000000001,0.6,1
0.5647649327910995,0.530693356336976,0.54,0.3,1
0.37836952488447245,0.3241847618138981,0.37520000000000003,0.2,1
0.6517805462535144,0.735022084759481,0.72,0.8,1
0.8137772038049789,0.7770835958068592,0.8628,1.1,1
0.40150863545547255,0.39229830155195733,0.42,0.4,1
0.4526737254611542,0.45951063828780836,0.41600000000000004,0.3,1
1.3195975421709583,1.1254817245062203,1.3200000000000003,0.0,1
1.0460390610436572,0.8298277547957916,1.068,1.2,1
1.4421222736200838,1.1424078109112843,1.36,0.0,1
1.0386046739249915,0.9949542075460625,1.02,0.0,1
0.765062840428468,0.9609420677750501,1.1079999999999999,0.0,1
0.9584138948794558,0.8793096814870456,1.092,0.0,1
0.7471214057686273,0.685601893132829,1.004,0.7,1
1.002354042760645,0.9074806334499024,0.9548000000000001,0.7,1
0.830988243156491,0.7313998606465475,0.8108,0.4,1
0.7316790777777673,0.7012541418645566,0.6111999999999999,0.9,1
0.8373523602526511,0.8830967280519996,0.852,0.27999999999999997,1
0.8058483015176147,0.7668242154880534,0.8583999999999999,1.3,1
0.8032333896812732,0.8074877363155459,0.828,0.7,1
0.7042382664213028,0.717064680326926,0.73,1.1,1
0.8677579441042161,0.8758056867483672,1.0288000000000002,1.2,1
0.879698284734709,0.9128966286309327,0.8479999999999999,0.8,1
0.8825728314124467,0.8808989910514207,0.8376,0.8,1
0.9859458231927378,1.0233150053354443,1.0828,1.2,1
1.1722406449056444,1.1470782612108572,1.054,0.9,1
0.9282153723509822,0.932196129064274,1.1223999999999998,1.0,1
0.9344480794579224,0.9632792628396714,0.9800000000000001,1.1,1
1.633998105807981,1.1833850721007744,1.276,0.7,1
1.4121558521743791,1.2355406204965065,1.22,1.2,1
1.2259250399430686,1.114987866053446,1.1520000000000001,0.9,1
1.6643534170092942,1.714253977895027,1.6495999999999997,1.6,1
1.8489426053715359,1.8298582070897071,1.5759999999999998,1.5,1
1.4625928119572238,1.4253404056465402,1.3439999999999999,1.5,1
1.3091298346219502,1.281160195631824,1.736,1.2,1
0.3592111765374084,0.2944037728803489,0.344,0.2,1
0.3321556032841801,0.3687081813552813,0.248,0.4,1
0.34691973454819075,0.3430434475133557,0.3960000000000001,0.1,1
0.44038964903680217,0.42162873795809497,0.45919999999999994,0.5,1
0.44031218228836433,0.44271834559101414,0.49599999999999994,0.2,1
0.35958004561427453,0.3322971800417238,0.352,0.5,1
0.3501028959912377,0.3652791987687477,0.43200000000000005,0.4,1
0.30732858921521805,0.2288887193953727,0.252,0.1,1
0.30429156571002847,0.30096795210529703,0.264,0.3,1
0.3125599633518177,0.30659397844596614,0.324,0.2,1
0.3796064649851243,0.3724582898417643,0.336,0.1,1
0.4235108175725481,0.4216413836274929,0.40279999999999994,0.4,1
0.31129993966640057,0.3052782050123858,0.30400000000000005,0.3,1
0.3389322392137105,0.3613055527290508,0.40159999999999996,0.3,1
2.127922661791105,2.17411114149518,2.1239999999999997,1.3,1
1.712037976351592,1.8804388416692026,1.6320000000000001,1.7,1
1.9435725995066837,2.021490124482228,2.004,1.8,1
2.199423844202595,2.5314946811565453,2.3680000000000003,1.3,1
2.0935676488113995,2.037804850795086,1.784,1.8,1
1.8678214287132633,1.8642882243439851,1.8288,1.9,1
1.9775981762381283,1.927302396452837,2.0168,1.8,1
0.6298289312859763,0.6510970056331671,0.56,1.0,1
0.7738822107064167,0.7133503944292923,0.6920000000000001,0.6,1
0.6510166236273335,0.5646211743485527,0.452,0.3,1
0.7988779840101544,0.8222895211802258,0.738,0.6,1
0.7799120967677301,0.7780864148371934,0.8759999999999999,1.5,1
0.7543715785011368,0.8462796604647841,0.5760000000000001,0.7,1
0.6567773548339283,0.6169911312318106,0.6392,0.1,1
2.1292145582518835,2.106711787322749,1.94,2.4,1
2.0773874528217307,1.913488335991546,1.492,1.3,1
1.4279598378008844,1.3867947468408144,1.1507999999999998,3.9,1
2.0537860786029545,2.1375304175130485,2.44,2.5,1
2.167573505682395,1.9584329879691629,1.604,3.5,1
2.1847292860051244,2.555985162563875,2.2640000000000002,4.0,1
2.0592091919557793,2.4242124876351534,1.996,1.7,1
1.3487823057171735,1.3661690351856692,0.9640000000000001,1.0,1
0.9389736886845621,0.8832502395726367,0.732,0.8,1
0.9678815029919563,1.0813232674737463,1.2344,0.9,1
1.0599785882052504,1.3183000717795326,0.7560000000000001,1.3,1
1.0760646415589186,1.1376811256367412,1.348,1.1,1
1.0552779163063035,1.017949611760046,0.9560000000000001,0.7,1
1.0533541421386454,1.082604793610178,1.1856,0.8,1
0.4227890256544786,0.37180155891340916,0.38,0.9,1
0.47803067460523085,0.4549000133220171,0.4800000000000001,0.6,1
0.51421376494545,0.4804144017220174,0.4868,0.3,1
0.6236511517419968,0.6346020806229753,0.5720000000000001,0.3,1
0.46200965431423885,0.4789222544184951,0.48,0.9,1
0.5171535299978323,0.47488295763010746,0.572,0.6,1
0.47020065124921034,0.4565201593730548,0.4996,0.3,1
0.8509013054698,0.8190050389602738,0.7799999999999998,0.9,1
0.8817975393317418,0.8891789200247499,0.9399999999999998,0.9,1
0.6866087863771306,0.6666186088976574,0.7555999999999998,0.9,1
0.9342725041882416,1.1682611604225877,1.206,0.8,1
0.9514813172462099,1.0206060133607677,1.0192,1.1,1
0.8943145655235987,0.9376990981452572,0.9440000000000001,1.0,1
0.868003557171244,0.9049749754490711,0.9279999999999999,0.9,1
0.47666640031738744,0.4715948180552325,0.46799999999999997,0.3,1
0.44741317591114327,0.44713530941190377,0.44,0.7,1
0.5103097759697065,0.4917689547571235,0.488,0.3,1
0.6154573140419788,0.5985885189456489,0.612,0.8,1
0.5744767938502295,0.6326693318523325,0.632,0.5,1
0.5022366918714342,0.48273215540181685,0.44400000000000006,0.2,1
0.43190240786160566,0.378342230798169,0.4832,0.2,1
1.1158384008795545,1.0727490470893986,1.1440000000000001,1.2,1
1.1466452968954521,1.1812665407662861,1.148,0.7,1
0.9626027212932813,0.9430771970381507,1.064,1.4,1
1.2869831646923133,1.430731420441106,1.1512,1.2,1
1.183870242324791,1.2266849425521282,1.248,1.9,1
1.2267484863219826,1.3507433431938958,1.244,1.2,1
1.1935040936560786,1.314655573135009,1.1552,1.4,1
0.5600468164565487,0.5207278592203158,0.376,0.3,1
0.5282094563293681,0.5176009280130394,0.46360000000000007,0.2,1
0.5272395179015028,0.5332814972491042,0.5384,0.6,1
0.7542057873104937,0.774376561623899,0.66,0.9,1
0.7636595517470348,0.7729277480036827,0.9239999999999999,0.5,1
0.5195290641314785,0.5037279031443792,0.6431999999999999,0.6,1
0.5985783537761802,0.6423905917708662,0.5559999999999999,0.7,1
1.1951285057746242,1.1557805829334853,1.1228,0.8,1
1.0252134817679148,1.0438072961908875,1.05,1.7,1
1.245532818562088,1.2476084996261918,1.172,0.9,1
1.0631998091619133,1.1911323448849345,1.1003999999999998,1.1,1
1.1607562251048646,1.2556259403737244,1.3351999999999997,1.8,1
1.1176807634963644,1.171014099856888,1.176,1.6,1
1.1882183656152219,1.2287815904248736,1.1632,1.9,1
0.5431839835228506,0.5039424726472712,0.564,0.6,1
0.7609889538953937,0.7128795962154817,0.5840000000000001,0.7,1
0.48159686750654457,0.4180725275809854,0.4831999999999999,0.3,1
0.8940429820756223,0.8421764046866725,0.8079999999999999,0.9,1
0.7891945948105751,0.8412022609333571,0.872,1.1,1
0.8305942153652581,0.844847992502251,0.676,1.1,1
0.7780315986533808,0.740062829431998,0.772,0.6,1
2.6194624555876023,2.3687978240184897,2.6839999999999997,1.3,1
2.9932157345735804,2.649764708549254,2.4,1.8,1
2.483987242845763,2.347432175898582,2.568,3.2,1
3.8821060511209597,3.609594316661399,3.84,5.4,1
4.074810365286634,4.410628167131952,3.6920000000000006,5.3,1
2.803739913381224,3.094749464984384,3.384,2.3,1
2.762313268677068,2.888407677481985,2.9120000000000004,3.8,1
0.8150929363802889,0.9681065597138011,0.8136,0.2,1
0.690680072818368,0.6769316823195505,0.604,0.1,1
0.6004518384064365,0.6420150472571167,0.5159999999999999,0.6,1
0.7109320829182985,0.7297869666783218,0.812,0.4,1
0.7953617544096396,0.8273275278011856,0.856,0.8,1
0.7253207732785601,0.7677941779195643,0.88,0.5,1
0.806226706322914,0.747659565349085,0.688,0.9,1
1.3181356118104097,1.3947512266927955,1.308,0.6,1
1.0787500153926934,1.0627583136384189,1.0016,1.0,1
1.1536783256107368,1.2049986771330203,1.136,1.3,1
1.4513642030506118,1.5126239899138967,1.528,1.7,1
1.6361658825542165,1.597402698612175,1.6188,1.1,1
1.1453984811730826,1.1822916516800437,1.224,2.0,1
1.4916835571307199,1.598043075829953,1.3232,1.6,1
0.6871557885380171,0.7082211587437568,0.604,0.5,1
0.6638629913347642,0.6233506099791066,0.52,0.4,1
0.5620443072957357,0.5610627441668021,0.576,0.8,1
0.7226087875891346,0.7891266488511453,0.632,0.3,1
0.6924853246276323,0.7449335747109445,0.6028000000000001,0.7,1
0.6637798657058551,0.6308617303820977,0.508,0.4,1
0.5896572849484703,0.6416123814481924,0.48960000000000004,0.7,1
1.4465180316398087,1.454945822407025,1.264,2.1,1
1.8037384572802204,1.8990718959549384,1.248,1.9,1
1.781229279585931,1.8714413006759032,1.6280000000000001,2.7,1
2.2586878737242166,2.1916157595870795,1.6520000000000001,1.8,1
1.7577321312550123,1.9066932529634475,1.7839999999999998,2.6,1
2.108596174483748,2.2576500929885874,2.228,1.5,1
1.8323659343642948,1.9340285950920202,1.9520000000000002,2.5,1
1.1273288056904722,1.0522625214605712,1.0912,0.9,1
1.1104726006488297,1.0374170450193227,0.9672,0.7,1
1.0795305660848407,0.99136904977769,0.9792000000000001,0.4,1
1.0464383212454067,1.0546741613207737,0.932,0.7,1
1.1579336447689843,1.1238370707288703,1.072,1.6,1
1.1446190097335336,1.1325688713724762,1.288,2.2,1
1.1680854596586567,1.3729426399578923,0.9947999999999999,1.4,1
0.7732414087448889,0.8158914158050854,0.7339999999999999,0.1,1
0.7227015294318329,0.7506312550252213,0.78,0.8,1
0.7586489719920213,0.7846369388406357,0.6460000000000001,0.6,1
0.8384882318407371,0.8666638156429652,0.8347999999999999,0.5,1
0.980999324813957,0.8954261094871153,0.9603999999999999,0.6,1
0.7670925786470898,0.7104890968729516,0.7368000000000001,0.7,1
0.7753782567664483,0.7421413383516271,0.7904000000000001,0.7,1
1.2926801972235218,1.2521705960436063,1.0588,1.0,1
1.300292031428691,1.218447845600586,1.0908000000000002,1.4,1
1.4339907044653482,1.4328980489016294,1.284,1.6,1
1.7319155211171138,1.700751958084263,1.5320000000000003,1.7,1
1.6476031245027452,1.6660641245204,1.756,2.1,1
1.4699625371408864,1.5067716397249842,1.304,1.3,1
1.4356082160374781,1.439322890064477,1.1520000000000001,1.3,1
0.4815611843630842,0.4750093476885691,0.5259999999999999,0.4,1
0.3860177281054264,0.345308312597923,0.38480000000000003,0.4,1
0.38414099401245483,0.35764337279549635,0.44,0.3,1
0.44050698449074266,0.41547899261721377,0.42800000000000005,0.3,1
0.5159392899167237,0.5468834071447986,0.496,0.6,1
0.44234882127904723,0.3947171209917925,0.436,0.4,1
0.48187650941103083,0.4233094428939473,0.452,0.4,1
0.5818186786284792,0.5621960041935712,0.48800000000000004,0.3,1
0.524595747021079,0.5243399790853771,0.528,0.4,1
0.5055891413739584,0.5390421084609756,0.52,0.6,1
0.6237905458021752,0.6065066518206864,0.628,0.6,1
0.6454107495265876,0.6793990177292669,0.7028,0.9,1
0.6158483288567673,0.5948611119652455,0.516,0.8,1
0.6223021564639637,0.6307930860481634,0.7240000000000001,1.0,1
0.7684951612740294,0.7047057576988697,0.508,0.8,1
0.8194137885632933,0.7775525920344597,0.6668000000000001,0.5,1
0.8120477465652136,0.7593348951675208,0.624,0.6,1
0.8259756866638301,0.8742849170200913,0.7992,1.1,1
0.9592899981477107,1.0291546965113976,0.9072,0.5,1
0.6908811417828832,0.6759948455633832,0.596,1.1,1
0.7879109369062399,0.8464731948605396,0.7028000000000002,0.9,1
0.3378710304809527,0.3349226051716531,0.32400000000000007,0.3,1
0.4626995467212227,0.439523715949152,0.37879999999999997,0.3,1
0.44519432641782836,0.4863483751405542,0.47119999999999995,0.3,1
0.3544432817855838,0.3810512118634238,0.472,0.3,1
0.420447417690028,0.4219735774267775,0.426,0.3,1
0.33677644348386965,0.3278096930191772,0.3384,0.3,1
0.436242948043522,0.45796423909290207,0.532,0.2,1
0.8643700566014254,0.7732575487788518,0.9076000000000001,0.6,1
0.6040209817004528,0.6012483501396704,0.592,0.9,1
0.7895636399990292,0.6850786819296377,0.7111999999999999,0.5,1
0.7520149280695781,0.8235798060071882,0.572,1.2,1
0.8994470374556223,0.8629214415610827,0.9159999999999999,0.7,1
0.6752057551530314,0.6065607158385855,0.6504000000000001,0.7,1
0.6157586805603789,0.6354133723093714,0.6976,0.5,1
0.5183835483216432,0.5001012642891308,0.5399999999999999,0.5,1
0.4718070561745037,0.4990555295286628,0.524,0.7,1
0.5088031134183725,0.5318310077199406,0.6,0.9,1
0.6789228433034686,0.7402591244599065,0.736,1.0,1
0.8679735816219092,0.8636870207842968,0.632,0.8,1
0.8121177050882598,0.7709338812470418,0.708,1.1,1
1.0098601641966882,0.9735074777420227,0.88,1.1,1
0.3514168540893699,0.3472869665280449,0.33599999999999997,0.4,1
0.3734737287290022,0.3619998864263416,0.31000000000000005,0.3,1
0.3304882851160663,0.33246088383740763,0.344,0.4,1
0.5364771903017939,0.5611837424731821,0.5000000000000001,0.5,1
0.5607270568866867,0.6099670823979051,0.64,0.8,1
0.41005185007251926,0.3732221802897318,0.4264,0.4,1
0.41061587137022,0.412779096133577,0.364,0.6,1
0.4525285972217302,0.47181754316270635,0.4831999999999999,0.3,1
0.44667182541198663,0.4302445906009917,0.43199999999999994,0.5,1
0.44740769636334593,0.47548915805408226,0.5680000000000001,0.4,1
0.6275431846827227,0.6660287577284537,0.608,1.0,1
0.68635645450939,0.792750551105035,0.6679999999999999,1.1,1
0.6022773169241684,0.6851444906668984,0.48280000000000006,0.7,1
0.6203311194393701,0.6444101931525674,0.64,0.4,1
0.44027456981532614,0.5008127143321072,0.484,0.6,1
0.46992982070768896,0.46212201757422205,0.47200000000000003,0.4,1
0.3576311800388877,0.3614508549867836,0.3600000000000001,0.2,1
0.5424548764513923,0.578400596227016,0.5548000000000001,0.48,1
0.583332246423632,0.6228372381526311,0.596,0.4,1
0.4885976772943394,0.46123447882614727,0.44400000000000006,0.3,1
0.5181874469346802,0.5874536293411037,0.5616,0.7,1
0.4576980095699307,0.4182853460819411,0.4096,0.1,1
0.4216928962453924,0.37595461573004235,0.4656,0.5,1
0.42764118666666645,0.4143933479902679,0.5159999999999999,0.7,1
0.5230557379315908,0.5141025615245858,0.5439999999999999,0.6,1
0.5283910652709805,0.5170305881174391,0.528,0.6,1
0.47669808804151786,0.43103986196664007,0.4568,0.8,1
0.496849521498603,0.4931856744941927,0.512,0.5,1
0.5437056197474284,0.48468198362197223,0.5,0.1,1
0.4560767775708252,0.4599335720481208,0.408,0.2,1
0.3737769018256151,0.3825474172534845,0.43199999999999994,0.4,1
0.46289464487673854,0.4708300661405899,0.4704,0.3,1
0.46880998270848695,0.4860445987459716,0.41519999999999996,0.5,1
0.37222518836487517,0.3768812254573668,0.41,0.6,1
0.3841409448894108,0.42457455295101243,0.4788,0.3,1
0.4993383811657019,0.5607792249652929,0.6232,0.5,1
0.4927707703217632,0.5198175747141909,0.5232,0.4,1
0.35770140690442737,0.2600319837646222,0.3868000000000001,0.4,1
0.5447858479742534,0.6465341493410484,0.66,0.4,1
0.44285355998237985,0.4258987582935762,0.52,0.1,1
0.4420619517220263,0.43272902787871537,0.48560000000000003,0.6,1
0.37759996836832677,0.3561656973084098,0.344,0.3,1
0.8476745075248519,0.9098614189073463,0.8920000000000001,0.5,1
0.8372122612123499,0.7875371234934971,0.7684000000000001,0.4,1
0.6760543675862911,0.5769533611574998,0.5680000000000001,0.8,1
0.8432127049267206,0.9536859463724155,0.9028,1.2,1
0.9557900952936006,1.0880555533605691,0.9664,1.4,1
0.8068410808175931,0.9141827620921288,0.816,0.9,1
0.7629198660402478,0.7041968530588691,0.6112000000000001,0.9,1
1.114324725764747,1.2243338576929392,1.004,0.4,1
0.838725282988039,0.6943261298743905,0.872,0.8,1
0.9222296946288864,0.9119198060815723,1.0031999999999999,0.8,1
1.2138165578352242,1.154480731123296,1.1428,1.3,1
1.383927384689167,1.2576562345379718,1.564,1.5,1
0.9945604293221474,0.9015442437067431,0.944,1.1,1
1.002529997550957,1.009710950109348,0.948,1.3,1
0.5034767249648563,0.4565643383817609,0.572,0.5,1
0.4948124516976967,0.4382818761947536,0.43199999999999994,0.8,1
0.508873713720301,0.4985253587260806,0.5828,0.6,1
0.5414615931691915,0.5101624272223833,0.5000000000000001,0.8,1
0.5913981442247856,0.6164235025080234,0.728,0.5,1
0.5941408350759437,0.5722365327161244,0.4952,0.6,1
0.5732184510496509,0.6060354571004014,0.62,0.6,1
0.44431162182257716,0.4923319737266043,0.49439999999999995,0.2,1
0.418742288066008,0.34335593735584663,0.4428,0.6,1
0.31371488519264207,0.3056932828405352,0.3400000000000001,0.1,1
0.5483800507850127,0.6680146132142839,0.7360000000000001,0.8,1
0.5251111651721367,0.509950105459021,0.612,0.6,1
0.4509858046946447,0.4510369747382308,0.45599999999999996,0.3,1
0.3179606508585527,0.29056732952680453,0.37999999999999995,0.4,1
0.885369323443025,0.8715078782220713,0.9451999999999999,1.1,1
0.9291719318721954,0.9692142494375888,1.0068,0.7,1
0.9019358917304707,0.8933968150948282,1.02,0.7,1
0.929780023895659,0.9617545373240926,0.9052,0.9,1
1.2373663585205659,1.2374421872610557,1.286,1.0,1
0.9496946564559232,0.927844958147689,1.0544,1.2,1
0.9289244463940266,0.9907392585208419,0.9620000000000001,0.3,1
0.5758805298594944,0.5674793329387222,0.54,0.9,1
0.6664144053548341,0.6349154762993231,0.58,0.8,1
0.5732208927337341,0.565668442172551,0.5164,0.1,1
0.6778107091351573,0.6859485377678946,0.604,1.1,1
0.8960209717365928,0.8932055373597918,0.84,0.8,1
0.7347272525805182,0.638670550444312,0.664,0.4,1
0.5295065116938484,0.5292498636380578,0.47080000000000005,0.3,1
3.4108784940398036,3.2561541382321293,2.904,3.7,1
3.3525431692896235,3.4647738786492255,3.2239999999999998,2.8,1
3.2971105339287807,3.147064720733117,3.1159999999999997,3.3,1
4.281153627172788,4.373243421527212,4.036,4.3,1
4.783083161630668,4.715966787458361,4.188,4.9,1
4.135672879889134,3.996811831912273,3.472,3.8,1
3.9539002615013383,3.8278180224474,3.380000000000001,5.0,1
0.4646173039391555,0.453671773774923,0.4599999999999999,0.5,1
0.4148509115489479,0.38674890529176226,0.35479999999999995,0.2,1
0.41759153589009285,0.39707438333542294,0.3884,0.4,1
0.4645272432238995,0.4780675106002137,0.4964,0.6,1
0.4899731698006047,0.5025280695577709,0.49079999999999996,0.5,1
0.4148395438236448,0.3935007795881297,0.4771999999999999,0.2,1
0.5400388106859659,0.777565986277394,0.6360000000000001,1.1,1
0.8233806405475743,0.8700899263648303,0.8056000000000002,0.8,1
0.8811650414644241,0.87008583456515,0.9468,0.4,1
0.8644642486399575,0.8347438631460651,0.7939999999999999,0.8,1
0.958965387838247,0.9879836478387882,0.9419999999999998,0.9,1
1.0454749903552483,1.0124756843241316,1.0319999999999998,1.1,1
0.8651472379742711,0.8951357374091717,0.8351999999999999,0.8,1
0.845985733328615,0.8752754141394304,0.8316,0.6,1
0.5127637614548036,0.5464985081218011,0.536,0.5,1
0.5508277682135352,0.4787603795688041,0.41600000000000004,0.4,1
0.4025884415556163,0.3983500838675628,0.38000000000000006,0.5,1
0.6576261967123779,0.6581440893846602,0.4991999999999999,1.0,1
0.6244528395766729,0.6920875640522374,0.528,0.7,1
0.5195221025279609,0.5110481632793193,0.4708,0.3,1
0.531551172483883,0.5332390901034167,0.5136,0.7,1
0.610496209506969,0.655519162534022,0.6192000000000001,0.1,1
0.5791077505693435,0.5871692055291491,0.5044000000000001,0.2,1
0.48140681892130366,0.42078367836187847,0.43199999999999994,0.4,1
0.7893053699436363,0.7841005089399868,0.684,1.6,1
0.9474901672987227,0.9803099022978905,1.0191999999999999,1.1,1
0.616403901286239,0.656044169008754,0.6224000000000001,0.6,1
0.5184513347377379,0.49042207965880796,0.43079999999999996,0.4,1
1.7218857296641987,1.5882878459927672,1.7311999999999999,2.8,1
1.7160533881549944,1.7231709910497728,1.86,2.9,1
1.9343699233459655,1.8265567259487754,2.06,2.9,1
1.8350737431125863,2.0478095459115444,2.088,3.7,1
2.0483665496070076,2.191923503917562,2.44,3.5,1
2.04304805601341,2.0613677208688173,2.1079999999999997,3.5,1
2.03485790939088,2.1845167573084474,2.108,3.4,1
0.406340517395504,0.39641241439248387,0.37599999999999995,0.5,1
0.40236431390132005,0.3918346710428312,0.38800000000000007,0.2,1
0.4026653652525964,0.38320361443676043,0.376,0.4,1
0.573549645078428,0.6423300042260565,0.696,1.0,1
0.6831879254008761,0.7415888725201469,0.7787999999999999,1.5,1
0.39737766585176115,0.4375592743787669,0.424,0.2,1
0.41745283772445463,0.45026645512978164,0.5,0.3,1
0.8405704029001402,0.8116830797129199,0.716,1.0,1
0.9167825863562999,0.859158837534369,0.8752,1.0,1
0.7327012320323713,0.6959571447071298,0.69,1.2,1
0.953212389631258,1.1362267123725673,1.14,0.5,1
0.9720091374762524,0.9517492713270811,0.986,1.1,1
0.9316911393362972,0.9122664297269386,0.9936,1.1,1
0.7819080813303716,0.7616379114869463,0.6472,0.8,1
0.4457442864009553,0.4621183069629415,0.5160000000000001,0.3,1
0.43936637891880337,0.4360197427724299,0.512,0.3,1
0.4338700485127085,0.4321160061157104,0.47600000000000003,0.9,1
0.40635610668322464,0.4393882058713334,0.49199999999999994,0.3,1
0.44226299933789137,0.4576342156812481,0.47200000000000003,0.4,1
0.3586911427321496,0.33137438338329434,0.332,0.3,1
0.3749306442787804,0.3802426942768499,0.36400000000000005,0.3,1
0.6640161578977135,0.6364621210957147,0.5416,0.7,1
0.6600407663307649,0.6214651457826166,0.7027999999999999,0.8,1
0.6476649742001849,0.6279986153656778,0.6348,0.9,1
0.7899316059213568,0.8130639503333025,0.98,0.4,1
0.8015963943941099,0.6931192821885511,0.7559999999999999,1.3,1
0.7441215229779586,0.8659587546223718,0.6751999999999999,0.7,1
0.6930533027665334,0.6482832985527254,0.672,0.2,1
0.5354377631432637,0.532041822259175,0.548,0.7,1
0.546207267721164,0.5441673292566644,0.428,0.1,1
0.5345028293105727,0.5014874926548996,0.42160000000000003,0.3,1
0.6408260943835958,0.6359481653660336,0.672,0.5,1
0.5840052644307495,0.6359340884672964,0.488,0.7,1
0.495173227222142,0.47689501340342527,0.44,0.6,1
0.5127960068997494,0.5285957114925766,0.5479999999999999,0.6,1
0.815199477743888,0.7980603734173962,0.848,0.8,1
0.865256884356913,0.8740179361847813,0.8668,1.2,1
1.016053474697479,1.0183823948716815,1.1,0.8,1
1.2461874343260437,1.2266310569994678,1.07,1.2,1
1.36728389495569,1.2676720096865717,1.2007999999999999,0.9,1
1.0448091745700119,1.01850882257949,1.0432000000000001,1.2,1
0.9153326726462511,0.8740644314774334,0.8479999999999999,1.0,1
0.4979202934638271,0.5236006196226579,0.5376000000000001,0.4,1
0.49698803707110545,0.48468078956684857,0.48800000000000004,0.7,1
0.4672779522477603,0.4443264553926152,0.456,0.3,1
0.6387064660226232,0.6801856294030086,0.708,0.8,1
0.6518901769488323,0.6733376018735486,0.6240000000000001,0.7,1
0.5151959879706195,0.5207691245901238,0.49199999999999994,0.3,1
0.4214086140359841,0.38136112641184733,0.4,0.3,1
1.099157820259277,1.021523486066109,1.0776,1.3,1
1.1184612793411124,1.1296302169789898,1.0,1.2,1
1.077645064616784,0.9553490861037393,1.0672,0.5,1
1.2879726064874775,1.2603485018123646,1.2368,1.5,1
1.4166023551000184,1.4057937214584237,1.2896,1.3,1
1.1336972620929715,1.133794937549641,0.9800000000000001,1.2,1
1.109894218790099,1.1216852538900315,1.1,1.0,1
1.1151843703208788,1.0568972064432864,1.0976,1.3,1
1.1023975821434802,1.1423806503002085,1.008,1.1,1
1.0408965612476286,0.9052625279537869,1.0964,0.9,1
1.2659651173161028,1.3452355622390793,1.2668,1.7,1
1.428276091218385,1.4072663494847832,1.564,0.8,1
1.108649268575474,1.042613253029173,1.06,0.9,1
1.1101648090166747,1.0916060724567556,1.1432,1.0,1
0.8097759312219042,0.6995749120927653,0.94,0.1,1
0.6059517918366445,0.6376002471483924,0.5272000000000001,0.8,1
0.788007477005033,0.7371905343781895,0.8279999999999998,0.7,1
0.800575764796168,0.830736329231954,0.696,1.1,1
1.011941970799431,1.1270118630683714,0.9239999999999999,1.2,1
0.8473080135384212,0.8105617157587814,0.8079999999999999,0.6,1
0.8393046412119877,0.7362771338181227,0.78,0.7,1
0.8831402823642148,0.8887771020900522,1.02,0.9,1
0.8743874767892915,0.8105880730393074,0.924,1.2,1
0.9270455204992643,0.9037292438745017,1.02,0.9,1
0.8690375590841224,0.8609314449699705,0.72,0.7,1
0.8523417381764608,0.9115354584218787,0.9680000000000001,0.5,1
0.8339018104557633,0.739953371258119,0.68,1.1,1
0.9254181405377762,0.8881026052617713,0.7959999999999999,1.3,1
0.6827890598432867,0.6926630842817314,0.632,0.2,1
0.5841440180076014,0.5892293486073366,0.5444,0.6,1
0.5282749038060573,0.5094120360257213,0.46799999999999997,0.7,1
0.683148735016335,0.7339548143569572,0.7192000000000002,1.0,1
0.8006719611122887,0.8161960403451359,0.86,0.8,1
0.740642451731811,0.692997204548885,0.664,0.8,1
0.5144371736581469,0.5028146256405575,0.41919999999999996,0.5,1
0.41016558398219916,0.396181024476484,0.4672,0.2,1
0.42001851305403554,0.39290244687540005,0.4028,0.3,1
0.40571363332089233,0.4027196937004849,0.384,0.1,1
0.42030048948958043,0.41531837369459507,0.3952000000000001,2.9,1
0.7516779710049166,1.2334051178994252,1.1748,3.1,1
1.1911099475072826,1.4025271489716102,1.472,0.1,1
0.41014983097132424,0.5329275445854074,0.3592,0.1,1
1.2287181901143605,1.2176670322208762,1.2944,1.0,1
1.085347181183001,1.068419212876229,1.1543999999999999,1.0,1
1.15095656493611,1.0977330475143425,1.1392,0.0,1
0.6925974464777207,0.8353848907763641,0.736,0.0,1
0.9973115907224542,0.8349132701667799,0.716,0.0,1
1.2366967943425078,1.0483070500637939,1.192,0.0,1
0.7482691136321886,0.7328005044005886,0.7959999999999999,0.9,1
0.44678533845815177,0.5204390236978305,0.45039999999999997,0.5,1
0.43920138002080705,0.3674126539494127,0.35600000000000004,0.3,1
0.29326694572244955,0.2660294572977183,0.3,0.3,1
0.5321092548674597,0.7839744009737787,0.496,0.1,1
0.2715148026848901,0.23998952890530634,0.384,0.0,1
0.4956933550926782,0.3056574341919728,0.22399999999999998,0.8,1
0.45090665059214613,0.5101304340045548,0.44,0.3,1
1.5321165222123632,1.0332526513672464,1.1079999999999999,0.4,1
1.3577174341077736,1.220524255491651,1.192,1.0,1
1.4053980751961501,1.306036108207649,1.192,1.1,1
1.2910483586045824,1.4331280034603475,1.368,1.6,1
1.7846705209637215,1.8100339271296506,1.6096000000000001,1.5,1
1.527969373895877,1.5343765651105565,1.444,1.3,1
1.2554042857773602,1.0963760169785473,1.7,1.4,1
0.4615285207015563,0.461370924137608,0.49599999999999994,0.4,1
0.46223489468069656,0.47389483081194395,0.47200000000000003,0.5,1
0.5155227038227149,0.5122063833661081,0.6,0.5,1
0.6131868121039425,0.5846073930060072,0.6000000000000001,0.8,1
0.6559956937121163,0.6284572611852044,0.5720000000000001,0.2,1
0.5341105065619814,0.5635221564527494,0.4696,0.7,1
0.5206285616365028,0.5446236445015002,0.554,0.3,1
0.3053740194278706,0.3191620881610536,0.35200000000000004,0.2,1
0.32436955397901635,0.31602739275498515,0.308,0.4,1
0.33074285872781756,0.33545754975915215,0.312,0.4,1
0.41845687262381503,0.4173820666682545,0.396,0.6,1
0.47385538887078194,0.4889030990153089,0.508,0.6,1
0.4025300462768987,0.3774039198425644,0.37599999999999995,0.5,1
0.4171586869414528,0.4411574898919944,0.44799999999999995,0.2,1
0.40314651127220585,0.3999133151236721,0.46799999999999997,0.8,1
0.4851233231271258,0.48393208071986,0.45199999999999996,0.4,1
0.44973691469913923,0.4276803309666328,0.396,0.3,1
0.5235378343741091,0.4912754225188618,0.4800000000000001,0.3,1
0.5370784919899043,0.5672861849768771,0.436,0.9,1
0.4101482025146615,0.4187788655509302,0.34,0.8,1
0.47716108984030353,0.4848432030635077,0.5920000000000001,0.6,1
0.6784997266570291,0.6673789914551943,0.684,1.1,1
0.8195573278868997,0.7614675045279036,0.88,0.6,1
0.5054527100895587,0.48997011253066525,0.5192000000000001,0.4,1
0.8264074201867224,0.9021543726842454,0.86,0.5,1
0.7778015851400523,0.8109417761869279,0.86,1.1,1
0.7391940370063713,0.757385307028052,0.708,0.8,1
0.7907634075620351,0.7370540853182902,0.7720000000000001,0.9,1
0.4313753475234083,0.4210657980392599,0.396,0.4,1
0.3223154043281005,0.27617510724587524,0.324,0.1,1
0.35476681190946574,0.34760304522545565,0.4684,0.5,1
0.5228285000402999,0.5281083564770943,0.532,0.4,1
0.5270835380927168,0.52633698147428,0.584,0.5,1
0.43094375672664087,0.4158897985181112,0.44400000000000006,0.4,1
0.35652140255630943,0.32951217298872115,0.528,0.4,1
0.5373676793722492,0.5085686231512321,0.504,0.6,1
0.5311844541290228,0.5009657771528822,0.5039999999999999,0.5,1
0.40957175915321126,0.40709795407035304,0.444,0.6,1
0.6290651248993191,0.6496881133955356,0.6439999999999999,0.3,1
0.6246969640903726,0.6289303637744285,0.68,0.7,1
0.5251581411266302,0.5010223529062985,0.5052,1.1,1
0.6300505589905502,0.6736908752522911,0.49199999999999994,0.7,1
1.2928294841269878,1.275844240380464,1.0,1.5,1
1.237105962325734,1.227409633192098,1.1360000000000001,0.0,1
0.9936368499640783,0.8822387258188988,1.044,1.5,1
1.3384569992292428,1.3432056424564678,1.228,0.0,1
0.9908719152761905,1.101340168811732,0.684,1.7,1
1.2995686750417181,1.347379664444989,1.1920000000000002,3.9,1
1.8867034135519911,1.9054649487455344,1.9240000000000002,0.1,1
0.6861903875606813,0.5890138139589955,0.52,0.8,1
0.7880606420050341,0.7165356928007285,0.7519999999999999,0.6,1
0.7566335176261685,0.6883435587561442,0.7347999999999999,0.7,1
0.7659912709964473,0.7522542623619796,0.748,1.1,1
0.9760717809371302,0.9452949915561843,1.0176,0.8,1
0.7879915604187192,0.7177401060892606,0.6679999999999999,0.7,1
0.8366679173477422,0.8216821503856128,0.6763999999999999,0.4,1
1.0541435287870387,1.0832387266689258,1.1468,1.2,1
1.2059983951483322,1.1528747267265769,1.0999999999999999,1.4,1
1.2116568188122658,1.213446127065969,1.28,0.9,1
1.1069796622110424,1.1916050505555182,1.3712,1.6,1
1.2998782803338738,1.3676391481057928,1.1676,1.1,1
1.0170560033460219,1.0335200502150135,1.218,1.9,1
1.1673471160235946,1.225881561878196,1.2520000000000002,1.1,1
2.624249148039301,2.472683251254969,2.276,2.6,1
3.0724687328268754,2.7312099577748867,2.6,2.5,1
2.3415090642064813,1.986329903805808,2.308,2.6,1
2.6313360849900738,2.6977026659710392,2.7320000000000007,3.9,1
2.7918286367754663,2.939069143457755,2.7879999999999994,4.3,1
2.288956261686975,2.2268305888985207,2.388,2.2,1
2.2752931655705195,2.242106286393117,2.14,1.5,1
0.40016312200736864,0.39599553399513887,0.44720000000000004,0.4,1
0.4134757505934495,0.40014099625722793,0.35,0.2,1
0.40706259460667005,0.3840423717202514,0.3644,0.2,1
0.4397525855840748,0.4584474378320005,0.4568,0.5,1
0.40122839320534426,0.4304480006076348,0.536,0.2,1
0.33735176502491543,0.32452349066499486,0.3268,0.3,1
0.39852166462279415,0.43563039397624975,0.5056,0.4,1
3.2013865177652105,2.945847530117982,2.716,2.1,1
3.1612745862308196,2.8544195939762584,2.524,2.6,1
2.7493647711711064,2.547968948523511,2.68,3.6,1
3.960406465962742,3.9244404785618108,3.728,5.1,1
4.030983830876331,3.868638880402492,3.924,3.7,1
2.839970598826277,2.8245452225964316,3.284,2.2,1
2.834271669113488,2.8077946322640503,2.824,3.3,1
0.45141966871945094,0.4053359266842195,0.43199999999999994,0.4,1
0.37620258535607953,0.350368710819153,0.35200000000000004,0.5,1
0.4009130300264912,0.385645975132987,0.43200000000000005,0.3,1
0.44705747455359474,0.45768655827102833,0.4456000000000001,0.8,1
0.4503577929034768,0.49300741679973853,0.456,0.2,1
0.4069023169609597,0.3742080058469919,0.36599999999999994,0.4,1
0.4004342799371767,0.4094684745112555,0.396,0.4,1
3.0462788200758264,2.804988688958987,2.924,3.1,1
2.9983786779373918,2.8845249917035805,2.7439999999999998,3.5,1
3.110516853927498,2.931645577636585,2.892,1.8,1
3.6171273739777714,3.4346121393517897,3.2880000000000003,3.5,1
4.167920481671554,4.3057629400954305,4.004,3.5,1
3.4887742658616534,3.3988467994722336,3.4520000000000004,3.2,1
3.2259077242041365,3.201433513113043,2.888,3.6,1
0.6641712963663117,0.666893336885928,0.62,0.6,1
0.6718215186183675,0.6519338931426445,0.636,0.6,1
0.5871584338907163,0.5624545568112307,0.504,0.4,1
0.6826642633971273,0.765980571848907,0.664,0.7,1
0.7515021151043033,0.7666228358922188,0.596,0.8,1
0.7159774660358756,0.6975407586807012,0.64,0.0,1
0.5713955376858626,0.6108732971175528,0.4968,0.5,1
1.0824882454668003,1.1192177730958097,1.1440000000000001,1.6,1
1.3691281442162975,1.3559499669584456,1.524,1.5,1
1.461805707023792,1.480903287417763,1.348,2.1,1
1.9965445039475025,1.6653977291442335,1.548,1.3,1
1.5362738322697167,1.5347556197298866,1.412,1.7,1
1.632303961844279,1.6945681026837258,1.9080000000000001,1.0,1
1.2894356491143197,1.5146659178727955,1.5520000000000003,1.3,1
0.8739225720452933,0.8918241428275658,0.9096,0.3,1
0.8263767333858121,0.7133374899625382,0.7,0.8,1
0.8236327032459325,0.7331615926745382,0.7199999999999999,0.7,1
0.8366025897859657,0.8333514577620078,0.8192,0.5,1
0.8257596056512888,0.8039285421619606,0.8188000000000001,1.0,1
0.8163695271204963,0.7545441053645752,0.6719999999999999,0.9,1
0.8808612103583497,0.8142789940967881,0.9695999999999999,1.9,1
1.070640886746553,1.1040651733964562,0.9656,0.9,1
0.8928713539904237,0.9149823423333536,0.8576,0.9,1
1.0881840943077552,1.0903855082057559,1.068,0.5,1
0.971235740159557,0.9977911835313271,0.9236,1.1,1
1.1751861938695545,1.127113915321754,1.2176,1.0,1
0.9198206904965861,0.9126927306658087,0.9564,1.1,1
0.9477115647072516,0.9855319160442729,1.0308000000000002,1.1,1
0.4391043824788495,0.41915030211636933,0.4536,0.4,1
0.4245568369075608,0.3841667561848255,0.40399999999999997,0.4,1
0.41510185699800684,0.39314857327756964,0.34,0.3,1
0.5139831153964938,0.5125058091500354,0.452,0.6,1
0.5540100204933112,0.5965346446625208,0.664,0.3,1
0.424239479097497,0.36578408969250875,0.4,0.5,1
0.4329703910956079,0.42771612837417905,0.38000000000000006,0.3,1
0.9468578677484161,0.9409034449143047,1.0415999999999999,1.1800000000000002,1
0.9503449594228387,0.9603554301881553,1.0348,0.9,1
0.8881849100610979,0.8813671034239673,0.968,0.6,1
0.9537494555379676,0.9766759970640679,0.9312,1.6,1
1.1913316049007936,1.2449887114971618,1.46,1.3,1
0.9294585813426219,0.9712914793757164,0.8327999999999999,0.9,1
0.9609303847889479,0.9740037225035836,0.852,1.0,1
0.4724713104605549,0.506676819423722,0.436,0.2,1
0.41410114020618977,0.44478096037166515,0.40679999999999994,0.1,1
0.41046585366788496,0.4199834065386914,0.38159999999999994,0.1,1
0.4346601577872724,0.4327233805254584,0.4568,0.4,1
0.398920409728975,0.4387319441853306,0.3992,0.1,1
0.4019586219520641,0.3366230562220291,0.4548,0.0,1
0.5386073728392106,0.5571350631303167,0.5184,0.6,1
0.4258524001099464,0.43351571266063843,0.4352,0.4,1
0.5005259949010638,0.5171296450849343,0.412,0.4,1
0.5277968330224363,0.4993992208597836,0.41119999999999995,0.4,1
0.5885650728598067,0.6004727139598052,0.528,0.2,1
0.5137960168923211,0.5303018991133448,0.4996,0.7,1
0.5027153452599449,0.5202686467641946,0.5616,0.4,1
0.39208146144194944,0.42884072194691975,0.496,0.5,1
1.1573764563705118,1.1618932721063826,1.0948,1.4,1
1.1651901958784625,1.2103025675247756,1.176,1.5,1
1.2271195418489569,1.3186436001005117,1.232,1.0,1
1.3356404231986383,1.331103098752922,1.304,1.6,1
1.4023717836146603,1.478567754724573,1.3776,2.2,1
1.349670104301177,1.528635602212551,1.208,1.3,1
1.3012649579647517,1.3744311704895678,1.224,1.0,1
0.43864869827812586,0.44292158023990225,0.436,0.5,1
0.45749203000140864,0.468630781166822,0.47200000000000003,0.4,1
0.4585496414329095,0.471288076717306,0.512,0.2,1
0.5600044478976018,0.5766220376557752,0.52,0.8,1
0.5900279499743839,0.6260226731715377,0.604,0.8,1
0.5450980389604348,0.5534736348233851,0.556,0.8,1
0.6127710731551873,0.6102705867594007,0.708,0.6,1
0.3704584395834727,0.34412279039181715,0.4448,0.1,1
0.3664157643687098,0.3427926105525658,0.37079999999999996,0.1,1
0.3614222132595322,0.34073339958981336,0.35519999999999996,0.3,1
0.40383056895533226,0.38039506608900564,0.4708,0.7,1
0.4092311623681369,0.4423572592283399,0.5,0.7,1
0.3367400448900248,0.31931440635108344,0.34,0.3,1
0.4522988039002034,0.5182424782429651,0.49599999999999994,0.5,1
1.1415562025001342,1.1224100628537468,1.112,1.2,1
1.1178336507489453,1.145524305767324,0.964,1.4,1
1.1978321959679397,1.2052418812259509,1.008,1.0,1
1.3177577025074882,1.2902781641034837,1.2084000000000001,2.0,1
1.5357764157063678,1.638658197768133,1.66,1.8,1
1.2917006099356796,1.3017430519401234,1.2,1.8,1
1.2974829353091681,1.38078133915571,1.0748,1.0,1
0.9818241671015615,0.9431473535434514,0.8800000000000001,0.5,1
0.882438306599629,0.8454366651393557,0.7387999999999999,1.1,1
0.9282075930693758,0.9949499217739695,0.9747999999999999,0.9,1
0.9324240593119676,1.030821536985543,0.9351999999999999,0.8,1
0.97319370012158,1.0366117971748376,1.0560000000000003,1.0,1
0.8586917075494795,0.8734505615884565,0.848,0.0,1
0.7391257545539562,0.7203915191425645,0.608,1.1,1
0.5648829791993821,0.5415743310674259,0.6616,0.6,1
0.6452953556225565,0.6441020482200229,0.4828,0.8,1
0.5850220813679622,0.5830004059240772,0.6868000000000001,0.2,1
0.5693648645210233,0.5608466238334926,0.506,0.6,1
0.6464406742791522,0.6155309960093075,0.64,0.4,1
0.6011663284653616,0.5665585529266333,0.5508,0.4,1
0.5138333466496267,0.519675780516273,0.5324,0.2,1
0.9154320798909917,1.0458399125522748,1.2520000000000002,0.4,1
0.9189290002711624,0.9695291858755296,1.3440000000000003,0.7,1
0.8890570801565819,0.9746045517680975,1.3159999999999998,0.4,1
0.9836159116396933,1.0272128308114312,0.924,1.2,1
1.2080018746379144,1.155163222694558,1.12,1.0,1
1.0311792384576728,1.1886783571001711,1.276,0.8,1
0.9359592290466795,1.116851018589116,1.348,1.0,1
0.356151264500805,0.34226204797964177,0.452,0.3,1
0.31658990633946144,0.3078970899211394,0.336,0.3,1
0.31765681466592854,0.3172500850480121,0.324,0.2,1
0.5435745787695093,0.5665784276558189,0.6359999999999999,0.8,1
0.5310951736162356,0.5958825935119465,0.64,0.5,1
0.3500420729969139,0.309070307663012,0.36800000000000005,0.1,1
0.34343261618822435,0.3575720165146516,0.37520000000000003,0.5,1
0.42048793538175305,0.42265226027910446,0.408,0.6,1
0.4303172393515973,0.4147050587915729,0.38800000000000007,0.5,1
0.47059175086361477,0.45844528118977085,0.576,0.3,1
0.6161840143578818,0.6412182269805047,0.624,1.0,1
0.6630602012488411,0.7428470393290316,0.5880000000000001,0.9,1
0.4787067314980609,0.5219824656167644,0.5588000000000001,0.6,1
0.5964884024298146,0.5778945339667775,0.532,0.2,1
0.455791109301177,0.5635524752669698,0.6680000000000001,0.5,1
0.49752075357864795,0.539890983640845,0.544,0.6,1
0.469949885444118,0.48585708380912085,0.45199999999999996,0.2,1
0.5405606045397496,0.5423345237575476,0.5164000000000001,0.2,1
0.6900444812206492,0.7417491042184295,0.74,0.2,1
0.4714495477794144,0.4683096769927515,0.5208,0.6,1
0.47040289111581207,0.4960380110291518,0.5720000000000001,0.7,1
0.3016222392003275,0.272538939052386,0.36560000000000004,0.4,1
0.2749633779675187,0.2445924130094317,0.29200000000000004,0.2,1
0.404826414717613,0.32796997521312604,0.29200000000000004,0.3,1
0.46069035436522626,0.40018768710823677,0.516,0.3,1
0.4699943338032718,0.4335961202829278,0.484,0.3,1
0.4012046820985458,0.35155466982124817,0.316,0.4,1
0.42972346818216967,0.41454323090084094,0.44800000000000006,0.5,1
0.508428857083815,0.5685582954089314,0.47759999999999997,0.4,1
0.5134534905046932,0.505355442225129,0.44079999999999997,0.4,1
0.530920988551199,0.5558757886445534,0.508,0.3,1
0.5555949634844966,0.5507936300345992,0.564,0.8,1
0.5645249646658854,0.5708514484221916,0.572,0.3,1
0.38800195714114344,0.42461580005731336,0.41279999999999994,0.4,1
0.4234648956772493,0.46004127090895075,0.52,0.6,1
0.9832809892040492,0.9529024675485912,0.9519999999999998,1.4,1
1.0632170747061715,1.0509913984442376,1.0439999999999998,0.0,1
0.5435881632120579,0.514810628609879,0.536,0.7,1
0.9418621655703258,0.9759188651471562,0.8051999999999999,1.9,1
1.2005407453263652,1.2613074781760714,1.2200000000000002,1.8,1
0.9931378696812793,1.0453017525963846,0.7999999999999998,1.2,1
0.9299492878534026,0.830627719471689,0.748,0.9,1
1.0987362874843485,1.0619436528101207,1.18,0.9,1
1.0780473060860158,1.0588639856663873,0.9988000000000001,0.8,1
1.1972002694706867,1.18918336564264,1.1440000000000001,1.4,1
1.2765877082279211,1.2368098862978951,1.058,0.8,1
1.0261686932215188,1.1019779130967162,1.1324,0.5,1
1.0364607000404964,1.046050028808646,1.0031999999999999,1.3,1
1.0375140157505178,1.0683261684960748,1.26,1.0,1
0.6709931459495286,0.6316117722379513,0.508,0.4,1
0.6244975350569157,0.5919083880383,0.478,0.6,1
0.627349602568731,0.6033143124309046,0.5912000000000001,0.6,1
0.6821502583868277,0.6775836645861077,0.7119999999999999,0.6,1
0.7493182780516878,0.677719292495027,0.8599999999999999,1.6,1
0.7705378724516883,0.7853033255167519,0.8839999999999999,0.9,1
0.7185468997845235,0.6676874039107024,0.6776000000000001,1.3,1
1.255229039091668,0.648665234624705,1.032,0.6,1
1.129869403315088,1.1451621832517602,0.9276000000000001,0.5,1
0.9660999266831305,1.0324838989272498,0.8024000000000001,0.9,1
3.657751919238917,5.321560295938852,2.508,3.8,1
1.126468481397241,0.6967928574759504,0.976,1.0,1
1.0296824358997283,1.1947125554886278,1.1208,0.6,1
0.904185976282741,1.042778887593145,1.2960000000000003,0.5,1
1.5441139806372843,1.4787981159773442,1.3519999999999999,1.4,1
1.5834601523080272,1.436465288337596,1.5800000000000003,1.3,1
1.610565499844677,1.450752246773276,1.5119999999999998,1.3,1
1.7667445726983533,1.7327022218865955,1.67,1.4,1
1.7663786284365783,1.7824841631357815,1.3360000000000003,2.0,1
1.5552285294868442,1.554952846301874,1.3119999999999998,1.2,1
1.5405283763563775,1.4275225729051684,1.4039999999999997,1.6,1
0.6840855004249452,0.6171398918392148,0.49,0.8,1
0.7258785233779516,0.6812208341624075,0.7519999999999999,0.9,1
0.6978154802487089,0.6975193958058993,0.6072,0.8,1
0.7426578273246653,0.8076340053824425,0.7448,1.1,1
0.7969737712698073,0.8691187745755138,0.8079999999999999,0.75,1
0.7445540366626905,0.6485555067857045,0.6812,0.9,1
0.8414179885952668,0.8321280616688933,0.7119999999999999,0.4,1
0.5481835141454893,0.5193310182696691,0.396,0.6,1
0.4877735797329328,0.46389782699505944,0.4216,1.2,1
0.5590090207045839,0.610797931162842,0.5640000000000001,0.2,1
0.5494922328799864,0.5770881499773035,0.528,0.5,1
0.5790531045750769,0.5823293140598649,0.568,0.5,1
0.5044229276840317,0.46775388866708456,0.48,0.6,1
0.4924921266577665,0.48750262122666643,0.5,1.0,1
0.4129587867735633,0.3990262321519874,0.35600000000000004,0.4,1
0.42817846743259724,0.4119322857744254,0.4260000000000001,0.4,1
0.5103351262449761,0.5244494434201896,0.49199999999999994,0.2,1
0.4500279697849484,0.4571865085643776,0.5871999999999999,0.4,1
0.5563695148233756,0.5815803574835338,0.572,0.5,1
0.39196837476118734,0.371601492429955,0.4480000000000001,0.9,1
0.4116757236118703,0.43632319572412553,0.49200000000000005,0.1,1
0.5518468039606628,0.5854885221160573,0.456,0.5,1
0.6690337234624083,0.6152679328426609,0.5871999999999999,0.7,1
0.3502337130456485,0.32525256472386643,0.38,0.3,1
0.7455718398378021,0.7795564148523285,0.804,0.6,1
0.7945865360687768,0.7013293603236208,0.8560000000000001,0.7,1
0.5384822346593229,0.5648330755061108,0.5227999999999999,1.0,1
0.3344287633122945,0.3880824239342475,0.37199999999999994,0.3,1
1.1049723569661234,1.0798164549920017,1.0748,0.6,1
0.917873408517352,0.9095273843024173,0.9567999999999999,1.1,1
1.0451989635004113,1.047087270042357,1.1159999999999999,1.0,1
1.065918117786727,1.1028933242654553,1.1472,1.3,1
1.1858760834243784,1.2000087673292401,1.3084,0.9,1
0.9333393820376363,0.9206505211357723,1.1364,1.4,1
1.0207007354899758,1.0760173956400367,1.234,0.8,1
3.461225710807546,3.2511759712250727,3.4159999999999995,3.2,1
3.6251656998451867,3.400169762197802,3.2439999999999998,2.4,1
3.218958480660446,3.1494267223120533,2.6359999999999997,2.6,1
4.391867190926473,4.50443078069622,4.092,3.0,1
4.738386210466469,4.619321898382884,4.135999999999999,3.7,1
4.057850864888076,3.691533693497747,3.4760000000000004,4.6,1
4.309482552596604,4.104095462111324,3.6280000000000006,5.7,1
0.9126526265258406,0.9594061682186863,0.7919999999999999,1.1,1
0.874347068689531,0.9145274375149921,0.6988000000000001,0.5,1
1.0197710272047795,1.0331529988487933,0.9351999999999999,1.4,1
1.1101808230018744,1.152721476341532,1.1832,1.2,1
1.1834106888848075,1.1044520105885205,1.0655999999999999,1.2,1
1.0134465176618936,1.0076194589195948,1.0300000000000002,1.2,1
1.175547803731997,1.2679231632395571,1.2352,0.8,1
0.5298577223315907,0.6086313079617386,0.384,0.3,1
0.7467597158660025,0.6493475454767242,0.49599999999999994,0.8,1
0.7115381683406004,0.7084602811573371,0.604,0.7,1
0.7418263090291721,0.8089743165718606,0.632,0.6,1
0.8593012340088398,0.8685528034220047,0.79,0.8,1
0.6976797997012835,0.6894921248063902,0.5920000000000001,1.4,1
0.8150475633673803,0.9514424521550969,0.998,1.0,1
1.9650339187062453,2.002809510938097,1.936,3.6,1
2.1569641073123105,2.3569113392883283,2.26,3.4,1
2.096977310355711,2.0501491033336783,2.1319999999999997,2.9699999999999998,1
2.466824023389734,2.730438070179503,2.54,3.8,1
2.7205843560661394,2.7791619352300163,2.7960000000000003,4.6,1
2.130843250291244,1.7913562915933454,1.9800000000000002,4.8,1
2.2130820625042067,2.1229268767350655,2.224,3.2,1
1.2982095284143462,1.4351224957106417,1.3119999999999998,1.2,1
1.3679714093594622,1.5608406279545433,1.3,1.8,1
1.5727877197899256,1.7748474049123457,1.3119999999999998,1.8,1
1.6332323709971734,1.8282323368911766,1.54,0.9,1
1.6519430616941935,1.5858450257288785,1.4480000000000002,0.7,1
1.3282105218084557,1.4147163639076004,1.204,1.8,1
1.5423149698269112,1.7824048363680516,1.636,1.7,1
0.852513983380918,0.8367369861735117,0.8319999999999999,0.7,1
0.8177263061467426,0.6974660675969326,0.6335999999999999,1.0,1
0.6082597369538231,0.6060586379560371,0.516,0.8,1
0.8661629572451637,0.8866772075948238,0.722,1.1,1
0.9726446377349354,0.9667442981543521,0.9280000000000002,1.5,1
0.8700439105238703,0.8330733088569054,0.7560000000000001,0.9,1
0.67087659903716,0.6603702432245828,0.64,0.9,1
0.4850852684532838,0.4893263790928732,0.508,0.5,1
0.49862892602931397,0.6554567874947225,0.4976,0.3,1
0.48398438009766714,0.4362349837048053,0.48,0.5,1
0.5744839670733288,0.605953847391494,0.6240000000000001,0.3,1
0.5741522532322156,0.5552477370438365,0.624,0.6,1
0.48122449620021046,0.4667224648476714,0.384,0.6,1
0.36978742935739844,0.37540782629223146,0.36800000000000005,0.5,1
0.5259350688584463,0.4899212956580919,0.528,1.0,1
0.5711067552294713,0.5751576442922235,0.6679999999999999,0.6,1
0.5450945383273533,0.5313481607880645,0.612,0.2,1
0.6723250370383834,0.7152258488327575,0.4988,0.6,1
0.6495895460948363,0.6311919886188005,0.6919999999999998,0.3,1
0.42301140459026093,0.4451757632001518,0.4276,1.0,1
0.5393648330996725,0.5711005454237785,0.42400000000000004,0.3,1
1.2310033871003305,1.3360970326979504,1.408,0.8,1
1.0858184788708383,1.060159729374449,0.96,1.7,1
1.1926913238437908,1.2256950438267895,0.9832,0.7,1
1.2964919544742244,1.3085162155438725,1.2988,0.7,1
1.2528481062373493,1.22956964125498,1.1671999999999998,1.7,1
1.1843328763424228,1.2174186314758495,1.0428,1.0,1
1.0849438566199503,0.9624060307948534,1.096,1.3,1
0.5011472668605429,0.3938942834695942,0.316,0.5,1
0.5210256954316641,0.5381386372385598,0.44,1.0,1
0.6857422078463687,0.6473612264322425,0.8160000000000001,0.5,1
0.46388158294323084,0.42324135121472245,0.484,0.3,1
0.51233184252564,0.5066667438545995,0.5568,0.3,1
0.4518615337953241,0.4095490899537645,0.452,0.4,1
0.4410485114872454,0.4248977637642471,0.424,0.6,1
0.43519611193952573,0.4117526057000675,0.42,0.6,1
0.47873252122933624,0.42892010777580925,0.504,0.4,1
0.5737695767895127,0.5353208260728978,0.46399999999999997,0.8,1
0.5262567460478931,0.5644436724628729,0.58,0.7,1
0.5415091682314646,0.5255694589219775,0.5720000000000001,0.3,1
0.6511700064667368,0.57114626322802,0.46240000000000003,0.9,1
0.5285254590861699,0.5366992364506696,0.652,0.5,1
0.8361207584121418,0.8543038058959945,0.828,0.9,1
0.892028767869957,0.9148981566074733,0.9136,1.1,1
0.9551198501486731,0.982375236773025,1.1159999999999999,0.5,1
0.9643881132122368,0.934559537904749,0.996,0.9,1
1.070389944129537,1.031172030630226,0.9212,0.9,1
0.8500529329030693,0.8815093784763248,1.012,1.0,1
1.0582193803308264,1.1301227400542504,1.0872,1.8,1
0.5220879296034501,0.4968254960493278,0.4096,0.4,1
0.546363233755024,0.550071839599453,0.40800000000000003,0.8,1
0.5779699547790546,0.5539512053837052,0.392,0.5,1
0.6186264651868578,0.6459035713458472,0.544,0.6,1
0.669105923456058,0.7111759479757649,0.7347999999999999,0.2,1
0.48404547879374044,0.48141211061210415,0.45199999999999996,0.27,1
0.4691109957039626,0.4648026253002535,0.36,0.2,1
0.8250077470044084,0.815698614749256,0.7680000000000001,0.8,1
0.7711833388048652,0.6999554517681503,0.7959999999999999,0.3,1
0.4900799294691314,0.4623093934895253,0.48,0.6,1
0.7158096828014777,0.8028622897520167,0.7559999999999999,0.2,1
0.6693701448920268,0.6719132328930191,0.7680000000000001,0.5700000000000001,1
0.5731517343451116,0.5945033463327928,0.4228,0.8,1
0.48793834431898897,0.49883428782669287,0.504,0.9,1
0.797911691259838,0.7559468172937776,0.7935999999999999,0.9,1
0.8344688082687154,0.8248107202634716,0.796,0.8,1
0.6966275895267935,0.6421081282148009,0.6532000000000001,1.0,1
0.8845396566394529,0.9896155242937683,1.062,0.3,1
0.9130273015872382,0.8786298297227054,0.94,0.8,1
0.8375893642859205,0.798654919561835,0.8759999999999999,1.0,1
0.8105030465400561,0.8157458302223807,0.8640000000000001,1.1,1
1.1176891088192278,1.0688399724907591,1.0804,1.1,1
1.100387387107043,1.1020820389845312,1.1360000000000001,0.3,1
0.8652929898968739,0.7492824501712845,0.9107999999999999,0.7,1
1.181767582087236,1.229319169861291,1.218,1.0,1
1.2382174922389102,1.242037004207764,1.1656,0.1,1
0.9200906044244611,0.8849633060774001,1.0100000000000002,0.8400000000000001,1
1.0043247216522082,0.9560000974675769,0.964,0.7,1
0.8540984506901637,0.834253240035392,0.916,1.0,1
0.8900150761687644,0.8122648409902602,0.88,0.6,1
0.8449379517755479,0.7653119270781191,0.82,1.0,1
0.8478124492184977,0.8508010810658473,0.688,0.7,1
0.8684939236307213,0.8415528805843507,0.884,0.5,1
0.8483106888174222,0.6866743612212469,0.66,1.0,1
0.8574228702191219,0.794642999232605,0.8520000000000002,1.2,1
0.4894338107570944,0.5388499880415676,0.5319999999999999,0.7,1
0.49320300945372053,0.5291139484193951,0.46,0.3,1
0.3773492928918584,0.3206962801282417,0.34,0.1,1
0.6162311719513018,0.5501955564424905,0.49200000000000005,0.5,1
0.5388922008004139,0.5876665932918224,0.676,0.7,1
0.45805264120828115,0.47249412335168384,0.498,0.6,1
0.3952010786983539,0.3817876404812547,0.396,0.4,1
1.4546607987157854,1.3987939416304163,1.304,2.5,1
1.7587421479819636,1.5760934686943044,1.464,1.5,1
1.6345495947534756,1.3892528145910585,1.3228000000000002,1.3,1
1.6423602183795316,1.5549360059650552,1.3907999999999998,2.2,1
1.7918179796633615,1.835957177349433,1.56,1.2,1
1.8256605654751146,1.5676662161816117,1.6244,1.9,1
1.5295553461360525,1.5627129277063831,1.464,1.3,1
1.807186998087027,1.532433815935081,1.408,0.0,1
1.0086039520556218,0.7849228872711936,1.2400000000000002,1.4,1
1.4733979145203795,1.2094002599336222,1.4839999999999998,0.0,1
0.9699014220542396,1.0334606375197872,1.008,0.0,1
0.9467267841700929,1.0471286543755893,1.032,0.0,1
1.067891271462805,1.012790805656657,1.14,0.0,1
0.8736423231331859,0.9351353531709191,1.232,0.8,1
1.0513449391359344,1.026065944946532,0.9388,1.0,1
1.0249939151448657,1.008560101122224,1.1079999999999999,1.3,1
1.0982749550919364,1.090430709903036,1.1560000000000001,1.3,1
1.2520751349729915,1.276959754051608,1.2928,1.2,1
1.2492870832522582,1.2752853299754983,1.4040000000000004,1.3,1
1.1112433909024257,1.10923136678526,1.1752,1.5,1
1.1572398769161323,1.167533683167545,1.1512,1.0,1
1.2186936782112912,0.7925019887581068,0.912,0.4,1
1.0190742522506993,0.9175833216431577,0.8160000000000001,0.8,1
0.9791381689041915,0.9251950314273257,1.036,0.6,1
1.2319802715900179,1.185344037244312,0.9288,1.1,1
1.3719073396600983,1.3594682026890945,1.2564,1.2,1
1.1520660184078024,1.1321454531670991,1.148,1.1,1
1.0044932744112345,0.9419265502736194,1.324,0.8,1
0.6407875728624836,0.5092057080073842,0.384,0.3,1
0.5963420801147484,0.5726102329863112,0.46759999999999996,0.5,1
0.6293721016305095,0.5999255256264932,0.7428,0.7,1
0.8206344218490577,0.8093365737294502,0.764,0.4,1
0.783641755835249,0.6763106673914571,0.688,0.6,1
0.6126670685968159,0.5978073756076495,0.7507999999999998,1.1,1
0.6931840901867227,0.7756857060909763,0.7856000000000001,0.4,1
0.3768216453992206,0.30925258305363246,0.308,0.3,1
0.4053747709537428,0.3701110881556167,0.36,0.4,1
0.4075370708093577,0.38469883331893806,0.408,0.6,1
0.48745849150352455,0.45998228940509095,0.46,0.5,1
0.4759246055345164,0.5310629017687853,0.512,0.4,1
0.40808515506614645,0.3883109834872631,0.41600000000000004,0.5,1
0.42789941136106885,0.4405050959328717,0.5159999999999999,0.6,1
0.8379473253461246,0.8285611788442837,0.7748,1.0,1
1.0031802567659471,0.9799722310525876,1.0175999999999998,0.8,1
0.63967960033407,0.5983114464379407,0.592,1.4,1
1.0050268819057908,1.2038375420622736,1.176,0.8,1
1.0500966344744467,1.1429809901574408,1.0908,1.8,1
1.111330918402966,1.1507448097048099,1.228,0.8,1
0.8467885481520787,0.8238972233856986,0.5956,0.7,1
2.0498254175303114,2.2453960727446747,2.2920000000000003,2.8,1
2.0296312120998685,2.0772382394261877,2.158,4.6,1
1.7715609130874759,1.85188787678083,2.24,5.0,1
1.9183939115947801,1.9644152334940692,2.5400000000000005,2.4,1
2.1452465999782904,2.341799562103091,1.992,4.1,1
2.194929190001876,2.2454622459521065,2.224,4.8,1
2.0563641056383815,2.216567258043341,2.32,2.2,1
1.1617212170894093,1.1941096724892502,0.9,0.7,1
0.9410131015189271,0.934101974183566,0.9784,1.2,1
1.0269481820247277,1.08013862630682,1.1608,1.0,1
1.236956580698835,1.278157705376175,0.932,1.3,1
1.1577972891871018,1.1691923001370095,1.0,1.3,1
1.0536484518867588,1.082390485306853,1.04,0.7,1
0.9483092797675465,0.9124559956522559,0.8712000000000001,0.6,1
4.150103075433338,3.9522438300745324,3.8560000000000003,3.5,1
3.3258427470866874,3.433570034581231,3.1,3.4,1
3.937070203249159,3.9535337100217287,3.8520000000000003,3.2,1
3.7732448674920405,4.217225416362381,3.8040000000000003,4.0,1
4.790805810661073,5.049040747875927,4.152,3.2,1
4.170164191912814,4.238395882372565,3.6320000000000006,3.5,1
4.196088874822498,4.0985239294671185,3.812,4.3,1
0.7684375216420104,0.625658236153949,0.652,0.8,1
0.7443318213826088,0.647609702393064,0.716,0.9,1
0.4554114042358617,0.44597289054424283,0.48,1.0,1
0.8205197503128301,0.8463598584605428,0.664,0.9,1
0.885998672658306,0.8377576868691193,0.716,0.7,1
0.8185315879557001,0.6895878053367264,0.716,1.2,1
0.845434566333552,0.8373156992657305,0.912,0.8,1
1.092784044684342,0.9857315496780727,0.796,0.9,1
0.9585130474538944,0.9467387177161942,0.76,0.5,1
0.9723747872205686,0.8865314423685091,0.792,2.1,1
1.588479000644537,1.4093333047834922,1.3319999999999999,1.8,1
1.3589363349175283,1.3982115891645508,1.304,1.9,1
1.3919122213660613,1.3987178185759976,1.256,2.0,1
1.6577004969500377,1.5090921384865639,1.4240000000000002,1.4,1
0.8576203180791829,0.7978961270145474,0.7747999999999999,1.1,1
0.8430287347197135,0.7662468757810237,0.848,1.0,1
0.8494784123368537,0.7317287214608013,0.7239999999999999,0.6,1
0.8250275276026412,0.8355430290129522,0.7952000000000001,0.5,1
0.8546995491716689,0.8007273144454212,0.8472,0.6,1
0.7647026586188365,0.6096878563242851,0.6292000000000001,1.0,1
0.8290465358946849,0.7594598509304031,0.6679999999999998,0.7,1
0.38254306146207384,0.3694623062697123,0.35879999999999995,0.4,1
0.39129611266079456,0.37628608061996316,0.35600000000000004,0.4,1
0.4000093017583416,0.41241910293379364,0.43599999999999994,0.4,1
0.5055199539285715,0.4592810236672131,0.4664,0.0,1
0.4805369138491977,0.45071812232096403,0.4496,0.5,1
0.366078784898641,0.3593032073357673,0.368,0.4,1
0.36965567798913906,0.3910610785502918,0.384,0.2,1
2.462059766338562,2.8902314013127652,2.1079999999999997,1.4,1
2.4999798849167743,2.399123266735791,1.704,1.4,1
2.1937926594671846,1.9663852478143447,1.9639999999999997,2.3,1
2.4475636035400727,2.781118795736343,3.24,2.8,1
2.3013192334405375,2.464440113231477,2.92,3.5,1
2.4586209793980536,2.416346736496638,2.376,1.6,1
2.1609934065753897,2.0525392005813403,1.7631999999999999,3.1,1
0.3698994794361624,0.379288200460342,0.4264,0.2,1
0.47313681902034954,0.5332565757065082,0.5496,0.1,1
0.44710389862360717,0.3669401683349116,0.4096,0.38,1
0.40326705368064114,0.35709954543772454,0.41800000000000004,0.1,1
0.40395525946696287,0.38068159305896354,0.41359999999999997,0.5,1
0.332323928427743,0.3102847131180565,0.41800000000000004,0.2,1
0.3133462244497839,0.29733653656127057,0.32,0.3,1
0.6216173782090718,0.7946098560345242,0.892,0.8,1
0.6478324999029167,0.674261040353633,0.728,0.1,1
0.6006145152355425,0.6283948874218943,0.772,0.9,1
0.6621512071614425,0.7080935893816394,0.7080000000000001,1.0,1
0.8791466369517124,0.9171568516905094,0.8440000000000001,1.1,1
0.8355820965818165,0.9046986220314694,0.9599999999999999,1.0,1
0.854551314623766,0.8657552458071242,0.872,0.9,1
1.2494403385106174,1.3720799984474206,1.252,0.6,1
1.1647249669065936,1.1182768519219055,0.936,1.1,1
1.1194644029636196,1.121559809519508,1.0988,1.0,1
1.156645811385367,1.2230552808488173,1.224,0.8,1
1.0114867638367289,1.1567775124040558,1.1116000000000001,1.1099999999999999,1
1.057281003880828,1.0861831971239888,1.0759999999999998,1.7,1
1.2363025082719024,1.3463587825991552,1.2028,1.6,1
0.5374093605237763,0.5242589290917854,0.4628,0.5,1
0.5324275869091202,0.5037084089588021,0.4159999999999999,0.4,1
0.47852056452862135,0.45613575666346434,0.46,0.6,1
0.6357156193049125,0.629781003083899,0.6360000000000001,0.3,1
0.6243600741625408,0.6354948363755315,0.6728000000000001,0.8,1
0.5401788470079947,0.5516804372491213,0.40800000000000003,0.5,1
0.5440547423702042,0.5579737607994955,0.592,0.6,1
1.0993458030447003,0.9766024060746792,1.116,1.3,1
1.3417421329688357,1.2402584166378268,1.26,1.1,1
1.2880518127831262,1.1486377242521226,1.2600000000000002,1.3,1
1.5030601654800584,1.231554015820791,1.4439999999999997,0.8,1
1.1337571817517642,1.179880523845879,1.428,0.9,1
1.2618547941421945,1.2904345286953838,1.276,1.4,1
1.5390920293449326,1.4696244964951672,1.516,1.1,1
0.9446943823195427,1.0018680974998075,0.98,0.8,1
0.8828915677310928,0.8455604359626181,0.988,0.6,1
0.8236151309356606,0.778913608703903,0.768,1.0,1
0.8862626256658281,0.9810652264064028,0.86,1.6,1
1.048118747103332,1.1963944482637692,1.0984,1.5,1
0.9858499178331303,1.017983702919854,0.948,1.4,1
1.1014033425113117,1.1014240092912762,1.208,4.0,1
0.4741281360442112,0.43380109743408957,0.4264,0.2,1
0.4706675915738422,0.43483727235695496,0.34080000000000005,0.5,1
0.4421035954809387,0.4561443547595433,0.4828,0.7,1
0.5262953563336439,0.5039609642506154,0.532,0.3,1
0.5061416548827237,0.5012775272846751,0.516,0.5,1
0.3892065983623301,0.3778757772263949,0.42800000000000005,0.7,1
0.5183736127850064,0.5224276737707081,0.4640000000000001,0.5,1
0.8763397295174044,0.8067702033946146,0.7959999999999999,1.3,1
1.0388330984987413,1.0959559026370242,0.9359999999999999,0.9,1
1.0340245670643908,0.983171736366993,0.9183999999999999,0.7,1
0.8926427747572859,0.8786309224553893,0.8776,0.7,1
0.9751098595474258,1.0247845761015477,0.9864000000000002,0.7,1
0.8780015538364342,0.8986596211815008,0.7343999999999999,1.2,1
0.8956564193520188,0.8998205353716664,0.9199999999999998,1.1,1
0.43308312888583583,0.4441234479687462,0.44799999999999995,0.5,1
0.43559921025635956,0.4395955431623362,0.512,0.4,1
0.4267223208871276,0.4433629328916098,0.5359999999999999,0.3,1
0.5050356458125281,0.5023291969020289,0.536,0.7,1
0.5484147319129081,0.579270955769227,0.628,0.4,1
0.4578150426573768,0.4847291626059721,0.42479999999999996,0.7,1
0.5168771747514905,0.540695163805297,0.508,0.7,1
0.2811711156219072,0.2598623615350162,0.324,0.2,1
0.2935695296143643,0.26421117979981246,0.3012,0.5,1
0.2779658028386264,0.26942573638008294,0.28,0.4,1
0.3772745842734659,0.381006866457489,0.316,0.3,1
0.39901823876114756,0.39121908152465734,0.41,0.2,1
0.3353164888709953,0.32439584566346913,0.32520000000000004,0.5,1
0.339556017062387,0.37433906712219267,0.396,0.1,1
0.8096143457262667,0.7956378179077349,0.716,0.3,1
0.7611664519284566,0.6974212217380755,0.46799999999999997,0.7,1
0.6830729721598077,0.5843667594693087,0.62,0.7,1
0.8430586331571583,0.9264322514563881,0.904,1.2,1
0.9218599992018686,0.9635429790142332,0.9264,0.9,1
0.761074526073655,0.7475804560068307,0.708,1.2,1
0.6812275403185633,0.7233091023627762,0.5736,0.7,1
0.5044990072593591,0.46864698902035135,0.544,0.2,1
0.4751965716303409,0.42985735263385233,0.41200000000000003,0.7,1
0.5308416113135923,0.477851836742165,0.5559999999999999,0.7,1
0.5531934442113585,0.5400942017722259,0.664,0.6,1
0.5591304967843681,0.5630125546300857,0.604,0.6,1
0.523276462480068,0.4700231685446758,0.5112000000000001,0.7,1
0.5404285938637923,0.5311730579270157,0.6192,0.5,1
0.6236164731878496,0.6126686934436274,0.612,0.4,1
0.5390502275417465,0.571231382873782,0.504,0.2,1
0.5023313203420638,0.5430160039710266,0.544,0.2,1
0.610629790072619,0.6183510105877721,0.648,0.8,1
0.6665829577747373,0.7006884703540077,0.7908,1.0,1
0.6413971163750299,0.6528315928515862,0.684,0.9,1
0.7087497154256143,0.7300096912381964,0.6719999999999999,0.6,1
0.5334895130789499,0.4954452305080288,0.44400000000000006,0.3,1
0.49778700779135393,0.47239179304175105,0.4107999999999999,0.4,1
0.49918576110114316,0.4820834474786262,0.428,0.4,1
0.5166220528229385,0.5478272686874888,0.564,0.58,1
0.5365121537017876,0.5537455097331606,0.62,1.2,1
0.717640457137546,0.7140488890329383,0.632,1.2,1
0.6436147951420715,0.6403067703224535,0.6648000000000001,1.3,1
0.32362884534251296,0.29379436424728544,0.30000000000000004,0.4,1
0.4430930586106578,0.41776784359201796,0.44800000000000006,0.3,1
0.36096660554318744,0.34523368266083304,0.40920000000000006,0.6,1
0.46953872388661977,0.4527196231311801,0.45599999999999996,0.1,1
0.44652262731671233,0.44683595115762503,0.4628000000000001,0.8,1
0.40781421914544147,0.40177599342648807,0.44799999999999995,0.3,1
0.48775575671813454,0.4989993685581048,0.532,0.2,1
0.3993643028595393,0.39918156792056525,0.44,0.4,1
0.40347615704507256,0.39403627240734995,0.3880000000000001,0.5,1
0.40383596686313233,0.40993485999801305,0.42,0.2,1
0.44712353642387853,0.4986374719170109,0.4096,0.5,1
0.4638879004715098,0.49445063911393167,0.5148,0.2,1
0.389764518829833,0.36562455248000747,0.35519999999999996,0.9,1
0.4243474459515428,0.47887905425315175,0.5432,0.5,1
0.33687410236323534,0.34197638149632376,0.31999999999999995,0.6,1
0.33328525068394926,0.33311050042568263,0.38,0.3,1
0.3517416124825259,0.348787006813158,0.376,0.4,1
0.5438284512570664,0.5922713734180689,0.6839999999999999,0.8,1
0.5567144017877113,0.6008806078012563,0.564,0.5,1
0.4066072284031825,0.36509064161763427,0.3440000000000001,0.3,1
0.41597599809198993,0.4283217166308876,0.38160000000000005,0.3,1
0.6005970047538908,0.5459004806965029,0.46399999999999997,0.2,1
0.500375518774736,0.4974372371533252,0.42480000000000007,0.6,1
0.5054858279059674,0.48276820846040414,0.6028,0.4,1
0.6560113318696329,0.6807591953602671,0.6839999999999999,1.1,1
0.8353001094141144,0.8820912672261159,0.8791999999999999,0.5,1
0.47433422879424425,0.47789741118300016,0.52,0.7,1
0.5897709584345417,0.6277492274295545,0.6708,0.5,1
0.4435607295141321,0.4134754665388446,0.47200000000000003,0.3,1
0.4470794204229558,0.4416040877764811,0.42800000000000005,0.1,1
0.36241285886004565,0.31028084231551456,0.45919999999999994,0.3,1
0.3822174535381222,0.3608306840973246,0.4708,0.27,1
0.46313751461891106,0.4696598674613269,0.556,0.1,1
0.4026088868893813,0.35040329295092626,0.41600000000000004,0.3,1
0.3257146881532945,0.27347234201113024,0.38800000000000007,0.4,1
1.1208510226897728,1.164816206763648,1.1248,1.5,2
1.1667530546127505,1.1867855651498709,1.204,1.1,2
1.082994835807902,1.0469391601675004,1.0788000000000002,1.0,2
1.249133884904085,1.204151141506314,1.1804,1.4,2
1.4621303330265438,1.4753309395251994,1.4816,0.7,2
1.055151811015067,1.0273594373836954,1.0556,1.0,2
1.0845599534609605,1.0903797479027433,1.082,1.6,2
0.6246142543983624,0.6687772129128835,0.5760000000000001,0.7,2
0.8389131408162871,0.7161598234999484,0.812,0.5,2
0.5095614704076304,0.43445324457883033,0.5312,0.6,2
0.5859302156656123,0.565888569039896,0.632,0.9,2
0.7165306618270223,0.8060185419546281,0.6792,1.0,2
0.7582834887626904,0.788702444376104,0.7268000000000001,0.5,2
0.5253981066298195,0.4469777648492466,0.468,0.8,2
0.4813742190429218,0.5405416598382358,0.48400000000000004,0.6,2
0.5221719724784382,0.577484932465935,0.5552,0.3,2
0.5013365314630635,0.37846905448329266,0.33599999999999997,0.4,2
0.6261407743518906,0.7079052576483458,0.7680000000000001,0.7,2
0.6788910441074328,0.6579182659949891,0.592,0.2,2
0.4958752759014937,0.6341257475241089,0.4600000000000001,1.0,2
0.38813640777647096,0.39241596515771004,0.38400000000000006,0.4,2
1.2767519574983401,1.2703461876366438,1.136,1.2,2
1.255395387288002,1.2339303050390056,1.1987999999999999,0.6,2
0.9294665217914491,0.9299861369565146,1.036,1.1,2
1.549971773677739,1.4312642188128415,1.244,1.0,2
1.4463112012124868,1.3697276887464884,1.6439999999999997,1.0,2
1.1865143531114664,1.126545653094913,1.236,1.5,2
1.1839000587148845,1.202912089736401,1.1520000000000001,1.6,2
0.8281215841622159,0.8864808082932834,0.9251999999999999,0.9,2
1.0059892329732723,1.0438086287371968,0.9840000000000001,1.0,2
0.9492225739194416,0.9826596015538849,0.9880000000000001,1.1,2
1.0935967001373037,1.1300554698659149,1.1844,1.4,2
1.2727143352061743,1.2582937796945355,1.1764,0.7,2
0.9041086692399406,0.9211349026844776,1.0043999999999997,1.0,2
1.1671753538731098,1.1944512595959391,1.2468,1.0,2
1.604213174098537,1.532985321001568,1.52,1.0,2
1.3711000464653396,1.348952913503246,1.352,1.0,2
1.399413517848975,1.389334497609629,1.268,2.35,2
2.0186705947834387,2.1397423034922616,1.9884,1.3,2
1.7516423371864915,1.7627232442867917,1.472,1.1,2
1.5980752363419923,1.408600807615625,1.5575999999999999,1.2,2
2.2094599627513767,1.8537057068549174,1.6880000000000002,1.2,2
0.649536854974684,0.5942677373131815,0.7056000000000001,0.38,2
0.6886917559538962,0.670110313986512,0.478,0.7,2
0.6362166047562338,0.5807649829915167,0.54,0.64,2
0.7952761108509533,0.8200448412491781,0.7872,1.04,2
0.9003244634481227,0.9412056763616001,1.0072,0.9,2
0.6962690450668598,0.7323203216827197,0.6439999999999999,0.8,2
0.7362702627143637,0.7617081184623716,0.6256,0.3,2
0.44743210669855044,0.4280578944532021,0.444,0.4,2
0.4147486578100952,0.39101465942916813,0.4296,0.5,2
0.5143669932194268,0.5746971092743299,0.5096,0.7,2
0.621775440483629,0.630832398072454,0.5,0.1,2
0.5890537345261516,0.6234892396567514,0.548,0.2,2
0.48880910119952564,0.4828465838250938,0.45880000000000004,0.6,2
0.4941957732711587,0.5314847369526867,0.46,0.6,2
0.6294350225941259,0.6220243824063773,0.42,0.5,2
0.7113383641818608,0.640582988813495,0.5711999999999999,1.2,2
0.75375185181261,0.629252202673895,0.752,0.4,2
0.8580759012360907,1.0557588592768994,0.8764,1.3,2
0.9943010275430688,1.0359031455541108,0.916,0.9,2
0.9145624398622626,0.8840964905703801,0.8839999999999999,1.01,2
0.7572769716611301,0.6753927740046693,0.4160000000000001,0.4,2
0.8835285928994528,0.8868233971685748,0.9688000000000001,0.9,2
0.8683861533929736,0.8602515219266496,0.7948000000000001,1.0,2
1.4788694277378316,1.8535707803604236,1.204,4.1,2
1.1405241352195812,1.0326880537686993,1.16,0.9,2
1.6491574484947333,1.9374885067899255,1.7108,1.86,2
0.9916147509111088,0.9334951999789927,1.004,1.1,2
1.0931283241604364,1.1132807698749538,1.188,0.6,2
0.7057170163789143,0.6723080609476468,0.5872,0.6,2
0.6235945424723104,0.6154061721966576,0.5923999999999999,0.5,2
0.5359564334101983,0.47936096799428735,0.49119999999999997,0.8,2
0.7552732330748974,0.7848430206452881,0.9107999999999999,0.0,2
0.6396114386319502,0.5713892224716366,0.392,1.1,2
0.5950725438646649,0.6801744491171299,0.6,1.4,2
0.6025831445976356,0.6350290519793205,0.628,0.5,2
3.7191378299817357,3.738657529759359,3.4920000000000004,5.1,2
3.5827138893990993,3.2278299491103275,3.46,1.9,2
3.128304878256984,2.99079167603715,3.2279999999999998,3.7,2
4.379402873529766,4.199782656753438,4.328,4.2,2
4.404101707544161,4.1514189154683425,4.459999999999999,4.5,2
3.8955352339384723,3.5529846413216237,3.5639999999999996,5.1,2
4.587317518592517,4.167230789163215,4.044,6.3,2
0.8083900115040895,0.8017586214456015,0.8,0.5,2
0.8287648637451067,0.8009954740809937,0.8775999999999999,0.4,2
0.7546578139237237,0.8025228636426802,0.7120000000000001,0.6,2
0.921277273575633,0.9322525508192021,1.0352,1.1,2
1.0651857255003387,1.034184093936289,1.27,0.5,2
0.7563890980001867,0.7440082234451865,0.838,1.0,2
0.8765432082747348,0.9531020634027182,0.7208000000000001,0.5,2
0.810227144192183,0.7622357172258449,0.78,0.2,2
0.5777395148722497,0.6192288378090827,0.5108,0.6,2
0.6197996904942457,0.656271760183299,0.6552,0.6,2
0.6522526642140705,0.7005337934392527,0.6200000000000001,0.4,2
0.7105078685169216,0.8206598563635784,0.5568,1.0,2
0.5887721569383751,0.6309195373822493,0.5668000000000001,0.8,2
0.5887022469535773,0.6107854155081948,0.6716000000000001,0.7,2
2.928383603938356,2.8294112497231887,2.9160000000000004,1.3,2
2.569909403665966,2.4042210804118227,2.228,2.5,2
2.8335938406247747,2.7148313611602264,2.47,2.5,2
2.9594452557000284,2.9953384290987928,2.66,3.9,2
3.2877245975815685,3.4298146794663853,2.9788,2.9,2
2.5715918716579504,2.6743747795126134,2.5352,2.17,2
2.3780739079199056,2.56553703987454,2.32,4.2,2
0.8090614456346457,0.7935334726553487,0.752,0.5,2
0.8202839960406999,0.7704302600570986,0.76,0.9,2
0.6382774266653766,0.6190514717129523,0.6431999999999999,0.6,2
0.8461183428150278,0.851672427882209,0.79,1.4,2
0.9707801795769959,1.1146911181200694,1.0031999999999999,0.9,2
0.7950047573483626,0.7946606051034666,0.7748,1.2,2
0.6694457094152503,0.6911614269901527,0.5504,0.8,2
0.9862420035752598,0.9503965875365519,0.932,1.1,2
1.0305276153665834,0.9676572616474959,0.9712000000000001,1.7,2
1.1351170755034,1.0815537785207379,0.9119999999999999,1.2,2
1.2585889740981375,1.2239476153825233,1.1828,1.2,2
1.264979942012783,1.2214903466385945,1.1348,0.3,2
0.8986438033253624,0.8360419764547162,0.904,2.3600000000000003,2
1.3656768363086214,1.304169070225829,1.04,1.3,2
0.5792659654386301,0.5493945292186966,0.5199999999999999,1.1,2
0.6704289228520036,0.7361062367269368,0.6267999999999999,0.8,2
0.6527492501926485,0.6856728040636725,0.6252,0.8,2
0.6935838548285286,0.7433482948237428,0.64,0.7,2
0.7523045702071769,0.7255864064125287,0.704,0.4,2
0.5874836801757152,0.5615171348154053,0.5412,0.6,2
0.612106021197378,0.578177842459239,0.604,0.6,2
0.5357067222189283,0.5869399004793667,0.488,0.8,2
0.6462453172893405,0.6338551100398764,0.544,1.0,2
0.7509379434383757,0.6990681289619612,0.8632,0.4,2
0.6585234480296208,0.5948048238695723,0.532,0.6,2
0.786411027323844,0.7270667215592695,0.8428,1.5,2
0.8339339182452322,0.8570236261992559,0.772,0.9,2
0.8082519562888287,0.7494648911452636,0.72,1.0,2
0.8706367571262262,0.8524030533488131,0.9520000000000001,0.8,2
0.8373904890789757,0.858567342873574,0.82,0.8,2
0.8487001465504643,0.8935038292921693,0.8456,0.9,2
0.950848870375048,0.9977201891173275,0.8692,0.5,2
1.0897990807139912,1.0791527778161243,0.9964,0.7,2
0.880388240248038,0.8414199234229769,1.0348,0.4,2
0.9024438610784746,0.9679362947050987,0.8784000000000001,1.5,2
1.0727296011705265,1.1236886741667367,1.556,1.5,2
1.1798512366135407,1.072826940491337,0.972,0.4,2
0.7025607655457117,0.6232861514112245,0.6759999999999999,0.5,2
0.7950944034414584,0.7776425290802547,0.6759999999999999,0.7,2
0.8640837986882924,0.8128072166072007,0.98,0.7,2
0.713040580767174,0.7906554594424933,0.792,0.5,2
1.0868682110601544,1.07389810360673,0.8320000000000001,0.6,2
0.45559771250567754,0.43203632494811667,0.4759999999999999,0.5,2
0.4757944388200823,0.4512058214478821,0.4640000000000001,0.3,2
0.37282854921755093,0.3306781011490033,0.4,0.4,2
0.5642547272838563,0.5860829517698504,0.596,0.9,2
0.6561288467347328,0.6999011573279829,0.6680000000000001,0.5,2
0.5176235440708492,0.4866370321138459,0.51,0.8,2
0.438570540265821,0.49514147239131695,0.43079999999999996,0.6,2
0.49143901587798977,0.5218511852396686,0.5720000000000001,0.5,2
0.47894388810887134,0.508145499384426,0.47600000000000003,0.3,2
0.35946148141891604,0.3119942216426602,0.4532,0.6,2
0.5288860643258203,0.5321376551490157,0.528,0.7,2
0.5517812813307418,0.5738753006276384,0.672,0.7,2
0.5233493330848884,0.5038633452185994,0.38800000000000007,0.5,2
0.39867574873261374,0.38000944604765047,0.32400000000000007,0.4,2
0.3284229785553761,0.3246051581834104,0.32,0.2,2
0.345285133064656,0.3281461199909105,0.34519999999999995,0.1,2
0.3507863220837135,0.3510079408927923,0.3472,0.4,2
0.42479029688293807,0.4372552948884678,0.5164,0.8,2
0.4303202683289243,0.4838830607179693,0.5399999999999999,0.1,2
0.3430458179272403,0.33732731378190606,0.3336,0.4,2
0.34340398909442643,0.3669467786991467,0.376,0.3,2
0.9279736643757117,0.8922138750644328,0.9272,1.3,2
1.13439810933241,1.095716666597442,1.016,0.8,2
0.877621196432045,0.804805068212349,0.89,0.7,2
0.9731150142691303,0.9901183980722584,1.0116,0.9,2
1.0435226069216703,1.028972588369758,1.1404,1.0,2
0.915181288840671,0.9112103868834113,0.9968,0.7,2
0.7745787198269053,0.8340705203406173,0.7536,1.4,2
0.7008987165494275,0.616926256688195,0.612,0.6,2
0.8119201183606254,0.7209018006712196,0.5672,0.5,2
0.8066736309580917,0.7356512312781422,0.5712,0.7,2
0.8317093700224476,0.8201839714591708,0.848,1.0,2
0.9843823576243028,0.950343403966999,0.9791999999999998,0.5,2
0.6689383441196285,0.6598683932847174,0.536,0.3,2
0.6685397432727624,0.6776994261850395,0.508,0.5,2
0.8693974282805107,0.7723536886545903,0.9,0.6,2
0.8222790272146311,0.6979520799763982,0.7160000000000001,0.8,2
0.8492011028617408,0.7676421523381469,0.8120000000000002,1.0,2
0.8519505120309181,0.8299732175602658,0.7,0.7,2
0.8607637505838428,0.7789164408594857,0.7868,1.0,2
0.865706202370684,0.8133442327718623,0.8800000000000001,0.6,2
0.8769565855925762,0.7685246355898033,0.8776,0.9,2
0.827088355898341,0.8006848401031572,0.6747999999999998,1.0,2
0.873233915339466,0.8675585326340476,0.884,1.3,2
0.7473464889983842,0.7713859738111488,0.792,0.2,2
0.7729282953279628,0.8076865749482457,0.804,0.8,2
0.8570858925279307,0.9306934657876014,0.8839999999999999,0.6,2
0.7927279512847621,0.7709305182559429,0.6864,1.1,2
0.6618318717845036,0.6927480862033002,0.5352,0.7,2
1.1966183753265374,0.9634323292879583,1.1440000000000001,1.9,2
1.3408702232917507,1.059483787465822,1.3119999999999998,1.5,2
1.253686224201474,1.079985174307484,1.4479999999999997,2.5,2
1.8648452711151622,1.683590830653642,1.6323999999999999,2.8,2
1.9026644459748692,1.957214481573721,1.7844,2.4,2
2.251502332472905,2.1169303359721594,1.6480000000000001,1.2,2
1.1294090372039176,1.166175583499388,1.2160000000000002,1.7,2
0.4298576996295394,0.3932078534848225,0.34,0.3,2
0.42775725389831054,0.42995819876684743,0.496,0.5,2
0.34073403865186075,0.28320596474681603,0.386,0.3,2
0.5425119910428798,0.6337087713372078,0.6308,0.4,2
0.5615268546873893,0.5284365554969048,0.512,0.6,2
0.4838958930107689,0.4679969364495698,0.45600000000000007,0.0,2
0.5163591405504327,0.49928071392204126,0.44799999999999995,0.6,2
0.9940298808628559,1.0760457232343508,1.112,2.2,2
1.0378002669442208,1.1447568854506414,1.264,1.5,2
1.001991796710975,1.0620986633802836,1.236,2.0,2
1.5505281186972804,1.437147837568058,1.156,1.6,2
1.19951936449437,1.3762572878857828,1.3112000000000001,2.4,2
1.3014966097974,1.5303311744890924,1.328,1.2,2
1.225786361925542,1.4099614476559519,1.348,0.0,2
0.5538262226457522,0.5812362561471811,0.5468,0.2,2
0.5623304073926537,0.49253861436900126,0.456,0.5,2
0.5858463160206536,0.5905928753902032,0.5320000000000001,0.7,2
0.6030008386841978,0.6315802467303273,0.556,0.7,2
0.7093060206767744,0.7555429531824793,0.7232000000000001,0.6,2
0.5784326175523973,0.586513355744283,0.528,0.5,2
0.5890768365967608,0.6755935228886384,0.7080000000000001,0.38,2
1.2496742200375437,1.2631974407762465,1.0959999999999999,1.4,2
1.3005683478225074,1.2658059051083992,1.092,1.1,2
1.1123816118236773,1.067513040709017,0.9359999999999999,1.0,2
1.586877336881464,1.4500014570322333,1.3204,1.0,2
1.6038693676118478,1.4323376492193298,1.4828000000000001,1.1,2
1.2731036005488172,1.2127192925265198,1.196,1.0,2
1.262184840860013,1.212608347138676,1.0912,1.2,2
0.6314942816964378,0.6620340983860514,0.622,0.5,2
0.6422264329547592,0.6038268484884587,0.5131999999999999,0.6,2
0.6029281242701449,0.6167315968715623,0.5672,0.9,2
0.7552022610038228,0.7680206114502427,0.752,0.7,2
0.8298216849125611,0.8434997941475579,0.7040000000000001,0.6,2
0.6530342245364111,0.6470378891365824,0.736,0.37,2
0.6603360241337307,0.7704193595361367,0.7656000000000001,0.8,2
0.3714839120688383,0.3308603546395429,0.316,0.5,2
0.4059183662485505,0.3812232328597939,0.3068,0.5,2
0.4060926324268461,0.38415531978649253,0.38,0.5,2
0.4774492200785077,0.4828868549221746,0.5164,0.8,2
0.5062888400890063,0.5780505813354804,0.56,0.3,2
0.42716254626069977,0.43993614450912627,0.45840000000000003,0.3,2
0.5658685209357783,0.6527346098485894,0.6,0.8,2
0.4321693586107676,0.4011200638012529,0.38800000000000007,0.1,2
0.44039835358115215,0.3428242624093998,0.4,0.3,2
0.2686473432565073,0.20351288282999758,0.352,0.2,2
0.49743035441490624,0.4560732254234323,0.5748000000000001,0.7,2
0.4398260852649606,0.45568172049127026,0.628,0.3,2
0.40233237911337544,0.3951262043017333,0.43799999999999994,0.4,2
0.3383523756172899,0.30617320202643494,0.39599999999999996,0.1,2
0.8345206461555268,0.763321050428501,0.7879999999999998,1.2,2
0.8950693598458941,0.8739446972293522,0.82,1.1,2
0.6220958245587511,0.5834560837912168,0.5159999999999999,0.5,2
0.9139369123155854,0.9889260197084444,0.98,1.2,2
0.9650233618658038,1.0853910889505192,0.9024,0.8,2
0.8338288262304893,0.7755306687952659,0.7200000000000002,1.0,2
0.6598947611551464,0.6493397049152583,0.5,0.5,2
0.5783610729690855,0.5604672110364407,0.536,1.2,2
0.7142527638277456,0.7588477436408374,0.8119999999999998,0.7,2
0.6828526196534996,0.6261714722364112,0.628,1.1,2
0.8502242854338858,0.9303083502145801,0.812,1.0,2
0.9082798433774104,0.8984163032611232,0.764,0.7,2
0.8227040441059295,0.7007333452249954,0.7,1.3,2
0.7383878916711772,0.8235448251052105,0.5784,1.1,2
0.3253328441955148,0.31227483602522,0.3296,0.3,2
0.33835472954775786,0.3289244019219336,0.3148,0.3,2
0.33769049244201993,0.3475069374458066,0.316,0.4,2
0.4260643314320322,0.4152241613499975,0.504,0.0,2
0.38284406966348244,0.36836790831006727,0.4468,0.4,2
0.3199278872626998,0.3115514563128362,0.3560000000000001,0.3,2
0.48295320238780837,0.6424461735206731,0.5479999999999999,0.7,2
1.8796751700098153,1.7351527321819074,1.9975999999999998,1.4,2
1.8275118540564452,1.532346432593569,1.9775999999999998,0.9,2
1.3354263781835765,1.3194140369643241,1.4040000000000001,1.4,2
2.088345355887964,2.082106963942946,2.008,2.4,2
3.564223058375453,3.1644874725997667,2.464,4.1,2
2.54492772965705,2.399229329357518,2.2840000000000003,1.6,2
2.4970230601319487,2.1811222092880693,1.5919999999999999,2.9,2
2.160048194090457,2.2756878070559816,1.7979999999999998,2.2,2
2.6705956313823633,2.720908195308409,1.52,2.2,2
2.5967384203662593,2.662899322709686,2.36,2.6,2
3.871809064459275,3.9314662821273942,3.44,2.4,2
4.120121569722846,3.7543556321626634,3.3279999999999994,2.3,2
3.2856581314129714,3.107570257500258,2.2159999999999997,3.3,2
3.1836579756685794,3.2525574164301543,2.72,1.1,2
1.4137885074335905,1.3020456829967537,1.0759999999999998,1.6,2
1.3768884768995482,1.3441127832443,1.2388,1.8,2
1.2789042525046468,1.2418991871960632,1.1388,1.3,2
1.6937190487648752,1.586931353645117,1.6640000000000001,2.0,2
1.7990408978176289,1.8851276207983403,1.7800000000000002,2.3,2
1.63522510956938,1.762663870897165,1.4560000000000002,1.4,2
1.1618394748382825,1.1656061573891239,1.18,1.0,2
0.3988088640651985,0.3557317947789192,0.40080000000000005,0.1,2
0.38732527870390715,0.35678025744558023,0.33120000000000005,0.3,2
0.3962830459787536,0.4070759859313053,0.49200000000000005,0.3,2
0.2793380389359092,0.24872039727060635,0.37199999999999994,0.3,2
0.3747554024977739,0.38272282035410193,0.3908,0.1,2
0.29468083337720213,0.2882069092195083,0.32800000000000007,0.4,2
0.27229873856244385,0.28554374503391977,0.368,0.2,2
0.4957138492213996,0.5048462408172463,0.4924,0.5,2
0.49098676460379287,0.49449178670467714,0.47800000000000004,0.4,2
0.48244994614541536,0.4490407017564506,0.47480000000000006,0.1,2
0.5872377410390458,0.5602328114292862,0.542,0.5,2
0.5463155551453094,0.5449899000042772,0.596,0.4,2
0.477252233780459,0.4706733821865326,0.5196000000000001,0.4,2
0.4748928007484867,0.4838490216005522,0.564,0.6,2
1.2545688502563552,1.300661858236521,1.42,1.1,2
1.2342834369373592,1.2809511920224328,1.36,1.7,2
1.4535740965970227,1.5194745979682636,1.4639999999999997,1.7,2
1.5219768012085886,1.5781083886515923,1.4680000000000002,1.3,2
1.509589390854054,1.58673065643025,1.5560000000000003,1.2,2
1.3690272755271236,1.467682789906051,1.476,1.7,2
1.498845475276889,1.6792561581643008,1.7359999999999998,1.3,2
1.2059391750479533,1.2515329373623543,1.08,0.9,2
1.1613808095901246,1.1230746089677257,1.0,1.9,2
1.3560789609898007,1.3924801112296148,1.1072,1.2,2
1.5165181925705682,1.400474711068267,1.42,1.5,2
1.5499250894110739,1.5409517659217402,1.3632,1.2,2
1.3782155327809464,1.312999681617924,1.5119999999999998,1.9,2
1.3244626175054546,1.3766503232491636,1.308,0.5,2
0.6240791435181299,0.6243786658197118,0.624,0.5,2
0.5499552353570313,0.4821623086220969,0.40279999999999994,0.3,2
0.5595498966500888,0.5366176498528683,0.6039999999999999,0.8,2
0.6085314711623798,0.6531147351511648,0.604,0.7,2
0.6414965199777592,0.6067095501269065,0.568,0.2,2
0.5355362495669722,0.5076758049546162,0.5652,0.9,2
0.5875485213506967,0.5821920948679913,0.62,0.9,2
0.34118692522936,0.26307531936183215,0.46399999999999997,0.2,2
0.341837151911024,0.3233614912128645,0.3344,0.4,2
0.3422507956130116,0.3475635080561129,0.38159999999999994,0.6,2
0.4040024768476157,0.3927247309861021,0.46399999999999997,0.3,2
0.4037225707694281,0.4017062970207572,0.392,0.1,2
0.4446115454263055,0.41978535784713905,0.41159999999999997,0.3,2
0.3402723242405803,0.3412893666258382,0.37120000000000003,0.3,2
0.3438872626936183,0.320167681881969,0.41680000000000006,0.3,2
0.34135542934590823,0.329177418397945,0.284,0.4,2
0.34232482349667637,0.3490652849094791,0.38159999999999994,0.3,2
0.40191289825894605,0.4322014653302851,0.4808,0.5,2
0.4165936022456657,0.42661867049041236,0.4468000000000001,0.5,2
0.3408175905541332,0.3418172559582527,0.39039999999999997,0.6,2
0.3519155222117097,0.37015927974822677,0.4636,0.6,2
0.8810141015756993,0.8631791449037878,0.7308,1.0,2
0.9227882070310649,0.8999088906864063,0.7,0.7,2
0.5682116931584698,0.6312911889244269,0.7272000000000002,0.1,2
0.8117264137406383,0.8470556204586267,0.7708000000000002,0.2,2
0.8689526443665102,0.930008337900803,0.8764,0.7,2
0.7336491841533478,0.7164130211619392,0.6908,1.3,2
0.9300602091912363,0.9684264247334415,0.8519999999999999,0.8,2
0.43543387161208547,0.3810589534985186,0.33199999999999996,0.3,2
0.4566139893443134,0.49946582954150565,0.48,0.3,2
0.36402035985499903,0.30350344509876215,0.3456,0.2,2
0.5403865102550832,0.5817738423708247,0.6348,0.5,2
0.49924408869156955,0.571221131434585,0.544,0.5,2
0.4381090516599847,0.4198339161177623,0.36,0.6,2
0.5098559361120739,0.6062526504557482,0.644,0.6,2
1.1806296084450367,1.1284791862379153,1.12,1.5,2
1.1691991740840528,1.1361885644334846,1.0068,0.3,2
0.9205006606600208,0.9572643190146136,0.938,0.7,2
1.0200665054398652,1.0794418840462963,1.2632,1.1,2
1.2118120295843948,1.1840547346019465,1.296,1.8,2
1.1366372228252022,1.122553960448556,1.212,0.7,2
0.9274546975818159,0.9332521875280546,0.9575999999999999,1.1,2
0.7150344954177916,0.6873172699782282,0.8480000000000001,1.0,2
0.8432702834310113,0.7526754659611716,0.664,0.6,2
0.8463466580286105,0.7358968869783915,0.64,0.9,2
0.848029315910813,0.8710972054185472,0.796,0.5,2
0.9090844206134013,0.8451545110264554,0.8079999999999999,0.8,2
0.8579508533162142,0.7717060802587019,0.7468,1.2,2
0.9507136085434996,0.9266992280468085,0.9592,0.7,2
0.32775978325920996,0.3213204825455278,0.36,0.4,2
0.34648890264916543,0.3328787273286289,0.33480000000000004,0.3,2
0.4352034224084299,0.4568519700924529,0.36400000000000005,0.4,2
0.49661126250402804,0.4844028286069771,0.624,0.5,2
0.5144898102781417,0.551031869710988,0.544,0.4,2
0.46085221872203247,0.4148710083473634,0.41600000000000004,0.5,2
0.4847401602401893,0.4989593236936814,0.48,0.4,2
1.4267560829125188,1.475835982300628,1.36,1.9,2
1.431685493297177,1.4347878955869118,1.136,1.7,2
1.249065483140496,1.176595954488056,1.1867999999999999,0.9,2
1.241135264685761,1.263053520802227,1.4180000000000001,0.9,2
1.5875124053975684,1.5213286696523929,1.6976,1.7,2
1.2409009368298602,1.1762723921652376,1.256,1.5,2
1.2090603339792318,1.267726067789765,1.2160000000000002,1.0,2
0.8026887935746786,0.8316346984743415,0.6948000000000001,0.7,2
0.8761737880662043,0.8825530840540757,0.8508,1.2,2
0.8571076784237577,0.8614252930016667,0.7468,1.1,2
0.8941657042170974,1.015187922307206,0.8512,0.8,2
0.9290896853506095,0.9652347448153646,0.9384,1.2,2
0.937620597290899,0.9849687439696294,0.9380000000000002,0.9,2
0.8925512807487761,0.9332096853405352,0.8228000000000002,1.0,2
0.4095616234718001,0.4047363300124927,0.392,0.1,2
0.5925754063461742,0.6167165363136319,0.5496000000000001,0.4,2
0.41350838748749996,0.4041840302866622,0.36560000000000004,0.3,2
0.4852973157206695,0.47646987781717537,0.5064,0.7,2
0.5020997818960043,0.540716584213452,0.524,0.2,2
0.4395164987310787,0.42387257440527604,0.41519999999999996,0.7,2
0.45575367647166426,0.4670963712648402,0.5352,0.5,2
0.5393302792882136,0.6663906925415928,0.632,0.2,2
0.37486521628282166,0.2988034779099229,0.43879999999999997,0.7,2
0.5268369953311448,0.554262620552058,0.456,0.3,2
0.4611664013907804,0.4556871338918042,0.47119999999999995,0.6,2
0.48668568116956323,0.5165225013600894,0.5468,0.4,2
0.39282264350558854,0.3833175279835654,0.3772,0.2,2
0.4373569107530136,0.4756849264022013,0.43520000000000003,0.6,2
0.4349604373091162,0.4712474930884444,0.32,0.1,2
0.3867182162360962,0.48225166377226897,0.37079999999999996,0.5,2
0.4933771283184231,0.5254791065554498,0.616,0.2,2
0.45648846651697556,0.5180341945380872,0.4788,0.7,2
0.5423858852883375,0.5661265337073826,0.5508000000000001,0.4,2
0.39568280984174614,0.4205946001804733,0.37200000000000005,0.4,2
0.3785457462202374,0.39402119541902286,0.36800000000000005,0.5,2
0.33808201735141574,0.3239517100871767,0.368,0.3,2
0.3547425180368378,0.3378592732234913,0.3495999999999999,0.6,2
0.41599647918988664,0.4118879031819526,0.48,0.2,2
0.454413451870279,0.4484221868496334,0.42279999999999995,0.0,2
0.4256529564633082,0.42060028420821194,0.4895999999999999,0.9,2
0.39811437701522284,0.4207648216500594,0.504,0.4,2
0.37702392655289435,0.3635432831270405,0.35600000000000004,0.4,2
0.33915710242676267,0.32801676456509554,0.324,0.0,2
0.35193078176014797,0.3207025317647212,0.3572000000000001,0.2,2
0.35103058632838907,0.352149137397961,0.41200000000000003,0.4,2
0.42760400240473684,0.4468283987310011,0.48840000000000006,0.2,2
0.42448129930155754,0.44744601130940265,0.3872,0.1,2
0.31610125669894734,0.29777955113451193,0.35,0.8,2
0.354754991944761,0.4024512925721714,0.412,0.3,2
0.49539113140087904,0.45658200139837485,0.5160000000000001,0.1,2
0.4177507853981113,0.4250556737958318,0.358,0.2,2
0.4139588037473024,0.4098788856788171,0.44799999999999995,0.2,2
0.5430150024327471,0.5463641266115153,0.652,0.37,2
0.4660272945835616,0.516924279870698,0.5804,0.2,2
0.32738417193551356,0.3383143308473574,0.35760000000000003,0.27,2
0.3895630544284816,0.4432983810142338,0.5856,0.27999999999999997,2
0.7020904842905219,0.6849597751986692,0.688,1.0,2
0.6074275622057915,0.5863286363230715,0.5319999999999999,0.2,2
0.5712205542407147,0.5753536269396847,0.43199999999999994,0.5,2
0.6666852791074744,0.7130388645957374,0.6799999999999998,0.7,2
0.7034051393427015,0.770387285237886,0.852,0.8,2
0.7226361818518805,0.7050412365206651,0.7828,0.8,2
0.7409408546195195,0.7200498371693659,0.82,0.4,2
0.3773985094207448,0.3538437228132603,0.3948,0.1,2
0.36482014428004894,0.3410783326510546,0.4736,0.1,2
0.3622637551984986,0.36573414115568886,0.35919999999999996,0.4,2
0.45420912067457614,0.43373522426951444,0.48519999999999996,0.1,2
0.4279508403178611,0.41815648524027393,0.4672,0.1,2
0.327857595039732,0.3013519053663063,0.34,0.3,2
0.3184893977107649,0.3327208387741375,0.43200000000000005,0.1,2
1.0992270197315033,1.1056841734365175,1.036,1.1,2
1.1639570104072599,1.1846836779485455,0.996,0.6,2
1.0732979925011048,0.9176761022635467,0.894,1.3,2
1.417747015029778,1.4775804108578874,1.4828000000000001,1.5,2
1.4514220175356365,1.4325918763662424,1.52,1.6,2
1.2116789452344656,1.2293198420787583,1.164,0.8,2
1.1009547198470109,1.0197295415992769,0.8591999999999999,0.8,2
0.44749587731333007,0.47774641169210924,0.5144000000000001,0.6,2
0.4396420201947863,0.42516608142267376,0.44,0.4,2
0.32393328194147597,0.28978160103826545,0.3559999999999999,0.2,2
0.5382334097177665,0.5248298308351151,0.4976,0.3,2
0.548479564893936,0.6004182137200023,0.5640000000000001,0.6,2
0.43212433241572884,0.45991999798252126,0.45799999999999996,0.5,2
0.4275912637579733,0.432066436223815,0.4200000000000001,0.2,2
1.2258250695853277,1.2970634263434864,1.332,1.2,2
1.1656055720515075,1.111310760482132,1.088,0.5,2
0.9017177167849665,0.9147176724637138,1.0119999999999998,2.3,2
1.8402197163616159,1.8317724377400664,1.504,1.3,2
1.5205419685535058,1.5137815273831943,1.3788,1.1,2
1.2388891353430826,1.200975554123378,1.192,1.8,2
1.2850807766181667,1.2925820973997766,1.3359999999999999,0.9,2
0.907929035183565,0.8640116457399175,0.9620000000000002,0.4,2
0.8006267191071988,0.7227838548714984,0.6352000000000001,0.7,2
0.7552380466772888,0.7506897021618004,0.6851999999999999,0.1,2
0.8970499089235751,0.9329724544088334,0.9444,0.9,2
0.8844405463100264,0.9254795608235442,0.8744,1.1,2
0.8776941141008197,0.9707607744730892,0.8647999999999999,0.6,2
0.7286104605235111,0.6992738974192495,0.7787999999999999,0.3,2
1.3582388726349361,1.4077805676217894,1.2480000000000002,0.6,2
0.9822923510066528,1.0390899655957708,1.0336,0.8,2
1.1015874259211769,1.1322155592200502,1.06,0.9,2
1.2066111732170737,1.2380150226197806,1.4471999999999996,1.3,2
1.3907575372245569,1.350396421152484,1.4335999999999998,2.2,2
1.201524356572704,1.3061389680907916,1.1640000000000001,1.2,2
1.1438624339300456,1.153780226607745,1.1720000000000002,1.0,2
0.779186113940124,0.700868139835204,0.7456,0.2,2
0.7541627910541191,0.7181039788731025,0.6215999999999999,0.47000000000000003,2
0.7275775301150061,0.6082512198844438,0.7,0.6,2
0.8843855122872814,0.9295164766495715,0.976,1.3,2
1.063514940900458,1.1037947737085392,1.264,1.1,2
0.8206889716767763,0.866328697409318,0.784,0.9,2
0.7131396562312822,0.6941658328032216,0.64,0.7,2
0.502379185145175,0.5585346658372918,0.584,0.3,2
0.4775337658362405,0.45158584999686957,0.48,0.5,2
0.4257672768435539,0.4074891070123513,0.4600000000000001,0.4,2
0.5849562049551171,0.6033551655676055,0.56,0.1,2
0.5165680680124095,0.5472178161487316,0.41200000000000003,0.4,2
0.45713774149649805,0.47526939114479944,0.5428,0.3,2
0.3620870878807465,0.3423429104626803,0.4200000000000001,0.44000000000000006,2
3.4443322260634393,3.221347999978005,3.344,3.5,2
3.463186339449958,3.3340550525365478,3.344,2.8,2
3.6701421526648192,3.632177093310095,3.612,4.7,2
4.628322197956364,4.332059186844024,4.596,3.9,2
4.519324053662098,4.365747049452086,4.372,4.4,2
4.020305299879902,3.7134978805882324,3.7680000000000002,4.9,2
4.24010193415855,3.925252743660806,3.82,5.8,2
0.3699180747793538,0.3127078826044236,0.39199999999999996,0.6,2
0.42647549581326577,0.4206500865729728,0.508,0.3,2
0.41066256528598427,0.39820343638032224,0.44,1.0,2
0.524742138268247,0.6009714425333164,0.52,0.5,2
0.46031521589580954,0.5482557564830652,0.572,0.6,2
0.4179828492838424,0.4057395938124387,0.37200000000000005,0.3,2
0.41991915093610854,0.44772111977655926,0.4096,0.5,2
0.8835424504803268,0.8612590017898828,0.8460000000000001,0.6,2
0.8931634698100053,0.8620028644168036,0.8468000000000001,0.9,2
1.0195699381467318,1.0434144437862443,0.8480000000000001,0.5,2
0.9624882463727731,0.9558489559155458,0.9684,0.2,2
0.9302144034053678,0.9054762647575991,0.9760000000000001,1.8,2
0.9682807372286012,1.0190712296846003,1.1119999999999999,0.8,2
0.7469341360363312,0.8483576919017036,0.7756000000000001,0.4,2
0.40154472406242636,0.41942924482432464,0.41600000000000004,0.5,2
0.44323093008735576,0.45072738930576534,0.38959999999999995,0.4,2
0.43816901738256747,0.4555638541634154,0.5479999999999999,0.5,2
0.4973761189756572,0.5574360479050887,0.48999999999999994,0.5,2
0.48658613438506376,0.5790818182623009,0.532,0.2,2
0.42507462278851654,0.41647741609552796,0.4224,0.5,2
0.40441938761285107,0.4110312702565049,0.428,0.6,2
2.6970739271425814,2.3713637418232505,2.234,0.6,2
1.9236249022258562,1.5597995298046423,1.28,2.1,2
2.450928900330705,2.1122464855289422,2.2340000000000004,2.2,2
2.4679408068635476,2.5372795792847738,2.008,3.0,2
2.753364059023953,2.7821693773928526,2.6,4.1,2
2.787236105220862,2.4487461811491684,2.6919999999999997,2.0,2
2.3129425197450706,1.991165150387799,1.9888,2.3,2
0.44022001708410347,0.4632277967756837,0.3960000000000001,0.3,2
0.5754852654970072,0.5809792924186277,0.5296,0.7,2
0.697964543393291,0.6158376610136415,0.5720000000000001,0.7,2
0.7227032433141174,0.7274027859919627,0.6631999999999999,1.1,2
0.8701961743501921,0.9088804266646049,0.7752,0.9,2
0.5785331067738965,0.6150503087998295,0.4828,0.2,2
0.5469884233179255,0.5597152129158233,0.5416,0.8,2
0.7277249442988105,0.6941811666034607,0.592,0.6,2
0.7567883157686196,0.6858265090126562,0.688,0.8,2
0.6973872804437965,0.721471616180902,0.6292,0.5,2
0.7568844599332895,0.7634295499803978,0.8160000000000001,0.9,2
0.8951249766228633,0.9266039726709591,0.8999999999999999,0.5,2
0.6322482946503476,0.6015489649803688,0.5836000000000001,0.9,2
0.597683692772503,0.5524087293275539,0.524,0.9,2
0.6099606650084947,0.5869182537538156,0.45399999999999996,0.7,2
0.531232829332203,0.48233696122101355,0.5404,0.4,2
0.5179659090008935,0.4990226656171866,0.5404,0.7,2
0.6671515057809781,0.7089301515079517,0.708,1.2,2
0.869982118854125,0.9439009922960617,1.028,0.8,2
0.6668021008232541,0.6528757557272872,0.6252,0.7,2
0.5272359635553315,0.49277243731691345,0.43079999999999996,0.5,2
0.5034924653674796,0.5640216985379187,0.516,0.9,2
0.6483255377727175,0.6521807492728191,0.58,0.6,2
0.6288281053986177,0.6025239619000926,0.628,0.8,2
0.727740476843861,0.6868319703909843,0.632,0.6,2
0.794199206209737,0.7339521130272137,0.8708000000000001,1.0,2
0.772006952398347,0.7717242478403015,0.764,1.3,2
0.8393345926211899,0.8844341449430989,0.84,0.5,2
0.47937476106283394,0.4472444701832521,0.456,0.2,2
0.3967054332251662,0.37256673804194773,0.34800000000000003,0.6,2
0.4496451596778718,0.4209186007583606,0.49079999999999996,0.3,2
0.5114728710870284,0.49008869211787165,0.48040000000000005,0.47000000000000003,2
0.5259751717342582,0.521996444360754,0.512,0.6,2
0.38435068885259593,0.3672581371299868,0.38799999999999996,0.2,2
0.37170548781566265,0.39265201702288094,0.33519999999999994,0.3,2
0.5397031513392156,0.55416413576664,0.5048,0.7,2
0.5928976119949908,0.5799707451966315,0.736,0.3,2
0.5430684044708298,0.5514404744629793,0.5668000000000001,0.9,2
0.7412005352653546,0.7021724427563694,0.5760000000000001,0.7,2
0.764124980129614,0.6993452482181173,0.7880000000000001,0.6,2
0.548584060153603,0.5300735980708146,0.52,0.4,2
0.5392248264614122,0.5660310053826734,0.58,1.0,2
0.5729562933477474,0.5705398294470577,0.5484,0.8,2
0.6092085708183825,0.6588464054728058,0.5628,0.5,2
0.4791464660504687,0.4295493174954191,0.52,0.8,2
0.7333867638002499,0.7742452189025097,0.672,1.2,2
0.8741403785484098,0.9208164974168196,0.996,0.5,2
0.7332010250254997,0.6597660598977908,0.5519999999999999,0.7,2
0.5262597651945768,0.5541036134772551,0.5312,0.6,2
0.5097198393638709,0.4571367300671714,0.49119999999999997,0.3,2
0.5017122181661178,0.43262789214627595,0.444,0.6,2
0.5146502540081731,0.46341353757303616,0.5108,0.5,2
0.6645836994017724,0.6927070713338779,0.716,0.7,2
0.6804826471692889,0.6804927270485217,0.7560000000000001,0.9,2
0.5498009593012582,0.5542755468589848,0.5319999999999999,0.5,2
0.5027982852616705,0.47373449149133584,0.43999999999999995,0.3,2
1.3651133945057974,1.384534832698058,1.1224,0.8,2
1.310239048656296,1.2325977797100858,1.02,1.8,2
1.2116143295028174,1.1791349000557954,1.224,1.2,2
1.4254285732643739,1.3737561486279923,1.5108000000000001,1.0,2
1.294840549010535,1.3350142696860652,1.368,1.7,2
1.2540113921689864,1.2237505527160908,1.2588,0.8,2
1.0478583315177104,1.0794968003167607,1.084,1.1,2
0.5221182701434584,0.5002326315411529,0.536,0.4,2
0.5071140545296626,0.46722731320129435,0.412,0.8,2
0.5436034149835408,0.5146088088631768,0.5788,0.7,2
0.5889329979677451,0.5781611232100724,0.556,0.9,2
0.630181285559861,0.6511930762371727,0.6080000000000001,0.9,2
0.6903287124771961,0.6366841415588476,0.54,0.6,2
0.6758974689044976,0.6935883042491677,0.6712,0.5,2
1.0573752531920526,1.0147927680882738,1.0719999999999998,1.4,2
1.0905159200984953,1.10625987936815,1.16,1.1,2
0.9827595089625045,0.8845675958589296,1.04,0.9,2
1.037367159541851,1.0743061197093595,1.1908,1.5,2
1.2960227875022272,1.3132993823009853,1.3816000000000002,1.0,2
1.0305224914590254,0.9777192776335298,0.9359999999999999,0.6,2
0.9433004776306425,0.9518538379893647,1.0848,0.6599999999999999,2
0.6843993298413693,0.6553630129533706,0.5952,0.5,2
0.6601416552992868,0.5944898150842237,0.5319999999999999,0.5,2
0.6812699503698818,0.6845799169152023,0.5912,0.3,2
0.7641743296718622,0.7165428565557186,0.728,1.0,2
0.8994063548746403,0.8437058564020254,0.704,0.3,2
0.5373813303782762,0.5750168262051776,0.37999999999999995,0.6,2
0.6571571557985773,0.6388956807615372,0.696,0.3,2
0.6412307002639283,0.5892355627496821,0.62,0.5,2
0.6972135715691646,0.6459906898552087,0.5844,0.3,2
0.4696085543549524,0.40527620708622764,0.5092,0.3,2
0.6643323275473506,0.7136434824830513,0.7428,0.8,2
0.7221778043863222,0.7439611116833728,0.792,0.8,2
0.5712973985822352,0.6366935768911626,0.6467999999999999,0.8,2
0.5879451447873404,0.5836027710386491,0.37199999999999994,0.7,2
0.9845975224729655,0.9346835799079019,0.8560000000000001,1.6,2
1.0382917105510423,1.0094637945473182,1.0999999999999999,1.7,2
1.0525261664027545,0.8975294174661991,0.932,1.4,2
1.428556903812243,1.280481245217237,1.4000000000000004,3.5,2
1.8720061898949216,1.5926830047923297,1.8559999999999999,1.7,2
1.4343182661371139,1.3673418286284702,1.096,1.3,2
0.9264079928160224,0.944448046745009,0.816,1.3,2
1.2411620889794674,1.0499272666433404,0.6679999999999999,0.8,2
0.7174113386938364,0.5657993095814522,0.6639999999999999,1.1,2
0.768570961902713,0.7039878373371695,0.8319999999999999,1.4,2
1.2833057241603603,1.559867249817363,1.0576,1.1,2
0.925630756757511,0.8765621146879417,0.8959999999999999,1.6,2
0.9056390459011753,0.9708144578893356,0.9960000000000002,0.9,2
0.8608542950622899,0.8514703058920667,0.8320000000000001,0.37,2
1.0305126238836588,1.0248123283687298,1.0495999999999999,0.9,2
1.1273182074027084,1.0647412630179012,1.056,0.9,2
1.07885496837614,1.101784790260715,1.048,1.8,2
1.448555386414373,1.5099530733497883,1.7,1.9,2
1.479565256751108,1.6091202784249976,1.5176000000000003,2.1,2
1.4676394721061856,1.6074927102283352,1.3840000000000003,1.8,2
1.429605180091309,1.4198357140221596,1.3840000000000001,1.7,2
0.4144757818217256,0.39634804698544024,0.38400000000000006,0.4,2
0.4490089976662728,0.41126484617144254,0.3852,0.1,2
0.417456813084307,0.4069434384462818,0.396,0.4,2
0.47523993055502217,0.485328505317582,0.5144,0.2,2
0.4633410495395655,0.4972885450371941,0.3992,0.47000000000000003,2
0.3875852763935166,0.39047261394404836,0.468,0.5,2
0.3635847621632208,0.38977340118445664,0.39199999999999996,0.3,2
0.3251684008734735,0.3236272976355459,0.34,0.3,2
0.3700762899313161,0.3256546966506697,0.332,0.5,2
0.40389487600715307,0.3971449546801618,0.46799999999999997,0.4,2
0.4645270066089366,0.4775541589406615,0.4628,0.6,2
0.46802476192433756,0.48648131391337357,0.5159999999999999,0.6,2
0.41110579773670414,0.39264328419882427,0.47200000000000003,0.4,2
0.512711412943396,0.5756001953582037,0.5640000000000001,1.1,2
0.8556681283297297,0.8917782745632877,0.7375999999999999,0.8,2
0.9167422508175438,0.9297301867115981,0.8839999999999998,0.9,2
0.9352385219101845,0.9551497389530405,0.9280000000000002,0.8,2
1.0895834664286639,1.070296008423434,0.9399999999999998,1.6,2
1.322250666714791,1.2965165094559647,1.4112,1.5,2
1.1090078739660665,1.1192430029415232,0.972,1.3,2
1.0841660803901592,1.1187362377113343,1.1640000000000001,0.8,2
0.4290682139545973,0.46100876398920454,0.4639999999999999,0.0,2
0.47403118099207614,0.5241401549002084,0.528,0.4,2
0.5046160656369837,0.5954522844127312,0.5720000000000001,0.6,2
0.548534912619065,0.46417452914344304,0.45599999999999996,0.5,2
0.5831951376205324,0.5986621497998729,0.508,0.9,2
0.45838122756425026,0.48107239919824385,0.4628,0.8,2
0.4911927597155334,0.5371526458755328,0.62,0.1,2
0.9072092730723055,0.8730080592884372,0.8480000000000001,0.9,2
0.9185912676401408,0.9320973059755622,0.9680000000000001,0.9,2
0.7506212795705873,0.6388824439317018,0.7668,0.7,2
0.8875101320503773,0.9308158735228724,0.8552,0.5,2
0.8841203817906319,0.8784733136765417,0.772,0.8,2
0.8614213362558901,0.8436596529675858,0.9359999999999999,1.0,2
0.6702268160772672,0.6602277633054624,0.5479999999999999,0.4,2
0.5422807002719132,0.515765218928204,0.5004000000000001,0.5,2
0.5308690799561575,0.4991656111935706,0.42,0.4,2
0.41460076187990874,0.3908573523915012,0.44,0.3,2
0.6121132455994426,0.6376897447048046,0.6560000000000001,0.5,2
0.5854174298998812,0.6270659925872515,0.6239999999999999,0.7,2
0.4830290046973125,0.44976433455038956,0.428,0.4,2
0.3856941923285425,0.3655285874652069,0.36,0.4,2
0.5349006183428403,0.4845669673851804,0.4376,0.4,2
0.5420762156674472,0.4941326217436056,0.45399999999999996,0.8,2
0.5552106502109786,0.5528887985167047,0.596,0.5,2
0.5359892530317754,0.6106871131643005,0.5880000000000001,0.2,2
0.588445500004961,0.5657252341840533,0.5108,0.2,2
0.4317028940444034,0.44327291198191865,0.39520000000000005,0.4,2
0.4009188093032056,0.41406647124790097,0.4439999999999999,0.4,2
0.4843397317028463,0.45982937401454815,0.43200000000000005,0.5,2
0.5276498541444893,0.4922668912263607,0.5228,0.5,2
0.523055630273879,0.517490700521838,0.4520000000000001,0.2,2
0.6332678516411119,0.5787584384768798,0.6907999999999999,0.7,2
0.6644574380395629,0.6002892205398739,0.636,0.5,2
0.45553423744150395,0.45424865605037157,0.508,0.6,2
0.5737845038992445,0.6273606924373816,0.544,1.0,2
1.2018366196673782,1.1811282377249437,1.0959999999999999,1.0,2
1.0754013208898743,0.9841065780456834,0.9520000000000001,1.0,2
1.1009633146908087,1.0887128366233463,1.0616,0.8,2
1.4986365517973446,1.4140046419467311,1.4040000000000001,1.0,2
1.4377954314595518,1.3284454523461142,1.452,1.7,2
1.2732318920422439,1.2727133931999794,1.332,1.7,2
1.2164801664459932,1.2862267184165352,1.1948,0.7,2
1.5464201953620624,1.3798211877776967,1.4520000000000002,1.0,2
1.2075668197758853,1.277095677704627,1.3960000000000001,1.1,2
1.3381616378101477,1.372758885394115,1.3880000000000001,1.3,2
1.7246765070642869,1.7033368528996078,1.594,2.5,2
2.757009121674703,2.7126244727126787,1.9960000000000002,3.9,2
2.055492328511725,1.9900863184890307,2.092,1.6,2
2.1593162204173697,1.938345307282983,1.58,2.5,2
1.3486855222386132,1.3692394454874128,1.204,1.0,2
1.5067662582101993,1.6213341309858127,1.328,2.0,2
1.6103905609733902,1.7999728104603794,1.54,1.9,2
2.086164558884881,2.1830927854274162,2.012,3.0,2
2.144716750415458,2.356579173386467,2.0239999999999996,2.0,2
1.8482730163140453,2.0042117529312407,1.74,1.8,2
1.785598206636699,1.9833766818580711,1.5840000000000003,0.6,2
1.085474020242035,1.105668350432222,1.0948,1.2,2
1.3169515818745152,1.3210896141396127,1.1079999999999999,0.9,2
1.0551043172156285,0.9988386175570168,1.208,1.0,2
1.5488062638754907,1.3924255037026043,1.208,2.3,2
1.7370574897017104,1.5661208101818773,1.5319999999999998,2.2,2
1.2702079806828621,1.2801712940148442,1.2160000000000002,1.3,2
1.2012139232061874,1.1815009447746543,1.172,0.8,2
0.4818345123674379,0.4746889263429426,0.4428,0.1,2
0.43039397988735506,0.4107367674629786,0.34320000000000006,0.3,2
0.45557774692520686,0.4223223358160298,0.384,0.5,2
0.4732757246157014,0.47377634883482955,0.44799999999999995,0.4,2
0.5335024111998696,0.5427951271237551,0.56,0.9,2
0.48278961313505503,0.51724619269595,0.44400000000000006,0.4,2
0.4592073206337155,0.4639016749984407,0.392,0.5,2
0.4419627741408425,0.4699053439414014,0.504,0.8,2
0.5007720042266919,0.4683255824795071,0.49200000000000005,0.6,2
0.495837884303124,0.4790442263476942,0.564,0.5,2
0.588906086508523,0.5492075684419474,0.564,0.7,2
0.6915734411292771,0.618184587142955,0.68,1.0,2
0.6543359153010193,0.6291542638342984,0.652,0.8,2
0.6566335177625398,0.6403463635624852,0.624,0.8,2
0.47189268275654106,0.3782672017250255,0.516,0.0,2
0.5055032011624557,0.42284882696283854,0.324,0.3,2
0.5647545507487,0.5799952612452268,0.49200000000000005,0.1,2
0.5163424567597296,0.5389813170294914,0.5144000000000001,0.0,2
0.4698116114905195,0.4702165451347997,0.37479999999999997,0.3,2
0.35948942972083886,0.35349106607290615,0.3972,0.2,2
0.36497764321612164,0.38001468863396376,0.4828,0.2,2
1.3022555042400767,1.222507984195142,1.0724,1.1,2
1.1597439089381945,1.2019068597798068,1.1628,0.9,2
1.1146477892889326,1.1514590342843711,1.1,0.9,2
1.673097851392495,1.479596801634644,1.2400000000000002,1.5,2
1.4770066151558354,1.4731648114573064,1.3895999999999997,2.2,2
1.2745241751955514,1.3700238144483023,1.16,1.7,2
1.3751159618412292,1.4588851121060702,1.2232,1.5,2
0.5295031460205832,0.5124032986871758,0.452,0.4,2
0.5220313972168505,0.5189970424507091,0.49040000000000006,0.2,2
0.45590421911143164,0.42650637541516745,0.452,0.4,2
0.6407311024192109,0.6231041554271504,0.556,0.4,2
0.6132810655887612,0.6336208148172757,0.676,0.8,2
0.511057342427584,0.5790708369057531,0.6668,0.4,2
0.57311698449807,0.6282600703215396,0.6679999999999999,0.7,2
1.5246030153752543,1.4714620311690716,1.584,2.2,2
1.8257164654263287,1.6256669658673972,1.6280000000000001,2.4,2
1.8214533207967607,1.819815145479242,1.6239999999999997,2.2,2
1.821536436956408,1.8457631995495885,1.776,2.4,2
2.095104309400919,2.2001114476749195,1.784,2.8,2
2.6502702727341516,2.534256483999033,2.008,1.8,2
2.1110930192112076,2.219338981416626,1.8600000000000003,2.1,2
0.8911271356296085,0.9039698936688807,0.8319999999999999,0.7,2
0.8777279411774013,0.8209478817548994,0.7879999999999999,0.9,2
0.8852261284311589,0.8826640190901485,0.9119999999999999,0.8,2
0.8837448224829694,0.9612749255185193,0.936,1.0,2
0.9850414692653362,1.063104722408497,0.9992,1.5,2
0.9398882725672096,1.031369580346686,1.036,0.6,2
0.8962858561766116,0.8304216551001397,0.9816000000000001,1.1,2
0.4837491371242849,0.42090797931133417,0.4159999999999999,0.4,2
0.4580628849873772,0.4204242569559101,0.35600000000000004,0.5,2
0.5285219910669019,0.5205998933671543,0.5319999999999999,0.6,2
0.5456770390139528,0.5065822059802201,0.5519999999999999,0.6,2
0.5602460272125062,0.5761667208317856,0.5920000000000001,0.5,2
0.47855767323600046,0.4353185818780084,0.44839999999999997,0.5,2
0.4969533912669731,0.4680219447570589,0.512,0.5,2
1.402408760695171,1.40499117305699,1.0839999999999999,1.9,2
1.4762190333660066,1.4988464727521371,1.46,1.6,2
1.483924728209835,1.5334386253110317,1.572,2.1,2
1.841513432563538,1.9591701117193276,1.9599999999999997,1.3,2
1.7054161538327492,1.771717184243053,1.68,2.5,2
1.6661221720551183,1.7891907054380911,1.536,1.4,2
1.456096764203202,1.5632861315564561,1.4080000000000001,1.7,2
0.8803771961279689,0.8931550248705519,0.6920000000000001,0.7,2
0.7877035858360021,0.7466293696026174,0.7404000000000001,0.6,2
0.9790224028951815,1.024752963532871,1.1148,1.1,2
1.1920126942266709,1.1872844575091537,1.296,0.5,2
1.1670040025930688,1.1626453192528756,1.0228,1.1,2
1.0289434269697695,1.04991973422966,1.0959999999999999,0.7,2
0.9603240071339407,1.0095295980557075,0.88,2.1,2
0.6629988154496196,0.6280903632568122,0.62,0.9,2
0.7757725529319455,0.7229146324945026,0.636,1.0,2
0.8371300047801598,0.7976616035079543,0.836,1.4,2
0.905202517753588,1.0377073608410767,0.9192,1.0,2
0.9280238484624954,0.9868144902591488,0.9472,0.9,2
0.8577971068205382,0.8381915040484332,0.884,1.1,2
1.0100675267361594,0.9864441009516006,0.88,0.7,2
3.3550172490016177,3.401203153673229,3.3479999999999994,2.8,2
3.406252312167783,3.4227253494955456,3.5040000000000004,3.5,2
3.282769086849693,3.4358017290764464,3.36,4.2,2
4.142186494173697,4.172599920589346,4.132,4.7,2
4.279568551691692,4.076106438580603,4.284,4.3,2
3.7546006222380948,3.745123180887511,3.888000000000001,3.7,2
3.8273565136718246,4.080508401932859,3.6480000000000006,4.7,2
0.7380650628913791,0.6721496904548058,0.732,0.5,2
0.7320258357551113,0.6519291269818772,0.62,0.6,2
0.7447531310064356,0.6906529809877083,0.688,0.5,2
0.5429603413201022,0.48254937519008145,0.392,0.7,2
0.6552951763121717,0.7020161836525746,0.8560000000000001,0.5,2
0.5169243505337242,0.5318255231094668,0.52,0.0,2
0.4787404585718184,0.437641592263274,0.408,0.0,2
0.3853387230379441,0.36580583970604164,0.34,0.1,2
0.324806652374331,0.318076468945934,0.312,0.4,2
0.35476391328535795,0.3644371616477641,0.4135999999999999,0.3,2
0.5259522245077455,0.504831768758323,0.5244,0.6,2
0.4190120705545768,0.419282277673435,0.44799999999999995,0.2,2
0.35035760473019123,0.3436268650690734,0.33080000000000004,0.4,2
0.3559479053848997,0.3889885472937869,0.43079999999999996,0.3,2
0.5417709102456174,0.514531048017908,0.412,0.1,2
0.3991872846531725,0.5152259804713124,0.33719999999999994,0.3,2
0.45694271589691465,0.5492307177795388,0.5684,0.4,2
0.47195671254744487,0.6127066036001549,0.47839999999999994,0.5,2
0.520071178537373,0.5847768350384799,0.556,0.3,2
0.42121276837978505,0.45690204532907136,0.47519999999999996,0.1,2
0.400162079730802,0.40368791876141025,0.42680000000000007,0.5,2
0.5845626211749863,0.40659906184004746,0.4759999999999999,0.3,2
0.8094357273539811,0.7467655961927605,0.5720000000000001,0.2,2
0.6511603115974615,0.5837559218449185,0.56,0.2,2
0.8945789249538401,0.9754602108397914,0.8787999999999999,0.1,2
0.780010888394981,0.775895129959706,1.06,0.4,2
0.4533119058594367,0.4638340716628352,0.552,0.2,2
0.6585798836630391,0.6393516111173101,0.7392,0.3,2
0.34620563871271626,0.24418676773147874,0.23200000000000004,0.3,2
0.33892510429218303,0.3164027197117155,0.32800000000000007,0.4,2
0.3422192696255121,0.3465405401297178,0.38799999999999996,0.3,2
0.45698737894878755,0.43845466006849604,0.47279999999999994,0.4,2
0.4416549770750708,0.42083013893395516,0.424,0.5,2
0.34564732873604326,0.33041550384798113,0.37200000000000005,0.4,2
0.3489321365556389,0.3478298173435376,0.34,0.3,2
0.7051544743069134,0.6560347675629258,0.516,0.2,2
0.47663099808557197,0.38077225496344674,0.35200000000000004,0.5,2
0.5666271706951352,0.5660991418947343,0.516,0.4,2
0.7176934292483973,0.7433256118810585,0.7519999999999999,0.9,2
0.7142067485289073,0.7757121862714331,0.872,1.0,2
0.7313491311555664,0.7911104414059617,0.7068000000000001,0.6,2
0.7392571389763628,0.7028332352522677,0.672,0.9,2
0.5459197377400218,0.5445729155101817,0.5176,0.5,2
0.5470088682328405,0.5744110205983167,0.5803999999999999,0.2,2
0.4265425523978524,0.38064434413152753,0.502,0.0,2
0.6342798041723771,0.6250440036750184,0.6428,0.3,2
0.5876926564554716,0.5720977043005169,0.6388000000000001,0.5,2
0.4549047293183717,0.4961397583481409,0.4988,0.5,2
0.48915852340113997,0.4608641908590236,0.456,0.3,2
0.4438651954203108,0.4086924463388229,0.47600000000000003,0.2,2
0.4109191654568193,0.38490436581146686,0.4108,0.18,2
0.410634876916628,0.3929572223339119,0.40399999999999997,0.5700000000000001,2
0.4788986437059524,0.4853208503397747,0.556,0.5,2
0.4770682893876937,0.515953661577899,0.46679999999999994,0.27999999999999997,2
0.4030423533236435,0.3882787357187047,0.4232,0.3,2
0.3967253645754894,0.4110715917012692,0.47800000000000004,0.4,2
0.5100838729136647,0.5100694128800087,0.504,0.4,2
0.4557979717554163,0.4617012411753814,0.4672,0.3,2
0.4445824065874199,0.4583237633756533,0.4796000000000001,0.7,2
0.4955866879208392,0.48980380328873424,0.5319999999999999,0.6,2
0.5141870629397522,0.5220545171039132,0.512,0.6,2
0.4919073300426706,0.48282526427278755,0.6232,0.4,2
0.4617222504955899,0.47471883004282434,0.5284,0.8,2
1.2185193526779443,1.2392820101715079,1.252,1.3,2
1.2306003731132233,1.2411516543297387,1.0799999999999998,1.1,2
1.2108451979677186,1.2224414443192262,0.968,1.9,2
1.5920104802031323,1.704133818473675,1.7508,2.1,2
1.6442104435681482,1.7181567824562256,1.508,1.5,2
1.3366745066115018,1.3255951084465538,1.24,1.5,2
1.2600754655937954,1.3207881293049426,1.1,1.3,2
0.4533786195621456,0.43280078860829113,0.5519999999999999,0.5,2
0.4504173456935895,0.42551280402160324,0.424,0.3,2
0.45348256971784145,0.4585348599929847,0.47200000000000003,0.2,2
0.569521568626643,0.541994850713986,0.648,0.6,2
0.5348471615251253,0.55536735309205,0.592,1.0,2
0.5315741857400742,0.582882502356372,0.5468,0.5,2
0.505930950970972,0.4832330527126756,0.5399999999999999,0.6,2
1.2451279916529723,1.228668895891491,1.0639999999999998,0.8,2
1.240036237569104,1.1533377574331998,1.1744,0.7,2
0.9244030422500671,0.9168915294486971,1.024,0.7,2
1.3910924055608993,1.2509202518107814,1.156,1.2,2
1.4222106899681664,1.3269317996128627,1.36,1.1,2
1.1507710013786423,1.0570169819528619,1.2079999999999997,1.7,2
1.055757846683224,1.017753990776354,1.1159999999999999,0.7,2
1.181781330116582,1.187425828943495,1.024,0.8,2
1.0174109518230676,0.9913112075543362,1.038,1.2,2
1.1487661511487224,1.052763327302213,1.1096,1.5,2
1.2977541349482473,1.302031949564882,1.29,1.5,2
1.2914643596898798,1.3199710364535835,1.4496,1.3,2
1.168367648272688,1.1037698369495055,1.2160000000000002,1.2,2
1.2125747064160997,1.2489081971723233,1.14,1.0,2
0.546304110856349,0.5587040845918018,0.5048,0.4,2
0.5555472097681634,0.5804856548386284,0.5292,0.9,2
1.6913277460734664,1.484470468690954,1.172,3.1,2
1.1353401016530893,0.9981613105248369,1.088,0.7,2
1.0649074308777986,1.3160895820831942,1.276,1.7,2
0.9247763757014693,0.9575901848560819,0.5972,1.4,2
0.9707671581798533,0.942164094401494,0.8079999999999999,0.6,2
0.39908272214401713,0.387348541699918,0.4104,0.3,2
0.4455515185009014,0.45114328420905525,0.42,0.3,2
0.35316465178013945,0.3129551680132294,0.43320000000000003,0.4,2
0.5120382557160186,0.5132398374429263,0.5232,0.5,2
0.5552014876341667,0.5725181272685467,0.5720000000000001,0.3,2
0.4393035514033252,0.4440851011114416,0.5428000000000001,0.1,2
0.3572281061675759,0.3213196687904216,0.4479999999999999,0.5,2
0.324668190053533,0.36111531746981557,0.31200000000000006,0.2,2
0.4128097924706652,0.4019849527389469,0.39880000000000004,0.1,2
0.3890579578783759,0.37972685566432957,0.364,0.6,2
0.4549510236625525,0.4438938243158544,0.456,0.0,2
0.4421527544777586,0.41912530423784794,0.44000000000000006,0.5,2
0.36667210193807365,0.3484497063887214,0.376,0.5,2
0.3789813298370696,0.40393922611747907,0.5204,0.5,2
0.9775734876290756,0.9901102537887644,0.8628,0.7,2
0.9502995386206826,0.9558792474584387,0.9540000000000001,1.3,2
1.1043824159632747,1.1255928309493421,1.1480000000000001,0.7,2
1.0660229727389718,1.1035198570812885,1.1052,0.6,2
1.0637873522499588,1.08835857715331,1.0912,0.7,2
1.0897747799370068,1.0977702767872493,1.0211999999999997,0.97,2
0.945799392060578,0.9554656368911053,1.2331999999999999,0.5,2
0.4171763496385454,0.420188352611753,0.376,0.6,2
0.5402999378802973,0.5163614134396604,0.36,0.4,2
0.41818159483081085,0.4542766067038401,0.4427999999999999,0.3,2
0.460923575626425,0.5104871992324373,0.518,0.7,2
0.5102190779126962,0.5753258940336581,0.616,0.3,2
0.5012306434974573,0.4985163311286453,0.5296,0.6,2
0.4177338208699664,0.43375852545833915,0.54,0.58,2
2.4686657377326116,2.3020554865002394,2.32,2.9699999999999998,2
2.923015853250762,2.8027895295531016,2.6708,3.6,2
2.8586376305623915,2.786565608962487,2.6559999999999997,2.6,2
3.316510524157103,3.429939365895233,2.776,4.6,2
3.503830638609038,3.6457107461740974,3.1828,3.0,2
2.856416061089264,2.9395913292086804,2.6159999999999997,2.9,2
2.5956619795104303,2.6990450622150712,2.448,3.04,2
0.4012496774345968,0.39434019145104904,0.35600000000000004,0.3,2
0.5365223775225875,0.5433686366457253,0.4799999999999999,0.7,2
0.5502792971155088,0.5537375803461778,0.524,0.7,2
0.6249731077935471,0.6745051194125549,0.508,1.4,2
0.975185336710726,1.0091204535186882,0.8192,0.7,2
0.5409531383898207,0.5490492414441672,0.4648,0.8,2
0.720659133820593,0.6841565738409134,0.652,0.3,2
0.4911014827243897,0.51374372162395,0.4432000000000001,0.3,2
0.4658575614776752,0.48078355281982355,0.41119999999999995,0.9,2
0.5804324247394361,0.5679483058703563,0.532,0.1,2
0.605007585636782,0.6137845454066351,0.556,0.8,2
0.6562884634323787,0.6741838201448379,0.6680000000000001,0.6,2
0.5228198615192087,0.5346976034754876,0.564,0.3,2
0.49591675986474126,0.5463113258702759,0.48,0.5,2
0.5657263189157004,0.5694224225660258,0.54,0.2,2
0.49135791105973503,0.48057322467454827,0.3796,0.6,2
0.5402655614926042,0.5090550444651758,0.5588,0.0,2
0.597646862957993,0.5307196880200816,0.536,0.5,2
0.5216252654030822,0.555068558644382,0.7,0.5,2
0.5139744578230171,0.5769152807570618,0.6804000000000001,0.5,2
0.4167624296936535,0.3935875269602498,0.33599999999999997,0.3,2
0.8192123539084061,0.9174710352666461,0.8147999999999999,0.6,2
0.7838473940403144,0.7498573725074471,0.7839999999999999,0.9,2
0.748167842470852,0.6685160947754352,0.66,0.6,2
0.8849738955162206,0.9832556372094661,0.8260000000000001,1.1,2
0.9873585195738207,1.109427220637377,1.1183999999999998,0.3,2
0.7982637310270732,0.7562575871951893,0.7911999999999999,1.1,2
0.7960443931128682,0.8693857762890952,0.696,0.3,2
0.6336486899253511,0.6353260137290404,0.5760000000000001,0.7,2
0.6605671646343166,0.6139247928350609,0.628,0.6,2
0.6669882564199978,0.6699195811049166,0.616,0.7,2
0.7391047286843457,0.6856856403501285,0.68,0.7,2
0.813469186905535,0.7692991220389748,0.8628,1.3,2
0.8393287497757925,0.8518195954554102,0.7839999999999999,1.0,2
0.8392975790724923,0.7962739868735854,0.86,1.1,2
0.7078245410666679,0.6744781293484015,0.6024,0.6,2
0.735689448903063,0.6730172850486775,0.7399999999999999,0.9,2
0.7868100510667846,0.7460179115230613,0.8160000000000001,1.2,2
0.9678269432070224,1.0123869464899515,0.914,0.4,2
0.8256802337005371,0.8171864626138654,0.9984000000000001,0.7,2
0.8095218597215413,0.8356655929650718,0.7632000000000001,0.9,2
0.7170980803992146,0.7258928811057459,0.7447999999999999,0.5,2
0.6813872532642026,0.6903359163215907,0.5960000000000001,0.9,2
0.5713838960331954,0.522057518368874,0.37200000000000005,0.3,2
0.5831342965395617,0.5755347364904491,0.6492,0.6,2
0.7600667661776487,0.7860308312169911,0.8520000000000002,1.1,2
0.8828338172070208,0.9122483526034699,0.932,1.0,2
0.7826063607404233,0.7901691201609516,0.6388,0.8,2
0.5955960069341688,0.6058917222427307,0.5751999999999999,0.6,2
0.5012421733874504,0.43612355280923504,0.452,0.1,2
0.48968538294492664,0.50608727481574,0.456,0.3,2
0.4320356155424337,0.38917248159366774,0.442,0.2,2
0.6218159418217435,0.6299620716150018,0.68,0.8,2
0.6194655509523899,0.6576811087805012,0.688,0.4,2
0.47160477297301895,0.47679533570510574,0.49,0.5,2
0.4803024828094222,0.4722668765039125,0.4988,0.3,2
0.4672306092700966,0.490511326525494,0.56,0.6,2
0.4744587751295631,0.48851749806481154,0.44800000000000006,0.0,2
0.41937916504876505,0.369571439134213,0.494,1.0,2
0.6180320013477798,0.6800349298932072,0.62,0.6,2
0.6076180341046967,0.6133574392362958,0.688,0.7,2
0.5020412010558616,0.49683609817234514,0.48,0.4,2
0.4681103945312271,0.39232071673427127,0.39199999999999996,0.4,2
1.2961909101139044,1.2912475031728934,1.1280000000000001,1.2,2
1.304986522839538,1.2436806179132804,1.136,1.2,2
1.1368814931427869,1.0923536720147358,1.084,1.1,2
1.343544339477823,1.3028249400581289,1.4948,1.3,2
1.3752293431234288,1.3746711540858632,1.4456,1.0,2
1.0840103292601806,1.058351601989329,1.0272,1.2,2
1.1427299554376653,1.10999282917663,1.1312,1.1,2
0.5700978996908946,0.47938349470580305,0.58,0.7,2
0.5396822921256309,0.4722318564989587,0.42800000000000005,0.5,2
0.5290641973067711,0.5026038147124214,0.4348,0.4,2
0.6537775088448373,0.678812123951246,0.602,0.9,2
0.6301083567856602,0.6585537003654994,0.5920000000000001,0.7,2
0.5459086498122434,0.5064103578663148,0.5319999999999999,0.6,2
0.5344667772306338,0.520917702221743,0.5668,0.7,2
1.0840317897523897,1.1145074815528844,1.028,1.0,2
1.1002373726860855,1.0766763069866683,1.0284,1.2,2
0.9358006850585544,0.9030682088723867,0.828,1.1,2
1.0959261072501518,1.1294428942166097,1.1748,0.9,2
1.060906284699141,1.1188844324057374,0.8983999999999999,1.1,2
1.038542471681616,0.9887000784878769,0.924,0.3,2
0.861863031327552,0.894719721168418,0.8684000000000002,1.3,2
0.44235624233253484,0.5038427223677164,0.46,0.1,2
0.424366897585359,0.46279814411834114,0.48719999999999997,0.2,2
0.2678378295104986,0.18948495103500096,0.3,0.4,2
0.47129390228582624,0.4880170898554308,0.44400000000000006,0.4,2
0.48326918978700445,0.5030054272433473,0.52,0.7,2
0.46608719448379027,0.49707254603806983,0.504,0.3,2
0.3501169738322223,0.277191841063371,0.4,0.6,2
0.7912427320602722,0.7061108698850643,0.6668000000000001,0.7,2
0.8008691072334596,0.687675657229796,0.628,0.6,2
0.6038114849941693,0.5730418055814415,0.634,0.8,2
0.852748558188753,0.9803231967557982,0.836,0.3,2
0.9074489429078473,0.8582483831564953,0.9072,1.7,2
0.8681828620550384,0.9006555330894274,0.912,0.6,2
0.5475149050021331,0.5529408665807274,0.5592,1.0,2
2.2113206370015464,2.164859897220456,2.12,1.6,2
2.266539893618092,2.0680294402841444,1.9660000000000002,0.9,2
1.5623998964816423,1.5447821593357496,1.3840000000000001,2.0,2
2.0087699456963883,2.224113391249572,1.964,3.1,2
2.591808034657599,2.747887646808624,2.448,2.4,2
2.187772702085717,2.4132831564388733,1.7911999999999997,2.0,2
1.804629264751444,1.989745632300521,1.7072000000000003,2.1,2
0.5404224911357983,0.528665432532901,0.45600000000000007,0.6,2
0.41652956255598883,0.3820781929003043,0.36800000000000005,0.6,2
0.5530872604319564,0.5480400471831373,0.4160000000000001,0.4,2
0.6024467078979576,0.6494715922416858,0.5920000000000001,1.5,2
0.8803940071498412,0.9914874060484976,0.7792,1.2,2
0.7849540221512117,0.7745633052592193,0.5720000000000001,0.4,2
0.6890003712260405,0.6144882356445578,0.5668,0.0,2
0.6026088789156173,0.647420799721094,0.704,1.9,2
0.9975935620449146,0.9943000173242815,1.0912,1.1,2
0.8355695155301099,0.8279260685338775,0.86,0.8,2
0.8978441614752196,0.8858916022722678,0.8672,1.6,2
1.238054797847294,1.213424606677499,1.0231999999999999,1.6,2
1.1351181089073943,1.1563543841075958,1.108,1.3,2
1.1993654607686648,1.2199436720118595,1.1896,1.3,2
0.9926514952823405,1.0480866544974081,0.9176000000000001,0.3,2
0.6399800729979631,0.5183943508665187,0.42400000000000004,0.9,2
0.765228144566703,0.735700668334331,0.78,0.7,2
0.7671717982655772,0.7696440533691001,0.648,1.3,2
0.9020863151860244,1.0437325976518537,1.1,0.6,2
0.7391150466955929,0.6944016393475749,0.7799999999999998,0.67,2
0.7859365061216143,0.8424968510001315,0.8123999999999999,0.6,2
1.1166900887912214,1.1162592306492374,0.944,1.0,2
1.0714631268513848,1.072620219049273,0.884,0.6,2
1.047291104374163,1.020637367560644,0.94,0.9,2
1.2529570212392342,1.1905524890180743,1.1348,1.1,2
1.3269998628004163,1.2508083110814794,1.24,1.4,2
1.1097287620081422,1.164403659969003,1.004,1.1,2
1.1132164600397292,1.1695767967924544,1.032,1.3,2
1.4372338378780132,1.4555318142979599,1.2679999999999998,0.9,2
1.334242591162748,1.2489502602484222,1.2748,1.1,2
1.1167209994484557,1.0646855673330164,1.0348,0.9,2
1.6390073093214763,1.6153568351830345,1.5495999999999999,1.6,2
1.840557192521338,1.8888965015945207,1.5032000000000003,1.3,2
1.405014913767723,1.3265359104466046,1.192,1.3,2
1.3238477121947934,1.2508289778429384,1.168,1.5,2
0.32636542621841663,0.3257976702849633,0.344,0.4,2
0.3543861532659467,0.34561416027336855,0.278,0.5,2
0.3604045142171104,0.3698173569515176,0.384,0.5,2
0.45486933477251457,0.45601470954440443,0.496,0.3,2
0.4537289849883797,0.4545293126203538,0.446,0.4,2
0.4025583708714833,0.39382230937468093,0.4448,0.4,2
0.3922242879067652,0.39311475596983914,0.384,0.6,2
0.297115781345033,0.2719780456356441,0.348,0.4,2
0.33780038192524503,0.3193853222562397,0.29600000000000004,0.3,2
0.31005481021449505,0.3064762691687022,0.308,0.5,2
0.4127867681836125,0.41060685234110084,0.41200000000000003,0.6,2
0.429131444266203,0.4311993021071394,0.48400000000000004,0.4,2
0.36130004898116486,0.3325552383461703,0.308,0.3,2
0.478931347000315,0.5422016087938615,0.536,0.7,2
1.686734956023653,1.6807990005959437,1.5039999999999998,1.1,2
1.6771377505479652,1.5723523085003266,1.5759999999999998,1.6,2
1.6608165633131522,1.525557008639874,1.5639999999999998,1.3,2
1.9971360593579888,2.089879461725135,1.66,2.0,2
2.3578457440052176,2.251930647507371,2.12,1.7,2
1.8124658940725298,1.683785644544674,1.7207999999999999,2.3,2
1.8981180860335227,1.8938653197525366,1.8192000000000002,1.7,2
0.7414006430530775,0.7134457407538516,0.7188,0.6,2
0.6573170554707899,0.664159405306664,0.6043999999999999,0.8,2
0.5875019861097663,0.5285167115837112,0.408,0.8,2
0.840121829161269,0.9437430851223649,0.8592,0.6,2
0.8446833095806552,0.8662974918231985,0.9272,1.2,2
0.7353568980855786,0.8084260868437848,0.644,0.9,2
0.5966309995137852,0.6076214573989401,0.46799999999999997,0.4,2
2.3237411538755977,2.2314676522105734,2.218,2.3,2
2.85317778723626,2.518821757736033,2.4,2.6,2
2.9503522735651075,2.8357286894792413,2.3608000000000002,1.2,2
1.9838281273929783,2.0521339564816063,1.3739999999999997,1.1,2
1.966668631548977,2.0005010382380357,1.5108,4.2,2
2.7676100549160654,3.0603432916421287,2.8388,1.7,2
1.8595584515657997,1.912923966454691,1.564,2.6,2
0.9057634384486132,0.8092068264067385,0.9271999999999998,0.4,2
0.8528636058790314,0.7906691699345354,0.7879999999999999,0.4,2
0.7016977052626805,0.5857523734090359,0.6851999999999999,0.5,2
0.7634346839536704,0.7536936229307584,0.6792,0.8,2
0.8282631144087439,0.8694033883854689,0.7600000000000001,0.6,2
0.5760095308577807,0.570175897746535,0.5672,0.6,2
0.577386956849429,0.6118434024212294,0.6044,0.7,2
0.660200599311836,0.7309376943696716,0.6560000000000001,0.9,2
0.7283486415106156,0.732437051444466,0.5920000000000001,0.5,2
0.6292118119616738,0.5854216922252347,0.5720000000000001,0.9,2
0.5085792306340217,0.4929142123919402,0.46799999999999997,0.4,2
0.6493588210931207,0.6922783699131658,0.6999999999999998,0.4,2
0.5370699380217259,0.5448694056244965,0.4960000000000001,0.3,2
0.4659888076665079,0.44535598529718545,0.39599999999999996,0.5,2
0.9278311405840935,0.9453303594587532,0.88,0.5,2
0.8878776711313465,0.861395188148711,0.796,0.8699999999999999,2
0.754986383924754,0.6817539842001761,0.75,0.8,2
0.8848881331717388,0.9846399095436533,0.7852000000000001,0.7,2
0.9306030179917533,0.9540285482235381,0.9120000000000001,1.3,2
0.8763605352709809,0.9491400168533435,0.86,0.5,2
0.7147942718043137,0.6544734241920478,0.6831999999999999,0.58,2
0.4798401443805991,0.5288552183073305,0.5,0.1,2
0.4723529147514784,0.44087893198001366,0.49399999999999994,0.5,2
0.367594950937322,0.3607960861173151,0.40399999999999997,0.2,2
0.5350090099648067,0.5533308277940399,0.5840000000000001,0.7,2
0.5164234264800416,0.5410573241308297,0.66,0.5,2
0.43558411324021523,0.44093311676547614,0.37199999999999994,0.2,2
0.358144474148489,0.32648951577149976,0.5000000000000001,0.3,2
1.171601186451348,1.1068101679968263,1.0759999999999998,1.0,2
1.0620094541441052,1.009383833796465,0.9548000000000001,1.3,2
1.3203500062631635,1.3883548645902009,1.4879999999999998,2.0,2
1.5906496806344932,1.6160359116621072,1.756,2.4,2
1.7867202731900222,1.8096661433563486,1.652,1.8,2
1.3541758690215453,1.3642163521945763,1.2388000000000001,1.9,2
1.4173538619491735,1.543878710082724,1.1520000000000001,1.9,2
0.5246708512250983,0.50219545906002,0.4292,0.3,2
0.518819283089774,0.4803695963811129,0.45799999999999996,0.6,2
0.5552003631355893,0.5529058945979262,0.556,0.4,2
0.6486991529813466,0.627840010075082,0.6947999999999999,0.7,2
0.7982061595422978,0.7724886296304451,0.8,0.6,2
0.5290678352339568,0.45646121144551405,0.508,0.4,2
0.7658821827802931,0.9102906333435878,0.7508,1.4,2
1.2194381707669837,1.238514679792263,1.244,0.7,2
1.2355987894020148,1.1928595533662145,1.094,1.6,2
1.210113463947274,1.2341850982369755,1.28,0.6,2
1.4200300747084507,1.3557566105305043,1.1468,1.8,2
1.551648437566911,1.6571178883563948,1.3456000000000001,1.6,2
1.3046411369856634,1.3978954110754145,1.14,1.5,2
1.3522041869060608,1.4616794830377857,1.34,0.8,2
0.8371865980447157,0.7381434566862615,0.6080000000000001,1.0,2
0.8898328986569368,0.8528847658614687,0.9,0.8,2
0.5262670190272632,0.5268464941825561,0.58,0.9,2
0.7913923628209447,0.7969352969986652,0.684,0.5,2
0.6579541679498051,0.7333863097661665,0.6960000000000001,0.5,2
0.5885012456368179,0.5908134932998312,0.6304,0.8,2
0.69470430509635,0.7106928676650907,0.612,0.7,2
2.6418097833333123,2.753993595682729,2.6319999999999997,2.5,2
3.178394032973429,3.222298047068502,2.904,4.9,2
3.1375636429056937,3.456300051738873,3.3080000000000003,5.0,2
4.898208874143286,4.812740226919931,4.256,5.5,2
5.238272243551658,5.220016141208181,4.436,2.6,2
3.6716431806429424,3.4766926714517745,3.32,3.4,2
3.8651218175013726,3.754918268353786,3.648,2.2,2
0.447266002011806,0.26345483372529677,0.4800000000000001,0.3,2
0.4906342643891278,0.4077166964146212,0.41680000000000006,0.0,2
0.622296617989031,0.6653512630205517,0.5376,0.2,2
0.5221642414635924,0.4325199004270603,0.5307999999999999,0.2,2
0.5375308842840709,0.5124296136649309,0.43,0.0,2
0.4854834980336864,0.535760050334364,0.6824000000000001,0.5,2
0.3763353247375479,0.3441516401660483,0.4792,0.3,2
1.170904196503745,1.2765649078759664,1.1840000000000002,1.3,2
1.2120032178875018,1.2494308149714546,1.1307999999999998,0.7,2
1.362996871991097,1.3450210436469079,1.1780000000000002,1.2,2
1.4980614127047054,1.4971010215035387,1.5027999999999997,0.9,2
1.6443458928331147,1.5570385873249337,1.3603999999999998,1.4,2
1.2385091774156833,1.2536216713637742,1.3028000000000004,1.06,2
1.3512533913587261,1.312595054464008,1.236,1.9,2
0.5455049542519872,0.5218595135777657,0.5443999999999999,0.5,2
0.542803488900531,0.5149650305596445,0.45199999999999996,0.6,2
0.5280399734277553,0.4842825748628569,0.452,0.6,2
0.633687953892255,0.6445057670636813,0.6040000000000001,0.3,2
0.6487284779835505,0.6727777713151026,0.6519999999999999,0.8,2
0.5535885000808403,0.5702115242132062,0.512,0.6,2
0.5689553314926399,0.6081856483783611,0.584,0.9,2
2.2713911016314126,2.1607714872220827,1.82,2.5,2
2.252360969004519,2.150398573598773,1.764,2.1,2
2.4451315445313426,2.0463956206949834,1.7439999999999998,2.4,2
2.3673594660444754,2.3939106641815986,1.8279999999999998,3.0,2
3.116532852198965,2.7292503144932363,2.656,2.7,2
2.8991908314948285,2.8369160844524295,2.148,1.2,2
2.623793949235753,2.4484792251781546,1.352,2.2,2
1.175386755051361,1.1704728244546496,1.124,1.1,2
1.147724413743322,1.1423721136799552,0.9800000000000001,1.2,2
1.18751392954411,1.156403236813125,1.1440000000000001,1.3,2
1.4621925915200396,1.4392949123246286,1.2296,1.5,2
1.546440024668665,1.5413435990106308,1.4576,1.7,2
1.3828251064460895,1.396856587349677,1.392,1.0,2
1.1999049858547934,1.1978186277131648,1.354,0.9,2
0.6542948981239186,0.6571389249026353,0.588,0.5,2
0.7344011621030482,0.6837258360298055,0.69,0.8,2
0.722996714831614,0.7400961116448025,0.6811999999999999,0.4,2
0.8147761402559407,0.7759446492563212,0.8319999999999999,0.5,2
0.8705860454999962,0.7936444345035231,0.8984000000000001,0.6,2
0.7016646038444534,0.6700121401687282,0.7875999999999999,0.8,2
0.7120384831794376,0.6852723672272244,0.664,0.6,2
1.3806105276313376,1.3685425474890855,1.164,1.5,2
1.3797046199691942,1.4007528845042376,1.364,2.0,2
1.5175052321625735,1.5664925822181275,1.5919999999999999,1.4,2
1.7211358770734118,1.67108962300506,1.5108,1.7,2
1.7422856303046506,1.7420072087715104,1.5867999999999998,2.2,2
1.5006681451550228,1.605423134095076,1.3559999999999999,1.5,2
1.4324300784659576,1.5432716743677528,1.28,1.2,2
0.3781706415736685,0.34368850438584897,0.384,0.3,2
0.3410461633507959,0.3307956289968488,0.36400000000000005,0.4,2
0.34198468071188726,0.3407089572419021,0.34800000000000003,0.4,2
0.43702127856544004,0.4018381991037208,0.40399999999999997,0.4,2
0.5420075014079565,0.5621600565950815,0.484,0.5,2
0.46738967908560813,0.4386967383613731,0.46,0.4,2
0.46627491026129464,0.439844539659842,0.424,0.5,2
0.7085865417633386,0.6684237741543234,0.7040000000000001,0.9,2
0.7957519809788217,0.689828212596235,0.652,0.8,2
0.8255651993670654,0.7668217040792163,0.72,0.9,2
0.8487967553212237,0.8773248005308201,0.7959999999999999,1.1,2
0.9399126647767452,1.0022055185114467,0.9792000000000001,1.2,2
0.8659784910355014,0.8608231224142422,0.8599999999999999,0.5,2
0.8896484385991071,0.8238597520331701,0.8960000000000001,1.3,2
0.782658089352401,0.7565573847954566,0.6148,0.7,2
0.7816301822700529,0.6964953941827943,0.528,0.8,2
0.816517954576391,0.7926429618624404,0.7919999999999999,0.7,2
0.8464127571796025,0.8790664129460213,0.7592,0.2,2
0.8561577821036822,0.7967167634946803,0.5359999999999999,1.3,2
0.8345851607971194,0.9167983922958769,0.9060000000000001,1.1,2
0.8202428784858357,0.8568764388371088,0.7267999999999999,0.6,2
0.33695747467236536,0.29037919831458847,0.33759999999999996,0.2,2
0.3312672933459617,0.30094675934841975,0.3304000000000001,0.6,2
0.3442721333358364,0.3506931575368985,0.36400000000000005,0.1,2
0.4209827606966393,0.40047841436546583,0.444,0.3,2
0.4167671874792006,0.41653895202590474,0.4059999999999999,0.4,2
0.3411123792835777,0.3359630531688851,0.32599999999999996,0.6,2
0.3202873199024085,0.34022001872721064,0.35200000000000004,0.2,2
0.5739648169411518,0.5655698957325666,0.4960000000000001,0.6,2
0.5915082258533749,0.569117000676417,0.5152,1.0,2
0.6196203217140104,0.6533549742319251,0.6387999999999999,0.3,2
0.5789217744233122,0.6374112876360145,0.47839999999999994,0.4,2
0.5886394117646119,0.5952477501566896,0.592,1.2,2
0.5931937304707519,0.630637436086307,0.5488000000000001,0.9,2
0.5918136929422086,0.6112442693777258,0.6327999999999999,0.4,2
0.5085839498420106,0.5092369295747707,0.376,0.3,2
0.4379969229062911,0.5182746502308532,0.42800000000000005,0.1,2
0.4357841567398283,0.5207463168563372,0.5132,0.5,2
0.5216348737302962,0.5824167543980301,0.47840000000000005,0.3,2
0.48366476966624466,0.5243291563836374,0.42400000000000004,0.3,2
0.40657099009565995,0.4017611878611286,0.352,0.1,2
0.3367818945918548,0.3673320361621019,0.47479999999999994,0.3,2
0.4099786596119254,0.37882296139561,0.43199999999999994,0.3,2
0.4105957847546085,0.38345400640727506,0.3696,0.1,2
0.4045482383449214,0.3943703737148109,0.38800000000000007,0.2,2
0.45094585206845605,0.43940911713126196,0.4228,0.6,2
0.4586638208783655,0.4768440155550537,0.5268,0.5,2
0.35125778478401626,0.36125300617690265,0.3892,0.0,2
0.34765195291258766,0.3631022479618199,0.3644,0.2,2
0.7257645219807303,0.6614775865167551,0.516,0.7,2
0.6615984947206849,0.5553471247028847,0.488,0.5,2
0.6910406888117963,0.636132711523844,0.5348,0.7,2
0.793200459713919,0.8387220849326074,0.856,1.4,2
0.9843427771497805,1.1421804151346593,1.0832,1.4,2
0.9058382310455916,0.9630423776891341,0.9119999999999999,0.8,2
0.867527695988598,0.8532168966352083,0.8440000000000001,0.8,2
0.4952557765222899,0.49687717189478203,0.636,0.5,2
0.47387968277928605,0.4615263660491398,0.5079999999999999,0.4,2
0.4089588912280163,0.3654034347935581,0.3400000000000001,0.5,2
0.6274521015032264,0.6771412572918565,0.688,0.3,2
0.6308148865334019,0.6151822641381334,0.5548,0.3,2
0.48699397675505113,0.5258988499346611,0.5307999999999999,0.3,2
0.4120591364096273,0.3860473728834744,0.424,0.4,2
0.4927380744218552,0.4444811001716575,0.41200000000000003,0.3,2
0.49383209034169456,0.45864114701791464,0.382,0.2,2
0.4889818424931885,0.4613409063726894,0.49160000000000004,0.5,2
0.5316133627337851,0.519163099126608,0.5159999999999999,0.7,2
0.5486413772604409,0.5614672972547373,0.576,0.5,2
0.4822047872376037,0.4524550494603326,0.5199999999999999,0.0,2
0.3696362723976012,0.38256821401134106,0.3956,0.4,2
0.36261433615297756,0.3674249615333853,0.37120000000000003,0.5,2
0.39216878545982387,0.3723793343815177,0.364,0.3,2
0.4052505982775917,0.4049245959839053,0.41359999999999997,0.6,2
0.5235763034461643,0.48646135476229496,0.5159999999999999,0.5,2
0.5521744931217074,0.5380013557693272,0.596,0.8,2
0.5036823234924271,0.4806285028636259,0.428,0.5,2
0.4765886354666451,0.4419853619398833,0.46,0.5,2
0.4576084636870715,0.5105843472954161,0.528,0.4,2
0.36008081245072904,0.2763335942000994,0.4012,0.3,2
0.44323727452868034,0.4792211811033184,0.40679999999999994,0.5,2
0.5243106716924133,0.6193218454653253,0.45199999999999996,0.5,2
0.5133005993965214,0.572207735838603,0.49200000000000005,0.4,2
0.5086511120477969,0.6722759911312056,0.4708,0.6,2
0.40460288557730695,0.3267801912321001,0.39199999999999996,0.4,2
0.8436988525865121,0.8796762547777345,0.7628,0.7,2
0.8630320252720778,0.7814513236043328,0.8080000000000002,0.4,2
0.7310432138589025,0.6300695728464287,0.684,1.8,2
1.147614075122916,1.3021921429990724,1.1360000000000001,0.7,2
0.9742061966590986,0.9959424610475006,0.98,1.3,2
0.9339150311275779,0.9383054472447356,0.8720000000000002,1.1,2
0.836762321471289,0.8182337377930378,0.68,0.4,2
0.9535165718086912,0.9380794318456596,0.916,0.9,2
1.0735687768431348,1.0343655064050379,0.8760000000000001,1.0,2
1.0549948115794017,0.8992056836013882,0.9680000000000001,0.8699999999999999,2
1.3136596988678622,1.2127265829413671,1.3039999999999998,1.6,2
1.4585208631577258,1.4165119504232275,1.6240000000000003,1.47,2
1.1956559019470356,1.1552518243562795,1.3519999999999999,1.4,2
1.1421993804540695,1.0124149393501154,1.184,0.7,2
0.5596446637316635,0.5730330766222573,0.5204,0.4,2
0.5009059609794478,0.4699275811325198,0.46,0.4,2
0.5708441011210535,0.6292146110754153,0.49760000000000004,0.4,2
0.6508558576300835,0.6570092287264296,0.548,0.8,2
0.6401846066168864,0.7140802552981186,0.564,0.4,2
0.5257354580186497,0.5416395951559813,0.5468,0.5,2
0.5172341603689121,0.5747335784823396,0.48400000000000004,0.4,2
0.47928671263684836,0.5011233069342268,0.452,0.3,2
0.4925969828264625,0.5490332107133481,0.49439999999999995,0.7,2
0.4800421823386015,0.4136629480177304,0.43200000000000005,0.6,2
1.1572502688431068,1.3061566157422972,1.08,1.2,2
0.9544726523118059,0.905665502095214,0.768,0.0,2
1.017417317869426,0.9793135623695676,0.6679999999999999,1.1,2
0.667324493424205,0.5237651204763623,0.66,0.5,2
0.8690011672369515,0.8179710901757378,0.8647999999999999,1.0,2
0.890102058786937,0.9008371543210152,0.9188000000000001,0.5,2
1.4311080694792977,1.6402418526907478,0.988,2.6,2
1.139286750901937,0.8229933759872887,1.324,0.7,2
1.544388015596223,1.710865891291479,1.4828000000000003,1.1,2
0.9709655264742124,0.8551521714536438,0.8292,0.5,2
0.8822250393848876,0.8768031945008484,0.8423999999999999,0.1,2
0.5926915876814428,0.6134654839633389,0.5992000000000001,0.64,2
0.5658670547582297,0.5806216580164719,0.5804,0.8,2
0.5007651539866852,0.4487444147779027,0.36,0.2,2
0.6753197206393982,0.7065023188351852,0.716,0.7,2
0.6799332145929268,0.6651353984518884,0.74,0.4,2
0.5061938371869199,0.5008819261380231,0.5684,0.4,2
0.4506588095993583,0.42313110080505895,0.3628,0.6,2
3.7318211788514457,3.4151992701050653,3.7960000000000003,5.2,2
3.525911414621109,3.173343475671481,3.3680000000000003,2.4,2
3.5182217467620482,3.245143933894882,3.364,4.5,2
4.046123180229238,3.9604958925100364,4.252,3.7,2
4.188651655490185,4.090287712704795,4.3,4.3,2
3.874319193221016,3.6881378183636104,3.7560000000000002,4.4,2
4.521725355744471,3.866760941562026,3.84,6.0,2
0.3805393119093519,0.39549674599143503,0.332,0.2,2
0.39712248893909297,0.36244860277363655,0.33199999999999996,0.4,2
0.41921354091840596,0.41072868239112725,0.4764,0.4,2
0.47162305832027224,0.47564555514086637,0.504,0.4,2
0.4661567912051373,0.47246378918785087,0.5,0.8,2
0.42453114025478145,0.4249810823717443,0.35200000000000004,0.3,2
0.43971377340892315,0.4489443562109179,0.49920000000000003,0.3,2
0.8218082570219472,0.7706044451154673,0.8376,0.8,2
0.7462026750659657,0.7775808847416961,0.6707999999999998,0.9,2
0.861267292594467,0.8242259475067015,0.8724,0.6,2
0.9393393049990827,0.912216006600921,0.8788000000000001,0.8,2
0.9567197274086601,0.9635605953439126,0.9440000000000001,0.8,2
0.8143142875134216,0.811705795454271,0.8672,0.9,2
0.8087282897922135,0.8400317401275519,0.7376,0.6,2
0.41797082536345265,0.42406249487377456,0.468,0.5,2
0.4397272897678522,0.44278733422317007,0.3908,0.5,2
0.44297793169561817,0.4505898889564714,0.48,0.2,2
0.46676494781336475,0.5338152450265277,0.43520000000000003,0.4,2
0.47506184417413844,0.5102593696972175,0.48719999999999997,0.8,2
0.423130478029144,0.44465136579196757,0.3908,0.2,2
0.4249713670891861,0.4327608997347622,0.466,0.4,2
0.6142179138819982,0.6174959270550455,0.58,0.2,2
0.5937158976171907,0.5883664457700213,0.4764,0.1,2
0.5033298517931898,0.42779034260044263,0.46,0.4,2
0.6910827737620867,0.6847380653965288,0.764,1.0,2
0.763447329033842,0.8522810563592852,0.824,1.3,2
0.5190467699395864,0.5798164272112315,0.5344,0.3,2
0.5071873121266692,0.46691425108152923,0.512,0.6,2
2.980179088330264,2.8203571750682115,2.7680000000000002,1.3,2
2.2778764639059177,2.0579385912248855,1.8119999999999998,2.2,2
2.7476042449414746,2.455020499696518,2.234,2.0,2
2.6506404468795406,2.6535909235905986,2.1080000000000005,3.9,2
3.2519540589134843,3.28193872973024,3.0399999999999996,4.1,2
2.9773312125847387,2.917278346258619,2.9360000000000004,3.3,2
2.7932741911624213,2.8535645735259814,2.668,4.8,2
0.4219618294747213,0.44214978389762927,0.35200000000000004,0.6,2
0.5623191086649233,0.547361303858337,0.42,0.6,2
0.5699160031052879,0.5599887904398084,0.5720000000000001,0.9,2
0.7873727782986435,0.8037455603415233,0.6552000000000001,0.4,2
0.7186793677547811,0.733448494817087,0.6548,0.7,2
0.5163934109062579,0.5230669044916619,0.4367999999999999,0.7,2
0.5401328112482374,0.577002314632356,0.552,0.6,2
0.8984365019904588,0.9330625158397806,0.9508,1.1,2
0.9152464906510233,0.8993152060428774,0.9048,0.9,2
0.8327408722577354,0.7545300356302601,0.9380000000000002,1.1,2
0.928693697404199,1.1163185673364744,1.0111999999999999,0.8,2
1.0010971448426147,1.0742773731133701,1.0999999999999999,0.5,2
0.8753653307670656,0.8236737621099204,0.8319999999999999,1.0,2
0.7915818892582709,0.7536382827452621,0.6911999999999999,0.9,2
0.4606524956519964,0.515532627767826,0.4,0.6,2
0.4987958023266047,0.5418182101318072,0.49599999999999994,0.7,2
0.5923389730623518,0.5854516456463172,0.568,0.6,2
0.5797770163710524,0.584423342421104,0.5399999999999999,0.6,2
0.7388019637365101,0.6852484538169493,0.7668,0.9,2
0.6571451741122519,0.673195376033587,0.64,0.6,2
0.6547527506545318,0.6468778959549284,0.612,0.6,2
0.6794161806717877,0.6448274806707817,0.518,0.5,2
0.6746775712047255,0.6436424131233289,0.5316,1.0,2
0.70462504219738,0.744585828547038,0.8080000000000002,1.1,2
0.8191192793056187,0.844451235270166,0.892,0.6,2
0.783244336512093,0.8042224109630415,0.8548,1.1,2
0.7329802950092377,0.758604380653011,0.7072000000000002,0.5,2
0.6704218590257119,0.6642299978511012,0.6616,0.8,2
1.1990420387744813,1.2322814976487348,1.4600000000000002,1.6,2
0.866338712677009,0.8491931417372774,1.056,0.3,2
0.40157557792490967,0.3676723577394793,0.42,0.5,2
1.2159471752233373,1.253263039951405,0.644,0.6,2
0.906372852392063,0.8820466800513931,0.9159999999999999,1.2,2
1.1027596051813797,1.208289178012715,0.9,0.2,2
1.0187238298505807,1.02362672292326,0.784,1.2,2
0.9462440348890796,0.9579091077086739,0.8268,0.6,2
0.8942655857837836,0.880914419015686,0.8868,0.7,2
0.8987255490984758,0.8996475010007754,0.9231999999999999,1.0,2
1.0761931438195869,1.0976308169081281,1.0712000000000002,0.9,2
1.0617395998527612,1.0781345205002304,1.1380000000000001,1.2,2
1.002393996087588,0.9928921960022659,1.02,0.7,2
0.8716504165224296,0.8945378046090137,0.9608,1.1,2
0.5136092298745842,0.5397811486381203,0.5359999999999999,0.5,2
0.4732199726129474,0.4044789090516367,0.44400000000000006,0.2,2
0.4254479217930762,0.40186153613413406,0.47639999999999993,0.27999999999999997,2
0.5886617983690233,0.5775616859662066,0.612,0.6,2
0.5791201441756706,0.6045017550583491,0.652,0.7,2
0.4637904281294237,0.4696507610875663,0.468,0.5,2
0.4065325897450856,0.3666555606506322,0.35200000000000004,0.3,2
1.1519796975012861,1.109924103853882,1.092,1.0,2
1.1336890312301433,1.1201331507466312,0.9964,1.2,2
1.110536242168775,1.0814996889249926,0.9031999999999999,0.7,2
1.014171982452593,1.0629325728193229,1.0532000000000001,0.9,2
1.086717301451447,1.1228644786385193,1.1416000000000002,1.0,2
0.9929951088942515,0.98419699966567,1.1440000000000001,1.0,2
0.9676783873671017,0.9941665732133136,1.21,1.5,2
1.1239205620638004,1.0909878400036959,1.0984,1.3,2
1.0972287419591207,1.1094570187211512,1.056,0.9,2
0.9400615301855256,0.8478555006955911,1.052,0.7,2
0.9983553799599723,1.028189327105028,0.9960000000000001,0.8,2
1.0195842002994757,1.0670984963041414,1.0903999999999998,0.7,2
0.9416151387392928,0.9545300542120176,0.9983999999999998,0.74,2
0.8558906216170378,0.8614222971748278,1.014,0.6,2
0.8117597307858008,0.7229165310532604,0.6719999999999999,0.3,2
0.8249730105952247,0.6845328246550126,0.6352,0.6,2
0.8234355351474444,0.7602815880444393,0.6679999999999999,0.7,2
0.8501783436946988,0.8468723905741362,0.812,0.8,2
0.8909617270878177,0.8988904395436672,1.032,1.0,2
0.7403413590014503,0.7722528668423306,0.74,0.2,2
0.6665052791101688,0.6907037666706917,0.504,0.6,2
0.8845141145242049,0.8943733041056191,0.98,0.9,2
0.923361631499519,0.8571429605523266,0.904,0.7,2
0.8731348247831632,0.8005528725455879,0.8199999999999998,1.1,2
0.8646695591129446,0.9534870955997558,0.8000000000000002,0.9,2
0.9087554698297382,0.9182239437322689,0.72,1.2,2
0.9461634859596008,0.9388342928897433,0.9256,0.9,2
0.977145841057928,0.9251712035287847,1.0232,0.8,2
0.628926872676248,0.6492614628313071,0.56,0.4,2
0.7221563847546046,0.663142970750225,0.5444,0.5,2
0.538055168239954,0.49144616527522234,0.5392,0.6,2
0.7346603575494157,0.7916473647219275,0.722,0.8,2
0.8609181900742935,0.8614738177629115,0.968,1.0,2
0.6763402886205138,0.6983879190056137,0.6564,0.5,2
0.5203101678251643,0.46918486221142275,0.5552,1.2,2
0.36430443842860244,0.5468105530436804,0.31200000000000006,0.4,2
0.3950240877488698,0.5639242240416393,0.44,0.9,2
0.692714422215086,0.6700478279108344,0.5280000000000001,0.1,2
0.4290490261795706,0.4891955989560489,0.436,1.8,2
1.0275080135069679,0.7815803012663949,0.7708000000000002,1.1,2
0.48302918388340005,0.5559983490789312,0.49079999999999996,0.4,2
0.4374554851458809,0.49633428930863366,0.46799999999999997,0.6,2
0.7141258352260176,0.8073281932589663,0.9279999999999999,2.7,2
1.0049836572160251,1.24355147870154,1.3719999999999999,1.2,2
0.9141733021719811,0.889666322095956,0.9,0.3,2
1.0306355807086172,1.0604230462793411,0.6359999999999999,2.1,2
1.624585047022405,1.4629068915641816,1.1520000000000001,2.8,2
1.4327257282112291,1.609594398702697,1.212,1.0,2
1.1278792329249434,1.2452513102340195,1.2536,2.2,2
0.430340165610488,0.3556327612246357,0.36,0.4,2
0.32034033373526416,0.2960335454635271,0.3776,0.2,2
0.32336761832902744,0.33285214356055304,0.352,0.5,2
0.3575127632853625,0.3786962228735072,0.376,0.1,2
0.4742509995695851,0.4875323600597262,0.312,0.7,2
0.4807734519543224,0.4831305107677135,0.544,0.9,2
0.47155081929769804,0.5405431295071662,0.44,0.6,2
1.3556178202945126,1.3213360155355482,1.16,1.2,2
1.3562333457584639,1.3164182764665278,1.2280000000000002,1.2,2
1.1682041865913,1.1915264198221764,1.068,1.1,2
1.720831636964057,1.665193677043008,1.56,1.4,2
1.7430763662839357,1.7470457855286847,1.5204,1.7,2
1.4151025498265366,1.4320392760411802,1.412,1.1,2
1.343193379306012,1.2917153276632243,1.1192,1.7,2
0.4624273778649613,0.4501659420151674,0.4056,0.4,2
0.46462292420514606,0.45519418739519213,0.3848,0.3,2
0.443137700906837,0.45727438068791143,0.4772,0.3,2
0.527338070877668,0.5410868237439419,0.6428,0.2,2
0.4226116599867595,0.4645494859683104,0.47600000000000003,0.6,2
0.4101394762160684,0.4199179141897474,0.48399999999999993,0.5,2
0.36958628452071207,0.41661779803226084,0.524,0.5,2
0.3828588169518016,0.3528152871920753,0.3872,0.4,2
0.39432710777008884,0.3620580674000243,0.36,0.4,2
0.4037489906321811,0.39364695348565487,0.4044,0.9,2
0.5030317884903985,0.5642369333290043,0.6679999999999999,0.6,2
0.48110554736751454,0.5184703907369586,0.52,0.5,2
0.41658939931588806,0.39730439049394844,0.31200000000000006,0.4,2
0.4918883884065614,0.5350270464148752,0.5336,1.3,2
0.6543137192613124,0.7435949532484155,0.6759999999999999,0.7,2
0.7083208872030837,0.6695001087080747,0.608,0.5,2
0.7010844233650997,0.6723552273099649,0.8319999999999999,0.9,2
0.6705161782995648,0.6068502410661835,0.49200000000000005,1.0,2
0.8727845082793715,0.9115510106623611,0.8560000000000001,0.9,2
0.7615200502645728,0.6708891982329194,0.544,0.4,2
0.47907053630341523,0.5158307424189659,0.512,1.0,2
0.8629583048422167,0.7661257274645386,0.8319999999999999,0.9,2
0.8300351179135159,0.7339151800160849,0.8440000000000001,0.6,2
0.6670315336629628,0.595325335514375,0.5152,0.8,2
0.6298468370859726,0.6945270466616079,0.652,0.3,2
0.5870038487592432,0.6379650037036542,0.4924,0.6,2
0.5863361876198403,0.5609708546426283,0.6224000000000001,0.6,2
0.5753192507268126,0.517511117476545,0.5780000000000001,0.5,2
0.44222969923807703,0.4444882709887178,0.496,0.3,2
0.42497168059409485,0.3810990663355566,0.4160000000000001,0.3,2
0.37636080095974245,0.33144628777343677,0.43799999999999994,0.6,2
0.5261781024273381,0.5129299372854046,0.5519999999999999,0.3,2
0.5572272919204091,0.5635944382044493,0.544,0.7,2
0.4754010981424759,0.45175818450893024,0.42,0.1,2
0.31643727241839587,0.29178310510609917,0.32799999999999996,0.5,2
0.6374191342514974,0.6162120569501666,0.54,0.3,2
0.6189980751362728,0.5697029562888876,0.4200000000000001,0.6,2
0.6644381150720026,0.6127174936839862,0.66,0.9,2
0.7457377053756055,0.7227743823932953,0.7160000000000001,1.5,2
0.8865086171823909,0.9301156190606847,0.8400000000000002,0.5,2
0.7360753856887104,0.6376587707542883,0.5479999999999999,1.1,2
0.6305624962738553,0.6279819878949182,0.47200000000000003,0.2,2
0.5301411298362456,0.6559858279233106,0.6240000000000001,0.4,2
0.524300146685832,0.6589742764401513,0.4988000000000001,0.1,2
0.5011373159542781,0.6604945177620495,0.5760000000000001,0.0,2
0.5463129529448909,0.6253289855671912,0.5108,0.4,2
0.5241909277254486,0.7148577158657037,0.48440000000000005,0.0,2
0.4369368872852915,0.3658904716640955,0.5536,0.2,2
0.2800118468696851,0.32027888317955244,0.44000000000000006,0.1,2
0.6932471620177771,0.6577633401792221,0.5768000000000001,0.5,2
0.6729252787679625,0.6436342501494017,0.5551999999999999,0.9,2
0.7114943887905855,0.7447100322427364,0.6884,0.5,2
0.7660645024562366,0.7595324794608016,0.8079999999999999,0.8,2
0.8408910323604851,0.7857997875443694,0.8584,0.9,2
0.6814984052684735,0.6768703322306214,0.6920000000000001,0.5,2
0.7564936038730278,0.7997099655104319,0.7336,1.2,2
1.1091072538468316,1.1296163620355117,1.0868,1.4,2
1.2022594223698784,1.1778484213758962,1.1388,1.5,2
1.2039233868920298,1.2563967616699585,1.272,1.0,2
1.2239279963104628,1.3096822186859707,1.4320000000000002,1.4,2
1.3732857033713064,1.4254978570582044,1.456,0.4,2
0.9254297561549597,0.9594191326181258,0.8987999999999999,1.5,2
1.255259336729435,1.4059983397303617,1.4639999999999997,0.8,2
2.080065315603712,1.968026155132973,2.092,1.8,2
2.2214771862352887,2.0198122492569937,2.22,1.5,2
2.2048706672416856,2.0885387657160592,2.124,2.3,2
2.8890732813250253,3.2774118511420127,2.9560000000000004,3.0,2
3.8193255516685825,3.9259162782284194,3.492,4.9,2
2.495630795475167,2.4110367602235003,2.636,2.9,2
2.7983697894084387,2.6854428144547002,2.608,3.1,2
0.4498961137285432,0.4688597165853825,0.5559999999999999,0.4,2
0.29108586288485117,0.22030770077184958,0.23200000000000004,0.1,2
0.3418514807243426,0.3371987196975552,0.364,0.37,2
0.4207426879355724,0.41286715576235095,0.45239999999999997,0.4,2
0.4155723861120408,0.42149310716547655,0.4220000000000001,0.4,2
0.33982294993950823,0.33709909730906884,0.33240000000000003,0.4,2
0.3402826245699461,0.3608534303000326,0.37199999999999994,0.3,2
2.6617401382182773,2.65557126505904,2.572,2.5,2
2.999673029561545,3.216627916281987,2.772,3.8,2
3.640108297333906,3.497713325406173,3.2479999999999993,3.9,2
4.674469007329134,4.718223336128852,4.256,5.8,2
5.063666368678928,5.956446894680611,4.368,3.5,2
3.6531416975962223,3.5798675686578405,3.2439999999999998,2.3,2
3.851084644475399,3.699952281105339,3.628,1.8,2
0.4839881667131915,0.5074333426828594,0.49199999999999994,0.9,2
0.5653524233073789,0.5648188733678945,0.528,0.8,2
0.602868012618111,0.5482512111233433,0.6920000000000001,0.4,2
0.6645579276343464,0.6112911455751137,0.624,0.4,2
0.6554692358037106,0.624108329833245,0.5428,0.9,2
0.6254113751953255,0.6048305386702744,0.6507999999999998,0.7,2
0.631626766022266,0.572614878120971,0.56,0.7,2
2.991683346152034,2.987050489474402,3.324,0.6,2
2.6351725290599988,2.0708650652090568,2.404,3.0,2
2.885471464064351,2.807221660372109,2.452,2.7,2
3.802538419987636,3.7524162392390346,3.688,0.8,2
3.1979115058182517,2.470326217639697,2.6999999999999993,1.5,2
2.881498959962728,2.660493837122014,2.6279999999999997,2.8,2
3.0279419462068815,3.121229954470273,2.96,1.9,2
0.5312347844346186,0.5525616408870893,0.44839999999999997,0.6,2
0.5278071786683847,0.537298809150315,0.5359999999999999,0.1,2
0.425224941704744,0.4280825298596514,0.46,0.5,2
0.6225078304730648,0.6383671780027197,0.6039999999999999,0.5,2
0.617496088490004,0.6531180195702491,0.684,0.7,2
0.4864372024332812,0.5036468362881752,0.43599999999999994,0.2,2
0.4999747364119665,0.5487463728512693,0.592,1.0,2
1.3865357465027912,1.4293611297859758,1.5160000000000002,1.7,2
1.4884167740167782,1.5397855085529284,1.464,1.4,2
1.4333140889557212,1.5024249394623101,1.432,1.9,2
1.6315641868285367,1.635235876214865,1.4639999999999997,1.4,2
1.5756259906385457,1.649641894984073,1.62,2.3,2
1.8653010420076517,1.943129319913498,2.0000000000000004,1.7,2
1.5783508563651518,1.809791031826066,1.72,2.1,2
0.9443607737328803,0.949418769196961,1.116,1.3,2
0.8898784246995103,0.9002863713570978,0.856,0.1,2
0.9204557139943004,0.8482505700878843,0.644,0.9,2
0.8680265137563642,0.9029598998247906,0.852,1.6,2
1.0908561972037962,1.200680389352153,1.0832000000000002,1.2,2
0.9810441995516453,0.963153524438761,0.924,1.3,2
1.1676462311660685,1.0347906785655074,1.4560000000000002,0.5,2
0.9473131289285813,0.9490905562240123,0.8320000000000001,1.1,2
0.9664138738532567,0.9738695906097596,0.9600000000000002,1.2,2
0.9200698362083004,0.9893520949997081,0.8027999999999998,0.7,2
1.0035137151222704,1.046475436432111,1.0868,1.5,2
1.203687789331136,1.2779983527847094,1.2187999999999999,0.9,2
0.9914146021162479,0.9708180750472536,1.0216,0.8,2
0.936603010775107,0.9684039409730371,1.0936000000000001,0.8,2
0.3727226982930535,0.3107154787158547,0.36,0.2,2
0.3434341168433435,0.330182800026821,0.31079999999999997,0.5,2
0.3497782879789605,0.36002345207006614,0.42,0.3,2
0.4253416649773358,0.4345051550770392,0.45520000000000005,0.2,2
0.4158132547406709,0.4190175887438547,0.43799999999999994,0.2,2
0.3416559559957699,0.3378941356340589,0.35800000000000004,0.7,2
0.31889981515142085,0.3444336555794074,0.37199999999999994,0.3,2
1.017233091765044,0.9765571431274829,0.9348000000000001,0.4,2
0.894816183696933,0.8523058664914127,0.8815999999999999,1.2,2
0.9692735072193929,1.0288792804871425,1.056,1.0,2
1.1146013302682336,1.1451947370475333,1.0932,0.9,2
1.0792155918739588,1.0932725340759537,1.2296,1.1,2
0.9734349672412073,0.9783728201833157,1.1383999999999999,0.9,2
0.9036480821439742,0.9334003268245656,0.8680000000000001,1.0,2
0.40619983645794827,0.34500835521029655,0.536,0.1,2
0.37988723698506405,0.39190310587639066,0.40399999999999997,0.6,2
0.3281150291699899,0.2595504816394054,0.37799999999999995,0.3,2
0.4179728281233516,0.40329677601043873,0.4228,0.5,2
1.6761186160804562,1.6559710906537661,1.632,1.4,2
0.3217636575516619,0.23168296041428538,0.38400000000000006,0.0,2
0.4007813386862118,0.39764264718486925,0.412,0.2,2
0.4128638687553559,0.3923079805761939,0.4159999999999999,0.3,2
0.5039489802762891,0.4648196508799979,0.43200000000000005,0.3,2
0.465974281893889,0.46595221146957677,0.392,0.3,2
0.5672196442006434,0.6163017134519932,0.6480000000000001,0.4,2
0.5232282513029038,0.461547693746819,0.47200000000000003,0.3,2
0.462507798387443,0.4704449113405612,0.5056,0.4,2
0.4541207024469392,0.4778777483916242,0.48,0.3,2
1.0776073010908858,1.0762439659518357,1.0228,1.0,2
1.1024384708246553,1.0902512018215202,1.136,1.0,2
1.1042172233812613,1.0974315300693571,1.188,0.9,2
1.157564220810017,1.180029891064599,1.3032000000000001,0.8,2
0.9927610221836625,1.1173754366604411,1.308,1.2,2
1.0301918368549359,1.0232887124158603,1.108,0.9,2
0.9327767201055885,0.9655156923702495,1.17,0.9,2
0.631291191207824,0.6023737934887283,0.544,1.0,2
0.7146383451074222,0.684740478351084,0.596,0.7,2
0.7612477833231249,0.6787119229024312,0.632,0.8,2
0.8290951387450723,0.8425761445284947,0.8079999999999999,1.2,2
0.938101029538766,0.9375421444200596,0.708,1.1,2
0.8582248723454751,0.8257620979289585,0.8800000000000001,0.7,2
0.8493849624396802,0.7834908988884485,0.86,1.1,2
0.33850075815675845,0.267295135560648,0.384,0.5,2
0.40134341134408474,0.3703029427295139,0.344,0.2,2
0.4135125598586261,0.39569840174936644,0.41200000000000003,0.3,2
0.4720035121575694,0.48338425102467647,0.4736,0.7,2
0.4862877417051656,0.5238191024599183,0.56,0.2,2
0.3605758187263434,0.35258535093151144,0.3188,0.5,2
0.3917283706645914,0.4024182018487973,0.412,0.4,2
1.0394812292952034,0.9819725679170546,1.144,1.3,2
1.218609946503542,1.1360519903244897,1.088,1.1,2
1.0990359708217816,1.144102396672051,1.244,1.8,2
1.591840320424016,1.6559898750662843,1.6068,1.4,2
1.5494383438666388,1.5043461752214087,1.4880000000000002,1.5,2
1.1591912438300596,1.0865184000257566,1.2048,1.4,2
1.2037013528063916,1.1962681954965908,1.2231999999999998,1.5,2
0.7938831997266934,0.8671691642873263,0.7028,1.1,2
0.8588443047403002,0.8934437324389355,0.7468,0.7,2
0.7999155909020385,0.8271468218002557,0.8400000000000002,0.3,2
0.8648770634086842,0.8797394478399018,0.6792,1.3,2
0.9387739590201104,1.1373585784590052,0.9192000000000001,1.6,2
0.9386976303018634,0.9794818791811056,0.704,0.4,2
0.874192067278752,0.8691625706835294,0.8079999999999999,0.9,2
0.4390164759437938,0.44076454689548383,0.396,0.4,2
0.41131385611766325,0.40501274784899444,0.4376,0.5,2
0.3695437698639825,0.41122340843206945,0.52,0.2,2
0.46766752824817265,0.48238799642171326,0.56,0.7,2
0.4822192311235377,0.4909117930689501,0.528,0.7,2
0.4264897450981213,0.4439839420903151,0.42919999999999997,0.2,2
0.4019998672434812,0.4205010474154347,0.42719999999999997,0.3,2
1.032040955585765,1.1234939291656159,1.204,0.5,2
0.8655924852415429,1.072798052920065,1.22,0.5,2
1.2522513369172539,1.5588238263340868,1.26,0.7,2
1.2630256007314593,1.4959457845305364,1.016,1.1,2
1.4332061257359938,1.6127432429749413,1.104,0.7,2
1.2887350023809734,1.3454653537443044,1.1400000000000001,0.8,2
1.2925803800828024,1.3096812395609354,1.1119999999999999,1.0,2
0.3342022926255563,0.3192546006065441,0.36800000000000005,0.3,2
0.3279442956040769,0.3242091087373633,0.344,0.5,2
0.37966096979035824,0.3607903670198431,0.36400000000000005,0.5,2
0.46595694502439244,0.4926006597710275,0.39880000000000004,0.4,2
0.44631808920398813,0.4586142374410505,0.5448000000000001,0.6,2
0.387230525682206,0.3763768379569595,0.31839999999999996,0.7,2
0.42931981292201216,0.43157618088638217,0.46399999999999997,0.3,2
0.6718469508520922,0.6613015008796153,0.584,0.3,2
0.5356951689211895,0.48047426777126834,0.49200000000000005,0.5,2
0.5345887580087259,0.5269806338827749,0.376,0.8,2
0.6930916087299601,0.7303286427492038,0.8440000000000001,0.6,2
0.7036905744313626,0.7531405207530887,0.8319999999999999,1.0,2
0.7102119676919059,0.7596230623706903,0.7428,0.7,2
0.7255567721874204,0.7053354281109618,0.6559999999999999,0.8,2
0.5097035135228781,0.5010053854174216,0.536,0.4,2
0.4855898053667604,0.5422740535145376,0.5124,0.2,2
0.3552203009776225,0.34742474085891384,0.4692,0.4,2
0.505730838268176,0.5914075078381054,0.6192,0.3,2
0.5584056436238916,0.6432538690292724,0.616,0.2,2
0.4993810568849699,0.5257179900891181,0.5668,0.3,2
0.37022507219812206,0.38265046275020465,0.4672,0.5,2
0.4322800321026923,0.3854415405932866,0.4599999999999999,0.5,2
0.4301131789158213,0.3836545988595681,0.324,0.5,2
0.4615475516389171,0.4921456313136499,0.40800000000000003,0.6,2
0.5696687437815612,0.5780812467781311,0.572,0.6,2
0.6288545065722094,0.6097815799511074,0.7068000000000001,0.6,2
0.6008047693145838,0.588717580801796,0.5228,0.6,2
0.6189019061965217,0.6051685185764029,0.652,0.7,2
0.43021197072887685,0.4070184746721231,0.4792,0.4,2
0.42948771680725284,0.40889158044653806,0.412,0.5,2
0.43675856184843553,0.4521303752121819,0.568,0.4,2
0.5790248419472516,0.5309854209303173,0.532,0.6,2
0.5489162524882057,0.5420967847051748,0.536,1.0,2
0.5181561934864527,0.5591690540714942,0.5267999999999999,0.7,2
0.5418991068562811,0.519296557452027,0.544,0.3,2
1.0102260044466451,0.9454505197973744,1.0,1.1,2
1.0033014402767053,0.9469323320613259,0.9720000000000002,0.4,2
0.7684703895530006,0.6899985661912511,0.7840000000000003,0.6,2
1.022336844884009,1.0523948054464984,1.1032000000000002,0.9,2
1.0252737110171288,1.0464563794968431,1.232,1.1,2
0.9305466547541887,0.9328426359443402,0.988,1.3,2
0.8112240042255976,0.8327206554764832,0.684,0.8,2
0.9579546146422392,0.9443933203578639,1.07,1.0,2
1.0428086513389545,1.0566227693612802,0.96,0.8,2
0.9147655409502876,0.9287260464521662,0.9912000000000001,0.4,2
0.9376066223574229,0.938606214245133,1.0316,0.78,2
0.9282797123515235,0.980595392985406,0.9243999999999999,0.5,2
0.8588363316620623,0.8286776457646894,0.9175999999999999,0.6,2
0.8243972083611006,0.8392208860683819,0.8848,0.9,2
0.751583475651937,0.769348585232119,0.706,1.1,2
0.8601931545337413,0.7769904818274175,0.736,0.8,2
0.9471976845639328,0.9972982338157235,0.9376000000000001,1.1,2
0.9478667953113535,1.1178319095659162,0.9431999999999999,0.9,2
1.0120343394901261,1.127349645810611,1.1672000000000002,0.7,2
0.9194203981941016,0.9233972673274063,0.8560000000000001,0.7,2
0.9347219690352968,0.9544099362685062,1.0615999999999999,0.8,2
0.9275103145906616,0.8997779851948947,0.8208,0.0,2
0.8719216047580041,0.86148139838889,0.6964,0.5,2
0.9256100689620216,0.8844782760338319,0.9632,0.4,2
3.417335159013153,4.320820662092892,3.08,6.6,2
1.0563537211924854,0.8851820054877482,1.2000000000000002,0.4,2
0.9195706501963531,0.9481335045124929,1.0252000000000001,0.7,2
3.5621174899996983,3.8351254794335476,2.056,6.3,2
1.4791598196781506,1.4262815819714474,1.3359999999999999,1.5,2
1.4671240974263127,1.4096697908928904,1.332,0.8,2
1.2477648663689622,1.2951466554243154,1.196,1.7,2
1.6685261837686256,1.7393374728707167,1.5039999999999998,1.0,2
1.5191227931385205,1.5933359288168463,1.6540000000000001,0.8,2
1.1850288486906648,1.1278584433730325,1.296,0.5,2
1.4023266032730453,1.3035181484126714,1.244,2.5,2
0.7058508019327127,0.6298773609276992,0.616,0.3,2
0.6627469514002332,0.6359279359362713,0.5372,0.8,2
0.7184279245941315,0.8090149590644004,0.6604000000000001,0.8,2
0.7161456580072897,0.7851184830127389,0.6792,1.0,2
0.768981910809046,0.8462626682469176,0.9136,1.2,2
0.7156608948139184,0.7766875411600895,0.6080000000000001,0.5,2
0.6373514265264879,0.646506423063142,0.5428,1.2,2
0.5713510691392397,0.5716081179393502,0.624,0.5,2
0.5286048236057709,0.493462997318684,0.6359999999999999,0.6,2
0.5048326484680176,0.4830346562356712,0.532,0.1,2
0.5584712019887864,0.5375728691045358,0.538,0.8,2
0.6708614206260782,0.7441431338598055,0.66,0.7,2
0.5125828717966245,0.4976672286910974,0.5468,0.3,2
0.5059555726544954,0.5184295241118935,0.5392,1.0,2
0.38052100072701467,0.34424056656146124,0.33199999999999996,0.4,2
0.46992559574512466,0.43945526428970993,0.33120000000000005,0.4,2
0.465293816299584,0.4436319542686593,0.41600000000000004,0.7,2
0.5565932969664633,0.5643367084031922,0.524,0.7,2
0.6143416460099697,0.6566705055310308,0.556,0.2,2
0.5102557351558518,0.5316762623423177,0.5828,0.6,2
0.4845220703467058,0.5352901531153438,0.452,0.8,2
0.6194566013020283,0.6700747878931723,0.528,1.0,2
0.8222950956317817,0.8964261604658355,0.84,0.6,2
0.5589484448230573,0.458605201549287,0.4708,0.8,2
0.8904469533620473,1.3271180409855576,0.6960000000000001,1.0,2
0.9587159222227949,1.0068067478264624,0.8399999999999999,1.2,2
0.9335420975570558,0.9710573939735505,0.94,1.3,2
0.7977410416718073,0.7312732731833951,0.616,1.0,2
0.8959739975943101,0.9340851915890898,0.9867999999999999,1.3,2
1.0858185645593985,1.0486950011116003,1.184,1.4,2
1.5689982429832883,2.0872191178937225,1.68,2.7,2
1.2105386698510148,0.9517323362661002,1.264,0.7,2
1.5546913173631205,1.792439760835007,1.5119999999999998,1.0,2
0.9590107199614247,0.9228534359343681,0.8852,1.2,2
1.1259869358492915,1.1100811137334015,1.076,0.0,2
3.884167100338786,3.9074927993887383,3.6439999999999997,4.9,2
3.254260687161365,2.9816192906770493,3.228,2.9,2
3.244775437685114,3.099990931485925,3.1239999999999997,4.4,2
4.022707534161992,3.6604583058780964,3.864,3.8,2
4.443879773051639,4.08076072622478,4.084,4.2,2
4.319558494669817,3.7595174073501765,4.0,4.9,2
4.655527908202907,4.126703152513728,3.8680000000000003,5.2,2
0.942050199791723,0.9471216720875838,0.9008000000000002,1.2,2
1.1002427443162666,1.1376040986808982,0.9960000000000001,0.6,2
0.9411628924955572,0.9296072971340004,1.0231999999999999,0.4,2
0.9450250842831457,0.9770368290017402,0.9124,0.7,2
1.0216842273591944,1.014963811002205,1.042,0.6,2
0.8500133399257095,0.8137307294012024,0.9239999999999999,1.3,2
0.9141688299286638,0.9857501492853606,1.0948000000000002,0.6,2
0.5977008805997855,0.6146519701306374,0.6216,0.2,2
0.6885463117880813,0.6611760761948406,0.44599999999999995,0.4,2
0.6803934385484007,0.6722096314487919,0.608,0.6,2
0.5958060849993407,0.6439872980665613,0.58,0.2,2
0.9211642013264594,1.074120107415139,1.0759999999999998,1.2,2
0.5655886653186859,0.5925676868249774,0.7040000000000001,1.1,2
0.6219698890802922,0.6430394081097759,0.7719999999999999,0.3,2
2.8372224893705953,2.5213474514148477,2.9347999999999996,0.7,2
2.35604871909266,1.9806016037621434,2.08,2.8,2
2.9422185583133786,2.892760458739961,2.5319999999999996,3.1,2
3.287399614327611,3.3011857881706566,2.8560000000000003,3.0,2
3.4347328742292365,3.544796293412372,2.8827999999999996,3.2,2
2.713698386528578,2.861538985495626,2.7068,3.85,2
2.720999383367756,2.935789966828733,2.92,4.3,2
1.5487873228305875,1.676926460183552,1.4879999999999998,2.4,2
1.7661641759424902,1.8080840585196425,1.4880000000000002,1.1,2
1.421872635071289,1.5721506711896744,1.376,2.2,2
1.79444959843703,1.8731571551061073,1.396,1.5,2
1.675025324003819,1.7390608112028074,1.652,1.5,2
1.5635933574641252,1.8273914120424122,1.516,2.2,2
1.8221980733455818,2.0013718247486043,1.972,1.1,2
0.8746755662552788,0.8536399840985558,0.86,1.0,2
0.885569261505745,0.8246589801300738,0.8640000000000001,1.1,2
0.6684310454779009,0.6587297071461942,0.6639999999999999,0.6,2
0.8657434179379726,0.9406946170953443,0.8260000000000001,0.8,2
0.9076945277844626,0.9237967391057204,0.968,1.2,2
0.8746888254833425,0.8950261776038904,0.8320000000000001,0.7,2
0.6189722513868862,0.620320292277806,0.5472,0.7,2
0.4867991982017866,0.5228222000311196,0.41759999999999997,0.8,2
0.511910306749374,0.5122944128865117,0.548,0.7,2
0.5985065944042895,0.6276116424532173,0.524,0.9,2
0.7345778450773613,0.7106669690128536,0.632,0.3,2
0.6919165560870947,0.6662681519759928,0.6256,1.1,2
0.5020750735565916,0.5636999540289629,0.5384,0.9,2
0.7738237974370162,0.7426864742297007,0.488,0.8,2
0.522254507650266,0.5094388328964632,0.4348,0.3,2
0.44552174094533775,0.44376506629619117,0.3912,0.5,2
0.43722387212164987,0.44702618582325115,0.54,0.3,2
0.56524201077664,0.5342842844529037,0.6192,0.3,2
0.5854099542839277,0.6235781791865721,0.6032,0.3,2
0.4101455342479142,0.43581791633525097,0.4672,0.5,2
0.3639513859147663,0.4158268211171531,0.49199999999999994,0.6,2
1.1520626647431365,1.2035516152408627,1.1560000000000001,1.3,2
1.2100440927715674,1.2046178198013653,1.0344,1.2,2
1.0530393459825267,0.9640097236665077,0.8992,1.2,2
1.3866561351081579,1.3894919748824308,1.272,1.0,2
1.39741971188922,1.3854166983191474,1.3119999999999998,0.5,2
1.0769494197803127,1.0212443802405842,1.1072,0.5,2
0.9049946487699824,0.8555290895876678,0.8512000000000002,0.8800000000000001,2
0.5876348171731144,0.5923991685565578,0.528,0.6,2
0.6832636429608524,0.5937831610679869,0.68,1.1,2
0.7026240924117063,0.7041253175985676,0.684,0.7,2
0.7979239519394852,0.74692928585203,0.648,0.5,2
0.820587699412903,0.764316223999626,0.8400000000000002,0.9,2
0.7622684497245958,0.7483181551715541,0.7120000000000001,1.3,2
0.8694489402413614,0.9029375619143583,0.912,0.6,2
0.49882151493288757,0.4633225759346694,0.54,0.6,2
0.5566805143336214,0.5501051037319132,0.4924,0.3,2
0.47312676831368483,0.4762709081255635,0.5508,0.6,2
0.5275227816811937,0.5568223019517282,0.544,0.8,2
0.6529987348868364,0.7035538222079424,0.588,0.6,2
0.5209441050113187,0.46836944778630074,0.47200000000000003,0.6,2
0.5036458566860776,0.4964496101184062,0.5028,0.5,2
1.0356257117602998,1.083256195043451,1.024,0.8,2
0.8830578736445784,0.9140232038976351,0.8268,1.2,2
1.0823812698038169,1.182913041191458,1.004,1.2,2
1.3112484230290478,1.3389217959812214,1.204,1.2,2
1.22992828938373,1.194291186466954,1.1884000000000001,0.7,2
0.9939852310921553,0.9368163216630288,1.0732000000000002,1.1,2
1.098790597162663,1.0561375370852728,1.1,1.2,2
1.1186191519547999,1.0603322062709077,1.4720000000000002,1.9,2
0.8953231701484451,0.9026329315311026,1.008,0.5,2
0.7010167580946333,0.6212375392754725,0.552,0.7,2
0.7861774920965109,0.7758269238737492,0.6800000000000002,0.6,2
0.9028480175637187,0.8820770207747429,0.868,1.1,2
0.902539696595451,0.9249091822616252,0.8800000000000001,0.7,2
1.021272078761748,1.1544409853217104,0.884,0.8,2
0.6051665950216776,0.6647002738829391,0.652,0.7,2
0.5726244662071683,0.608984497163761,0.576,0.0,2
0.48830014961276086,0.4185386810230551,0.5059999999999999,0.9,2
0.6829022139211596,0.772882395022008,0.7192000000000001,0.4,2
0.705836727692214,0.7433112325594153,0.7240000000000001,0.4,2
0.5627685443637259,0.5611928525458166,0.544,0.7,2
0.5164891728832168,0.4901102096835278,0.516,0.4,2
0.8369024067046663,0.860435114261625,0.8639999999999999,0.8,2
0.8304869799674085,0.7926881866319324,0.8079999999999999,0.8,2
0.7253376571587713,0.6693930922521806,0.7612000000000001,1.0,2
0.7768758565100273,0.7975558149940611,0.726,0.2,2
0.7366103517009674,0.7667649877339184,0.6679999999999999,0.5700000000000001,2
0.6903917176309594,0.6621000588189125,0.7028,0.3,2
0.6182073547149701,0.6148329869702721,0.5923999999999999,0.5,2
0.923677845772134,0.8416878131873636,0.8792,1.3,2
0.9220162115500459,0.9216263640015528,0.9440000000000001,0.5,2
0.7761737241040032,0.6923878580681136,0.8079999999999999,0.7,2
0.8895754611458686,0.8840004318417448,0.9292,1.0,2
0.9413530194793771,0.9327659520182964,0.9019999999999999,0.5,2
0.8310831225156456,0.7805774555649269,0.8455999999999999,1.3,2
0.9359555309394396,0.943213423980812,0.8760000000000001,0.7,2
0.8756722820262862,0.8243549271753505,0.9239999999999999,0.8,2
0.851270369623481,0.7490913057034972,0.804,0.9,2
0.8811486111269347,0.8213090547692102,0.8560000000000001,0.8,2
0.8443540087661429,0.8148469376255709,0.6880000000000002,0.7,2
0.8699277901014688,0.8008229605051211,0.8,1.2,2
0.8854600377081776,0.8655764228217422,0.9079999999999999,0.9,2
0.9043595266077907,0.859929538618327,0.8960000000000001,1.1,2
0.48739732910242517,0.47417526361712864,0.436,0.5,2
0.4749263110134814,0.44522622746691604,0.49200000000000005,0.9,2
0.39439983429304204,0.41658844118302135,0.40399999999999997,0.5,2
0.6365940245240568,0.6478859218287921,0.572,0.2,2
0.648529572508675,0.672297144774697,0.5788,0.4,2
0.5011239829309272,0.48382988606734284,0.482,0.5,2
0.5082172852659694,0.5493706064726707,0.5479999999999999,0.5,2
1.4003385973984626,1.3642549431020479,1.484,1.3,2
1.2844505713668357,1.2925771146426777,1.3279999999999998,1.2,2
1.2735468469709088,1.3023559765140562,1.4560000000000002,2.0,2
1.6699214363675872,1.6557496758423271,1.7439999999999998,1.3,2
1.5603992458720966,1.5223622834500796,1.5279999999999998,1.6,2
1.3305644730389494,1.3519132740061324,1.3840000000000001,1.1,2
1.2529137225369478,1.2874469223806353,1.056,1.8,2
0.6214200685075405,0.7128386310364183,0.708,2.9,2
1.2606582501118109,1.3580701263107686,1.412,2.5,2
1.327203275568423,1.3238938535912548,1.608,1.3,2
1.065797378676834,1.2080489114375794,1.1472,1.6,2
1.2060243057005027,1.395555024242832,1.3272,1.0,2
1.0313209508578938,1.1695743214338745,0.976,1.0,2
1.1299118915796194,1.267268603043619,1.196,2.2,2
1.1781857652399719,1.1976363728043427,1.0908,1.4,2
1.2361239223814147,1.253045669115142,1.0959999999999999,1.3,2
1.2583709945077912,1.315035614810882,1.44,1.2,2
1.4861898369926927,1.4234351374792449,1.3119999999999998,0.8,2
1.3847999195437284,1.328534775540739,1.2920000000000003,0.9,2
1.1569252374881123,1.136927374735023,1.1320000000000001,1.8,2
1.2387928880925363,1.3396604739035975,1.2679999999999998,1.3,2
1.0038393834735078,0.9817353675473328,0.916,1.1,2
1.0645300656804748,1.0308719787494909,1.052,0.7,2
0.8900028667701048,0.842496920307481,0.9128000000000001,0.6,2
1.2153132940311837,1.1876667958544715,1.15,0.7,2
1.2446161870824528,1.1286962249909531,1.1219999999999999,1.3,2
1.1032586356499288,1.1319373509234298,1.2,0.8,2
0.9658468152328199,0.9495046311643855,0.852,1.3,2
0.5976820082146849,0.5672964026538263,0.5048,1.2,2
0.6950114539203792,0.7245000738100621,0.7816,0.7,2
0.7283642960032358,0.6829395079688398,0.7948000000000002,0.8,2
0.767642579214464,0.7948141783538593,0.672,0.7,2
0.7962502261880171,0.8081100828314756,0.8863999999999999,0.6,2
0.7346061739885434,0.6854560143372682,0.7388000000000001,1.0,2
0.9303429033601182,0.9939620421182929,0.7351999999999999,1.3,2
0.4109951327783461,0.3803480615239444,0.408,0.6,2
0.4449714755493961,0.41962638660866863,0.412,0.6,2
0.4595731544702144,0.46471331366892454,0.4348,1.2,2
0.603677588388944,0.6789959731287707,0.672,0.8,2
0.5882268017541953,0.6212362217934336,0.648,0.7,2
0.5747401158848883,0.5313569672692571,0.544,0.4,2
0.737098145517743,0.7108064981339722,0.648,1.7,2
1.0306903857937961,0.9964086807270203,0.9268,1.3,2
0.9694047425397905,0.9663859294943122,0.98,1.0,2
0.8960239928601366,0.8132767378253782,0.91,1.1,2
1.1209644008724424,1.4089390288587689,0.9896,0.9,2
1.0833956045109894,1.105257078113198,1.0959999999999999,0.8,2
0.9145082417797058,0.8582722747848475,0.7879999999999999,1.2,2
0.8853038128068713,0.9366096358217354,0.6724000000000001,0.8,2
2.868892999976413,2.7114860661240194,2.5639999999999996,2.6,2
3.2541386158587335,3.0692105194633625,2.7347999999999995,0.6,2
2.2220105118547444,1.8126526688243012,1.672,1.0,2
2.0199145126384477,2.0065342650598463,1.3207999999999998,0.5,2
1.8252508785733317,1.7675708208805583,1.2067999999999999,0.8,2
1.5587648646466483,1.5692397371017792,1.484,3.6,2
1.9251281243837581,1.9731157719651853,2.2079999999999997,1.9,2
0.8783671986813264,0.8319457455464744,0.9279999999999999,0.6,2
0.8931910742028322,0.8361758137711114,0.8599999999999999,0.9,2
0.7089961029535412,0.68423365030077,0.722,0.9,2
0.8072884243717392,0.8698020251113874,0.7631999999999999,0.7,2
0.7846250480669874,0.8022807585414496,0.7908,0.3,2
0.609978348563783,0.5763997757765658,0.6452000000000001,0.4,2
0.5666464506657655,0.5828146371042955,0.5252,0.2,2
3.585585553601875,3.3788522427520222,3.6320000000000006,3.4,2
3.720036138871226,3.5043684562758544,3.428,3.5,2
3.5178174557828963,3.4967900161590078,3.352,4.0,2
3.9595845539679204,4.077562344039922,4.096,3.8,2
4.273627106733676,4.191197751128339,4.087999999999999,3.3,2
4.227439760225935,4.084069467340559,3.724,4.3,2
4.221647525793609,4.054698657041853,3.96,5.0,2
0.8951746456878008,0.8386256934999533,0.8960000000000001,1.0,2
0.896334992554031,0.8770180735838433,0.9328,0.71,2
0.5628424017542385,0.5562682900974866,0.6199999999999999,0.7,2
0.8730604245393602,0.9383017362373046,0.988,0.3,2
0.9214968277672184,0.8085202169035901,0.7879999999999999,0.8,2
0.8247800727599229,0.7214979861171948,0.8815999999999999,0.9,2
0.5479224368900059,0.592000403474727,0.49520000000000003,0.9,2
0.6885904099664379,0.6130063292818313,0.54,0.4,2
0.5006155464964438,0.7094970059645243,0.5912000000000001,0.5,2
0.4714502641453649,0.6943719746161678,0.6639999999999999,0.2,2
0.4646176986840375,0.7289818801235403,0.43,0.2,2
0.4395747899578813,0.671582578411428,0.4176,0.1,2
0.431371947455827,0.49783788151174585,0.428,0.0,2
0.40360268712173947,0.39884830306193425,0.43800000000000006,0.0,2
0.7786154040723943,0.649385720521669,0.6708,0.8,2
0.7448622074356974,0.6828833582578195,0.696,0.8,2
0.5346963779270478,0.5551034524035194,0.46799999999999997,0.8,2
0.693021352785763,0.7317629090338862,0.544,0.8,2
0.8510097525487986,0.8512660630745977,0.8,0.7,2
0.7374851061575878,0.6615587791163552,0.608,0.6,2
0.854226020801381,0.8023721490890345,0.5776,0.5,2
0.3623173466740052,0.3543400223627042,0.41359999999999997,0.4,2
0.33846806977244975,0.33161799446223217,0.38,0.0,2
0.34505166814243243,0.3275165724223029,0.35119999999999996,0.6,2
0.4217222172314516,0.4047374508845512,0.436,0.4,2
0.4275275704128213,0.43205624319254293,0.49199999999999994,0.4,2
0.3588889400105346,0.3613469250815055,0.4028,0.1,2
0.47145804513533685,0.5633560257313913,0.5824,1.2,2
2.196976155039433,2.454238642036864,1.7500000000000002,1.6,2
2.6228810847628896,2.4775599532787425,1.6199999999999997,3.0,2
2.767241398712123,2.826238459520577,2.468,2.6,2
3.699905662190368,3.8296077064223257,3.2760000000000002,3.4,2
3.931236878321364,3.668192084871687,3.484,2.6,2
2.892109546633596,3.054137359638163,2.2520000000000002,1.1,2
2.9229516145182557,2.7113509883996745,2.508,1.0,2
0.4032413452892204,0.4312587442923047,0.4960000000000001,0.3,2
0.42783397402322665,0.41513942004811677,0.452,0.2,2
0.4495959391727457,0.4636513208337481,0.5152,0.4,2
0.4737906090630162,0.457555371750012,0.5399999999999999,0.2,2
0.5493686338447581,0.6314867813408419,0.6308,0.4,2
0.36203652631651007,0.2873794597417403,0.392,0.1,2
0.3439542460336132,0.3555959470820341,0.36719999999999997,0.3,2
0.5464354939952343,0.4406853653726788,0.496,0.2,2
0.5177920398246014,0.533958044950931,0.3868,0.1,2
0.535726210309845,0.5754399366399345,0.5539999999999999,0.4,2
0.568906288144311,0.5901900532293622,0.5720000000000001,0.0,2
0.5349396412299411,0.5529777012951298,0.4404,0.6,2
0.4389155478139341,0.430012020847795,0.412,0.2,2
0.3665984585498125,0.41206507117849567,0.44199999999999995,0.1,2
1.1952794721417563,1.24577727071036,1.1320000000000001,1.1,2
1.0850385689194029,1.08946516812396,1.152,1.4,2
1.246701795322786,1.36835714373546,1.2160000000000002,1.2,2
1.2290166273358554,1.279148033035502,1.2884,1.0,2
1.2068273162224628,1.2907157371497018,1.2259999999999998,0.7,2
0.9996488497742071,1.00156359981956,1.016,1.9,2
1.203889711838043,1.2499352398777057,1.12,1.9,2
0.5307603381547187,0.5270562653419283,0.508,0.5,2
0.5304372682349054,0.5273635913705327,0.48,0.4,2
0.48021259470048816,0.4547040983244491,0.4371999999999999,0.5,2
0.6256095478909997,0.6252647082975666,0.596,0.4,2
0.6372083051028841,0.6669282248028111,0.628,0.5,2
0.4992968757873582,0.5132059420870605,0.552,0.5,2
0.5881561306293237,0.6473774157945592,0.7828,0.6,2
1.2544567179515382,1.1969291537444573,1.196,1.1,2
1.2821876332066193,1.25473677510644,1.2160000000000002,1.2,2
1.328669938108319,1.2770906586513902,1.296,1.2,2
1.336208762581396,1.297264239215535,1.396,1.0,2
1.3438247601285975,1.4135382839567425,1.308,1.3,2
1.3819808552174746,1.4101612370206293,1.5,1.8,2
1.5211888624398753,1.6252099566925176,1.8159999999999996,0.7,2
1.426395645518124,1.6097139773730218,1.7752,1.2,2
1.1336899542961427,1.0933088461970053,1.048,1.2,2
1.207305536294663,1.1645545629098346,1.164,1.2,2
1.313033339715303,1.3030528876784198,1.4135999999999997,2.0,2
1.5657802900449782,1.654343123524271,1.5776,1.8,2
1.4933203915589957,1.509761044532636,1.4028,2.5,2
1.9824206201073704,2.0542705047962295,2.1559999999999997,0.2,2
0.4511141117530792,0.42313628449728546,0.44,0.6,2
0.5027736577497037,0.4395764781981762,0.43200000000000005,0.7,2
0.5269584670580937,0.5003570757671163,0.6480000000000001,0.7,2
0.6356868212686015,0.63914413557785,0.588,0.6,2
0.5752537651447025,0.5679559715788147,0.588,0.6,2
0.5359056661459045,0.5039965802165077,0.6232,0.5,2
0.5140693168805243,0.5021435873720126,0.536,0.5,2
0.938024448426581,0.8430179471720638,0.8668,0.8,2
0.8113796368599208,0.7501042418284417,0.7672,1.1,2
0.8748152268367239,0.8229302392734925,0.8523999999999999,1.2,2
0.9629218194409914,1.0042734334956591,0.9428,1.0,2
1.0152986124984682,1.007999019919788,1.0335999999999999,0.8,2
0.8823720756738972,0.8322115815953435,0.8596,1.3,2
1.0309969073770195,0.9599301957940342,0.9640000000000001,1.0,2
0.6179234785181246,0.5584903086004794,0.624,0.8,2
0.6543376276780847,0.599845293248422,0.604,1.0,2
0.7232471032020087,0.6691013505527347,0.7719999999999999,1.1,2
0.8621373174677834,0.8794966866406361,0.84,1.0,2
0.9452352526087768,0.9051680485543445,0.812,1.0,2
0.8698111077508706,0.7831437298000702,0.7280000000000001,1.1,2
0.9245877194203003,0.9228878051921884,0.8360000000000001,0.7,2
0.3446453410003188,0.3260143356552492,0.4168,0.3,2
0.3175236432470066,0.30943946005125156,0.308,0.2,2
0.4338411408273226,0.4224484921059196,0.37520000000000003,0.4,2
0.477147932552333,0.46740771219539823,0.576,0.5,2
0.479432275893292,0.5028653790074393,0.6080000000000001,0.6,2
0.43881719236324446,0.41157395596157165,0.46799999999999997,0.6,2
0.43157015058238035,0.4332755924945233,0.49200000000000005,0.4,2
0.7747626962214448,0.7757021815228983,0.5908,1.1,2
0.9073965301442415,0.8846556403110689,0.884,1.1,2
0.8541029874031042,0.7878412539241456,0.8039999999999999,1.1,2
1.025179596650374,1.1285343627420505,1.1,1.3,2
1.1240927773176042,1.157869564104245,1.1320000000000001,1.8,2
1.1934300717020847,1.1381323865885302,1.124,1.1,2
0.9339799906488099,0.8463821022197981,0.7160000000000001,0.6,2
0.4990473637341444,0.4656027802881355,0.42,0.5,2
0.5280312134537434,0.46874144315351546,0.496,0.4,2
0.5039410115655842,0.49420029452781533,0.5028,1.0,2
0.681010521770465,0.7635893477444474,0.66,0.5,2
0.5671266517554939,0.5893575754654925,0.676,0.5,2
0.5143634770942779,0.49349261232679575,0.5472,0.5,2
0.5053673665456238,0.4904127560844807,0.524,0.2,2
0.7204433455097465,0.6541897812061817,0.728,1.0,2
0.7817016622198718,0.7457224460886679,0.7439999999999999,0.6,2
0.8191125747033081,0.7020959856628955,0.7120000000000001,0.5,2
0.6085053336920765,0.6201634914709634,0.488,0.5,2
0.6328721019861147,0.6893790682296074,0.596,0.6,2
0.579975074781424,0.5148004909770973,0.44400000000000006,0.0,2
0.5180973202662441,0.45820687965773577,0.444,0.0,2
0.7758562443836875,0.7899692257267962,0.758,0.7,2
0.5881231088377543,0.5438253112467919,0.6160000000000001,0.5,2
0.5793021291056253,0.5755993792322184,0.488,0.6,2
0.6333753311600032,0.6912196680414711,0.624,0.7,2
0.6935692055887427,0.7359352769509815,0.7519999999999999,0.58,2
0.6040805705383543,0.58162383688693,0.534,1.2,2
0.6943040135127262,0.7236741003669858,0.7348,0.8,2
0.4575932409594238,0.5150016150164729,0.5479999999999999,1.9,2
0.8097376900961912,0.8941017317255181,1.036,1.7,2
0.9369482622756381,0.9418620002693048,0.9520000000000001,1.0,2
0.9205327496169866,0.8765019157355183,0.6359999999999999,0.5,2
0.917403444412776,0.9259309226553165,0.9080000000000001,1.6,2
0.9553623459431548,1.0240875942410463,1.064,1.7,2
1.158631000904617,1.1698900031136201,0.992,0.8,2
0.39414569671413957,0.3503566271598949,0.428,0.2,2
0.3902269037568789,0.36891456066089545,0.3628,0.2,2
0.43984039127159347,0.4373583945151859,0.37760000000000005,0.3,2
0.4332214150071035,0.40806000427398603,0.4632,0.1,2
0.4185110828128606,0.42143994959649156,0.466,0.27,2
0.49436064657155804,0.44113968209392446,0.4512,0.6,2
0.3472109185964725,0.3672644999594017,0.376,0.4,2
0.4067013341032622,0.39226829980776734,0.3824,0.3,2
0.37887978360050084,0.348909333860871,0.32799999999999996,0.0,2
0.3445355891196274,0.33408473491806157,0.31120000000000003,0.7,2
0.44996542313658294,0.43577152669771535,0.424,0.5,2
0.40153186909075284,0.40848171069891925,0.45599999999999996,0.7,2
0.3776802448525129,0.37047179743759984,0.3812,0.3,2
0.3745444562021295,0.37077500189092893,0.37200000000000005,0.4,2
0.673331249894676,0.616742773570816,0.508,0.0,2
0.5277012452928942,0.4697677014075459,0.484,0.6,2
0.5371444452006106,0.5521824899552812,0.5,0.3,2
0.6789498105411912,0.695379130050243,0.7559999999999999,1.0,2
0.764291199467718,0.7978479223753339,0.8320000000000001,1.0,2
0.7299842095503882,0.7668020795411941,0.7267999999999999,0.6,2
0.7144949067530647,0.706456968070622,0.676,0.7,2
0.39119211376294594,0.3553208534814987,0.444,0.3,2
0.2894679703554846,0.21689437127747568,0.308,0.2,2
0.29746643318958654,0.28259457521156306,0.34800000000000003,0.1,2
0.35445193838308037,0.3457606150065292,0.4268,0.38,2
0.3843408870987226,0.370924713040174,0.42199999999999993,0.0,2
0.30543923542001217,0.27058880132200414,0.384,0.2,2
0.2873939464931779,0.2631267718927113,0.35200000000000004,0.4,2
1.2461176321698242,1.2762065401175853,1.224,1.1,3
1.1661899911260352,1.1771319114273262,1.116,1.7,3
1.2527160093644047,1.264559007303492,1.224,1.1,3
1.3592502751973998,1.370660503876047,1.2960000000000003,0.5,3
1.171988094707145,1.2129274268938515,1.016,1.6,3
1.133670612309912,1.1795775392075223,1.092,0.6,3
0.9819580572520675,0.9475330714692249,0.9839999999999999,1.3,3
0.8204553692662968,0.8326581009161937,0.7707999999999999,0.7,3
0.7858280847264116,0.6346354108856933,0.7080000000000001,1.6,3
0.7411495557393081,0.7174559898196299,0.6199999999999999,0.3,3
0.8041512584029511,0.861816007940546,0.812,0.8,3
0.918163324069406,0.9287398405963382,0.912,0.6,3
0.7807119080924045,0.7282131760113735,0.7323999999999999,1.2,3
0.8417745547437756,0.8750742524375595,0.8240000000000001,1.2,3
0.5627920946128371,0.5408040418435598,0.5159999999999999,0.3,3
0.4881145948182017,0.4728697300919098,0.40800000000000003,0.2,3
0.48730057052705783,0.49338185414839153,0.5,0.3,3
0.6386702587472848,0.6940524725628341,0.592,0.6,3
0.5874403288074833,0.6180518946106464,0.536,0.8,3
0.6089388561761573,0.5686942490589276,0.49199999999999994,0.2,3
0.46748896852312893,0.4838740650947469,0.4976,0.3,3
1.224161090084462,1.2677854614688493,1.296,1.1,3
1.093383181481066,1.0446439795663813,0.8360000000000001,1.4,3
1.138068328072545,1.033194655031762,1.0508000000000002,1.4,3
1.4450007111655967,1.4422327821237453,1.5427999999999997,1.2,3
1.3942940805545454,1.4405885432614762,1.2444,1.7,3
1.355529321141774,1.3173296377768284,1.2388000000000001,1.2,3
1.1623603383474201,1.0897601775033259,1.216,1.2,3
0.9834465795598685,0.9745529975689071,1.078,0.6,3
0.9102183151840747,0.9091143937932152,0.8828,1.0,3
1.1418738214923834,1.146024525347151,1.0079999999999998,0.6,3
0.9568293720336383,1.0285800036344357,0.9404,1.1,3
1.0574183034153062,1.1313796668017282,1.1380000000000001,0.2,3
0.8895673007505712,0.8500281582171991,0.8740000000000001,0.37,3
0.935000003087175,0.9675435329266171,0.9304000000000001,1.1,3
1.8147706039830955,1.5309689537603157,1.268,1.1,3
1.7933309633629448,1.5363526201993232,1.184,1.0,3
1.8529697374503993,1.605295144890365,1.4360000000000002,1.2,3
2.3452504741207783,2.028218343929946,1.6079999999999999,0.0,3
1.9324738338439886,1.5331356898783381,1.232,0.1,3
1.7879467521808359,1.7061021495457465,1.408,1.2,3
1.5490931071208003,1.4079602944897784,1.248,1.2,3
0.6481036403299951,0.6391755858794089,0.556,0.3,3
0.6787011520545932,0.6596705450444698,0.6272,0.8,3
0.6325593952549678,0.5940503422123837,0.6216,0.5700000000000001,3
0.8055463956648967,0.7899626931206485,0.7756000000000001,1.0,3
0.8571081871809575,0.897469009147128,0.9680000000000001,0.7,3
0.7911520239578244,0.8160690252062089,0.6,1.0,3
0.5800676270187853,0.5558300129531211,0.41600000000000004,0.67,3
0.4901632976993245,0.46161702870751775,0.588,0.6,3
0.4923222857267901,0.5140338649118713,0.41600000000000004,0.4,3
0.5419790296333844,0.5855628470746916,0.452,0.2,3
0.5028585134823268,0.47293800601334857,0.488,0.4,3
0.5747259297387624,0.6117091349893256,0.54,0.6,3
0.5179860851089498,0.5532552488010904,0.46799999999999997,0.4,3
0.5016718540663788,0.5189774409987349,0.512,0.4,3
0.7183810286298224,0.6043806495733224,0.46399999999999997,0.6,3
0.8446292530812278,0.6887099325509299,0.748,1.2,3
0.5124907292542108,0.5710973644980991,0.5760000000000001,0.3,3
0.8537640422545303,0.9007417967619136,0.8719999999999999,0.3,3
0.8696758812653318,0.8150153232093518,0.7188,0.5,3
0.7091624854576669,0.6691987134308559,0.6816,2.1,3
0.6549134921437003,0.6923729002104626,0.628,0.4,3
0.9952173629611919,0.9814497343301622,1.016,1.2,3
1.1811919091906171,1.1295306690447888,1.2308,1.3,3
1.2075444497684542,1.04930586013331,1.0536,0.7,3
0.9934208751681808,1.0438176679503908,1.1108,0.7,3
0.9988732166015357,1.046610088357491,1.2192,1.4,3
1.146525838897328,1.2302815985026556,1.016,1.6,3
1.0557710326058751,1.0701449115659372,1.092,1.3,3
0.5733273847533724,0.5534652468077172,0.504,0.2,3
0.5450222594753537,0.47161952689777115,0.5268,0.2,3
0.5340580029424923,0.49476678089147225,0.6028,0.64,3
0.7295682553424392,0.7231492445745547,0.596,0.2,3
0.7171181294331676,0.7006911792098373,0.7628,0.4,3
0.5761360527174726,0.5971384571636131,0.5992,0.4,3
0.46434261102130797,0.47307721562396515,0.4511999999999999,0.7,3
5.306826537351535,5.245982481008352,4.404,4.3,3
3.7376409186167128,4.051996345458864,3.428,3.6,3
4.634658113745006,4.838248920013759,3.9520000000000004,6.0,3
4.944317661505161,5.060979895535138,4.316,4.9,3
5.07959255050505,4.509579359834439,4.419999999999999,6.4,3
5.276426316738813,5.355840895774716,4.548000000000001,6.5,3
5.4944748316498275,5.7558981895141486,4.52,5.7,3
0.6868007544825022,0.6711946016512669,0.5564,0.6,3
0.6998139044978654,0.7003799026448884,0.6656,0.6,3
1.1523247245972572,1.1858707029743563,1.3336,0.6,3
1.1810753544745354,1.1297938179258054,0.956,0.1,3
1.1096199796968413,1.0529239937351764,0.74,0.0,3
0.9967823677083859,0.8316106374784626,0.5319999999999999,0.6,3
0.8831366726676625,0.9506082603070144,0.6920000000000001,0.9,3
0.6329089607183491,0.5809495013406611,0.54,0.7,3
0.6614503379660681,0.6382967717952036,0.628,0.8,3
0.5992253272337311,0.6159665635785437,0.5831999999999999,0.3,3
0.7195229667179264,0.6994133294027218,0.49199999999999994,0.9,3
0.7827968780750587,0.8552044594732802,0.7672,1.1,3
0.7336545281498988,0.8145895738623236,0.728,0.9,3
0.6361146316869454,0.6293398509211153,0.664,0.7,3
2.826611116299198,2.9316410812258287,2.6376,3.3,3
2.8743644075011257,2.684527496783362,2.7763999999999998,0.9,3
2.05925590287653,1.8617882994770385,1.8,3.3,3
3.219396615085317,3.475530874369075,3.048,3.3,3
3.255344553831568,3.215787272927928,3.296,2.1,3
2.4420825317354526,2.5430715526416634,2.2960000000000003,2.7,3
2.573594508755306,2.3086799417122315,2.4823999999999997,3.2,3
0.8433588184028519,0.8471628410980141,0.7067999999999999,0.6,3
0.8488592767707824,0.7979698813930889,0.7639999999999999,0.5,3
0.6713597619314539,0.6499828070294063,0.6452,0.7,3
0.8773034531894048,0.9210748170398835,0.93,0.4,3
0.8612242480797502,0.849623685906518,0.9039999999999999,0.4,3
0.6953173125115846,0.6912783784723644,0.7763999999999999,1.5,3
0.6394872411462583,0.6985106118239329,0.6080000000000001,0.2,3
1.2600003939100586,1.1768178646953782,1.1039999999999999,1.7,3
1.3500746569725541,1.19743478595612,1.06,1.1,3
1.1712197755639553,1.163584691947229,1.076,1.3,3
1.4689392177171232,1.4982803583433282,1.3588,1.7,3
1.453353004374933,1.507268796091786,1.36,0.6,3
1.2774999029395266,1.1718156102040673,1.3268,0.8800000000000001,3
1.0502211030953725,0.9947450162005906,0.8283999999999999,1.1,3
0.6442421071244495,0.5911330306178244,0.7239999999999999,0.1,3
0.5216452928913619,0.5102806384005116,0.568,0.2,3
0.46101280062443645,0.5195267353829011,0.5332,0.6,3
0.564605790465206,0.573348752719534,0.516,0.6,3
0.5866430372173128,0.704656959998651,0.612,0.6,3
0.4817308579245374,0.5333846675250915,0.5720000000000001,0.8,3
0.4930445314398689,0.5860942184847265,0.5468,1.1,3
0.8659838783873633,0.8568926705091009,0.8360000000000001,0.7,3
0.8572768686027648,0.7737703569223211,0.7724000000000001,0.5,3
0.8222138083015186,0.710746514587123,0.66,1.2,3
0.8798823300078616,0.958957758768729,0.7480000000000001,0.8,3
0.896932461985192,0.9109971032379031,0.88,0.6,3
0.8534883519777624,0.7246712005713054,0.6388,0.8,3
0.8699589107267167,0.7938017240065551,0.8240000000000001,1.1,3
1.1934516213165918,1.226659733098497,1.0959999999999999,0.5,3
1.1477460642365667,0.9766126177517301,0.7240000000000001,1.1,3
1.1398763120991275,1.0876554816194024,1.212,1.5,3
1.0092271981622922,0.9970881776506593,0.9159999999999999,0.6,3
0.9473625205394202,0.9786827243004742,0.9960000000000001,0.5,3
0.9743721543505827,0.9664084061510207,0.7119999999999999,0.9,3
1.048267263076173,1.0284133997492015,1.008,0.9,3
0.8063283091624468,0.563588191522909,0.7048000000000001,0.6,3
0.5347951243442952,0.4803733749880213,0.5760000000000001,0.3,3
0.5262438193999486,0.5088459844024109,0.40800000000000003,0.0,3
0.619260580589434,0.5957881487429534,0.616,0.6,3
0.5694945696782997,0.6048102251565922,0.588,0.5,3
0.5080215126591673,0.509999897100257,0.49879999999999997,0.5,3
0.491461090195857,0.5023345614493928,0.5112,0.5,3
0.43854384987831235,0.4148980977421194,0.44799999999999995,0.2,3
0.5353359534446598,0.5106961016377141,0.44,0.7,3
0.4197612682631382,0.42390081353097997,0.42,0.6,3
0.6209323844014387,0.6315588402557488,0.632,0.6,3
0.4660139319530568,0.4886131152588776,0.496,0.2,3
0.5407326375891867,0.5385396270912344,0.5856,0.6,3
0.4282993119053043,0.43093859828817827,0.39599999999999996,0.7,3
0.5258569069319998,0.4781390188270607,0.40800000000000003,0.7,3
0.5264056324087251,0.5048293335689318,0.46399999999999997,0.6,3
0.43529248956552813,0.4246671934943505,0.46,0.4,3
0.6077595617761109,0.6347307074667137,0.596,0.7,3
0.6313785066307019,0.6813021218578431,0.6719999999999999,0.5,3
0.5530107330647313,0.5853425769473222,0.5736,0.7,3
0.43704753442726435,0.4042574002543336,0.344,0.3,3
0.43286843807015674,0.40670864256624034,0.45760000000000006,0.7,3
0.46159648749773946,0.43928425996539555,0.48719999999999997,0.6,3
0.48652246355360695,0.4615470220748897,0.4000000000000001,0.5,3
0.5712496995389515,0.5939455661772534,0.54,0.9,3
0.5768756302516473,0.6157138432186295,0.6040000000000001,0.7,3
0.5449207022746705,0.5329993921258647,0.46399999999999997,0.5,3
0.5356915847298386,0.5374491295891131,0.456,0.7,3
1.0227377150940435,0.996096409716797,1.036,1.1,3
0.9731517311700217,1.0393288348305905,0.932,0.6,3
0.8696818987760602,0.8865756375679643,0.7792000000000001,1.3,3
1.0807142678853228,1.1439333723927059,1.1828,0.6,3
0.9641414826340277,1.0059469624991155,0.8984000000000001,0.6,3
0.8772268205028867,0.8764665269957128,0.8719999999999999,0.8,3
0.886746993781313,0.9406855923959777,0.9440000000000001,0.37,3
0.6525645710936119,0.6546347766111993,0.5792,0.6,3
0.6631648466056833,0.6437695119624807,0.5472,0.4,3
0.38437730245557783,0.38101720247695425,0.396,0.2,3
0.6729051188361385,0.7441262830459218,0.7468,0.3,3
0.6265389160249852,0.6719471364960683,0.68,0.6,3
0.5099969743518317,0.5795021098746791,0.672,1.1,3
0.6794908281510501,0.7039107910815589,0.8280000000000001,0.4,3
0.8537162465536674,0.724045907033909,0.672,1.1,3
0.8671937698479597,0.8235445492496968,0.8520000000000002,0.7,3
0.8637940761128635,0.7674253791359575,0.72,1.0,3
0.8700846164269067,0.932264004714322,0.86,1.2,3
0.9628236612160068,1.0365454327672792,1.0792,1.0,3
0.8678755562918544,0.8238596581266412,0.7148,0.7,3
0.8751290690036552,0.8219221559974771,0.9376000000000001,0.8,3
0.8189399166203665,0.8095741308248798,0.7216,1.0,3
0.8866704707452359,0.8598786357572161,0.96,1.0,3
0.7731100398617088,0.7278888515195833,0.664,0.6,3
0.8354474594835906,0.8540661584256938,0.7584000000000001,0.4,3
0.8585203173668492,0.8347629413551935,0.8440000000000001,0.9,3
0.7675067567201445,0.8046400115893767,0.7560000000000001,0.6,3
0.6372108741708263,0.6192565152733297,0.6460000000000001,0.6,3
1.6031458985271856,1.3363016248856359,1.2839999999999998,1.4,3
1.4752021373758046,1.22705437201992,1.2,0.9,3
1.4198364681505735,1.1753402258122758,1.0175999999999998,1.7,3
1.5636023155599996,1.4578933573895032,1.5068000000000001,2.0,3
1.6645447678446461,1.6626237858653035,1.5136,1.6,3
1.3227688974471203,1.2275611133808424,1.036,2.1,3
1.1472899241120211,1.0935179209941155,1.204,1.3,3
0.45614343925129325,0.4774078462102232,0.644,0.1,3
0.5074425836563421,0.5757848806032961,0.6839999999999999,0.5,3
0.46324730209785636,0.47084190949333105,0.5760000000000001,0.5,3
0.7593718626172852,0.9590021201073617,0.556,0.0,3
0.8231623523826951,0.7078494775851534,0.768,0.0,3
1.0238849823601983,0.761164902386406,0.384,0.0,3
0.9964173766324766,0.6615443389623237,0.564,0.0,3
0.8922679636380502,0.8350238025824567,1.1880000000000002,0.1,3
0.9903860759563516,1.4184560931900667,1.2359999999999998,1.2,3
1.1630672480647606,1.1636417475728797,1.2231999999999998,2.4,3
1.6618713686002902,1.643913541441088,1.524,1.8,3
1.4995926666071235,1.5279064931872886,1.476,1.8,3
1.247425171620573,1.3193985883835924,1.1508,0.7,3
1.1011079629844056,1.0544005643990484,0.9228000000000002,1.8,3
0.5952889724509542,0.5840966201345994,0.616,0.8,3
0.5714863009545471,0.5598655566722267,0.6240000000000001,0.7,3
0.7338513026545999,0.7208224552910988,0.704,0.9,3
0.8364341311049628,0.8617527830599774,0.9552,1.1,3
0.8931097939990542,0.8404969613289757,0.8440000000000001,0.5,3
0.6779157552617978,0.6329872851342317,0.5643999999999999,0.54,3
0.7229206695741986,0.6825052612773679,0.5348,1.0699999999999998,3
1.299934726086358,1.2686647411411258,1.136,0.8,3
1.2063876552093022,1.1313498992806406,1.048,0.9,3
0.9601820613708242,0.9599404269271321,1.0708000000000002,0.9,3
1.4357398042117722,1.315646182148928,1.3228,0.5,3
1.4046429478107338,1.3198867955493943,1.3536000000000001,1.4,3
1.2483482388508524,1.2635783232110656,1.0948,0.8,3
1.2176816850437362,1.1775500782414947,1.1792000000000002,1.5,3
0.6523260468079847,0.6665596370347342,0.6088,0.8,3
0.6520923999614447,0.6072264880262731,0.5148,0.5,3
0.660045373015603,0.6147324995448571,0.6679999999999999,0.5,3
0.7445147777174653,0.772677279997374,0.792,0.4,3
0.7238419482526047,0.642459887221982,0.56,0.4,3
0.5617786855140626,0.5379483758644584,0.6015999999999999,0.4,3
0.6108248356842165,0.6670991639079521,0.5851999999999999,1.3,3
0.6799643955114774,0.6296912215732148,0.612,0.6,3
0.6705286928220139,0.6110414648054323,0.5760000000000001,1.0,3
0.7203446965846505,0.7166555785957961,0.7959999999999999,0.8,3
0.7730978010034216,0.7617375476022773,0.664,0.7,3
0.8621416557342605,0.8043370583094354,1.044,1.6,3
0.897884076766656,0.9026107276242132,0.7759999999999999,1.0,3
1.0181708835445817,1.2324559868158038,0.9564,1.8,3
0.4217651319614922,0.37293427228402326,0.3439999999999999,0.2,3
0.42100576542857693,0.360460038254107,0.38799999999999996,0.4,3
0.34301217972318215,0.3176516909437197,0.43119999999999997,0.2,3
0.4032010224746404,0.4186210648807413,0.4328,0.2,3
0.4918823599727549,0.5191264290906961,0.544,0.5,3
0.4346870340006825,0.4119502039067358,0.408,0.4,3
0.30443107190841956,0.2991828376316318,0.308,0.3,3
0.8806053904776756,0.8501531407548047,0.74,0.8,3
0.8446358058023254,0.7176668396027949,0.8039999999999999,1.2,3
0.6470487871974933,0.6444702598309542,0.596,0.8,3
0.8814824201451142,1.003432343512004,0.936,1.0,3
0.9463358020331512,0.9176295386926724,0.848,0.2,3
0.8339095133180807,0.7596699182454234,0.7136,0.4,3
0.5225757919838816,0.47595817083378866,0.5552,0.9,3
0.9166001635841979,0.8398198954001244,0.94,0.9,3
0.8737857676349093,0.7958903074469195,0.852,0.4,3
0.8062925867545678,0.7554094968235281,0.7508000000000001,0.7,3
0.9642013735500753,1.1718907921284214,1.0404,0.0,3
1.0542046549482542,1.385407075069658,0.9359999999999999,0.3,3
0.8393126395368419,0.7410339829923777,0.784,0.4,3
0.45865121978898127,0.3955837360177236,0.38799999999999996,0.2,3
0.44770957466876493,0.35422600416231914,0.384,0.2,3
0.3417588790552152,0.29162135762022146,0.386,0.3,3
0.3335311580965449,0.34264980785991084,0.376,0.3,3
0.39870814159506063,0.4045436676743129,0.512,0.3,3
0.43006492507319166,0.4247099501272859,0.572,0.3,3
0.3689281657247938,0.3636685840970914,0.4776,0.5,3
0.45905932955080736,0.4675203835029876,0.436,1.0,3
2.007367915148867,1.9248223566592395,2.22,2.9,3
2.040299034639745,1.7687443217412855,1.9252,2.9,3
2.4515273385102163,2.609772997715036,2.3336,4.0,3
3.284054821194987,3.2204121422005407,3.3280000000000003,4.3,3
3.2249769350711563,3.2642814146686505,3.0720000000000005,3.8,3
2.903797769314328,2.992019423913177,2.6776,2.7,3
2.7774448743094267,2.7378162097377814,2.6123999999999996,3.7,3
2.014975868947887,1.7238809432269657,1.756,1.4,3
1.709513298094442,1.7230888741359416,1.7856,1.0,3
1.4771231867019585,1.4269893866989876,1.6696,1.2,3
2.090962000873494,2.0504737384600125,1.8472,2.4,3
2.6984311020142075,2.6082642627451813,2.4120000000000004,1.4,3
1.8245369539610787,1.6295486659124179,1.7696,1.0,3
1.459776883454354,1.3505772322141167,1.42,1.6,3
1.3961741562094643,1.3256915268396645,1.264,1.7,3
1.407843149619802,1.3586536544636245,1.204,2.3,3
1.344919457845018,1.4633704341458615,1.2348000000000001,1.0,3
1.6038012899642564,1.6035935758773072,1.5567999999999997,3.1,3
2.260405534532552,2.396138172535517,2.2044,2.3,3
1.7953925072163324,1.9670120671060676,1.7440000000000004,2.9,3
1.8173281766033782,1.659000380770523,1.7479999999999998,1.1,3
0.27406872523300513,0.24504862118625959,0.34,0.3,3
0.34359135599842844,0.3127663723689851,0.36400000000000005,0.0,3
0.31182410916932524,0.2821238871524766,0.34600000000000003,0.1,3
0.3371307375981112,0.339995560699936,0.43000000000000005,0.2,3
0.302848431027664,0.306659746545365,0.38079999999999997,0.3,3
0.27724668228323945,0.275395005796359,0.456,0.2,3
0.2611173205717414,0.3001220536532694,0.24800000000000005,0.2,3
0.4751668382101937,0.4634295521009535,0.4468000000000001,0.7,3
0.48407981796494076,0.46350004076951734,0.40800000000000003,0.4,3
0.4147178476171897,0.3753978175458071,0.344,0.4,3
0.5399783105256789,0.489592595404152,0.436,0.3,3
0.5261752794361519,0.4784874637407266,0.52,0.4,3
0.44603901250580935,0.42630273151851655,0.4668,0.3,3
0.4950435640433175,0.5604813535458254,0.6432000000000001,0.7,3
1.4664529722221773,1.4762030659329666,1.416,1.0,3
1.361838510366005,1.3702087422092246,1.412,1.3,3
1.4951561443269608,1.5560726679652008,1.3559999999999999,1.5,3
1.5218908997682177,1.611603595991752,1.4040000000000001,1.2,3
1.4244769649874411,1.712710224494546,1.4680000000000002,0.3,3
1.1264349007896255,1.158195978480005,0.94,1.1,3
1.247387422521895,1.3727205742800668,1.264,0.9,3
1.0575390508659637,1.0536312686979643,0.72,1.3,3
1.2891832337192268,1.2224784839854488,1.1232,1.8,3
1.2888807900806236,1.28041408565877,1.06,0.8,3
1.3327510611220648,1.315203087496743,1.1312,1.2,3
1.3663302375123392,1.392017374684107,1.3175999999999999,0.6,3
1.1310029491406173,1.057724909984652,1.0539999999999998,1.0,3
0.9091736194029028,0.9464909772065987,0.9348000000000001,1.2,3
0.5596200572048933,0.5080592085931197,0.408,0.6,3
0.5471654593349018,0.4750829604514825,0.5391999999999999,0.8,3
0.7020895394425061,0.7088118916320865,0.596,1.0,3
0.7917979287760729,0.8147959606167399,0.752,0.7,3
0.8272082362441918,0.7570300284522123,0.7111999999999999,1.0,3
0.8272906066449376,0.7982461064645852,0.6919999999999998,0.8,3
0.7981463530283778,0.7568413786437672,0.6028,0.4,3
0.34550868885653624,0.3241008209939912,0.36,0.5,3
0.3199213930091562,0.3041362852959072,0.332,0.4,3
0.5004575261102763,0.7001579851189819,0.628,0.7,3
0.5689160103809372,0.6360030905201539,0.64,0.6,3
0.7021524076310243,0.8165768542531228,0.8839999999999999,1.3,3
0.7427760261950572,0.8622724892407609,0.7560000000000001,0.7,3
0.3717200157359087,0.37003880323675703,0.44,0.2,3
0.4080263256062653,0.3859620454566971,0.332,0.6,3
0.4269554659600153,0.4085338568155699,0.384,0.3,3
0.41639211975404494,0.4098054055321876,0.47480000000000006,0.6,3
0.49301655316547605,0.5038026175540661,0.62,0.2,3
0.48165058236290054,0.49074375075640997,0.4488,0.4,3
0.5228999188601983,0.5685233542925912,0.4800000000000001,0.7,3
0.3927303064592895,0.39175497205991455,0.37599999999999995,0.4,3
0.6602492544582081,0.6228231064359733,0.7228,0.3,3
0.5650825020904374,0.6093296658134537,0.6000000000000001,0.4,3
0.5463967746955387,0.5394876964088966,0.38160000000000005,0.7,3
0.8256359132438403,0.8946785725649016,0.7919999999999999,0.7,3
0.942099505227568,1.0219104617232502,0.9444,0.6,3
0.8899400187279792,0.8307239521305643,0.7896000000000001,1.3,3
0.8424343705832219,0.9435520374588202,0.828,2.7,3
0.3818898496211039,0.26743681339779535,0.252,0.4,3
0.4150320741109785,0.3882684219505119,0.41480000000000006,0.1,3
0.4717464336986265,0.5024734303465082,0.39759999999999995,0.2,3
0.6901252047188651,0.8607970607841808,0.916,0.4,3
0.458173129966545,0.36097285354753533,0.49879999999999997,0.2,3
0.37064802973231553,0.38020157444005137,0.47,0.4,3
0.3633139395604807,0.38811849040160035,0.41479999999999995,0.5,3
0.9953373965258815,0.935070290511684,1.0188000000000001,1.0,3
0.8938478773114658,0.9086771813054897,0.836,0.9,3
0.9407406531128256,0.9520369779833717,0.9312,0.8,3
0.9913980189120328,1.0451106724953938,1.1588,0.8,3
0.9911907605953866,1.0513377339444074,1.1232,0.9,3
0.89527047358436,0.9427319128961272,0.8320000000000001,1.4,3
1.0297720167640827,1.0299182604398418,1.2160000000000002,1.2,3
0.866503872304331,0.7386426783902599,0.8140000000000001,0.6,3
0.8042874310673103,0.6588498410840432,0.6960000000000001,0.6,3
0.8204770276357952,0.6992895388515505,0.7120000000000001,1.0,3
0.8513576878665223,0.8005882634997689,0.716,0.7,3
0.9063998943137567,0.8013148869605543,0.8039999999999999,0.9,3
0.8900316827283637,0.7665100798657504,0.7776,0.7,3
0.8168784716591387,0.7796544740568864,0.8320000000000001,1.1,3
0.46909224654946136,0.4314264806639086,0.42,0.7,3
0.48235645959880363,0.44607974100556175,0.4519999999999999,0.8,3
0.5329242882023354,0.5476864990117913,0.54,0.4,3
0.6306380645408308,0.6239797056626684,0.62,0.8,3
0.6539022518289984,0.703327161100593,0.644,0.9,3
0.5923589453556609,0.6429786154870949,0.5856,0.9,3
0.707150612202511,0.6751285194567618,0.5896000000000001,0.6,3
1.3651869620755095,1.3610421369432748,1.472,1.7,3
1.3263785449998504,1.3324400491157353,1.14,1.3,3
1.2893158433573444,1.2827470535233736,1.036,1.0,3
1.5299122963203056,1.5429640474470645,1.3828,2.1,3
1.6784465095619365,1.8121528013198553,1.6376,1.5,3
1.3778711738785363,1.317215000441837,1.288,1.5,3
1.1550017223484168,1.2564682225923582,1.06,1.1,3
0.9336931632221115,0.95128262755898,0.8188,0.6,3
0.9393107888037139,0.8856030894509185,0.8388,0.4,3
0.8373132562345017,0.8364495773676917,0.7707999999999999,1.0,3
0.8943607644515567,0.9801004696586065,0.8632000000000001,0.3,3
0.8416756320327714,0.8806405060706571,0.7119999999999999,0.4,3
0.7176779231551782,0.714761461951665,0.68,0.7,3
0.7752100939182511,0.7751073467858434,0.9616,1.0,3
0.394517990838275,0.3738669302279087,0.336,0.2,3
0.402125982510089,0.36559246983223614,0.342,0.5,3
0.41184202780871937,0.4059759644738264,0.44800000000000006,0.4,3
0.47706987649888677,0.48418883191440953,0.45199999999999996,0.1,3
0.4227227495298948,0.42210137827312255,0.45280000000000004,0.5,3
0.4131790198924908,0.42103303860890545,0.5268,0.7,3
0.4004674052169592,0.421295723047444,0.504,0.2,3
0.5069657980342539,0.5379412744277177,0.4,0.1,3
0.5183170361091808,0.6079122511701431,0.484,0.5,3
0.46698469204747484,0.3857396784549753,0.4388,0.4,3
0.5734849630246708,0.6150899841852715,0.5479999999999999,0.6,3
0.5683167949408252,0.601636851007014,0.58,0.4,3
0.47725788239443434,0.4261848944398556,0.6028,0.5,3
0.5204429981176263,0.6131230828872319,0.532,0.5,3
0.3444297151263437,0.3272601331860707,0.31600000000000006,0.1,3
0.361515585903359,0.33490718995195357,0.308,0.6,3
0.5149666131048315,0.6917904853163552,0.8360000000000001,1.0,3
0.7843267333547742,0.7708456191822436,0.7,1.3,3
0.8894405856133568,1.004894389156016,0.8719999999999999,1.1,3
0.8434903701836916,0.7857560855590459,0.76,1.0,3
0.4220791557207778,0.4303146573945473,0.28800000000000003,0.1,3
0.46970485705046616,0.4424063106677397,0.518,0.3,3
0.4683345404688609,0.4826883967661882,0.3999999999999999,0.7,3
0.510874677242051,0.43975424199294416,0.34240000000000004,0.6,3
0.5036537349840919,0.45657184536090295,0.508,0.1,3
0.6053877194466161,0.6446405108766259,0.616,0.5,3
0.5244396028261338,0.6312851158253224,0.47200000000000003,0.5,3
0.4021701336083847,0.34926109023356006,0.41600000000000004,0.5,3
0.42236147407963576,0.381032234247974,0.37199999999999994,0.6,3
0.43141798699453016,0.4273027755461095,0.38,0.6,3
0.3862630457595233,0.3554566499222475,0.396,0.7,3
0.5524833796206123,0.5608207484703143,0.488,0.3,3
0.5712502109547315,0.5896496411579539,0.54,0.3,3
0.5353304947697789,0.5403547405003968,0.4912,0.7,3
0.5017952304965159,0.53456476612225,0.5216,0.4,3
0.29446934457519963,0.29504908186440126,0.3908,0.3,3
0.32692101382705474,0.32473116808937097,0.36800000000000005,0.1,3
0.30950026084425597,0.3216550637893999,0.3472,0.1,3
0.4164680523874578,0.4690875597156548,0.578,0.0,3
0.3362898559113192,0.3511891323438051,0.4108,0.3,3
0.27138478758607226,0.30724753231320845,0.48,0.3,3
0.3496600140239382,0.3741656951661045,0.34,0.2,3
0.5053938852567869,0.4156286963066612,0.336,1.0,3
0.5349851702157404,0.5231130215773478,0.5104,0.0,3
0.5033648503111015,0.4438697395207064,0.32799999999999996,0.4,3
0.5810291197684229,0.5624970986014879,0.582,0.4,3
0.5756031553503206,0.5694696351315063,0.572,0.3,3
0.538783620553095,0.6075899806333089,0.5432,0.5,3
0.5589530939703763,0.7539626353376452,0.6839999999999999,0.4,3
0.3839825594171611,0.3742364528348232,0.436,0.1,3
0.2981262139758409,0.2152472775557246,0.30720000000000003,0.3,3
3.0281601616441334,2.8116487499933065,1.5919999999999999,4.9,3
1.861613741700448,0.872877643517215,1.3920000000000001,4.8,3
2.1342008275740114,1.5612767177017257,1.5200000000000002,4.2,3
2.0564953705154676,1.5284449044516784,2.004,3.6,3
2.141269974034874,1.3659375920238992,0.6719999999999999,0.3,3
1.0908785659165403,1.1376763567626087,1.176,1.3,3
1.1082916227834563,1.091008608943078,1.0839999999999999,1.0,3
1.1701003189029475,1.068153221808114,1.124,0.9,3
1.2799484761824744,1.2970759635803393,1.308,1.7,3
1.4346156703170172,1.4405133394725875,1.412,1.7,3
1.1896232010336478,1.280243912617774,1.0828,2.2,3
1.2766958352799884,1.3969225666040561,1.2280000000000002,0.6,3
0.36453503308282287,0.320356769412549,0.4439999999999999,0.1,3
0.4384081250233451,0.3954492806651485,0.4472,0.4,3
0.42565164321956206,0.42347194806818855,0.44800000000000006,0.4,3
0.519987295628089,0.5431139196618535,0.52,0.5,3
0.5463459962706304,0.599892523661113,0.6080000000000001,0.8,3
0.5017214129876143,0.5220579192923214,0.44,0.6,3
0.4828050636841111,0.5156359342551025,0.46799999999999997,0.2,3
1.2105674519850778,1.2444601957501955,1.2160000000000002,1.4,3
1.2526647829973512,1.2240463940490478,1.1360000000000001,1.1,3
1.1108874200904166,1.0411892503828235,1.172,1.2,3
1.3868071327610116,1.4132424124438208,1.4988,2.0,3
1.5954513186844304,1.6251132688489032,1.7428000000000003,1.8,3
1.3880479811914075,1.3488060266580217,1.3827999999999998,1.7,3
1.1712415386561856,1.1102661627100294,1.128,1.2,3
0.6264036979025543,0.5874422550867394,0.6148,1.0,3
0.8015030243814368,0.8365705374689154,0.82,0.7,3
0.7650929390892226,0.7904036685443963,0.644,0.6,3
0.8248129580753709,0.7875053982996898,0.7439999999999999,0.6,3
0.8436483629839479,0.8216309545371474,0.8984000000000001,0.4,3
0.6687061907834164,0.662396412688856,0.5711999999999999,0.7,3
0.6544282335458202,0.6729205463083752,0.7360000000000001,0.9,3
1.2766064805847124,1.233872382817437,1.2108,1.6,3
1.1198344095060646,1.2219035385476376,1.148,0.9,3
1.6150317096129998,1.712166098097942,1.5239999999999998,1.9,3
1.894712940542073,1.8738834284917019,1.5919999999999999,2.9,3
2.2593304774809186,2.265416520374094,1.9280000000000002,1.4,3
1.5691565986488425,1.634212403881682,1.4920000000000002,2.1,3
1.139263854904755,1.1905904864012762,1.1520000000000001,0.8,3
0.8108956572341401,0.8448149308999339,0.7628,0.8,3
0.8355109549517543,0.7863163824789611,0.732,0.58,3
0.7743105839084753,0.709912060111937,0.7240000000000001,0.7,3
1.0063152553654575,1.0443043814610267,1.1268,1.6,3
1.1900001501505728,1.2405772237576962,1.3507999999999998,1.1,3
1.0232937460615872,1.03707040681736,0.9416,1.4,3
0.9275154214687321,0.791881170610106,0.892,0.6,3
0.35758809291515753,0.3517900493665355,0.308,0.3,3
0.4373062914780133,0.4209760136692986,0.46399999999999997,0.2,3
0.3531062018306475,0.328122290377158,0.442,0.1,3
0.48593105728663827,0.4829350705433692,0.5832,0.8,3
0.5147339598760379,0.5470557797907738,0.648,0.7,3
0.4722565252114121,0.48622610816230616,0.5508,0.4,3
0.4005021401679276,0.38101900926778365,0.4296,0.4,3
4.751532319069821,5.133926320306501,4.044,3.6,3
3.7597699935099285,4.176361256251831,3.5600000000000005,3.5,3
4.744372047835204,4.975835949895144,4.303999999999999,5.4,3
4.847759904629972,4.430502929644673,4.064,6.9,3
5.123016257816257,5.0771173863067425,4.188,9.3,3
5.166888297187557,5.406789634706834,4.367999999999999,6.1,3
5.498283405483401,5.450020742249517,4.4319999999999995,5.3,3
0.42723297089595974,0.43320273479544963,0.37599999999999995,0.4,3
0.402032213225061,0.3851970744889761,0.396,0.2,3
0.423553266619764,0.43376210092842754,0.4412,0.2,3
0.421400312943497,0.4163642580965836,0.38799999999999996,0.7,3
0.4445028734894095,0.4740690787836702,0.548,0.6,3
0.4059559691652171,0.3981197196918816,0.45880000000000004,0.6,3
0.4003473016678709,0.40656297615501946,0.40800000000000003,0.3,3
0.7589211129606778,0.739546515183751,0.6724,0.6,3
0.9092518384766506,0.9008394387314613,0.8268,0.5,3
1.1636460092783056,1.2264409853162537,1.1856,0.7,3
1.096590477057052,1.2121996506250816,0.9872,0.4,3
1.362635454047897,1.2072445345291165,0.892,0.0,3
1.0158524305407732,0.8389198079255101,0.49999999999999994,0.0,3
0.9360826330173123,0.7293957410405929,0.8839999999999999,0.9,3
0.4088732672323505,0.3702709747607774,0.472,0.5,3
0.400950808173328,0.36669635119207544,0.396,0.3,3
0.41206137310831453,0.4034147084019209,0.42839999999999995,0.6,3
0.5656147534569808,0.5672494947965254,0.564,0.7,3
0.47662431060258637,0.49680630300813095,0.456,0.4,3
0.5569031900237517,0.5101050220024961,0.4599999999999999,0.6,3
0.5424726236283416,0.5989499882452778,0.64,0.3,3
2.525670270417192,2.2243721780021746,1.8519999999999999,2.4,3
2.4865382574978767,2.3047435083246164,2.49,1.7,3
1.9659859396368717,2.0412887170709118,1.8259999999999998,2.1,3
2.6915205430114075,2.744007231263837,2.492,3.6,3
3.2062122476965365,3.092507989532673,2.9679999999999995,2.8,3
2.492216961333514,2.1785729581919506,2.23,2.9,3
2.2027029232791175,2.256111840935592,1.8319999999999999,2.7,3
0.6271812350793162,0.6006386942903617,0.408,0.3,3
0.639650594423697,0.5711792342186905,0.4924,0.6,3
0.4505403514116804,0.44100894954952463,0.4696,0.4,3
0.6635036508777611,0.6818193732731972,0.66,0.9,3
0.6857490990012135,0.7435692880715724,0.7280000000000001,1.3,3
0.6359407050307079,0.6911765598097077,0.596,2.7,3
0.8439165052489177,0.8573678815816069,0.996,0.8,3
0.7385558788776093,0.7345870384760511,0.684,0.3,3
0.743421875394522,0.7007696639124584,0.5724000000000001,0.7,3
0.5880479493605949,0.5527815598527666,0.5431999999999999,1.1,3
0.7891521482881797,0.9302356978833398,0.6719999999999999,0.6,3
0.8759210799256734,0.8415506799177803,0.784,1.2,3
0.8338927926656586,0.8635807512139321,0.8736,0.4,3
0.5917093120065303,0.5981326650016647,0.6584,0.9,3
0.6693056722555153,0.6343931192732313,0.612,0.8,3
0.6583908567511697,0.6030014828290441,0.6679999999999999,0.3,3
0.5599792201436894,0.5121110843046024,0.4456,0.8,3
0.7275787915716014,0.7675077666019978,0.6679999999999999,0.9,3
0.8063403804117966,0.8184076413375715,0.816,0.2,3
0.5645074134099282,0.5597553181494063,0.37199999999999994,0.8,3
0.5221267548228855,0.5053691735137891,0.52,0.1,3
0.8541134629408873,0.7346063194637797,0.7880000000000001,0.7,3
0.8287760270935125,0.7221409295879654,0.676,0.4,3
0.8269971084785801,0.7229549837270053,0.66,0.9,3
0.8419614853062758,0.8126978572355851,0.688,0.6,3
0.9045357703138625,0.8291928157611238,0.796,0.9,3
0.8588234410492478,0.7871350648536461,0.684,1.0,3
0.811714647391601,0.7985087637637485,0.7759999999999999,0.7,3
0.36332687449142836,0.3561861312282281,0.364,0.16999999999999998,3
0.36397517684725816,0.3629677731757248,0.308,0.6,3
0.34915704770243566,0.349751192497519,0.40399999999999997,0.2,3
0.4261000407506666,0.4043157088748763,0.46399999999999997,0.3,3
0.5321243040546313,0.5518297283443806,0.43080000000000007,0.7,3
0.3645667892765137,0.3681781357021744,0.47199999999999986,0.3,3
0.36148087195946166,0.3775266000607292,0.3752000000000001,0.3,3
0.9459458406185892,0.9139583918237092,0.848,0.6,3
0.9264467180912381,0.7552885491775705,0.604,1.1,3
0.9385291506438013,0.9256331863643262,0.9039999999999999,1.1,3
0.7490248729318902,0.7206412264729419,0.56,0.4,3
0.7869260977754298,0.7413524218279034,0.8628,0.7,3
0.7122807624143199,0.6467175695821719,0.56,0.6,3
0.7424477047578057,0.817917199830381,0.7656000000000002,0.9,3
0.7080812571771571,0.6596456578924904,0.6376,0.4,3
0.633753461561704,0.6217211772748329,0.5484,0.7,3
0.5578616529767371,0.5261963765375661,0.6352,0.7,3
0.7792395318512484,0.7909244338967122,0.774,0.8,3
0.7362633617160624,0.7915960658779845,0.852,0.5,3
0.6022466361280939,0.6145359977287945,0.5804,0.6,3
0.5278696927007083,0.501070879828007,0.4868,0.4,3
0.5463412476827209,0.5688339395191014,0.536,0.8,3
0.5781177294266223,0.5992988264895686,0.612,0.6,3
0.5058896460620753,0.47161642222492184,0.412,0.7,3
0.6933858761760001,0.6832098205447046,0.8056,0.7,3
0.7046926491067123,0.6797936016282708,0.8039999999999999,0.7,3
0.5800843348935846,0.5790161124589651,0.6068000000000001,0.8,3
0.5041906722673563,0.5003532977980734,0.44800000000000006,0.4,3
1.0758131495922016,1.0759530802337114,1.1368,0.8,3
1.0790399989801909,1.0226542900686064,1.088,1.1099999999999999,3
1.0880807895378248,1.0355116175033738,1.1039999999999999,1.3,3
1.2555313013286382,1.2656665721422984,1.2564,2.4,3
1.6769800675622417,1.803939100692289,1.462,1.2,3
1.116659670662542,1.1950857380995363,0.9288000000000001,0.9,3
1.057366364383211,1.126101099911612,1.0632000000000001,0.8,3
0.6292213953920187,0.5975613522640545,0.4924,0.9,3
0.745606983474923,0.7251197628494063,0.7239999999999999,0.3,3
0.6637559283295864,0.6449553544992863,0.532,0.6,3
0.7003405728409797,0.7105954082630205,0.704,1.2,3
0.8029108541985451,0.8763264187985242,0.804,1.2,3
0.7011032296119326,0.7520391430207573,0.536,1.2,3
0.7998339751278387,0.8114780103523151,0.7500000000000001,0.4,3
0.9190822713813571,0.8791654712208521,0.8908,0.95,3
0.9592571570135667,0.9452683961356675,1.048,0.6,3
0.8684076487613129,0.8753204611173733,0.8935999999999998,0.9,3
0.9773545088390125,1.0257463429184028,0.9839999999999999,1.5,3
1.0986524490480944,1.2098349832275495,1.1428,1.1,3
0.9204188804364276,0.9690636311899188,0.94,0.9,3
0.9000036568859086,0.9204463527610839,0.72,0.6,3
0.5824549882002675,0.6087657959406627,0.5751999999999999,0.5,3
0.5781196644657937,0.5866501379109986,0.524,0.7,3
0.38722735231380623,0.3630761672100393,0.4468,0.1,3
0.6770136233861408,0.7441262830459218,0.7468,1.0,3
0.7862520354304156,0.8184479537307987,1.032,0.4,3
0.6205590878803503,0.6405981890131246,0.716,0.9,3
0.6756319097458184,0.6699451251044971,0.728,0.2,3
0.6317240247439039,0.6134491532132125,0.5840000000000001,0.6,3
0.59892204825662,0.5711361185977692,0.5519999999999999,0.3,3
0.5570701241449297,0.5481410457220732,0.52,0.6,3
0.7235404564268314,0.7387303225224702,0.748,0.7,3
0.7411436889471084,0.7329650640377174,0.848,0.6,3
0.5741888497269856,0.5992141720676154,0.5923999999999999,0.8,3
0.5079258355531826,0.5249111632517971,0.4468,0.6,3
1.5396130987804062,1.2718167998256216,1.456,2.0,3
1.5354227969672316,1.4436768549632644,1.348,1.7,3
1.49717299915699,1.3452024362822925,1.26,1.4,3
1.5720833335848496,1.3933616267489248,1.4107999999999998,2.0,3
1.6564578846870077,1.5540028370312065,1.6336000000000002,1.6,3
1.3411165550049235,1.235463610855671,1.128,1.8,3
1.1683222733788643,1.0517584955898414,0.968,0.8,3
0.49142474505535405,0.5224545509611149,0.504,0.6,3
0.8385393295213508,0.7034007463671125,0.7976000000000001,0.6,3
0.5665448228655157,0.5932050670897798,0.7859999999999999,0.6,3
0.8600505854594133,0.9015385663061652,0.812,1.4,3
1.011786479251319,0.9746657459495577,0.9472,0.8,3
0.813025986203004,0.7754274955068242,0.6736000000000001,0.8,3
0.48268533612065806,0.5094812833421551,0.56,0.45999999999999996,3
1.2853203469086618,1.2952831186886309,1.216,1.1,3
1.189307416614596,1.1738651401279927,1.1640000000000001,1.3,3
1.297000735644662,1.2831678093573768,1.48,1.0,3
1.3710113494089555,1.427842469632174,1.462,1.8,3
1.5611795199918341,1.6343243781724432,1.756,1.1,3
1.2731735619831193,1.2396648083857076,1.3719999999999999,1.4,3
1.2507670058198146,1.2766508136199097,1.4143999999999999,1.8,3
0.3566061725896658,0.3259973954030423,0.4388,0.4,3
0.3241795105013057,0.3128113762924236,0.324,0.2,3
0.32744128363939246,0.32272146917700584,0.344,0.4,3
0.4007220895719428,0.38272234683536854,0.5,0.3,3
0.41870226420561213,0.4340437642811382,0.472,0.4,3
0.35003978425349985,0.34645063254222197,0.5428000000000001,0.5,3
0.3586540509893252,0.36386353360014045,0.4828,0.9,3
0.6869402367395221,0.6690241195816896,0.8640000000000001,0.7,3
0.6859004749834084,0.6440827185709317,0.6360000000000001,0.6,3
0.7062311124176137,0.6466551956379744,0.636,0.8,3
0.7954365195360212,0.7819752608421483,0.696,1.0,3
0.9168596221187658,0.8837393706265294,0.824,1.1,3
0.8629224467438636,0.8051283075486958,0.6359999999999999,1.8,3
1.2957296347362874,1.1774848668039413,1.304,1.3,3
0.9404604498872708,0.8728998480114044,0.9279999999999999,1.0,3
1.1185829557860911,1.067381818320591,1.0028000000000001,1.1,3
1.060852988617152,0.975337108294965,1.024,0.9,3
1.2898717347213269,1.2053252346368204,1.108,0.5,3
1.3564015310371687,1.3047717957185188,1.1868,0.2,3
0.9576962258495553,0.9120803957885169,0.9176000000000001,1.8,3
1.0441699105325073,1.0095100947758848,0.828,0.4,3
0.49694316010747913,0.4720611159227333,0.4128,1.02,3
0.45279070179839354,0.47807452350149116,0.37599999999999995,0.0,3
0.4229933507123567,0.41626248837710106,0.35200000000000004,0.2,3
0.48978565809391095,0.48950415338204994,0.45799999999999996,0.3,3
0.48004634483345837,0.5137470048045757,0.4828,0.7,3
0.5256174634837916,0.5423456818128365,0.544,0.4,3
0.3659202445946997,0.37504879368359195,0.49560000000000004,0.4,3
0.7435805046794455,0.7401011316908114,0.6215999999999999,1.1,3
0.8016063787366341,0.8522652456463243,0.9079999999999998,0.6,3
0.6633098945312121,0.5811019746562152,0.49200000000000005,0.8,3
0.8279533544139094,0.8507214288341042,0.7696000000000001,0.6,3
0.8777346163357301,0.8711578615344275,0.8960000000000001,0.9,3
0.8000556680244271,0.8112257746597281,0.8279999999999998,1.2,3
0.6767199866475776,0.6738196991941389,0.58,0.5,3
0.4994314501534325,0.5100985720954595,0.544,0.4,3
0.47871172219587027,0.42783600283636153,0.4040000000000001,0.5,3
0.3943464654198182,0.33831464179289095,0.3464,0.4,3
0.579498982291563,0.58486386674056,0.504,0.4,3
0.6005860870908712,0.6111656271888397,0.5588,0.8,3
0.5195003209075679,0.5414693549056885,0.436,0.6,3
0.4014036770340257,0.411103497396989,0.46,0.3,3
0.40615854362714016,0.39984455681726494,0.3856,0.4,3
0.4124471860408749,0.4194274315249438,0.392,0.5,3
0.3662004758681496,0.4003023560515176,0.4424,0.2,3
0.4253510382648314,0.43437486829493366,0.4644,0.4,3
0.4315805508929434,0.4428019736382455,0.42400000000000004,0.0,3
0.35104477329140044,0.35222665648150636,0.436,0.0,3
0.3105867320930517,0.3273877634875231,0.3,0.0,3
0.5404899519651374,0.4878814715964198,0.37200000000000005,0.2,3
0.49960707468526294,0.46557386765985187,0.436,0.3,3
0.4661154191296694,0.4586489159449152,0.392,0.4,3
0.5944484541254237,0.5740198444505851,0.64,0.4,3
0.5958882452156962,0.5596878240290258,0.66,0.5,3
0.48685997575224366,0.4888744848786567,0.5720000000000001,0.7,3
0.5601699175754146,0.6132156772950463,0.604,1.1,3
1.0653708429047213,1.0372774265536406,0.888,1.4,3
1.174294867373541,1.1276420404975684,0.976,1.5,3
1.257861368471851,1.2780984321195301,1.224,1.4,3
1.5142785303644448,1.4624844977841778,1.3204000000000002,1.9,3
1.570197248873133,1.634322361459918,1.5256000000000003,2.8,3
1.7073532885915093,1.6030084002666851,1.4828000000000001,1.5,3
1.3743369188893177,1.4088209471091615,1.1388,1.9,3
1.7990699838105315,1.8161534374439205,1.756,3.0,3
2.0960948552633427,1.9889720521321166,1.8332000000000002,2.5,3
2.160254549248655,2.2047032270362874,1.944,3.4,3
3.1328397796660417,2.94302098609787,3.2000000000000006,4.7,3
3.242306105603143,3.4096897280800427,3.1759999999999997,3.7,3
2.909644060124993,2.696257286950531,2.7924,4.0,3
2.579484332212428,2.562589316207316,2.44,2.2,3
1.3036645719101454,1.0610463508432058,1.2080000000000002,1.3,3
1.3312363027511969,1.3034420828409545,1.6239999999999997,2.0,3
1.5318995478757167,1.5702248061496917,1.56,1.4,3
1.7271825765110824,1.7917408075713768,1.7800000000000002,1.7,3
1.7630567537744335,1.8023547331619616,1.716,1.2,3
1.3110326043910365,1.2510825938306949,1.398,1.6,3
1.1368454574062064,1.2509152110331447,1.048,0.8,3
1.046116029945225,1.032696314870114,1.0200000000000002,1.1,3
1.0937449903907501,1.0826971314928138,1.0295999999999998,1.2,3
1.1626550527585684,1.140849665093088,1.1935999999999998,1.2,3
1.591960890356229,1.4821516535150154,1.5239999999999998,2.4,3
1.8348455641765782,1.9203193255987925,1.7084000000000001,1.9,3
1.3881818248490119,1.4730695455638383,1.4320000000000002,2.6,3
1.2748320596215184,1.3212376564530612,1.296,0.9,3
0.4727991995207766,0.44495447573224295,0.456,0.4,3
0.48619029293516974,0.4686846358581543,0.396,0.4,3
0.4970734539034742,0.5022529929181405,0.41200000000000003,0.7,3
0.6079237854002347,0.5884109485782936,0.56,0.5,3
0.6214518387921437,0.6421970142679345,0.552,0.5,3
0.5075620319392216,0.48565404061380896,0.39199999999999996,0.5,3
0.6142783091116334,0.744901212819081,0.6360000000000001,1.0,3
0.4775028664556262,0.5018568616122819,0.46399999999999997,0.6799999999999999,3
0.6449462879406074,0.5719413503683173,0.49599999999999994,0.5,3
0.48264045043726883,0.48100240893074,0.436,0.3,3
0.481601668419239,0.5356455146200251,0.4599999999999999,0.5,3
0.48713022139280204,0.5634160269971116,0.544,0.3,3
0.4420201328979479,0.46910828501498963,0.5059999999999999,0.5,3
0.4319802818132282,0.4637113095680869,0.6004,0.5,3
0.26361256338751315,0.2255618551401204,0.296,0.2,3
0.2977605855014366,0.25636801441822643,0.3464,0.1,3
0.2944773443620225,0.26698677467290255,0.36279999999999996,0.1,3
0.44727647059784204,0.4573402275939995,0.5840000000000001,0.2,3
0.45788302289053706,0.5298057826991811,0.49199999999999994,0.5,3
0.26744419314883083,0.19546265487006131,0.4548,0.2,3
0.30687334114058235,0.29933376028875347,0.384,0.2,3
1.1670047437655284,1.2632651458846014,1.0748,1.5,3
1.175194111950242,1.265204875407449,1.1,0.9,3
1.0618128185872764,1.153632603325633,1.1068,1.3,3
1.7049667249916998,1.6943483051528958,1.6840000000000002,1.8,3
1.778066817564092,1.9014047005042203,1.6839999999999997,1.9,3
1.5282745272776375,1.6226545591356711,1.536,2.3,3
1.334692278607777,1.5246299859236998,1.4480000000000002,1.0,3
0.49791092008699694,0.4760067573715718,0.42800000000000005,0.8,3
0.5386180619487676,0.5648972468586193,0.49760000000000004,0.2,3
0.48378933504825444,0.4081245760958197,0.38400000000000006,0.4,3
0.56205773489605,0.5158057943722858,0.472,0.5,3
0.5747330338386906,0.5693243520967053,0.58,0.1,3
0.4406768341467286,0.4287512775426615,0.41800000000000004,0.3,3
0.4149937983645296,0.44784144515821983,0.4964,0.5,3
2.1785726879267533,2.290624265107219,1.7720000000000002,1.9,3
2.1224014339890713,2.1025295422205086,1.7400000000000002,1.6,3
1.9159687219366364,2.068372357112157,1.8200000000000003,1.4,3
1.8573975066537487,1.7771969732101094,2.092,2.2,3
2.1359806669299846,2.3072594206990527,2.116,0.8,3
1.6430486994159492,1.6442369703427997,1.444,2.2,3
1.8657565596418624,2.092180215041388,1.7360000000000002,1.2,3
0.8918464432307812,0.8868058292041129,0.8320000000000001,0.9,3
0.8771483488464499,0.8370864286203401,0.96,0.6,3
0.7121860005682542,0.6635816786951555,0.7532,0.8,3
0.8126505787942337,0.8411678123267812,0.7707999999999998,1.1,3
0.8902693503351015,0.9287105820122579,0.8360000000000001,0.8,3
0.7674430700841995,0.8148956030377443,0.5920000000000001,0.6,3
0.6989115289604222,0.6846830463179232,0.7587999999999999,1.0,3
0.47591057587624314,0.43014266953291397,0.45600000000000007,0.8,3
0.5084895944359286,0.46027144121100194,0.4640000000000001,0.1,3
0.5174270409751603,0.5428848456983806,0.39599999999999996,0.4,3
0.5990508755748707,0.6105984538948492,0.568,0.5,3
0.5779800916920227,0.6003949568795683,0.528,0.8,3
0.5339496735730123,0.566308578432364,0.4760000000000001,0.6,3
0.5309977294539859,0.5349831446301709,0.5519999999999999,0.2,3
1.4667196614222557,1.3696856338886298,1.444,0.9,3
1.4073452484953186,1.3138057253833948,1.3719999999999999,1.5,3
1.2939171532350797,1.3089411938292321,1.464,1.2,3
1.6707274279257758,1.655793175844166,1.5628000000000002,2.0,3
1.8572984776166115,1.9809562938335996,1.808,1.7,3
1.498683413894876,1.5274292480787977,1.548,2.3,3
1.5533872337476482,1.6476522640362015,1.4800000000000002,1.3,3
1.1164550308840917,1.118154213567971,1.0592,0.7,3
0.8799501381943192,0.8719308432156382,0.872,0.7,3
0.9073435188013751,0.9115264501586543,0.9079999999999999,0.9,3
1.1633851312829637,1.1636846122909674,1.1016,0.6,3
1.2081049332935492,1.1506946667719362,1.0324,0.9,3
0.9123512147365699,0.945844358009685,0.884,0.6,3
0.8771766113060971,0.8999271511277196,0.872,1.3,3
0.860391735567161,0.7936505766455622,0.7328,1.1,3
0.9048295816526951,0.8848562427227793,0.9004000000000001,0.5,3
0.8309138336426323,0.7924729535387608,0.7519999999999999,1.0,3
0.8885846183875369,0.9829465417574172,0.9472,0.7,3
0.9249241436694675,0.8731572889555701,0.912,0.9,3
0.8877247342646601,0.8436149796996607,0.704,1.7,3
0.9434415277190061,1.0335521392085363,1.0000000000000002,0.8,3
3.331103062253636,3.4547800315189527,3.6679999999999997,3.3,3
3.5346851594752895,3.6047896156371886,3.7079999999999997,2.4,3
3.700888655435342,3.691728094130468,3.6039999999999996,4.2,3
4.0640774154567065,4.189189551932156,4.304,4.6,3
4.304526683889623,4.4608327960307195,4.416,2.5,3
3.9797114045291626,3.933668204345846,3.94,4.9,3
4.2109364055448015,4.449557019680329,4.260000000000001,2.6,3
0.39079460315623893,0.3636058816706556,0.376,1.1,3
0.4723770641791567,0.5398711361018033,0.47200000000000003,0.4,3
0.43225976634176544,0.4385191756406564,0.44800000000000006,0.2,3
0.4975201941694967,0.5407085742747304,0.468,0.2,3
0.43761592075249706,0.4576608993489316,0.4996,0.3,3
0.3656897231776108,0.38427131893686195,0.41200000000000003,0.6,3
0.400635908905292,0.42317141242720996,0.5276,1.0,3
0.3510176421172737,0.32960719186755205,0.368,0.3,3
0.34918165831582126,0.3288135968877294,0.31200000000000006,0.4,3
0.3211876171292148,0.32274695088355154,0.3,0.3,3
0.416993538448534,0.4243617631341895,0.4391999999999999,0.5,3
0.39362927154211924,0.39319805752366377,0.4159999999999999,0.5,3
0.45712982237058386,0.5307745334108398,0.488,0.4,3
0.32188145609482477,0.27625071169393134,0.312,0.2,3
0.30498024831825066,0.29682187309493535,0.316,0.1,3
0.29829613913705794,0.2896294295575814,0.272,0.2,3
0.5290656493045043,0.7111812617657755,0.7239999999999999,1.2,3
0.6971049942393882,0.7329119408214647,0.704,1.3,3
0.8431236695443117,0.8733595048297622,0.74,1.8,3
0.9986445301228307,0.9508222916962227,0.8160000000000001,1.3,3
0.48715405345517343,0.4998129701221036,0.332,0.3,3
0.43242150251229833,0.4686296590844913,0.62,0.6,3
0.38362523796570014,0.3050523159086571,0.408,0.3,3
0.6763927707120075,0.6283566777671027,0.4936,0.3,3
0.5195902117129397,0.5719479571252504,0.632,0.3,3
0.48927298515506396,0.5838392282953287,0.54,0.1,3
0.445250341004158,0.4869897850736005,0.452,0.3,3
0.3516910009877036,0.3753581024028825,0.39199999999999996,0.2,3
0.3344446553384994,0.31852884847433516,0.38799999999999996,0.3,3
0.33504557357632264,0.3111418014754004,0.324,0.3,3
0.33281534065222695,0.3314536805199455,0.36,0.2,3
0.41067441620772155,0.39636372517489976,0.41200000000000003,0.2,3
0.41693911202390943,0.43431952334563284,0.40800000000000003,0.2,3
0.3295854026006884,0.303475691725815,0.392,0.3,3
0.28971083381489904,0.29398863449790946,0.37199999999999994,0.3,3
0.49400042538284583,0.43934967231707694,0.28400000000000003,0.5,3
0.5759435470161688,0.5159463417565818,0.536,0.7,3
0.5762287865287243,0.5601479049417245,0.5908,0.8,3
0.645249321410441,0.6856197431227878,0.648,0.7,3
0.6482813327617571,0.680095016759528,0.7352000000000001,0.2,3
0.6143028571722072,0.6628793054482125,0.5432,0.7,3
0.745634908083831,0.8822946371352927,0.8440000000000001,0.6,3
0.44383152753008137,0.44425035813888447,0.45439999999999997,0.6,3
0.4418349293776971,0.4370044289664092,0.524,0.4,3
1.3825648329636158,2.2898290962234853,1.372,5.0,3
2.045373959855359,1.3945924774524707,1.6,5.0,3
2.18833398499918,1.843249249741083,1.712,3.8600000000000003,3
2.2521470851774255,1.979273906638933,1.9680000000000002,4.8,3
1.9349506813474455,1.1068108460036605,0.968,0.3,3
0.3250125401500369,0.3128065691770111,0.308,0.3,3
0.35600520559956866,0.32932499497070633,0.364,0.2,3
0.44434491076739996,0.43725698570011834,0.4296000000000001,0.4,3
0.5292570102572611,0.5072034886205673,0.6,0.0,3
0.5014168971628372,0.4732129949156681,0.572,0.24,3
0.41050725093863916,0.43087143070128436,0.44400000000000006,0.3,3
0.29332411837153327,0.26293616713289025,0.37599999999999995,0.5,3
0.471328809407731,0.46315249267650066,0.42800000000000005,0.6,3
0.4578531537086026,0.41294385883362034,0.39599999999999996,0.4,3
0.47484609030726393,0.47102003559824085,0.4788,0.5,3
0.649605381601084,0.6884045418774314,0.672,0.8,3
0.6783017227480006,0.7302301821110466,0.76,0.9,3
0.6059004585734385,0.6133627446526984,0.6227999999999999,0.6,3
0.6300481878497408,0.655487421988344,0.7804000000000001,0.6,3
1.3563748807752285,1.4012094568966909,1.4,1.3,3
1.3187000204664672,1.2991283419020614,1.124,1.6,3
1.3104975964823025,1.3280501968728722,1.2107999999999999,1.0,3
1.5635483835224522,1.5137888018442385,1.5548000000000002,2.0,3
1.6344031292205294,1.7573994159296158,1.5575999999999999,1.5,3
1.4035830856317015,1.422902492580115,1.2868000000000002,2.6,3
1.519809465515366,1.5326406623789217,1.4192000000000002,1.6,3
0.5089180461601712,0.44282443718632375,0.4,0.5,3
0.5032195983160533,0.4628583851772581,0.5256,0.9,3
0.5681082642600384,0.5665534338836741,0.556,0.4,3
0.7407178928352718,0.7554031379248444,0.768,0.7,3
0.8127594159367082,0.8110189711812835,0.8759999999999999,0.7,3
0.6490931429669222,0.6711226069006723,0.7415999999999998,0.9,3
0.6806062602497356,0.697532695297344,0.6480000000000001,0.5,3
1.0352554781213599,1.0289510621085332,0.9667999999999999,1.6,3
1.15628771376212,1.1372912630354743,1.048,1.9,3
1.270040716342875,1.2980184080135286,0.9383999999999999,0.8,3
1.348734463450413,1.3208296116098146,1.2148,1.2,3
1.369787075154468,1.3849216524194947,1.6188,1.6,3
1.3713527451970662,1.3337382802416065,1.36,1.6,3
1.1039969422932054,1.1078476850420458,0.9564,1.3,3
1.0510941039331947,0.9938014725093547,1.092,1.8,3
1.2203075338317284,1.155277049358282,1.22,1.1,3
1.4503350924266174,1.6884529151365966,1.396,3.1,3
1.7578891684719626,1.8668336504041874,1.7280000000000002,1.4,3
1.6260921103070123,1.5961430777185717,1.4760000000000002,1.0,3
1.449435824202479,1.3911033398537844,1.252,2.2,3
0.9914780643729648,1.04565719089112,1.088,0.6,3
0.7515611923259562,0.7900354067068415,0.7360000000000001,0.5,3
0.7927047300748957,0.8181234739980494,0.6639999999999999,1.0,3
0.9274948458914596,0.8623240156370139,0.9016,0.2,3
0.7640520962284785,0.8043863351218425,0.9024,0.27,3
0.7929545847854033,0.7754418909035949,0.6804000000000001,0.7,3
0.7709349654068988,0.819989112867934,0.9279999999999999,1.2,3
0.653945731260044,0.7170329989431399,0.6012000000000001,0.5,3
0.4392148036244109,0.42554446850885413,0.5124,0.2,3
0.4246058944053503,0.3566118179214209,0.44,0.2,3
0.35443765542340744,0.3249570644128871,0.3992,0.4,3
0.5255314901680517,0.5221476693700186,0.5559999999999999,0.5,3
0.5211465406760997,0.5166480741561752,0.512,0.8,3
0.472404481860255,0.4623364296511756,0.5868000000000001,0.3,3
0.39658154862098877,0.3855798328349095,0.46,0.6,3
0.31663444725782947,0.3140865507971391,0.32,0.2,3
0.3453331390934797,0.31861103618274766,0.3492,0.2,3
0.3494868877995909,0.35460450609690775,0.3764,0.7,3
0.4189353384018523,0.42248162821197704,0.40399999999999997,0.3,3
0.44600095988116467,0.4539758045594961,0.5128,0.5,3
0.38750384507517627,0.3820838522340304,0.452,0.6,3
0.3886798028394816,0.37935976571406205,0.436,0.5,3
0.8191370483737352,0.7885818378748236,0.6679999999999999,0.8,3
0.8645009705539431,0.8136776873669558,0.948,0.8,3
1.398689519687806,1.2915904883274218,1.492,1.1,3
1.318626943621021,1.1923127173372805,1.096,0.5,3
1.32467493323265,1.125091899720546,0.9840000000000001,0.0,3
0.9545863605279555,0.8552822282854566,0.42800000000000005,0.4,3
1.0254848839603312,0.8880111142891695,0.848,1.2,3
0.4197449842586031,0.39462959407456316,0.38000000000000006,0.3,3
0.39988681762205674,0.3685755015051474,0.29800000000000004,0.4,3
0.38909139431735834,0.37022969924136706,0.38800000000000007,0.2,3
0.4580334276340553,0.4656235682041807,0.4928,0.8,3
0.44580480392495386,0.4883009391788432,0.47200000000000003,0.1,3
0.40737233719983573,0.4048987619318571,0.466,0.7,3
0.3995854554913688,0.39442088896001753,0.452,0.2,3
2.7303443637613354,2.884481708335509,2.5924,3.2,3
2.573105080230522,2.5457013256411822,2.68,1.6,3
1.997930480769769,2.1015382660401047,2.1319999999999997,3.0,3
3.3026211539690378,3.6021745915051753,3.2120000000000006,3.9,3
3.3878870677614454,3.5351804910363436,3.2920000000000003,3.4,3
2.7223676139129656,2.8436752536988106,2.3400000000000003,4.8,3
2.8843079371056817,2.907967337970728,2.904,3.2,3
0.6611527814829798,0.5852377629178471,0.47600000000000003,0.4,3
0.46269169219814404,0.48934491728125207,0.4508,0.6,3
0.5285029244093378,0.505400206342423,0.5599999999999999,0.4,3
0.7086899850065144,0.7095971095080639,0.7879999999999999,0.9,3
0.6700318025316924,0.7310127953056754,0.636,1.2,3
0.6871222136140329,0.731389209886533,0.468,2.6,3
0.7442767771408214,0.9432239650130806,1.1079999999999999,0.9,3
0.5697583766518207,0.5295478573435923,0.52,0.5,3
0.41554464280524306,0.36672723829286813,0.424,0.3,3
0.488803644041732,0.496870522415423,0.4144,0.5,3
0.7015527894885478,0.79314014876225,0.7387999999999999,0.4,3
0.5921766275725427,0.6566687999723262,0.5319999999999999,0.5,3
0.517715750964505,0.599001252552539,0.504,0.7,3
0.5582911931955875,0.6339277983679985,0.6628000000000001,0.4,3
0.4334431910202258,0.48244247564638376,0.54,0.9,3
0.6082186163102545,0.6037836722278609,0.632,0.2,3
0.39809210071417545,0.4446059877206304,0.368,0.4,3
0.5683914186592552,0.5539794378799565,0.5940000000000001,0.7,3
0.6229515869035136,0.6035941914623084,0.72,0.6,3
0.5084894233007495,0.49990825604456807,0.4800000000000001,0.6,3
0.516634486888087,0.5007789988726088,0.4991999999999999,1.1,3
0.7013229746257771,0.7010468008978202,0.628,0.6,3
0.7718168241942617,0.7471216697844072,0.7164,1.0,3
0.7363078374525339,0.7900358216340688,0.6940000000000001,0.2,3
0.7871780047329627,0.7824645517149253,0.7760000000000001,0.7,3
0.8011229375550537,0.8095096976585638,0.8240000000000001,0.8,3
0.7460439220421333,0.7830428241166727,0.8096,0.6,3
0.5767521949584679,0.5420591419235434,0.5376,0.6,3
0.8679647181214222,0.8546741748265053,0.7644000000000001,0.6,3
0.8528161192779768,0.7784942605765912,0.76,0.3,3
0.8976904452997896,0.7548554601792248,0.748,1.2,3
0.8825321799054088,0.9935036690104688,0.8280000000000001,1.1,3
1.0020475967742881,1.0483488450216067,0.9520000000000001,0.9,3
0.8871911591854382,0.8698558279889647,0.7388000000000001,0.9,3
0.8891498515974811,0.8940823661641557,0.912,1.5,3
1.0329050184691886,0.9690701563876383,1.0376,2.0,3
1.2557802934041797,1.2383698028968675,1.2480000000000002,0.9,3
1.083369546156772,1.0136724860557318,1.028,1.5,3
0.9653638758666765,0.9174713993567499,0.836,0.6,3
0.925141362006751,0.9195098073218737,0.8932000000000001,0.4,3
0.8434454808518156,0.8067898508322149,0.7832000000000001,0.5,3
0.8350183598942045,0.8054532518618971,0.754,0.6,3
0.7838320928853906,0.7459915249716902,0.6576000000000001,0.5,3
0.7305579041966027,0.6230014769388632,0.568,0.6,3
0.6090390170825055,0.5651890098925377,0.5159999999999999,0.7,3
0.8250342654366483,0.8348164761109977,0.8787999999999999,1.2,3
0.9245242261329867,0.9785966399596772,0.9512,0.9,3
0.7982756609309763,0.7886037478444018,0.612,1.7,3
0.8017472262405954,0.8635422513446411,0.64,0.5,3
0.43049550441651196,0.4329071746787124,0.3600000000000001,0.5,3
0.4724842088449887,0.44287883995389116,0.38800000000000007,0.3,3
0.4084577092561631,0.37269230449898477,0.46799999999999997,0.7,3
0.6135343103498083,0.6388343419676414,0.664,0.5,3
0.5694209840010254,0.6172034015701282,0.604,0.6,3
0.5093441275067806,0.5024877187273146,0.5588000000000001,0.5,3
0.43115224671411717,0.40286948316538906,0.40399999999999997,0.6,3
0.49226845066493685,0.4470841860311217,0.43200000000000005,0.4,3
0.5155075992036745,0.5246781502546439,0.46399999999999997,0.3,3
0.47264444322127397,0.44346745653266795,0.552,0.5,3
0.5935568942717153,0.6130668672264652,0.608,0.4,3
0.5988437420565897,0.6382895362993115,0.652,1.0,3
0.5556072072322971,0.6296858278500272,0.5976,0.7,3
0.46222333114429937,0.42017394402058367,0.4599999999999999,0.3,3
1.1125949946390485,1.0388606025489544,1.15,0.9,3
1.0360850089963658,1.0323842346945695,1.0639999999999998,1.1,3
1.2744519423432812,1.2405511993651848,1.0256,0.7,3
1.1194535605849651,1.1118911232446567,1.1412,0.9,3
1.108372431044348,1.1271324958603155,1.2200000000000002,0.7,3
0.9212035804062284,0.967872664474629,0.9368000000000001,1.4,3
0.9853389052440229,1.0578537145126021,0.88,0.7,3
0.6053709466727283,0.5805643464894533,0.58,0.9,3
0.6324678674629187,0.61019850088739,0.596,0.9,3
0.6963306772788281,0.676506348494594,0.588,0.7,3
0.7519908769503627,0.7405301298362548,0.58,1.0,3
0.8016767770325944,0.8272354587377402,0.72,1.0,3
0.8056097396381633,0.7853937086256276,0.6080000000000001,1.2,3
0.817013615394035,0.8274642811569716,0.6439999999999999,0.6,3
0.9992392073558284,0.994752752473923,1.1152,0.9,3
0.937228170572003,0.9267807181251984,1.02,0.5,3
0.8594214201013085,0.8670023912926254,0.8867999999999999,0.8,3
0.9014948390561631,0.9694998590418284,0.9691999999999998,1.1,3
1.0450440754137966,1.0707344682359208,1.2016,0.9,3
0.8036890403379313,0.8545258442967809,0.824,0.9,3
0.9083890801617017,0.9270790724408483,0.912,0.7,3
0.4347323442187302,0.46787987233728345,0.524,0.3,3
0.36204740917172634,0.3049743692576199,0.3360000000000001,0.4,3
0.3891562500193972,0.3627697253185897,0.396,0.6,3
0.5566619833048032,0.5660415430269968,0.52,1.0,3
0.7120712992453166,0.7699302039944645,0.7040000000000001,0.4,3
0.5632908693852193,0.5021779951471961,0.36,0.3,3
0.4046797962358492,0.3970533834158572,0.5055999999999999,0.3,3
0.827800746082067,0.8187437004849305,0.7439999999999999,0.9,3
0.820292501777581,0.6970455689781747,0.7440000000000001,1.0,3
0.8636521577049996,0.8404185910587292,0.8079999999999999,1.3,3
0.9242431927472474,1.086017336331021,0.8144,0.7,3
0.9287185357035344,0.9758150462796756,1.0439999999999998,1.6,3
0.9408479196628137,0.9441733556430888,0.8987999999999999,0.5,3
0.659097146336348,0.6949717319149685,0.7352,0.7,3
1.677000977851238,1.8325021665489785,1.6640000000000001,1.7,3
1.7460614834287367,1.686230873771092,1.584,1.9,3
1.8479217677940032,1.9582414297369757,1.8119999999999998,2.1,3
2.386908666066599,2.397316416211792,2.5359999999999996,2.4,3
2.390449164256431,2.3518166370625275,2.112,2.4,3
2.2051525039556457,2.0628393489639345,1.8548,2.4,3
1.909666397495522,2.0661104063395674,1.94,2.6,3
0.464782121138864,0.4695005584994514,0.3948,0.44000000000000006,3
0.5019042907396075,0.4452393297167343,0.46559999999999996,0.2,3
0.4757772342672625,0.4493865318708651,0.4668,0.5,3
0.4913065535189157,0.5605767480327177,0.42239999999999994,0.9,3
0.5259864617006959,0.5846259802073936,0.62,0.1,3
0.3721570596522496,0.37038582882495963,0.43479999999999996,0.3,3
0.3553912322863779,0.37322609385650835,0.47480000000000006,0.5,3
1.3212473113324599,1.2280629415062423,1.4472,1.8,3
1.2966618200805913,1.275326033285396,1.4480000000000002,0.9,3
1.103370878905312,1.1380760252134268,1.3259999999999998,0.8,3
1.1028636405668863,1.202842388669538,1.204,1.6,3
1.4791631878318292,1.4185608267076775,1.536,1.7,3
1.3337198835805404,1.3216103801100774,1.2948,0.9,3
1.2036179470922146,1.180007287511836,1.2616,0.8,3
0.8942918431656034,0.892225237907329,0.8016000000000001,0.9,3
0.9738622423608706,0.9531274008222413,0.9519999999999998,0.8,3
0.9199798174243153,0.9205313030839664,1.0056,0.9,3
1.017404775971137,1.0321996404738587,1.148,0.9,3
0.8342982994535861,0.8927254051252833,0.72,0.6,3
0.8201533773732153,0.8664027094156653,0.7655999999999998,1.25,3
0.8505498074349925,0.9563982531459654,0.8079999999999999,1.0699999999999998,3
1.041650409346862,0.9949212273878822,1.1400000000000001,1.6,3
1.0753156532181791,1.0422074702964341,0.988,0.9,3
1.0378788839615514,0.9995433784252483,1.124,0.7,3
1.0083725583400533,1.049139146581875,1.1068,1.0,3
1.1657470639152292,1.1545462561961077,1.208,0.9,3
1.1141052234937876,1.1885020816584861,1.026,1.5,3
1.1108762529055605,1.0897880714124533,1.1640000000000001,1.0,3
1.3204296752747775,1.4113244501059663,1.232,0.9,3
1.2738905878473106,1.2200540651114706,1.1,1.1,3
1.1164306122368712,1.061588107800028,0.996,0.9,3
1.6875868055983247,1.780567884949947,1.5816000000000003,1.5,3
1.7183205210474475,1.6338523960570117,1.7239999999999998,1.3,3
1.3775189361411455,1.3997446291487456,1.176,1.6,3
1.3604555809656318,1.3953670230753739,1.16,1.6,3
0.4143704840370123,0.3769418842296464,0.46799999999999997,0.37,3
0.39974041258392784,0.3492304150730435,0.3552,0.3,3
0.38611293021654286,0.36238898435739475,0.396,0.3,3
0.4225320467377692,0.4159497808492089,0.48,0.3,3
0.5313059025560931,0.5876452224826534,0.5760000000000001,0.2,3
0.46661908511566946,0.5423632618786974,0.628,0.0,3
0.5285446514741756,0.6178086344187033,0.484,0.2,3
0.5537116713973096,0.5940463141787731,0.564,0.9,3
0.6763629779820451,0.6375103599567726,0.628,0.8,3
0.7076801309161883,0.6678821649769733,0.636,0.9,3
0.7528929836036494,0.7610416922747544,0.7,1.1,3
0.913713033770378,0.8540396287620013,0.76,1.0,3
0.8605618000087772,0.784049803407908,0.588,1.3,3
1.2024783805689625,1.3133955233116612,0.9279999999999998,1.8,3
1.5356628978206772,1.4416583128275398,1.5319999999999998,1.3,3
1.4501628985073969,1.41755162365869,1.456,1.3,3
1.751673230334806,1.6717203312720628,1.592,1.2,3
1.9893640561514196,1.9879267076776121,1.7079999999999997,2.2,3
2.2747322418683877,2.3881997822642553,2.032,1.2,3
1.9072365063719368,1.7850978952226497,1.8216000000000003,1.7,3
1.9548122495985452,1.8443640306551763,1.8200000000000003,2.1,3
0.7201289287005475,0.6925591068024659,0.66,0.5,3
0.7719786027068364,0.714950012300873,0.596,0.7,3
0.6215861070481472,0.5816615707097785,0.4936,0.5,3
0.7917980064632771,0.8066283737381541,0.8512000000000001,1.2,3
0.9207828942665653,1.0389868413608894,0.9911999999999999,1.6,3
0.8513463599482616,1.010864045982827,0.828,1.1,3
0.7055439712133689,0.7270069615106582,0.548,0.3,3
2.258769960502884,2.2072226440532043,2.3459999999999996,1.2,3
1.7947454754966847,1.6068915863768534,1.7836,1.3,3
1.749151413490678,1.5935928660990615,1.4680000000000002,0.9,3
1.6610633324475814,1.6182759608170136,1.5427999999999997,4.5,3
2.5446661912416704,2.9043339596588345,3.0548,2.7,3
2.352461810976686,2.3086082779442427,1.82,4.2,3
2.6489089604730416,2.810146913893275,2.7347999999999995,1.4,3
0.6547100725716641,0.6853480063811672,0.596,0.9,3
0.6724662623851506,0.6954702991696478,0.6828,0.7,3
0.7324389658141011,0.7079636173292756,0.58,0.7,3
0.942961335084467,0.951752084917417,0.762,1.1,3
0.9641150639309243,0.9725161023268821,0.8919999999999999,1.1,3
0.7347810425718795,0.8299423602190434,0.6759999999999999,0.8,3
0.8715017970939571,0.957919102364141,0.9096000000000001,1.2,3
0.5616107422411254,0.5514784773286239,0.4439999999999999,0.5700000000000001,3
0.46602160427031675,0.4254232259559077,0.4288,0.3,3
0.43975582223684484,0.41630585088256167,0.504,0.3,3
0.4477351033230628,0.43886736493627837,0.4476,0.6,3
0.47252176549493924,0.4880250281421656,0.4799999999999999,0.0,3
0.3686862273979274,0.3611761413103336,0.45880000000000004,0.3,3
0.44559658025378696,0.46475378833443004,0.5888,0.6,3
0.7314848360235366,0.7031285053509472,0.5816,0.8,3
0.7892325730989224,0.7965619680461857,0.704,0.8,3
0.7209328440296063,0.7354738219512312,0.5948,0.8,3
0.853660243608976,0.932267535747584,0.8208000000000001,1.0,3
0.9616565737956351,1.0107998340707183,1.1,0.6,3
0.7351367743930652,0.7420296541093604,0.6056,0.6,3
0.7257686711117244,0.7953253794356008,0.642,0.9,3
0.4376447280575686,0.46890764877900154,0.42,0.2,3
0.4350033354485882,0.39912649178690723,0.3839999999999999,0.6,3
0.34279051180118686,0.331401811649097,0.308,0.2,3
0.5467640534878881,0.591481245126742,0.6507999999999999,0.7,3
0.5278432791307639,0.5693310827916032,0.54,0.4,3
0.4409113943628031,0.448953562534957,0.508,0.3,3
0.4479401847070909,0.4565412289361721,0.43080000000000007,0.2,3
1.5236344449049972,1.4942020590490943,1.156,1.2,3
1.4900868811900425,1.371952702538135,1.1560000000000001,2.0,3
1.5741375202815742,1.4733804247243327,1.46,1.2,3
1.6204886303093626,1.6478542550549182,1.5628,1.8,3
1.5916016598471308,1.6731521513903065,1.7376000000000003,2.2,3
1.5044939675934585,1.6730365256567592,1.4868000000000001,3.9,3
1.9342543068077418,1.9761360021402654,1.9639999999999997,1.7,3
0.5374392967309004,0.472858207517139,0.344,0.3,3
0.5733113269281833,0.5242923736089327,0.56,0.5,3
0.5634479834423942,0.5275088272162289,0.5015999999999999,0.5,3
0.6320532842078269,0.5831118701942257,0.5720000000000001,0.9,3
0.7194209304848266,0.7035771169712375,0.7639999999999999,0.5,3
0.5762686840454422,0.5236615471770207,0.5720000000000001,0.8,3
0.9180159290185274,1.0008496307426307,0.82,1.1,3
1.1431689601623676,1.1287523569513385,0.956,1.4,3
1.2938651705561401,1.2575392648367776,1.1119999999999999,1.1,3
1.2590604813523638,1.2534239927765964,1.0868,1.3,3
1.5485903131624847,1.4973136260402953,1.352,2.0,3
1.6293170988082055,1.7546866095940892,1.5456000000000003,1.6,3
1.3767249240954085,1.400444520023531,1.2348,2.9,3
1.7816368701422312,1.8143309870056383,1.5011999999999999,0.8,3
0.5962258212147591,0.5716963974196265,0.6428,0.4,3
0.64313506009708,0.6139634186424033,0.4808,0.9,3
0.8191865576103099,0.9921997127885883,0.9440000000000001,1.1,3
0.8423626595080529,0.8834836070340488,0.7679999999999998,0.5,3
0.9335996277147011,0.8507534894804674,0.7879999999999999,0.5,3
0.8435636469228198,0.7762193924899857,0.7480000000000001,1.1,3
0.5511112946732543,0.4745376475780314,0.348,0.7,3
2.647832093206547,2.2495980628205774,2.94,1.6,3
2.3251468282931413,2.290543893696398,2.4836,1.3,3
2.2411907986811928,2.0975066904298245,2.3668,1.9,3
2.8863983031714544,3.251323280108679,2.7479999999999993,3.0,3
3.146714180992547,3.060598344102137,2.9359999999999995,2.2,3
2.50089085517108,2.341710409544043,2.468,1.6,3
1.7011343781506694,1.7820880298766033,1.6280000000000001,1.2,3
0.29717734899432924,0.289215461156767,0.3296,0.0,3
0.28524332482637044,0.2506987118537336,0.32520000000000004,0.7,3
0.3606304028376644,0.36965040229428575,0.37200000000000005,0.0,3
0.3521588027051183,0.35217905770176294,0.41119999999999995,0.2,3
0.3451823384985243,0.3771259155935439,0.414,0.1,3
0.344315578626085,0.34275326348693214,0.42680000000000007,0.5,3
0.2993073482775949,0.29282460889360107,0.39199999999999996,0.1,3
1.1852362092975095,1.2259249413399618,1.2519999999999998,1.1,3
1.0790443218651629,1.0623704911738523,0.9747999999999999,1.2,3
1.3937046765170755,1.4052413777038084,1.2548,1.2,3
1.3426748857915933,1.3723899530530796,1.5320000000000003,1.6,3
1.4899207311504645,1.5171524299148151,1.608,1.0,3
1.4142988674133699,1.4413903645777566,0.9608000000000001,1.2,3
1.1892435491754936,1.2304489470724107,1.2744,1.67,3
0.5831737643424155,0.5993746573437965,0.5792,0.7,3
0.5830536763898791,0.5864789967731823,0.4960000000000001,0.5,3
0.547996306302776,0.5042314016232738,0.54,0.4,3
0.5760031796561054,0.5475546328519904,0.5599999999999999,0.4,3
0.5986059109616303,0.5960340912573175,0.544,0.6,3
0.5467194770239071,0.5139625581995559,0.536,1.0,3
0.5827660623819432,0.5778061329120353,0.584,1.0,3
2.3994290050025664,2.572371635696102,1.716,2.7,3
2.392897388863592,2.595415508264915,1.7960000000000003,2.1,3
2.4701501131048063,2.6087542321910133,1.7520000000000002,1.2,3
2.105842283680901,2.2241173665897227,2.28,2.9,3
2.793062870032361,2.890920179654023,2.468,2.1,3
2.2337142129389544,2.2591540602756432,1.936,3.2,3
2.6769406536679385,2.898197970911586,2.1,1.8,3
1.1276900818230415,1.1229834632528974,1.1352,1.0,3
1.139743254197042,1.1148846649300483,1.1119999999999999,0.0,3
0.8372763753790571,0.7214298363573779,0.8560000000000001,0.5,3
0.9367627375221502,0.9457386193759815,0.9244,0.9,3
0.9666000464524412,1.0283027132975766,0.9999999999999999,1.7,3
1.0355579303638178,1.0726123810290522,0.9359999999999999,1.8,3
1.1455702976351159,1.2265969233884362,1.2280000000000002,1.7,3
0.699892209360096,0.7689279992670012,0.6028,0.8,3
0.7141501682079138,0.6735797694330048,0.7136,0.5,3
1.2398933564855943,1.297447459817706,1.016,0.8,3
1.0578081078011552,1.2014864926651163,0.9359999999999999,2.7,3
1.9205240704274256,1.8374264143149615,1.764,2.6,3
1.790271503052756,1.6852256120881308,1.32,2.0,3
0.8899593058195828,0.9461669230669673,0.8079999999999999,0.9,3
1.1945014965561696,1.1870666511285104,1.276,1.5,3
1.4867800018157007,1.4696170693050088,1.5679999999999998,1.6,3
1.247043427793186,1.2807838895814971,1.5200000000000002,0.8,3
1.5962467310058188,1.5182373359892645,1.3760000000000003,2.3,3
2.001263025271215,2.0480818140812564,1.8803999999999998,1.9,3
1.5393821300949644,1.5916507253736216,1.5399999999999998,1.7,3
1.4570335391296212,1.5032452457974639,1.32,0.7,3
0.380539260574336,0.3383716638969352,0.43199999999999994,0.4,3
0.4809880071070658,0.4551325886403223,0.444,0.4,3
0.38687193082246923,0.3282368910654274,0.3264,0.3,3
0.4518040878606175,0.44544305123435096,0.494,0.4,3
0.5513968120670023,0.573193986119174,0.608,0.4,3
0.4909633853758788,0.4282561468981458,0.35200000000000004,0.5,3
0.39303005651967016,0.3737163734505666,0.42,0.3,3
0.8841523633368127,0.9096935642735873,0.7444,1.0,3
0.8721017991862723,0.8292102504420888,0.812,0.6,3
0.8548391121591724,0.7810310293039424,0.752,0.9,3
0.8835716864710501,0.8924887024427279,0.684,1.1,3
0.973318861539785,1.0275507408781543,0.8320000000000001,0.5,3
0.8569635724523259,0.7595939829458395,0.6388,0.8,3
0.9260289683328757,0.8861201700306712,0.9495999999999999,0.8,3
0.8084873678853205,0.7679925033744646,0.7188,1.3,3
0.882763462184599,0.9157317969199581,0.8320000000000001,0.9,3
0.8359252329122345,0.804675862454876,0.8759999999999999,1.4,3
0.9284003669039511,1.0482843516235956,0.92,0.0,3
0.5221494050844212,0.7574497465577171,0.632,0.4,3
0.8283124765524376,0.8209236403951975,0.8615999999999999,1.2,3
0.8489748173652676,0.9065869336993372,0.7760000000000001,1.1,3
0.31521569486272527,0.30058584157570845,0.296,0.4,3
0.32795816736605815,0.32432029243701965,0.35600000000000004,0.2,3
0.3468665714178833,0.33512342886072743,0.3908,0.1,3
0.41100337546710847,0.3958464945563193,0.4512,0.3,3
0.40892710651022435,0.4143423160089334,0.42279999999999995,0.0,3
0.437784857539612,0.43231327738651565,0.49599999999999994,0.5,3
0.27665128831394126,0.25957083014095506,0.38799999999999996,0.1,3
0.6508389850030243,0.6192499440501337,0.49239999999999995,1.0,3
0.747518537519126,0.7354666563102257,0.7,0.8,3
0.654595599433224,0.6662942875477206,0.504,0.5,3
0.726277592644306,0.7309706169236436,0.6631999999999999,1.9,3
1.2734920180154687,1.2653139992047278,1.16,1.8,3
0.987426600245826,1.0466613123125095,0.8759999999999999,1.9,3
1.1207005396529952,1.2217283169992226,0.8920000000000001,2.5,3
0.3222700844026115,0.2969928985943925,0.336,0.2,3
0.3124905460795613,0.26682609196908,0.28919999999999996,0.4,3
0.5006791240884545,0.6579976440013284,0.6,0.8,3
0.6938107991036978,0.6941416622190604,0.852,0.6,3
0.5660199185899407,0.6474161487051573,0.588,0.7,3
0.5777294653959547,0.6057631007759683,0.5359999999999999,1.1,3
0.3400412204755817,0.334567197426885,0.28,0.2,3
0.3363185928820511,0.30322119235041467,0.38,0.4,3
0.4193355240103001,0.3977111846406371,0.37200000000000005,0.3,3
0.42239599773732556,0.37742008985366454,0.36,0.1,3
0.4154150288293206,0.40557150697524574,0.45520000000000005,0.2,3
0.5094737416917972,0.47693730635861425,0.5268,0.7,3
0.4256514227633141,0.3768581312892819,0.35600000000000004,0.6,3
0.4312149792475925,0.41961832125334625,0.504,0.3,3
0.6089660227175667,0.596091093902783,0.4,0.5,3
0.6060401863875453,0.6303164899453125,0.6108,0.6,3
0.6476671688203126,0.6741682647845839,0.6152,0.7,3
0.6495596954581225,0.7626003305464101,0.6552000000000001,0.8,3
0.635286953404048,0.7357100489251132,0.7219999999999999,0.6,3
0.5887502105489074,0.5958709214556197,0.5392,0.3,3
0.756250737013443,0.9013550816810134,0.5336,0.5,3
0.4502188257790902,0.49488541044367407,0.54,0.7,3
0.47717117840015105,0.4778273449104921,0.4040000000000001,0.5,3
1.4410172600188476,1.982792001539169,1.608,5.6,3
2.102472722540628,1.8146531075233252,1.524,5.0,3
2.0937733489373316,1.7112318874186565,1.604,5.4,3
2.6050145181041326,2.066711036929025,1.9000000000000004,5.6,3
2.163457685888789,1.6101293538833126,1.1759999999999997,0.1,3
0.35966094579569324,0.35191016774578016,0.344,0.6,3
0.39880136058353444,0.383920661469731,0.3972,0.5,3
0.4267490301129093,0.40505450632585666,0.36,0.6,3
0.5118556014173259,0.5129751282150928,0.552,0.8,3
0.5325313803638937,0.5614860782303801,0.5359999999999999,0.7,3
0.5446252130666731,0.5486379577656608,0.512,0.5,3
0.4828233691286856,0.4678235998900471,0.47600000000000003,0.1,3
0.4948327520109241,0.44694858567794893,0.468,0.8,3
0.49769568392152375,0.48537441464735853,0.48640000000000005,1.0,3
0.594270941406685,0.5838387865417222,0.644,0.4,3
0.686415780662256,0.6692134669210603,0.6160000000000001,0.9,3
0.8457565040517238,0.8358622720865294,0.888,0.9,3
0.7448071716238747,0.730992770602845,0.7575999999999999,1.0,3
0.7903259332423325,0.7280385240051661,0.732,0.7,3
0.4933524205630879,0.4702766509142733,0.504,0.3,3
0.5074451693570903,0.5605599292003258,0.47879999999999995,0.2,3
0.48049347219497385,0.46717963349694125,0.5032,0.2,3
0.5652224392263415,0.6158334809756063,0.556,0.6,3
0.5272042331808244,0.5094277924568841,0.632,0.6,3
0.48996612782825083,0.46816235226678726,0.6068,0.4,3
0.4467251000297686,0.4802800325850212,0.5228,0.4,3
0.8354712692953127,0.8048026718603729,0.754,1.2,3
0.9442828880645951,0.8943008101912046,0.888,1.4,3
1.0176381782705302,0.8750417967881078,1.036,0.6,3
0.9443950173286203,0.9768762011665862,0.972,1.5,3
1.191132958427744,1.2118541767690325,1.2388000000000001,2.0,3
1.2062847639871686,1.2161122057763791,1.1548,0.9,3
0.8159627821596952,0.797715672112756,0.748,0.5,3
1.0697180176716596,1.030071207277921,1.0268000000000002,1.3,3
1.115741426522463,0.9123549334001467,1.0548,1.2,3
1.0979213951550688,1.0320638192743776,1.0388000000000002,0.67,3
1.2632909500608545,1.2342748716341865,1.3319999999999999,1.9,3
1.3158151260233157,1.263433031978636,1.344,1.1800000000000002,3
1.1864435972306102,1.2006013685569485,1.114,1.8,3
1.1122790279444557,1.158398402159609,0.996,1.1,3
0.4902854899070172,0.517309366188647,0.40399999999999997,0.5,3
0.4912106928377535,0.5109339603123623,0.48800000000000004,0.3,3
0.4865307500057068,0.5105610157801228,0.56,0.6,3
0.6554523856937315,0.6788615983265183,0.7479999999999998,0.8,3
0.6338289238986061,0.697220891433827,0.7,0.4,3
0.5278573922990106,0.5436437239089158,0.5519999999999999,1.2,3
0.6052168630235712,0.6714067932309032,0.7680000000000001,0.4,3
0.596832831771132,0.5399336071036562,0.4960000000000001,0.6,3
0.7241757757289864,0.6675804809179355,0.6759999999999999,0.5,3
0.3829053422249291,0.4045090077122972,0.42800000000000005,0.7,3
0.7625460386993981,0.8416499412021886,0.752,0.9,3
0.8296505010890658,0.8228632604546016,0.912,1.5,3
0.868408940606181,0.8530706242303397,0.8176000000000001,2.1,3
1.0128418149437888,1.1092352306851851,0.9520000000000001,0.7,3
0.8539852237170781,0.8192451869646343,0.6800000000000002,0.6,3
0.8325494221772364,0.8242576103658821,0.8495999999999999,0.8,3
0.8711874567152847,0.8496267659585859,0.9136000000000002,0.4,3
0.8037939948157334,0.8154327515767451,0.9792000000000002,1.3,3
0.9666303022558433,1.0324136964266402,1.0959999999999999,0.8,3
0.8215182742018243,0.8960059787990965,0.824,1.4,3
0.8588627578796394,0.907619916931127,0.7728,0.5,3
0.5509912860127002,0.5345616059491421,0.5239999999999999,0.3,3
0.5049514848392356,0.5654788077487729,0.4924,0.4,3
0.41022073461315206,0.39114169850325275,0.44000000000000006,0.6,3
0.617847668257137,0.6534515641110469,0.736,0.7,3
0.6301333105996355,0.7023888383060988,0.6919999999999998,0.3,3
0.5115729370069233,0.5200559091942616,0.5708000000000001,0.2,3
0.4232403490831139,0.42326068842232223,0.45760000000000006,0.1,3
5.3470929380804355,5.39316539947161,4.48,3.2,3
3.824744636156966,4.267569900682428,3.536000000000001,3.3,3
4.805982345108738,4.883661757707688,4.224,4.2,3
4.718513797343885,4.679859777443698,3.8440000000000003,6.0,3
5.112542962130463,4.995510566646406,4.128,6.1,3
5.118474408298668,5.360624277847651,4.356,4.9,3
5.574965981240977,5.318861693396633,4.484,3.1,3
0.3714634119698967,0.33577271653915697,0.31200000000000006,0.3,3
0.3930296448718425,0.35861943286410713,0.29400000000000004,0.5,3
0.39100089804384397,0.36239665624621537,0.3760000000000001,0.4,3
0.5592349543232669,0.5377278996658736,0.5484,0.5,3
0.47085072995024546,0.496475841458686,0.54,0.8,3
0.41168056500309697,0.4240684173365536,0.4,0.4,3
0.39897060237842,0.3924113568451979,0.38,0.4,3
0.7673136753541778,0.7350621221199504,0.6872000000000001,0.8,3
0.7973371205630212,0.7833632844789641,0.7639999999999999,0.7,3
1.1595710357368363,1.2093648708293985,1.1696,1.0,3
1.099857412658615,1.1766687208147046,0.9359999999999999,0.1,3
1.0824580342534393,1.11453852987439,0.7120000000000001,0.0,3
0.9004853824606295,0.8257654739156371,0.588,0.0,3
0.8531451725862478,0.7722680243759614,1.1119999999999999,0.7,3
0.39134174287043716,0.36560364803411494,0.4160000000000001,0.6,3
0.40103079967295024,0.372550975099663,0.43599999999999994,0.6,3
0.4151094364152897,0.41074603554930345,0.424,0.3,3
0.47302776916332967,0.43546660402396337,0.44,0.6,3
0.498208591660465,0.5378911344711501,0.532,0.3,3
0.41749589405283044,0.40191087182281937,0.47479999999999994,0.6,3
0.4094111256182171,0.41640772636605383,0.488,0.4,3
0.5625976285567961,0.5388550179606435,0.56,0.5,3
0.558021347063887,0.5595345327865509,0.48400000000000004,0.2,3
0.5173648545030434,0.45678753569555863,0.48200000000000004,0.3,3
0.6973516647284489,0.7016242877405359,0.72,1.7,3
0.9613455665718917,1.0184153300643755,1.036,1.2,3
0.7799830467170074,0.8094931306028768,0.6988,3.2,3
0.7865983684272878,0.7504511875930708,1.2079999999999997,0.8,3
2.8859366030283904,2.7169952406593394,2.6696000000000004,2.5,3
2.6871533781226,2.557239138778139,2.6256,2.5,3
2.3940323338900162,2.6187069904425115,2.232,3.3,3
3.410534074390202,3.3693937835296723,3.1828,3.2,3
3.086300253570107,3.335044639903018,3.28,3.1,3
2.670624331989274,2.9247885840379695,2.8268,3.1,3
2.5804268472546577,2.708674685984672,2.6156000000000006,2.8,3
0.5747798827816415,0.5792034211066182,0.5828000000000001,0.7,3
0.4582757615723008,0.44214997993511196,0.43200000000000005,0.8,3
0.5574151003643214,0.5459136152453722,0.68,0.5,3
0.6359635718927245,0.6234492651343978,0.612,0.9,3
0.7787255097085242,0.7598227551382496,0.684,1.5,3
0.7871666877765688,0.8507426256870528,0.596,1.4,3
0.7154022328009815,0.764914091959177,0.6428,0.7,3
0.8897049149338583,0.9139909859380613,0.86,0.4,3
0.7913247856202762,0.7724638446634482,0.7468,1.0,3
0.7320724957847862,0.7310357351712687,0.81,1.1,3
0.9031203800121324,1.0462913132730807,1.0,0.4,3
0.9033766178618595,0.8961660109075646,0.836,0.2,3
0.7834056443493636,0.7866851077946853,0.8615999999999999,1.1,3
0.717587099842177,0.8273325163391916,0.6232,1.0,3
0.6987776051656875,0.6750444429670115,0.6960000000000001,0.5,3
0.6844555837985012,0.6393592741201025,0.49999999999999994,0.6,3
0.6917878260481826,0.6564689500577169,0.66,0.8,3
0.7586370682466793,0.7502725872743984,0.7919999999999999,0.5,3
0.8277116031477179,0.7401164692782564,0.804,0.7,3
0.6754645511968207,0.6506431230661865,0.49599999999999994,0.8,3
0.7026523090023472,0.7110911413863701,0.736,0.8,3
1.0007717717181637,0.9123663657812077,0.8896,1.4,3
1.0659751925462013,1.0566094886994972,1.112,0.8,3
0.9992276908290648,0.9907408531008228,0.9840000000000001,1.4,3
0.838364182735326,0.8704085261506236,0.6679999999999999,0.3,3
0.8112234132545691,0.8392723623927918,0.748,0.7,3
0.7594254826798181,0.7047858955858022,0.716,0.6,3
0.7962859917619296,0.7594319056998825,0.738,0.2,3
0.854477611664311,0.5940342686665707,0.8208,0.6,3
0.5902723527320379,0.5505015089519412,0.48,0.4,3
0.6211835568241934,0.5793634813039209,0.4759999999999999,0.6,3
0.7149937141218815,0.7075308050317374,0.6632000000000001,1.2,3
0.8487690404741044,0.907750669384863,0.8111999999999999,0.6,3
0.7050103353224644,0.6354323106988982,0.5199999999999999,1.0,3
0.7493972171258585,0.7521837468611356,0.7628000000000001,0.6,3
0.9147304265177301,0.9415678487282173,0.8440000000000001,0.4,3
0.839157605660343,0.8283343216974438,0.8548,0.9,3
0.8840414611847075,0.9196518268119142,0.8668,0.9,3
1.1792369084385665,1.2395637324658302,1.258,1.6,3
1.3627190956135502,1.3739342835105997,1.5227999999999997,1.4,3
1.1136086558006664,1.161304548334754,1.0908000000000002,1.6,3
1.0865731127942808,1.0002023967444802,1.0959999999999999,1.1,3
0.48571596549213886,0.4581289437618241,0.436,0.3,3
0.4668609132361973,0.43748953345933905,0.44799999999999995,0.5,3
0.41132581937159235,0.36331496502996313,0.3439999999999999,0.4,3
0.5693457995639897,0.5592674971155762,0.528,0.8,3
0.6129222672414766,0.6867766475046886,0.608,0.5,3
0.5115457216750149,0.5122652422177919,0.43199999999999994,0.6,3
0.424354455090775,0.3909404738691397,0.38,0.4,3
1.0368016221245613,1.0105892002956796,1.0352,0.6,3
0.8818702751965445,0.8507753985860931,0.8056,0.9,3
0.9017364729322311,0.9264274203980188,0.8776,1.0,3
1.0524166958436234,1.0483587857231127,1.152,0.6,3
0.9964031704728425,1.0211379057321675,1.07,0.3,3
0.8713713611743578,0.8469791544526039,0.8532000000000001,1.0,3
0.933180330764927,0.9320157104104843,1.036,0.5,3
0.8621572124047728,0.8310825765963056,0.9056000000000001,1.1,3
0.8894028635493549,0.883779672894019,0.9272,0.4,3
0.7760339489397269,0.7803663804279916,0.8347999999999999,0.8,3
0.8811594932175374,0.9473548410485961,0.99,0.6,3
0.8680495936983387,0.911109952023115,0.9236,0.8,3
0.7849044802084956,0.8328278963898991,0.8999999999999999,0.9,3
0.7852715957032967,0.8314549351259317,0.6080000000000001,0.2,3
0.6753338243498007,0.6502801130902716,0.684,0.9,3
0.756503796555984,0.7272662789276065,0.764,0.4,3
0.4380579185207076,0.3888350971618019,0.376,0.4,3
0.7192278487763881,0.8005875744333915,0.7040000000000001,0.1,3
0.8276736499472503,0.762729350801144,0.748,0.7,3
0.5861182193385813,0.6266055965619199,0.68,1.2,3
0.7110104308217035,0.8140925070551696,0.7560000000000001,0.7,3
0.8813985160678813,0.849722726155319,0.8880000000000001,0.9,3
0.8705080179238117,0.8168805467531092,0.772,0.8,3
0.8744495949285201,0.8532227180145356,0.76,1.3,3
0.8964352276870639,1.0089156771102814,0.868,1.0,3
0.9704695557077666,0.9951550568966823,0.8439999999999999,1.1,3
0.8860851867692752,0.8747341391377105,0.8375999999999999,1.1,3
0.8991529651918044,0.9328931517798795,0.7536,1.0,3
0.7482974323490043,0.7915730612032685,0.856,0.6,3
0.7285840453249192,0.6392412951819965,0.6,0.3,3
0.6793867291270889,0.617212941849489,0.548,1.1,3
0.8045000497401366,0.8558714118864865,0.6888,0.3,3
0.8286204663898291,0.7843800729477459,0.8268000000000001,0.7,3
0.6320318154722809,0.6315100577453541,0.6176,0.37,3
0.5334319039437014,0.5339078078406232,0.5176,1.0,3
0.7346120378907335,0.652324319286542,0.584,1.0,3
0.8393698529787724,0.7419157661939728,0.7759999999999999,1.2,3
0.8464651727505351,0.8296295302573257,0.804,1.4,3
1.1564547870571438,1.0492543144264364,1.072,1.5,3
1.1127134618669192,1.0969414886265532,1.0472,1.0,3
0.857160670435775,0.7566096477437991,0.7587999999999999,1.2,3
0.6957214197229874,0.7301726072707655,0.708,0.6,3
1.6836522016077449,1.4684186006429014,1.228,1.8,3
1.3721870739751438,1.2369247359223738,1.412,1.0,3
1.1790695277258558,1.1412641669459838,1.3696000000000002,1.5,3
1.5858875152914689,1.3890247653703298,1.64,2.4,3
1.7503580978428799,1.690329669065128,1.768,1.7,3
1.3470858120810054,1.3687579023191323,1.36,1.7,3
1.4625132105302476,1.4750396373779662,1.436,1.2,3
0.48501174741972797,0.4530249377656491,0.392,0.4,3
0.48676394562508457,0.4538164637087647,0.37199999999999994,0.6,3
0.5184171693666141,0.5028482556174013,0.4,0.7,3
0.6451726553698095,0.6577287336039702,0.5640000000000001,0.4,3
0.6677685377557705,0.6645406233503962,0.508,1.0,3
0.7290603718868696,0.854949301253196,0.584,0.1,3
0.3490892377500845,0.3307615534053252,0.40399999999999997,0.8,3
1.4203278317694286,1.4896802022975653,1.28,0.7,3
1.3114143325489307,1.1942712178422759,1.004,0.9,3
1.0568480694262687,1.036146045965884,1.112,0.8,3
1.547203560446765,1.477436210837061,1.2920000000000003,1.6,3
1.6819985364201864,1.613157833899339,1.7268000000000001,1.0,3
1.2926415381323404,1.2533254410007664,1.1840000000000002,1.6,3
1.3577244536211268,1.3132021947538945,1.2599999999999998,1.3,3
0.39497799546803675,0.38406844187385897,0.456,0.3,3
0.35215641371138523,0.3630883259191736,0.408,0.2,3
0.43768135793944557,0.4916769680357433,0.316,0.5,3
0.4530225616964944,0.44692635958642607,0.552,0.4,3
0.5028222862187856,0.5170051534330925,0.64,0.6,3
0.5043405032402027,0.5253802855531964,0.5760000000000001,0.4,3
0.5923641440599202,0.6386569362297183,0.5748000000000001,0.6,3
0.6716169360917392,0.7291189167436503,0.8280000000000001,0.9,3
0.7939933504752683,0.7289273609373105,0.716,0.8,3
0.8382682857812757,0.7709342746596406,0.748,0.9,3
0.8611913238909407,0.8202105136323744,0.752,1.9,3
1.1712617811396837,1.2671672440262571,1.212,1.8,3
1.054584912080178,1.0682184510445452,0.9760000000000001,2.1,3
1.564007504998057,1.7883878645952742,1.516,2.0,3
0.8171942772883476,0.7801258182070817,0.84,0.33999999999999997,3
0.4983713734537543,0.4174824871707623,0.35840000000000005,0.1,3
0.4927059542228517,0.4726670135985734,0.5216000000000001,0.0,3
0.6664203317886357,0.6735282962260624,0.7480000000000001,0.4,3
0.5991377645517884,0.6082380666912091,0.6908,0.3,3
0.36864947027477335,0.3627327987826465,0.41479999999999995,0.8,3
0.4175667646353143,0.47712609780744697,0.5352,0.4,3
0.5418916086488557,0.5038406802231401,0.48800000000000004,0.8,3
0.5414197757257966,0.5005873907385503,0.612,0.6,3
0.5453341551944975,0.48875145379209967,0.528,0.6,3
0.5710103050268469,0.526326407492745,0.536,0.9,3
0.6585996858034251,0.6539903053854547,0.584,0.7,3
0.5768347195112394,0.527873266285166,0.604,0.6,3
0.5592320729866953,0.5502249368704462,0.5199999999999999,0.9,3
0.45712002495185655,0.43355082189566824,0.39199999999999996,0.2,3
0.4471323120451735,0.35229579030050495,0.324,0.4,3
0.37311619952744385,0.3398264145974935,0.38,0.4,3
0.5184254266855195,0.5489702825907503,0.6947999999999999,0.7,3
0.5729068608475129,0.5935225381915317,0.5920000000000001,0.5,3
0.4697807241598008,0.4552242459318101,0.528,0.6,3
0.3867147087276328,0.3866278230523188,0.41600000000000004,0.2,3
0.6432411625857846,0.5920338938350526,0.44599999999999995,0.6,3
0.701100458286354,0.613849399533758,0.576,0.97,3
0.8316610194740066,0.7462902018805031,0.76,0.3,3
0.7899024350707727,0.7893677467697828,0.6788000000000001,0.4,3
0.6789876902251327,0.6914009131653283,0.62,0.4,3
0.7327329916391588,0.6513876129906931,0.6896,0.8,3
0.4162034604406792,0.38167561484141005,0.316,0.1,3
0.34763879762992894,0.3547541940610627,0.40800000000000003,1.1,3
0.5793441883894446,0.4727928334193277,0.632,0.6,3
0.4438389309238578,0.4649394205105619,0.544,0.4,3
0.46722092862189235,0.46005942682932055,0.44799999999999995,0.2,3
0.6574353511546931,0.7011929916496299,0.5,0.0,3
0.5948133516789669,0.573123643297115,0.6920000000000001,0.7,3
0.6112046005705372,0.59629852104203,0.6559999999999999,0.0,3
0.7901305498312388,0.8170621278161476,0.88,0.2,3
0.6961074833949021,0.6266737840531796,0.62,0.4,3
0.6597884014528566,0.60236833819904,0.7587999999999999,0.6,3
0.7795965930363419,0.7026345019327337,0.66,0.4,3
0.7932074400579265,0.6880245618196182,0.6519999999999999,0.8,3
0.6535944256073498,0.6126803414422761,0.636,0.6,3
1.0174064802166793,0.9350881321791294,0.74,1.4,3
1.1637769344829607,1.1063029627253327,1.088,1.3,3
1.2111337335978556,1.187791310870041,1.1672,1.5,3
1.2221397379524532,1.2256536324659193,1.084,1.2,3
1.4718931976576817,1.3707034756623884,1.496,1.7,3
1.5181796770805478,1.5112815651358469,1.5040000000000004,1.9,3
1.390530558395609,1.48013382438005,1.2988,1.1,3
1.2927340207634743,1.2845232726215756,1.248,1.3,3
2.473167723020106,2.1895239711736636,2.628,3.4,3
2.380420735212106,2.0423961511412116,2.412,3.9,3
2.7295255362427873,2.682895784652448,2.628,4.3,3
3.512766732407234,3.3984813564057226,3.0679999999999996,6.4,3
3.6558929897805283,4.340795271374205,3.4760000000000004,5.5,3
3.05353365216958,2.611575177013516,2.8999999999999995,5.1,3
2.8273980853414638,2.6402544483167,2.904,3.3,3
0.34709504788768814,0.32808274819833805,0.3864,0.7,3
0.32929533720915916,0.31507338415778297,0.32799999999999996,0.1,3
0.5593997352735016,0.7021250962614294,0.8440000000000001,0.9,3
0.6682499834484086,0.6422665646440979,0.6960000000000001,0.7,3
0.8244657163167097,0.7947895361982582,0.8920000000000001,0.2,3
0.618060436224045,0.5989860269976492,0.7639999999999999,0.8,3
0.3398594448650048,0.26207212938193813,0.33199999999999996,0.5,3
2.5770440648118362,2.2364161606759576,2.7239999999999998,2.3,3
2.4715145707744046,2.3020572593423085,2.3988,2.6,3
2.6453609797726827,2.5399712106553256,2.4827999999999997,2.2,3
3.0854805797926774,3.3898870736156095,3.1759999999999997,3.8,3
3.0877642681344057,3.369155780545173,3.224,2.2,3
2.4854774266031283,2.3500683857345774,2.7119999999999997,2.6,3
2.281308826587578,2.2335322625883123,2.3695999999999997,1.7,3
0.47413330261974,0.4550017593439269,0.472,0.1,3
0.39977797229322465,0.41044044507964494,0.38,0.6,3
0.4203232065221767,0.40316932070081357,0.436,0.4,3
0.45358768362743795,0.4783106254456559,0.428,0.3,3
0.4652351963196254,0.5205748265196617,0.456,0.5,3
0.42488585236070175,0.4391191675848873,0.5108,0.3,3
0.47753993161364794,0.5042860484619899,0.632,0.27,3
2.3151769769474693,2.0363572454139316,1.8279999999999998,3.0,3
2.5028738031125735,2.674638455701753,2.592,2.2,3
2.549736227251177,2.4938053618174125,2.56,1.8,3
3.157859361503375,2.558992695364036,1.964,2.9,3
3.3534753353724396,3.246974502369838,3.088,2.4,3
2.91556926549945,3.0024817791881966,2.8759999999999994,3.1,3
2.699723283683051,2.735289056855885,2.716,2.7,3
0.5548478612793692,0.5888664626198664,0.5720000000000001,0.4,3
0.49023094440267384,0.49573604925563997,0.3960000000000001,0.5,3
0.5019057971601498,0.45402085115717167,0.5239999999999999,0.3,3
0.5672648088257989,0.5066992872139171,0.49599999999999994,0.6,3
0.5983604417771817,0.5805342437013059,0.6240000000000001,0.3,3
0.4577968844736386,0.43911765695333466,0.47200000000000003,0.5,3
0.4872964325430842,0.5015049743101423,0.5804,0.6,3
1.7420506483556133,1.7566608305409928,1.832,1.0,3
1.504294086967041,1.4532194927333613,1.412,1.2,3
1.525412294176749,1.5751437415149492,1.54,0.9,3
1.5223334859145103,1.6417166699605072,1.432,2.1,3
1.8225476225102295,1.9987565138722896,1.956,1.1,3
1.5095759009065886,1.5404321238351915,1.3279999999999998,1.4,3
1.6325209378910854,1.653856667087387,1.5560000000000003,1.8,3
0.8236321324907296,0.7702358850757414,0.716,1.3,3
0.8817871949295448,0.8467451618449552,1.012,1.7,3
1.0003390229250397,0.9983910982380393,0.8119999999999998,0.6,3
0.5913750090870493,0.8030155254293121,0.694,0.2,3
0.6018625119454732,0.7132091261343713,0.6848000000000001,1.2,3
0.9155262256035039,0.9492672516302973,0.972,1.2,3
0.7995785241999213,0.9405361096164822,0.7316000000000001,1.1,3
0.9142472878083036,0.9105336670876172,0.8768,1.1,3
0.9669031628804576,0.9319772065576761,0.8016,1.0,3
1.0771313938717233,1.0908234874135958,0.9231999999999999,0.5,3
1.193259114353755,1.1269557941697974,1.1623999999999999,1.3,3
1.2771946632233655,1.2885854185197294,1.172,0.5,3
0.9863871415116702,1.000482307356722,0.8759999999999999,1.1,3
1.0247607884630379,1.065764673088994,0.7440000000000001,0.7,3
0.3161262731287051,0.3018662592738671,0.28800000000000003,0.2,3
0.34795693300128794,0.3244647448791319,0.34,0.6,3
0.4990007339254814,0.6874118157216059,0.612,0.7,3
0.6810556752788084,0.7585713055697154,0.888,0.7,3
0.7771200935676784,0.8640699515834407,0.924,0.4,3
0.6679149758976901,0.7335236188250104,0.78,0.9,3
0.3913525703463661,0.37289049269251673,0.42,0.5,3
0.8941046833507138,0.9220545294281565,0.8,0.9,3
1.0523268138727584,1.0302019636545217,0.9484,0.6,3
1.580780022850298,1.6653916702664011,1.4240000000000002,1.6,3
1.6228932337566957,1.5693673118886788,1.28,1.7,3
1.7182814440213012,1.695690486309858,1.484,2.3,3
1.8061838763867228,1.710679136134031,1.24,2.3,3
0.9601850667699195,0.931171867844716,1.0388000000000002,1.3800000000000001,3
0.4840489338819964,0.470307695794193,0.44,0.6,3
0.4273086077432484,0.40225136634630176,0.4212,0.2,3
1.1981564003530674,1.2156705353107384,0.8519999999999999,3.2,3
1.6306611531429445,1.5685470224905447,1.696,0.2,3
1.0449633102652618,1.2128162848554505,0.9880000000000001,2.3,3
1.5715665856213297,1.424158980559747,1.264,1.7,3
0.5490135046794882,0.5138642731728669,0.45599999999999996,0.1,3
0.3310727790193072,0.31208261265019666,0.35200000000000004,0.5,3
0.3532305037721908,0.3364340487317672,0.442,0.4,3
0.3431296347421048,0.3536706542681742,0.336,0.3,3
0.42789777163445725,0.4256100000807622,0.43199999999999994,0.4,3
0.43572382853597297,0.4328020208472815,0.528,0.4,3
0.46312733060653216,0.5049024542806851,0.5228,0.5,3
0.4656171157544991,0.46788909427312075,0.44800000000000006,0.5,3
0.933034301112149,0.9304243071725653,0.9688,0.9,3
0.9303449662210764,0.9269395585303765,0.9279999999999999,1.3,3
0.9995062052106293,1.028890249781805,1.072,0.5,3
1.1210041619253215,1.1778614031524755,1.0756,1.3,3
1.1170906555267697,1.1787964598194667,1.1616,0.5,3
0.8953061194139542,0.8936126730646501,0.9600000000000002,1.4,3
0.9871474716460849,1.004080152304339,0.884,1.0,3
0.8800091112288407,0.8376916813534463,0.924,0.8,3
0.8583424476539276,0.7958742753607535,0.7919999999999999,1.0,3
0.872449544877968,0.8367765730261238,0.8563999999999998,1.0,3
0.9067684717887615,0.969371987960354,0.76,0.4,3
0.8991026684984004,0.9154856913552134,0.9839999999999999,1.2,3
0.8690118700192278,0.8898839251503199,0.7308,1.3,3
0.9105622625469746,0.9639203288838063,0.9839999999999999,1.1,3
0.38803473967766294,0.3655895342939143,0.37599999999999995,0.06999999999999999,3
0.35436245691938645,0.31657260576807955,0.3824,0.5,3
0.44138257561287114,0.4898458424289794,0.4496,0.4,3
0.5636037330189987,0.5778119415603038,0.616,0.6,3
0.5342220155659597,0.5780790468705395,0.5720000000000001,0.58,3
0.5105535886825716,0.5333300343058014,0.47200000000000003,0.9,3
0.3846401466560419,0.44815647433560707,0.33199999999999996,0.4,3
1.294525440652765,1.312109054860327,1.1840000000000002,0.7,3
1.213658018603238,1.2033551399178104,1.1440000000000001,1.6,3
1.3369732260078986,1.3557984523827586,1.2879999999999998,1.6,3
1.5359583632083718,1.4761471360110971,1.6640000000000001,1.8,3
1.566099462255035,1.5922168388385607,1.4976000000000003,1.1,3
1.3334423383545513,1.2725588057574226,1.2428,2.4,3
1.4437628897505328,1.4537108142623039,1.44,1.3,3
0.9139386723679468,0.997914160293972,0.8988,1.1,3
0.8943767438714311,0.9514665031665817,0.888,0.6,3
0.8769603664780476,0.8710752130118976,0.7948000000000001,0.4,3
0.9074261150619756,1.0178997271627919,1.03,0.5,3
0.9295775384707476,0.9812766735528138,0.9871999999999999,0.7,3
0.7748027885748731,0.755286232821993,0.7855999999999999,0.4,3
0.8670168999395045,0.854570200857517,0.8959999999999999,0.6,3
0.4865151987657787,0.4865091255728283,0.5379999999999999,0.2,3
0.4616863831391517,0.5052460447849293,0.43200000000000005,0.6,3
0.47547416759311045,0.49683853602213407,0.364,0.6,3
0.608865675858077,0.6439637773351186,0.5840000000000001,0.5,3
0.5995708662971238,0.624893351121247,0.6472,0.5,3
0.49132453678869664,0.5192638375897172,0.552,0.9,3
0.537212829094743,0.6054785045084026,0.5640000000000001,0.18,3
1.1471372131618531,1.0883622189777062,1.12,0.3,3
1.1037632412731953,0.9073810166939428,1.048,0.5,3
1.1115110833689326,1.0967631584111621,1.092,0.7,3
1.1496822701378182,1.1726665820319526,1.04,0.8,3
1.2756236825295517,1.2633563546762114,1.392,0.6,3
1.2236113888468785,1.0327701525841468,0.88,0.7,3
1.2106068655579807,1.059541000315272,0.9919999999999999,0.6,3
0.4107914001311099,0.38435708631164217,0.38,0.1,3
0.4985268440781944,0.5444523207510084,0.5840000000000001,0.6,3
0.4064936998360286,0.3437547663085935,0.43200000000000005,0.3,3
0.5696756059821957,0.5328631236378304,0.5512,0.6,3
0.4671641343108419,0.4781946018052294,0.52,0.5,3
0.4241832637977808,0.43284148560748553,0.5268,0.7,3
0.4909063053016087,0.512284716649096,0.6096,0.5,3
0.4750117643991474,0.4211455578082951,0.36,0.7,3
0.5873014390055933,0.5095742967600587,0.512,0.5,3
0.5799815730184075,0.5458654548424522,0.548,0.4,3
0.5735934185255183,0.6015068187712558,0.602,0.5,3
0.5937973768506101,0.6136824108078518,0.49200000000000005,0.2,3
0.5614150556635056,0.5810098032693348,0.4912,0.6,3
0.7019940720058002,0.8467431626004343,0.584,0.6,3
0.46215204782145775,0.4876441175328104,0.556,0.4,3
0.4502685561862783,0.48228276751907134,0.39599999999999996,0.4,3
1.4971421396281501,2.6714487782452543,1.66,5.8,3
2.1119228725200285,2.0388048326465387,1.444,4.2,3
2.1870812066461287,2.0519276262208446,1.7560000000000002,4.2,3
2.152702600649608,1.961104478513486,1.98,3.7600000000000002,3
2.1270844182411137,1.4499601637015338,0.8959999999999999,0.5,3
0.7163387095880008,0.7810782753558847,0.608,0.6,3
0.734208241606952,0.7231684832247081,0.672,0.5,3
0.7623228985576591,0.7512446234492312,0.652,0.8,3
0.839968294676572,0.9091744235928929,0.848,1.5,3
1.0619670845568936,1.0972731367686774,0.904,1.3,3
0.9661421266915403,0.9752624524329716,0.8919999999999999,3.1,3
1.3069227208043854,1.300516993082136,1.8360000000000003,0.4,3
0.5076352537038018,0.4416563259047382,0.484,0.9,3
0.5683138001796826,0.5001247289808528,0.512,1.0,3
0.5951780609784251,0.5810432699885222,0.648,0.7,3
0.7962034757598732,0.8143667068529408,0.7111999999999999,1.5,3
0.9755573442677452,1.0504375265872599,1.1360000000000001,0.9,3
0.8583077198720133,0.8452130303730232,0.7136,0.8,3
0.8387641562339093,0.8220517013759595,0.7444,1.7,3
0.8868071486829492,0.9584819189591983,0.8907999999999998,1.0,3
0.8651546783291885,0.8840970458670104,0.784,1.3,3
0.9088430122373686,0.855484459792969,0.8152000000000001,0.8,3
1.0277684161565228,1.0638542644479165,1.0164000000000002,1.0,3
1.0952486537968602,1.1135369024755564,1.0151999999999999,0.9,3
1.0561482405729468,0.9856554331454573,1.0508,0.7,3
0.8292206365988618,0.7395121682688768,0.6399999999999999,1.2,3
0.8298025318439051,0.7950214030080395,0.7560000000000001,0.8,3
0.7623829078770367,0.7616542109032467,0.8079999999999998,0.4,3
0.9839911039451238,0.9354886611056569,0.9096000000000001,0.8,3
0.840346261642926,0.7922354124919115,0.624,0.5,3
0.812929774624751,0.8025028331117172,0.856,0.5,3
0.723212013333212,0.7218187154700901,0.6472,0.8,3
0.7834780052007222,0.8046639795538245,0.8247999999999999,0.7,3
0.8922450297818705,0.9538714942909389,0.9255999999999999,0.6,3
0.8466102114313543,0.8100385656337878,0.8320000000000001,0.8,3
0.8659413979515671,0.8799122665641727,0.836,1.4,3
0.9000521413705213,1.1260543768434768,0.9911999999999999,1.3,3
1.002748947047737,1.2035793596037656,1.0752000000000002,0.5,3
0.8753480564981502,0.9303066896498849,0.7536,0.8,3
0.8852812465943152,0.988384517281955,0.7319999999999999,1.5,3
1.5598465588048722,1.1087007498130028,1.088,1.2,3
1.833703013751694,1.6399110396157388,1.236,1.2,3
1.769643429521031,1.684237505439401,1.308,0.6,3
3.646785051618213,3.6430874784471072,3.112,4.5,3
1.6204206385751683,1.2291314210922168,1.0959999999999999,1.4,3
1.8894407708897367,1.7585216395912235,1.2599999999999998,0.7,3
3.6617115342367477,4.244609878091323,2.5,5.4,3
1.522115378277814,1.6496176170930166,1.188,0.9,3
1.4214232666206286,1.292903225419677,1.18,1.5,3
1.5895056120464217,1.569398659500981,1.4040000000000001,1.8,3
2.3593115651776952,2.1809255414811424,1.78,1.8,3
2.363663889789615,2.129656594504362,1.808,1.9,3
2.1326221863017008,2.007036154103834,1.408,2.1,3
2.16031400391159,2.040261695153921,1.412,2.1,3
0.7936964804731446,0.8609527030895202,0.82,0.5,3
0.7924196386905924,0.7674010367187665,0.7120000000000001,0.8,3
1.073634753073478,1.1934693907318383,1.1456000000000002,1.8,3
1.2458460589359917,1.3770401826998249,1.212,1.0,3
1.0831204890711341,1.2010568377934823,1.308,1.1,3
1.0403142733134532,1.0750687283297755,0.8760000000000001,1.2,3
0.8423559538387154,0.8507559789149238,0.6292,0.8,3
0.5901023116730347,0.6206237773909229,0.5,0.6,3
0.5525619497426077,0.5584522807959098,0.47759999999999997,0.4,3
0.47505331356063646,0.4554912721395231,0.4759999999999999,0.2,3
0.5576978099444769,0.5530023567015274,0.5328,0.4,3
0.6417572478396634,0.6593247041121392,0.652,0.5,3
0.5186205264186277,0.5387003099560669,0.524,0.9,3
0.6048813805055199,0.7026192535854536,0.7060000000000001,0.2,3
0.5421129613324801,0.5379301412545483,0.592,0.6,3
0.5561157803850723,0.5482933437121844,0.49599999999999994,0.2,3
0.6032826894557656,0.5515574114360595,0.4800000000000001,0.5,3
0.6727354838772025,0.6709045221766676,0.5908000000000001,0.4,3
0.5871746225561578,0.611741744725639,0.58,0.5,3
0.5411809547279973,0.5442195412840372,0.524,0.8,3
0.5648191818132926,0.606677496434908,0.7760000000000001,0.4,3
0.7025578370309508,0.6613645040453052,0.6480000000000001,0.2,3
0.7995843612832997,0.7703470655475744,0.474,0.8,3
0.5374266082936157,0.5685056657551264,0.572,0.2,3
0.836437603772845,0.9404490475539686,0.8,0.5,3
0.9207368398168135,0.8915107885614079,0.924,1.3,3
0.853690900433967,0.7748261232542933,0.804,2.0,3
1.0198105073090022,1.0077185838842686,0.84,0.9,3
0.8383986934739194,0.7999002770796784,0.736,0.9,3
1.019654177762005,0.9713503534536021,1.052,1.7,3
1.106186430882551,1.1385212803591473,1.0839999999999999,0.9,3
0.9695250168817163,1.0361977821496868,0.9571999999999999,1.4,3
1.1275567722272182,1.1905838837913332,1.1347999999999998,0.9,3
1.1071841731433962,1.1129963857919183,1.0288,2.0,3
1.1676945861098569,1.3471238718402132,1.1360000000000001,1.4,3
5.085871321312786,4.664813309364005,4.352,3.8,3
3.753893871465701,4.378146350763733,3.3840000000000003,3.5,3
4.783819498763906,5.016529180997102,4.224,5.3,3
4.737040505894074,4.312973681057555,4.012,5.6,3
4.8544392957457605,4.761643954625011,4.0680000000000005,5.1,3
5.179259609228573,4.891093998270831,4.396,6.0,3
5.430400687738184,5.629841532253012,4.412000000000001,4.6,3
0.8175642943757204,0.7808853764101884,0.6920000000000001,0.7,3
0.7215110103294019,0.7643547061059528,0.6519999999999999,0.2,3
1.0934958425179,1.1728193215987972,0.9416,1.0,3
1.1132836076860266,1.2223737046159182,0.94,0.1,3
1.109046262944655,1.122946462469582,0.7120000000000002,0.0,3
1.1140362678548612,0.8670653464202824,0.7440000000000001,0.0,3
0.9524622817651626,0.7508377994696134,1.076,0.9,3
0.6200821893235317,0.5680004736927597,0.424,1.2,3
0.5965610209333303,0.5997681872047083,0.504,0.5,3
0.5751522319127172,0.5657697955438429,0.576,0.3,3
0.5698696833158695,0.6014966046280428,0.5347999999999999,0.3,3
0.5945769255999073,0.640541476072132,0.5563999999999999,0.2,3
0.5238741336452511,0.4991472010697161,0.5352,0.48,3
0.4318812449542283,0.4491132071229547,0.54,0.9,3
2.851122439243641,2.9927521309991074,2.6016000000000004,3.5,3
2.9334181279541434,2.8016468697736245,2.7564000000000006,2.9,3
2.7293836408536647,2.8142157057005317,2.58,2.7,3
3.3514438048411983,3.1386017119732896,3.14,2.8,3
3.4147337079461697,3.705145798205818,3.3680000000000003,2.5,3
2.794238643266397,2.756226337405835,2.7476,3.8,3
3.2228986059305837,3.401301628762168,2.9076,3.5,3
1.5755662319866017,1.5547678017411917,1.56,1.6,3
1.6869674838527124,1.6271358434573417,1.66,1.3,3
1.635489268362444,1.5862403805106209,1.536,1.8,3
1.6572772779919163,1.7112910674618667,1.6039999999999999,2.0,3
1.7823968826143661,1.9881544825811808,1.7080000000000002,2.0,3
1.7970035843279086,1.8680739239212623,1.64,2.2,3
1.8318586926260751,1.929433892846701,1.976,1.7,3
0.8121487683155614,0.7523794142912504,0.812,0.7,3
0.796007450425253,0.6775418774264486,0.6720000000000002,1.1,3
0.8437812236254093,0.8216084970746177,0.7839999999999999,0.3,3
0.7992621775037686,0.7742498096340859,0.6359999999999999,0.9,3
0.92200512850033,0.9183698785034855,0.8832000000000001,0.8,3
0.7134845003399497,0.6880363296058277,0.6884,0.5,3
0.5689400369413805,0.5539639311023541,0.518,0.8,3
0.5070037974262758,0.5384713857318931,0.46399999999999997,0.1,3
0.7327864085841767,0.6632193945093264,0.474,0.7,3
0.7694148457335711,0.7667061986987687,0.8044,0.2,3
0.8204899015895096,0.8363206043902289,0.792,0.7,3
0.9178736746311269,0.940134954806335,0.976,0.4,3
0.5712634293671162,0.5129013933607064,0.3919999999999999,0.6,3
0.5773826117743072,0.625489818632848,0.6896000000000001,0.8,3
0.39360021422850267,0.3850124575059397,0.384,0.4,3
0.40211651313719865,0.3938112635563411,0.424,0.8,3
0.42567178170648323,0.45949483344131725,0.408,0.5,3
0.6001826660890842,0.6011299242776612,0.568,0.3,3
0.622449866842617,0.646818799031103,0.616,0.6,3
0.5071611843065283,0.45502037678837987,0.5136,0.4,3
0.4856967716025249,0.48793312892084073,0.5267999999999999,0.7,3
1.0816617112633966,1.0949789883662464,1.2508,0.8,3
1.007260615122403,0.9927690150727093,0.9760000000000001,1.1,3
0.9177305015057399,0.8755231147317382,0.9028,0.8,3
1.114144730083238,1.1585174692992428,1.1340000000000001,0.8,3
1.0518422631272362,1.1102450014832137,0.9672,0.7,3
0.9067560072311519,0.9026843108392839,0.9616,1.3,3
1.0436048730718162,1.0632197347204155,1.036,1.1,3
0.8541814279814514,0.7528025113655155,0.664,0.8,3
0.8753380824159785,0.7983845111605544,0.7959999999999999,0.7,3
0.8449315312533057,0.7537748947026864,0.7480000000000001,0.7,3
0.8512383922861625,0.7960601121865517,0.884,0.4,3
0.8944294622503695,0.8235014582935776,0.7560000000000001,0.9,3
0.9055685492683199,0.8001214180737807,0.7759999999999999,0.4,3
0.7073525697438113,0.6893199345365878,0.78,0.9,3
0.49736763473955903,0.43892932762920744,0.47600000000000003,0.2,3
0.5280583848980585,0.49224982281146995,0.3768,0.6,3
0.5053747326844331,0.47104081936479403,0.4828,0.7,3
0.5419072587553785,0.5203626296836141,0.5599999999999999,0.2,3
0.5161013164561902,0.5187735711965906,0.4984,0.6,3
0.5235239407174014,0.6048500545533879,0.504,0.24,3
0.40880054706634866,0.4036693905050947,0.412,0.44000000000000006,3
1.2830590959128791,1.3118588940149336,1.3,2.0,3
1.3316808748920785,1.3929658086979617,1.296,1.3,3
1.3919971817458332,1.317364399065756,1.296,1.9,3
1.1048797599331335,1.188274092700684,1.4320000000000002,0.7,3
1.303032476065821,1.2955337931168254,0.9400000000000002,0.9,3
1.0416117956043864,1.0661770775150579,1.188,1.0,3
1.106266758092388,1.0873512793750868,1.0872,1.5,3
0.8740262639127585,0.6337643481330784,0.8848,0.1,3
0.5446950293060734,0.5027107541482009,0.452,0.9,3
0.6650219842116766,0.6413429949073288,0.64,0.3,3
0.6510476343319018,0.6597452709651012,0.752,0.5,3
0.6854215931045401,0.7318550757598108,0.6948000000000001,0.7,3
0.5407262335067482,0.5628739477165721,0.4639999999999999,0.1,3
0.5061622287284541,0.5261544755517782,0.524,0.6,3
0.5126820064425995,0.5295444464597276,0.5159999999999999,0.4,3
0.4894247285588686,0.5188832190581103,0.43200000000000005,0.2,3
0.4576514921004622,0.41947861044777685,0.61,0.6,3
0.5944054231964134,0.6393281998867639,0.664,0.5,3
0.6170814186429506,0.6573105769362764,0.6348,0.6,3
0.5296809121005693,0.5469758552689613,0.6376,0.6,3
0.4147152820536026,0.3777453609839373,0.39599999999999996,0.7,3
0.5539352018832919,0.5610793247815741,0.528,1.0,3
0.6199900862862374,0.6450239971261029,0.6228,0.74,3
0.5973749286854467,0.579930279855626,0.598,0.9,3
0.660182706564144,0.6690463586240696,0.708,0.1,3
0.6862084064919582,0.6419259323286336,0.6256,0.7,3
0.5802503662700712,0.5861492594534798,0.536,0.5,3
0.5846725487772886,0.5821022275679753,0.596,0.24,3
0.8581133528502954,0.8387056827445781,0.9096000000000001,1.0,3
0.8060870562101778,0.8392695005868226,0.6960000000000001,1.4,3
1.0087253638019693,1.0031401722124111,1.032,1.4,3
1.1296449202216048,1.1394167491921565,1.1547999999999998,0.9,3
0.9618155333315084,1.0183964828694574,0.91,1.3,3
1.1221431484905033,1.0431311311329379,1.0759999999999998,0.7,3
0.9066770329693047,0.897844217469966,0.9059999999999999,0.3,3
0.8726169045698092,0.842902174200849,0.84,1.1,3
0.8801202808167403,0.8436225572929973,0.8880000000000001,0.9,3
0.8804958192149211,0.8668731289989688,0.8603999999999999,1.4,3
0.9675828385606124,0.9988161294281022,0.76,0.9,3
0.9679061046718639,0.9678913290924137,1.0439999999999998,0.6,3
0.875897713814485,0.8142652951844237,0.7616,1.8,3
0.9750097503145784,1.0908835833363069,1.036,1.2,3
0.5759597660186229,0.5700913425428538,0.58,0.0,3
0.5553336251340878,0.49789824329793236,0.6679999999999999,0.6,3
0.4816519672224139,0.5647878253573053,0.5720000000000001,0.9,3
0.8997596801217088,0.9817341896521529,0.6679999999999999,0.0,3
0.8982078885977535,0.7412954856928878,0.7360000000000001,0.0,3
0.7441403882717706,0.5592248846201184,0.38,0.0,3
0.7629960998519421,0.5836314681887615,0.5840000000000001,0.0,3
1.314734526715138,1.3230228078660984,1.304,1.4,3
1.2968483043403976,1.274012349918013,1.0839999999999999,2.1,3
1.4647160840500615,1.687245549269373,1.54,2.4,3
1.6865478723886316,1.801311469782744,1.7160000000000002,1.8,3
1.597312971657417,1.690261846466816,1.524,1.3,3
1.434391023836133,1.5002694093223237,1.128,1.6,3
1.5243541122256756,1.5318544136060464,1.4560000000000002,2.3,3
1.5917692920848372,1.4856575526212012,1.2479999999999998,1.5,3
1.4379149805917812,1.3421802006149741,1.3400000000000003,1.4,3
1.3917395676297644,1.3513253874301923,1.3816,1.8,3
1.51659684366592,1.5422968980784888,1.568,1.9,3
1.5426152750669317,1.5969861902096842,1.5839999999999999,1.5,3
1.4878923262448827,1.453883572287905,1.252,1.0,3
1.4246037050399087,1.4431891676870852,1.4039999999999997,1.5,3
1.1405003096448147,1.0357671500704297,1.1467999999999998,1.1,3
1.105293392857832,1.0084714958732155,1.148,1.7,3
1.1769539491938128,1.1843646208156131,1.268,1.0,3
1.1142127040635663,1.172291634269121,1.1328,1.1,3
1.165571615875847,1.2489996718689227,1.1104,0.3,3
1.125067349676533,1.0704176756811763,1.0620000000000003,1.7,3
1.1456453522263776,1.1288608652149552,1.2400000000000002,1.2,3
1.0660288448312494,1.165550915632836,1.092,1.0,3
1.0375176442128995,1.0047922357345187,1.0319999999999998,0.8,3
0.8655387871914381,0.8583435628855424,0.7604000000000001,0.9,3
1.1523441797452616,1.1815370742282516,0.9508000000000001,1.2,3
1.318647068808633,1.3166382990090202,1.5587999999999997,0.5,3
1.0376325235403503,0.9982466517514734,1.0136,1.0,3
1.1072478599553153,1.0508976156104295,1.0112,1.2,3
0.7807606856680303,0.7224291496306645,0.5664000000000001,0.5,3
0.7337678117464003,0.6462085798265229,0.7308000000000001,0.3,3
0.7574602701790567,0.7737576806141075,0.6879999999999998,1.0,3
0.7809844552883504,0.8209074128653152,0.728,0.2,3
0.8324163055821994,0.7314550744291017,0.604,0.3,3
0.6654158143059432,0.6279633507810574,0.6455999999999998,0.6,3
0.7271690027767104,0.774072020385667,0.6584,1.8,3
0.938194403348243,0.9941049778915949,0.976,0.8,3
0.8785019153420321,0.8440205449171228,0.708,1.1,3
0.9271165795561536,0.9224831108199817,0.848,1.5,3
0.9564959668944162,1.0655203661542099,0.872,1.3,3
1.1065288605512849,1.1341821510821999,0.8991999999999999,0.5,3
0.8668420776781919,0.8380138729404117,0.6679999999999999,1.0,3
1.1026375606954957,1.0756705537126385,1.2008,2.3,3
1.0067233081063307,0.9242129622719258,0.8959999999999998,0.9,3
1.0218991301117406,1.0043396936917375,0.9268,1.0,3
0.8917403655734851,0.8785345748529572,0.8423999999999999,0.5,3
0.9274362581509651,0.9842017772583641,0.954,1.4,3
0.8944292736943322,0.9278695998052784,0.8152000000000001,0.1,3
0.8332632103329799,0.861287891894706,0.7936,0.7,3
0.6894253034623694,0.6457002425263629,0.6503999999999999,0.8,3
1.5593727524698702,1.579945723551113,1.428,1.6,3
1.394677330908375,1.422919792465143,1.268,1.8,3
1.488499583992297,1.5278944808952963,1.3119999999999998,2.4,3
2.1662429464488717,2.209952473294494,1.8272,2.1,3
2.1646650526634206,2.1420907894157066,1.8040000000000003,2.6,3
2.6061433886152896,2.6769342877754605,2.3668,2.7,3
2.1844700938040216,2.305020776948519,1.9952,2.3,3
0.6091538812689918,0.6222906694464204,0.5648000000000001,0.6,3
0.6058530135333957,0.6034442874781591,0.516,0.5,3
0.4979723569810912,0.513641534705426,0.6639999999999999,0.2,3
0.5617206653430713,0.6720549367134012,0.6679999999999999,0.8,3
0.6094144336193874,0.726921287689265,0.584,1.0,3
0.6352064175559645,0.7506779534542594,0.5840000000000001,0.8,3
0.5417582075108235,0.5727087679015972,0.504,0.4,3
3.9194912931458195,3.7363532938559585,3.7680000000000007,2.9,3
3.844066458965299,3.769854618204222,3.62,2.3,3
3.90547828980343,3.8530047135747014,3.6719999999999997,3.2,3
4.314235799123643,4.13267529149051,4.072,0.7,3
3.355720193851332,2.4384731818026215,3.316,2.4,3
4.078919629952455,3.9644675969671535,3.88,3.8,3
4.4075089841695485,4.306802917128655,4.216,4.5,3
0.8336606642072151,0.787871237001662,0.82,0.7,3
0.8028999955563556,0.7201977668544894,0.664,0.7,3
0.5344562505511329,0.48088518232614236,0.528,0.9,3
0.7853895954286739,0.7673103032897807,0.624,0.6,3
0.9158421607614781,0.9275656353694364,0.94,0.4,3
0.7287250681603645,0.628145573597204,0.6536000000000002,0.5,3
0.5202043476329953,0.5110872264407713,0.5751999999999999,0.5700000000000001,3
0.3756756131679264,0.34013634989685515,0.41200000000000003,0.7,3
0.4202042554514819,0.3533564862069997,0.44,0.6,3
0.32995414921825744,0.31341930204386603,0.41519999999999996,0.1,3
0.5133801561590436,0.5872534193483595,0.508,0.0,3
0.4280689417309272,0.41514210583433386,0.508,0.4,3
0.4591741390674964,0.5015978381993269,0.584,0.1,3
0.46724660348379116,0.5170815605026776,0.488,0.0,3
0.8056537687936776,0.6664106524118363,0.696,1.0,3
0.571012424504301,0.5321714643219374,0.552,0.3,3
0.5274869145041272,0.5115218567713007,0.5588,0.4,3
0.655799753507441,0.6783537695789666,0.688,0.5,3
0.6539567374995999,0.689066432640437,0.68,0.7,3
0.5498874999812775,0.5770942035104467,0.6015999999999999,0.4,3
0.4755364886673606,0.44542286259178626,0.42,0.2,3
0.37852214215067187,0.36626275503907374,0.332,0.3,3
0.4016227900937504,0.3664823650305671,0.292,0.2,3
0.4291421047330361,0.39704515422159053,0.4,0.4,3
0.46975694052138994,0.45732268486970695,0.48,0.5,3
0.4956518368632089,0.4686487296957118,0.5519999999999999,0.3,3
0.4164596464620711,0.39039677511736515,0.44,0.5,3
0.6656859399260947,0.6959555319672353,0.6920000000000001,0.9,3
1.7961754967034491,1.6733093446352345,1.4792,1.4,3
1.6553663331274961,1.5276112535811865,1.8115999999999999,1.1,3
1.4526416547690906,1.3367474283306224,1.3880000000000001,1.7,3
2.036788233174639,2.2301459868950033,1.9439999999999997,2.5,3
2.3071356245044874,2.4430323185866127,2.3000000000000003,1.7,3
1.6442274441304572,1.51820101683106,1.556,1.7,3
1.4811518872143576,1.4307450813168843,1.416,0.7,3
0.3175370715158341,0.3032343023388038,0.29200000000000004,0.2,3
0.2934686254391522,0.2687322224450397,0.3,0.1,3
0.4009390702557067,0.4109701780132134,0.26799999999999996,0.2,3
0.3376813571312187,0.35093265626944836,0.4316,0.3,3
0.31480840917508746,0.3542599723050915,0.392,0.3,3
0.27848212156604174,0.28737640702752687,0.41600000000000004,0.4,3
0.32699287563341517,0.33504371833916735,0.37200000000000005,0.3,3
0.31023956009999815,0.2887186996158596,0.34080000000000005,0.1,3
0.38075475071825676,0.3914964316379722,0.3856,0.4,3
0.3243067664950799,0.2981520665279028,0.41400000000000003,0.2,3
0.3400876391335008,0.35972519068249986,0.41280000000000006,0.2,3
0.38358459660200367,0.4117760240088628,0.374,0.2,3
0.29773061511950333,0.303200542484489,0.41879999999999995,0.4,3
0.3026636504315596,0.32465601693857093,0.4316,0.0,3
1.1693961803014894,1.2204322415440076,1.1760000000000002,1.0,3
1.1182197164503556,1.0844594113965973,1.192,1.1,3
1.116468464095086,1.0774375204752649,1.176,1.0,3
1.149445223589278,1.1795268561017043,1.12,1.2,3
1.1690338301670435,1.2828670284871055,1.0568,1.2,3
1.1883954911998849,1.1278168426946993,1.226,1.0,3
1.236197145147799,1.2035898520998503,1.168,1.9,3
0.4985157835461438,0.47085939516486475,0.516,0.4,3
0.48850072849215914,0.48335694384389655,0.4192,0.3,3
0.4261381675490456,0.3942119679405633,0.392,0.3,3
0.48736539871213913,0.470134102529641,0.4948,0.6,3
0.5370939894999337,0.512277442428196,0.5272,0.5,3
0.451688450833533,0.43979764957985096,0.49079999999999996,0.4,3
0.514222922081679,0.5322027055024938,0.4628,1.0,3
1.1675250288101608,1.1286413827989978,1.0519999999999998,1.4,3
1.4301703159765657,1.3930732819547211,1.3160000000000003,1.4,3
1.4345515957804496,1.4061746819285057,1.3840000000000001,1.5,3
1.4549768167676516,1.546291190886099,1.4200000000000004,0.6,3
1.214705972320953,1.3993670301989831,1.204,0.6,3
1.143683466793932,1.1586836371179832,0.9840000000000001,1.5,3
1.4837103509860032,1.4349279470244625,1.536,1.5,3
1.0423418986501867,1.085068173942886,0.728,1.8,3
1.3492903832561631,1.2344024421794666,1.088,1.7,3
1.313753263548307,1.2767220220512656,1.0752000000000002,1.5,3
1.374012397217406,1.32160947114031,1.2788,1.1,3
1.4316336716153093,1.3711644601684543,1.4879999999999998,0.7,3
0.9242118467408685,0.9376633136607272,1.0488,0.9,3
0.8936888580339013,0.9166576320094865,0.7880000000000001,0.9,3
0.5082854240395525,0.46805560444421584,0.496,1.0,3
0.5748014793837953,0.5420055656999461,0.504,0.3,3
0.5552257820654921,0.57812516640497,0.48400000000000004,0.6,3
0.6261813587791468,0.6340848203124578,0.512,0.7,3
0.6448336174916331,0.662666878213925,0.684,0.8,3
0.5814357709226868,0.5946549335137686,0.484,0.4,3
0.5655054375149382,0.5926442071122251,0.58,0.9,3
0.9329820554237637,0.8773583516367836,0.912,1.6,3
1.1479836124120255,0.9839329551177349,1.036,0.7,3
0.9155390342760639,0.8560579936955849,0.8752,0.8,3
0.9469947257464492,0.9500261902706069,0.9739999999999999,1.0,3
1.0419448362302839,1.0197959563262717,1.0336,0.7,3
1.0071432442408765,0.9496482815606718,1.044,0.7,3
0.8595570494083485,0.8402673446750842,0.8456,0.8,3
0.850156203454331,0.7481817336582333,0.764,1.0,3
0.8782286443576696,0.802985133239395,0.8764,0.8,3
0.8690566336838088,0.812829074167468,0.8079999999999999,0.9,3
0.8795104153390192,0.8773960067063281,0.772,0.1,3
0.8706489213438495,0.817073800488726,0.796,0.67,3
0.8383134529851884,0.7398052210457701,0.6975999999999999,0.9,3
0.8522297961072662,0.8871181934439848,0.8603999999999999,1.3,3
0.4769042239500722,0.4394958776387174,0.49200000000000005,0.7,3
0.48554510740121126,0.4696045166015681,0.428,0.4,3
0.5185240644649609,0.5241639561043638,0.4759999999999999,0.7,3
0.6353835263804752,0.6440410756579247,0.696,0.4,3
0.6367811875353282,0.661649724803983,0.604,0.7,3
0.5521730051823889,0.5867809750230433,0.6256,0.8,3
0.5479962070553114,0.6052373363866659,0.5,0.8,3
0.9772033912716218,0.9086915506017068,0.8240000000000001,1.1,3
1.0385693962596823,0.9457635863035,0.9279999999999999,1.1,3
0.9975013033074009,0.8298850961676446,0.9880000000000001,1.0,3
1.130406692503126,1.1107779511279048,1.204,1.8,3
1.4117661820169403,1.321029010997111,1.304,1.2,3
1.0383722330293201,1.0496973680990638,1.044,2.1,3
1.0528814183727921,1.0634988874796425,0.9840000000000001,1.6,3
0.47431796271361437,0.4206912405284667,0.3856,0.37,3
0.49879728023485836,0.5021038308327092,0.386,0.4,3
0.5170041391090667,0.5648408182706475,0.456,0.9,3
0.5959139937307815,0.663589111271059,0.5632,0.7,3
0.621324473303482,0.6735422502898475,0.536,0.9,3
0.5649724136443394,0.6586926378264045,0.5159999999999999,0.5,3
0.5384596310394477,0.5695955507444038,0.48,0.5,3
0.4231340716473057,0.3992218140461256,0.532,0.5,3
0.3683277587024793,0.38767924493083245,0.3288,0.2,3
0.36222368383820436,0.3764398026997553,0.37199999999999994,0.3,3
0.4182781549670096,0.4457682181389417,0.4052,0.3,3
0.4059385641096991,0.44699749273780126,0.41400000000000003,0.5,3
0.3312492961002601,0.34419857893777284,0.41879999999999995,0.6,3
0.36546436775822055,0.39854747583821953,0.5356000000000001,0.4,3
0.669939498446501,0.6743303915634657,0.588,1.1,3
0.7463936796529871,0.7269260683037498,0.584,0.9,3
0.8126680300347979,0.7401627350457524,0.6359999999999999,1.2,3
0.8949502715980789,0.9547994725921801,0.8271999999999999,0.9,3
0.9609889790034016,1.0505112927684437,0.9040000000000002,1.7,3
1.0282849664219431,1.0726828973961182,1.1668000000000003,1.3,3
0.9451388190489453,0.9860864459016194,0.8508,2.1,3
0.5595343743473837,0.6383254396844873,0.8639999999999999,0.0,3
0.44705641308950467,0.5427419086709208,0.47200000000000003,0.4,3
0.5537175963562831,0.6146303028643572,0.5920000000000001,0.8,3
0.8067004950471346,0.8400837864254163,0.6672,1.0,3
1.000380919013163,0.9989560402281025,0.8640000000000001,0.3,3
0.8238798166735072,0.8075684580657163,0.62,0.7,3
0.7008275525463032,0.676213272606238,0.8360000000000001,0.4,3
0.4255996624250989,0.4153292069226919,0.452,0.4,3
0.42910051845073666,0.4002223267722345,0.3464,0.4,3
0.4298719193812648,0.3868085075636794,0.3992,0.6,3
0.43344955942420893,0.4192855716715075,0.408,0.2,3
0.5331411590622553,0.5425617685894388,0.508,0.0,3
0.45938228434342154,0.44369275033215333,0.48279999999999995,0.67,3
0.34786687546468437,0.3385297720772218,0.45520000000000005,0.4,3
0.4691728842760558,0.440412925194554,0.4776,0.6,3
0.4036414475812728,0.3695323296933123,0.4267999999999999,0.3,3
0.421495665668225,0.4332586338388305,0.4736,0.3,3
0.5699780005185552,0.5624809788237979,0.508,0.4,3
0.5568330003954955,0.5681522173616328,0.648,0.6,3
0.48533312235815884,0.4682234806325236,0.4468,0.2,3
0.3805678600063064,0.3705946610376356,0.3632,0.3,3
0.44890218211061345,0.3793515868757087,0.21600000000000003,0.7,3
0.5847837481627723,0.5094791484342882,0.512,0.7,3
0.5731644390182984,0.5343470196851678,0.49079999999999996,0.5,3
0.5836357567868783,0.6412262357917288,0.59,0.4,3
0.5885312279564587,0.6081623623753656,0.48839999999999995,0.5,3
0.6581581013429818,0.7120976322073136,0.5920000000000001,0.2,3
0.7200059455255781,0.7863379994751045,0.5880000000000001,0.5,3
0.2758219641869672,0.25014868529985135,0.3,0.1,3
0.2734075540934612,0.23489202364784012,0.28800000000000003,0.1,3
3.462245646869594,5.8751554275566,1.5759999999999998,6.0,3
1.9660028875638689,1.438562877098227,1.4359999999999997,2.0,3
2.3117319617561445,1.758501069681306,1.5279999999999998,4.2,3
1.9272862805538735,1.1580640618127982,2.048,2.16,3
1.1733747505202905,0.7985070125675138,0.504,0.3,3
1.1208448867471055,1.0506386796102298,1.2107999999999999,1.0,4
1.1502421554333124,1.1221863272404113,1.2244,1.2,4
1.1017950474805565,1.1859965921107598,1.012,0.9,4
1.1184923896602863,1.157574592366279,1.026,0.8,4
1.2267547684856475,1.2573385013123368,1.1192,1.3,4
1.0291355390532393,1.1099895494831693,0.8319999999999999,1.2,4
1.1496073151703383,1.2050632979736249,1.04,1.0,4
0.9348987555189937,0.9737095196458913,0.932,0.9,4
0.9333168024673245,0.9422534707206444,0.9447999999999999,0.8,4
0.8387795676745928,0.7316156250531649,0.74,1.5,4
0.8468096315402451,0.8844994619171628,0.8119999999999998,0.6,4
0.7515508852417714,0.7914273845036321,0.8,0.9,4
0.7897771414291233,0.7797314124667514,0.7996000000000001,1.4,4
0.8833230426489651,0.8929076750727734,0.972,0.5,4
0.46629776866478884,0.5001319170301042,0.516,0.35,4
0.47562793392277114,0.4774078093362095,0.5392,0.4,4
0.4867755259976568,0.46175796528985114,0.536,0.2,4
0.5581602851049784,0.5639586704397491,0.5960000000000001,0.6,4
0.5724801741126636,0.5728582934456932,0.64,0.5,4
0.4279849833269883,0.40416044738392,0.412,0.2,4
0.42647620993543095,0.4223602903245162,0.424,0.4,4
1.2234279490755768,1.2564188611311333,1.216,0.0,4
0.8368743425369671,0.837981799057119,0.648,1.6,4
1.1524011553075324,1.0024577372291246,1.084,1.7,4
1.4593025712089605,1.5328486199916653,1.4747999999999999,1.2,4
1.3510642595431863,1.3563894063416457,1.3279999999999998,1.4,4
1.1935394655315994,1.2453639551871583,1.256,1.2,4
1.0955802763567917,0.9639283445445055,1.172,1.0,4
0.7541798689200898,0.8223607694756724,0.8952,0.3,4
0.8964652698058198,0.8833070149391353,0.8936,0.9,4
1.8940717773334894,1.790637901118667,1.588,1.2,4
1.4060899138487704,1.3720280961974514,0.9719999999999999,1.0,4
1.4149097769956045,1.358764227592504,0.9480000000000001,3.2,4
2.0139746664138043,1.8853791599561343,1.92,1.7,4
2.9720720079253975,3.606423495696436,1.82,2.0,4
1.523743139561338,1.474018637440568,1.256,0.0,4
1.2746353455550723,0.7912346602072526,1.1800000000000002,1.2,4
1.4928906740024235,1.3567504485383495,1.244,1.0,4
1.4821647423686752,1.3256636599100635,1.2080000000000002,1.6,4
1.7908001396757773,1.7816283467765834,1.6440000000000001,0.7,4
1.6050507872234474,1.4436591486182517,1.204,0.0,4
1.3977181676900592,0.930899845166961,1.192,0.1,4
0.7647958301576567,0.7107816372838747,0.6708000000000002,0.7,4
0.8181475569488141,0.7294570506846897,0.7560000000000001,0.7,4
0.7145710055406963,0.6997482940073808,0.6631999999999999,1.04,4
0.7588105862233615,0.7969922228098589,0.792,0.7,4
0.7342498248050165,0.7027036743299697,0.8783999999999998,0.65,4
0.670316016867041,0.6251815183224978,0.6092,0.8,4
0.6816407320877514,0.6617579643361972,0.764,0.6,4
0.488078562162881,0.47566572922105155,0.56,0.3,4
0.46570761514265085,0.5040555140584433,0.4832,0.2,4
0.4374871245723973,0.4330668776477372,0.496,0.4,4
0.4997188473427429,0.49048125608083326,0.528,0.7,4
0.5767006583341184,0.57538864136669,0.62,0.2,4
0.43568402662282874,0.426152827617712,0.484,0.3,4
0.4654890492614596,0.5391260550702965,0.56,0.4,4
0.7524530522362871,0.6245689218618281,0.49599999999999994,0.4,4
0.8084543409697937,0.7135538679340401,0.7440000000000001,0.5,4
0.395748054920085,0.41217634447138596,0.42719999999999997,0.4,4
0.7178840003479402,0.7013777909182114,0.76,0.4,4
0.7227977549872222,0.6790385561981793,0.588,0.6,4
0.686573980966713,0.6671583792653383,0.9416,0.3,4
0.40527133285697586,0.3673419287986443,0.4496,0.3,4
1.1259319885926011,1.0571424248047396,1.2708000000000002,1.7,4
1.1471394214331,1.1179400111806146,1.092,1.0,4
1.07368431060865,1.0280078487275996,1.08,1.7,4
1.236149017678224,1.371639406827311,1.2316,0.8,4
1.1200772554742369,1.213906637691286,1.1800000000000002,1.2,4
1.176015894043059,1.1476507592656273,1.252,1.1,4
1.1115788159355842,1.0594108130796398,1.092,1.2,4
0.4701047001700606,0.5030633684338458,0.49599999999999994,0.5,4
0.4868666008007552,0.49871447223608617,0.48399999999999993,0.4,4
0.4937794618337126,0.49523640036851013,0.38,0.7,4
0.5783133283404125,0.6146508591840876,0.5919999999999999,0.2,4
0.5931571346891923,0.589932337828589,0.6040000000000001,0.7,4
0.5423171858403039,0.5969093505787785,0.4336,0.8,4
0.5198615148829918,0.4672084159995107,0.45199999999999996,0.1,4
5.208224833401428,4.238026890931329,4.772,4.8,4
4.914926581771053,4.39520236372546,4.5040000000000004,3.9,4
4.716978094651971,3.477003391157589,4.696000000000001,5.6,4
4.565528567648459,4.452771478158699,4.932,6.4,4
5.137020135452583,5.86999687534866,5.14,6.1,4
4.733809901482559,4.281904433440902,4.628000000000001,5.8,4
4.729002676135914,4.4754879598915265,4.652,6.6,4
0.8387822065753043,0.8308681485786096,0.8480000000000001,0.3,4
0.6885024500064907,0.7567785513717382,0.888,0.5,4
0.6204045103660601,0.6632047674176206,0.68,0.2,4
0.506706056169468,0.6096368916890513,0.576,0.2,4
0.5015735685510184,0.6498218275804896,0.444,0.2,4
0.5301881542146077,0.6096597590675761,0.528,0.2,4
0.4780697454957599,0.5716762207438868,0.41200000000000003,0.5,4
0.6285056442713829,0.5946337066799277,0.612,0.5,4
0.7143591536650065,0.6576830600760688,0.5544,0.8,4
0.6109780007286304,0.5821322372680119,0.584,0.5,4
0.7767287528924696,0.8276542529441213,0.48800000000000004,1.0,4
0.8137272516522056,0.9415388928556665,0.7480000000000001,0.5,4
0.7097061366524209,0.6932874190583597,0.6412,0.8,4
0.5944020034477384,0.6157509405671315,0.5648000000000001,0.7,4
2.574162546235702,2.51759964134782,2.8188,3.1,4
2.5966168160089165,2.606982091770644,2.4656000000000002,2.9,4
2.7025330326954453,2.724558158506106,2.524,2.9,4
3.0792184582629405,3.254153381318268,3.2,4.2,4
3.4455595439507487,3.2348135253496326,3.316,3.6,4
2.827311279200276,2.942248622141754,2.8724000000000003,3.0,4
2.738107755863208,2.7228957779879046,2.7788,3.8,4
0.644276881222481,0.6256291524990568,0.5848,0.9,4
0.6847601848379751,0.6685557557371261,0.7335999999999998,0.6,4
0.6013311837077899,0.5500232382513957,0.638,0.5,4
0.7648805426520604,0.770124460563421,0.8752,0.5,4
0.7576057271050706,0.6897833654148007,0.72,0.7,4
0.7756893016391806,0.7798456136449133,0.9048,0.7,4
0.618265351828279,0.6197127546058757,0.5771999999999999,0.4,4
1.1902789544649237,1.088214302269033,1.0348,1.1,4
1.1130525858716853,1.0623287504793981,0.8839999999999999,1.3,4
1.1089421588146215,1.0168341370283318,1.024,0.5,4
0.9244607359384891,0.9027316227298602,0.9752,1.08,4
1.001781096576272,1.0006358492346528,0.9880000000000001,1.1,4
0.954979501930108,0.9317130207976789,0.9520000000000001,1.0,4
1.0835969639779903,1.1075802293488506,1.0200000000000002,1.0,4
0.5578099557102083,0.595082461305185,0.5259999999999999,0.5,4
0.5716450251953249,0.48167169201285104,0.4628,0.3,4
0.5851388924163093,0.5338245610588992,0.43199999999999994,0.6,4
0.6599124177535938,0.6518132640001381,0.5800000000000001,0.2,4
0.6479513368411086,0.5816608898638784,0.6668000000000001,0.5,4
0.5368587692493959,0.5374080726692629,0.5832,0.4,4
0.4834968877425348,0.48207284999615124,0.5988,0.5,4
0.9435714472170756,0.8874978456986041,0.9359999999999999,1.2,4
0.9982767190583024,0.9802790707811815,0.8759999999999999,1.3,4
1.036820028294661,1.035993878791071,1.0632000000000001,0.8,4
0.9325410037830542,1.008572792033732,0.9160000000000003,1.1,4
1.06019386496819,1.061756226490518,1.068,0.7,4
0.9648782084354972,0.8970837716217244,0.8,1.2,4
1.0264904999155746,1.082121841402449,1.2399999999999998,0.8,4
0.8387956847867635,0.8443655043188503,0.8948,0.5,4
0.8749094573842423,0.8262461054684017,0.8096000000000001,1.2,4
0.9549939967989678,0.9950698573878275,1.0272,0.7,4
0.7881346768682259,0.8531606664626089,0.8172,1.0,4
0.9201036055849081,0.9376836949397045,0.8640000000000001,1.0,4
0.9046792737600484,0.90137456260619,0.764,1.0,4
0.9267634915349534,0.9536457384213044,1.0908,0.7,4
0.48529061321303374,0.45478759342797453,0.504,0.6,4
0.4803350032461048,0.45211365070686343,0.3912,0.2,4
0.48526796989212573,0.45753138450486563,0.424,0.6,4
0.6011617570782667,0.6348147589894921,0.6,0.0,4
0.6049704777683825,0.6614248262256275,0.5720000000000001,0.5,4
0.49592153556110635,0.552763365651955,0.47279999999999994,0.2,4
0.44770300408354086,0.41685122708575506,0.48400000000000004,0.3,4
0.5099974737874071,0.5177272289240575,0.488,0.5,4
0.5382903046491032,0.4863346170463883,0.44799999999999995,0.9,4
0.4494104953380767,0.4479290831042158,0.4444000000000001,0.6,4
0.6501633066441188,0.633985166673692,0.5599999999999999,0.3,4
0.6363727992003451,0.6427664796947656,0.556,0.1,4
0.4216180971082825,0.3886693027441508,0.43200000000000005,0.1,4
0.4202999680113484,0.4106493859072279,0.48400000000000004,0.2,4
0.43966613457132525,0.4062726293654524,0.424,0.2,4
0.4991264901054327,0.4998955453741385,0.47480000000000006,0.8,4
0.41154605310803516,0.38155518475666067,0.4039999999999999,0.5,4
0.613873197720489,0.6446837075463702,0.6359999999999999,0.5,4
0.5909239021110714,0.6079743104729585,0.584,0.6,4
0.530233003605059,0.5668888904566818,0.47200000000000003,0.5,4
0.4123146868121596,0.3618588040336057,0.40399999999999997,0.3,4
0.6008266590242115,0.58258128374472,0.528,0.5,4
0.5662925391198889,0.5387423809841436,0.4392000000000001,0.86,4
0.6446479296840244,0.6423869820825238,0.524,0.3,4
0.6509648217096797,0.6558932186661233,0.636,0.9,4
0.6879443989459121,0.7245664457635408,0.6920000000000001,0.6,4
0.5749703592195559,0.5785435806520507,0.4759999999999999,0.4,4
0.43251311247305646,0.47710342405100176,0.4912,0.3,4
0.8142953263615575,0.7486685396291243,0.8083999999999999,1.0,4
0.7582589007659511,0.7870064340803196,0.716,1.0,4
0.885444887202481,0.8659341116552564,0.9592,0.6,4
0.7620030926282925,0.8309983740494642,0.982,0.7,4
0.7796564254782351,0.8452984213899004,0.7908000000000002,0.9,4
0.794966275120154,0.7717212247682713,0.7192000000000001,0.8,4
0.7401912777100692,0.7694443564027167,0.7664000000000002,0.5,4
0.5973197279552005,0.5825348563978596,0.54,0.5,4
0.5667216394818717,0.5773871701145052,0.616,0.4,4
0.570807367675702,0.5935563759357652,0.636,0.4,4
0.7097291932546709,0.6219466826003623,0.664,0.0,4
0.4584820520195285,0.4248243631088955,0.5307999999999999,0.0,4
0.5277418975194827,0.6175299968664256,0.7264000000000002,0.7,4
0.5241261732212211,0.5822729270944764,0.5720000000000001,0.4,4
0.8996930884008733,0.8604255925530802,0.9839999999999999,0.8,4
0.8801441122254063,0.836038877534866,0.9084,1.1,4
0.8987565052219116,0.8911512297792699,0.748,0.8,4
0.890219557277311,0.9212524146575676,0.7119999999999999,1.0,4
0.910833853144223,0.9729494330886388,0.7360000000000001,1.2,4
0.9006361107905254,0.9266830752375452,0.836,1.1,4
0.9062290724369545,0.8930176050773801,0.9496000000000001,0.7,4
0.7122710614855475,0.7419967165178207,0.6364000000000001,1.1,4
0.7778207412634777,0.806921509581075,0.9039999999999999,1.0,4
0.6420735854880324,0.6432816794417272,0.63,0.4,4
0.7960840351572048,0.8061567438910229,0.8552,0.9,4
0.8481541152010224,0.9287564830275497,0.8432000000000001,1.2,4
0.7034400694646468,0.7347506169826783,0.6040000000000001,0.8,4
0.7601548204278475,0.7465778083519098,0.7031999999999999,0.6,4
1.3417925533510593,1.2295318598672766,1.0,1.1,4
1.0127541070973867,0.9386282667247683,1.0112,1.3,4
1.1998141573919006,1.0532855334267832,1.148,1.1,4
1.1253168419605628,1.1361064885055312,1.236,1.2,4
1.4524968393121118,1.3678636155281183,1.4228000000000003,2.0,4
1.1895011505682942,1.0243102479876172,1.12,1.2,4
1.1342229725200514,1.0276068939112302,1.124,1.1,4
0.44548914107343507,0.3540459548138605,0.6240000000000001,0.3,4
0.6167741429205641,0.5892124107320091,0.5,0.0,4
0.4484654519843813,0.2544385376272078,0.6560000000000001,0.8,4
0.7496016812864372,0.618164672974884,0.7839999999999999,0.4,4
0.7012832324256273,0.8747069248045444,0.8079999999999999,0.9,4
0.8348184325083845,0.7949971944048659,0.8560000000000001,0.8,4
1.0269231940357237,0.9705840508132262,1.1239999999999999,0.6,4
1.3269235560283623,1.36262823971987,1.2960000000000003,1.8,4
1.4297709711235231,1.3310973585961343,1.416,1.3,4
1.4455874580040227,1.310119348763926,1.324,1.4,4
1.5700876792991916,1.3823000605868883,1.408,1.0,4
1.4654740234698813,1.3158962228417357,1.2,1.4,4
1.3081429227499752,1.263045769931896,1.02,1.2,4
1.3477073750741795,1.270044441103727,1.264,0.8,4
0.7094246890637179,0.6926863324227022,0.6408,0.4,4
0.6923490752624043,0.6202390010448504,0.588,0.4,4
0.6749390168782715,0.6891388216303982,0.5760000000000001,0.4,4
0.5742239278632574,0.599839441110035,0.596,0.6,4
0.6732684217803295,0.7047923834995076,0.6360000000000001,0.8,4
0.584525409995674,0.6005257138931008,0.49119999999999997,0.7,4
0.5672878899353333,0.5332407454636765,0.536,0.5,4
1.205546873230065,1.1720294282413921,1.188,0.8,4
1.1528801518202139,1.0538478386796015,1.136,1.2,4
1.170245250195361,1.1703948977947563,1.108,0.9,4
1.3318270878049598,1.3267126908672342,1.1747999999999998,1.8,4
1.5978775550134607,1.658151909887779,1.636,0.7,4
1.2011694493378555,1.081644438124977,1.124,1.2,4
1.0247262873642171,0.9518387670709536,0.976,1.6,4
0.6148491281167108,0.5839521979366051,0.544,0.5,4
0.6135449368841492,0.5938580627716834,0.5764,0.8,4
0.5883264991429094,0.5738433519399806,0.592,0.4,4
0.6406931126464902,0.584570849900384,0.588,0.7,4
0.7103197456735951,0.6150029070492107,0.596,0.7,4
0.6349112020257504,0.5628133765509473,0.5920000000000001,0.6,4
0.635980870017832,0.6252878836165721,0.632,0.5,4
0.6218942622887458,0.516707974323268,0.42400000000000004,0.4,4
0.5240049212863384,0.6221702273917202,0.5844,0.6,4
0.6221908139671439,0.6417561055409129,0.5644,0.7,4
0.6447442839017463,0.7066671714785776,0.5720000000000001,0.5,4
0.5751261504717032,0.7082398024335439,0.8,0.4,4
0.5383985207235755,0.5468304250978544,0.564,0.4,4
0.46005166701055505,0.5225025743302091,0.504,0.7,4
0.42881445298834714,0.43848739725986363,0.408,0.1,4
0.42434534183099654,0.36155473205686217,0.396,0.5,4
0.34111081658111087,0.3189526848806864,0.4312,0.1,4
0.4731771747123067,0.4564350920512352,0.43199999999999994,0.2,4
0.49074011431088727,0.4542529836711794,0.516,0.4,4
0.42781473060979003,0.37393404498387295,0.392,0.5,4
0.31246358109179256,0.29105880307877074,0.37200000000000005,0.2,4
0.7397149039878829,0.6838145389489224,0.608,0.6,4
0.792938646594047,0.6875981176019305,0.72,0.8,4
0.5373067081466435,0.4663598128269659,0.528,0.9,4
0.6175927087783408,0.6765615307732914,0.664,0.8,4
0.6032163284117076,0.6048438371877934,0.484,0.6,4
0.5685685993266535,0.5255055484613496,0.524,0.6,4
0.598952953732253,0.5870728672504424,0.6639999999999999,0.8,4
0.5349956457537834,0.5875469188324915,0.624,0.65,4
0.5307795653981909,0.5620612350933403,0.608,0.5,4
0.39619881748940594,0.3319463751191889,0.4,0.27,4
0.38255147380565774,0.36630431092711563,0.39360000000000006,0.3,4
0.42058846524562504,0.43641063354540705,0.47600000000000003,0.3,4
0.3619460015852522,0.378816250828789,0.39759999999999995,0.6,4
0.3988438199599949,0.40696786608295266,0.41600000000000004,0.4,4
0.38990423377796946,0.3927474949816204,0.456,0.6,4
0.4347825945572121,0.3957630256041036,0.4236,0.4,4
0.44562083394149465,0.41825438372633,0.42480000000000007,0.2,4
0.6172460221403431,0.6798731696179172,0.452,0.1,4
0.4678355346045266,0.4038098968138163,0.5108,0.5,4
0.4314862623446605,0.36838204387972995,0.436,0.3,4
0.4291397309964397,0.447796781161922,0.4936,0.2,4
3.0176186867598527,2.824761208350715,2.8080000000000003,2.8,4
2.8607899077556365,2.6794138359795157,2.4999999999999996,2.9,4
2.7610201188341263,2.7199325260968528,2.7228000000000003,4.1,4
3.5704825840207453,3.7518487396375044,3.0840000000000005,3.9,4
3.8777123494407064,3.9901039446786037,3.796,4.7,4
2.565681437228895,2.6952854047279855,2.6359999999999997,2.1,4
2.4770465486741156,2.668383928378896,2.4988,2.3,4
1.501559376197268,1.437960904566217,1.492,0.9,4
1.4074507623563612,1.2614836543082788,1.2180000000000002,1.5,4
1.5073860682488553,1.4401457640975648,1.37,1.5,4
2.1282815496982765,2.0034279319989636,2.0552,1.9,4
2.24851879085685,2.215540531685074,1.936,2.2,4
1.756693264430866,1.7388738149714351,1.4188,1.1,4
1.6646781983288481,1.6491983775753152,1.3192000000000002,3.6,4
1.6177723338168857,1.6760599769014695,1.536,1.3,4
1.6509905744330267,1.5880290001028698,1.3860000000000001,2.6,4
1.9110553448213374,2.0229275246263594,1.3904000000000003,1.9,4
2.2581431377031063,2.269707809109097,2.184,4.1,4
2.8655869393686944,2.7995012756608646,3.0279999999999996,4.5,4
2.524939209895515,2.8341034103475717,2.8348,0.9,4
1.8291285879170391,1.8298048675991998,1.308,2.6,4
0.2694368724031566,0.20147152232936694,0.29200000000000004,0.2,4
0.2656732010873915,0.222757616853542,0.272,0.1,4
0.28930442999716055,0.2749302723880892,0.31880000000000003,0.4,4
0.3103917317318391,0.3175147220997847,0.40800000000000003,0.2,4
0.31494940849038194,0.3235317905222449,0.312,0.0,4
0.2942364606020428,0.26694831717226564,0.40800000000000003,0.0,4
0.2840770610816378,0.274570193710873,0.352,0.2,4
0.43439999768702753,0.387864405809688,0.4472,0.2,4
0.33583758172512035,0.32454577655440253,0.35999999999999993,0.2,4
0.3315888666043385,0.33376472612164454,0.344,0.5,4
0.3993785278380167,0.4066983408439264,0.452,0.4,4
0.40175123296842125,0.41022891084630814,0.5,0.4,4
0.44430459992187255,0.4641691739246138,0.4896000000000001,0.5,4
0.4181561297884635,0.4172620259349685,0.48200000000000004,0.3,4
1.1406681173218465,1.2141064977359668,1.048,0.7,4
1.09388329987951,1.1489370765684845,1.1640000000000001,1.2,4
1.1974397314112384,1.3299610020769872,1.3639999999999999,1.0,4
1.1003036923002185,1.2700689072430216,1.124,1.0,4
1.2398774613610892,1.3181857978980505,1.452,0.7,4
1.1289546145460958,1.3089486377756119,1.364,1.3,4
1.3324994700957262,1.4057096890658558,1.4360000000000002,1.6,4
1.1553181301422877,1.1688204637307609,1.052,1.2,4
1.0840784256197067,0.9895872178420223,1.112,0.4,4
1.02971606499559,1.0350677005001017,0.912,0.1,4
1.0656230316484876,1.0877821224829627,0.716,1.2,4
1.0743956144744333,1.09453867966237,1.0072,1.3,4
1.075993188669152,1.0784506281557922,1.1119999999999999,1.0,4
1.0992869760332338,1.0490968943132195,1.18,0.3,4
0.7336615737054476,0.670762894183083,0.588,0.7,4
0.601342533379333,0.5656598605401186,0.556,0.4,4
0.701738357247914,0.7043603938810474,0.532,0.9,4
0.7804826550198732,0.816837727421454,0.7704000000000001,0.4,4
0.756816273206685,0.74692862955504,0.7120000000000002,0.4,4
0.5787280046356051,0.6160536521441458,0.612,0.5,4
0.5432165940881101,0.5863959201648566,0.5871999999999999,0.9,4
0.624886848012583,0.6043343989763915,0.5720000000000001,0.5,4
0.6939002813849812,0.7019430076307686,0.5359999999999999,1.1,4
0.8731341087447885,0.8752194540077445,0.64,0.4,4
0.7941934969195821,0.7185199942066656,0.7719999999999999,0.7,4
0.8510998299688423,0.8210540020697221,0.9280000000000002,0.4,4
0.5756252631271931,0.5759432272784177,0.5928,0.6,4
0.5621044691090024,0.6100095421890823,0.49479999999999996,0.3,4
0.49287917680109644,0.4766257235579141,0.47239999999999993,0.7,4
0.414586094914264,0.3843695203511259,0.428,0.5,4
0.4299421511601539,0.4370555643901138,0.444,0.3,4
0.5634739835348397,0.5491546944744632,0.5468,0.6,4
0.4894168871052881,0.5076514667293578,0.46,0.2,4
0.500534332356754,0.5177185465885685,0.5204,0.3,4
0.40593124142733716,0.37865839236095294,0.4168,0.4,4
1.279216539491352,1.4091207981545109,1.236,0.5,4
0.9518823766251523,0.8509522337556539,0.9079999999999999,1.3,4
0.6931893943769404,0.6837107621061389,0.648,0.1,4
0.8602412358493728,1.2462424965891095,1.0999999999999999,0.5,4
0.8555553499878954,0.7897955083342311,0.6188,0.3,4
0.8536134200891589,0.9339335195859982,0.958,1.2,4
1.0046100993197775,1.0345327626546825,1.3028,0.7,4
0.3573310771459588,0.3442383168037155,0.2748,0.4,4
0.424301212875838,0.3987628181058597,0.38,0.2,4
0.352223066963606,0.31934633286715186,0.4336,0.3,4
0.541926902535997,0.6515356346767661,0.736,0.1,4
0.5008115725158304,0.464578248848295,0.4708,0.4,4
0.3537227574380465,0.3429206831596996,0.41200000000000003,0.1,4
0.35603649691357964,0.35543911441560716,0.3556,0.4,4
0.9387545295605312,0.9228836039133643,0.9159999999999999,0.8,4
0.8889282977784245,0.8837679582801841,0.88,0.7,4
0.8813008537071993,0.8882768118029162,0.8712000000000001,0.7,4
0.9346608965919819,0.9622005168215045,1.01,1.0,4
1.0427654741786856,1.0387014684316194,1.0495999999999999,1.1,4
0.9435842332807516,0.9268464093095539,0.9,1.2,4
0.9661070892157505,0.9925812964649274,1.1,0.0,4
0.8652984814600884,0.7638845360834553,0.8440000000000001,0.8,4
0.8675518023054993,0.7249572940398608,0.748,0.9,4
0.884240016375609,0.8587037102785713,0.7879999999999999,0.8,4
0.8812984652793951,0.8227928183245248,0.784,0.8,4
0.9063001050124442,0.9504281047377485,0.792,0.6,4
0.8718083937431945,0.7469438941234726,0.8,0.9,4
0.9025360826631135,0.8399119940743247,0.8879999999999998,1.0,4
0.8211503201251936,0.8096455671072578,0.7439999999999999,0.8,4
0.8581894789965326,0.7547521674168497,0.644,0.6,4
0.8154917662923451,0.8011838379121767,0.736,1.1,4
0.934517730918908,0.9110338727351508,0.912,1.0,4
0.9620851834161421,0.9509176726586179,0.988,1.3,4
1.0339214249054869,0.9856947352031323,0.8804000000000001,1.2,4
1.0118261295763895,0.9854824975921511,0.86,1.3,4
1.1638965551491505,1.1676527052888737,1.1427999999999998,0.6,4
1.22210413927693,1.169798325734352,0.9087999999999999,1.1,4
1.4287276083552387,1.522294057142922,1.5239999999999998,1.1,4
1.61891233070063,1.481343616764561,1.508,2.4,4
1.8036261637028776,1.9815708637245462,1.872,2.4,4
1.0905587261238237,1.0759274652414836,1.1792,1.5,4
1.152928337778304,1.2250541743531804,1.084,1.8,4
0.7191153578674594,0.7221888126371541,0.7440000000000001,0.4,4
0.6797514660818943,0.6019999607604374,0.4760000000000001,0.5,4
0.8092690152635944,0.7414827537792575,0.7347999999999999,1.2,4
0.8303416997743494,0.8362855938009887,0.7439999999999999,0.5,4
0.8557881434518976,0.845869029632833,0.7639999999999999,0.9,4
0.8375886632516242,0.7584796467360615,0.84,0.9,4
0.8992894506083858,0.8902369920159858,0.916,1.3,4
0.35578229354473134,0.3304145775113059,0.37,0.5,4
0.3958896150763121,0.32279089513265524,0.35120000000000007,0.1,4
0.3550252748791769,0.3493451828158616,0.38199999999999995,0.4,4
0.4056241964207056,0.40633516766648603,0.45360000000000006,0.5,4
0.4448492279519286,0.4425277106931746,0.496,0.3,4
0.33395617024168545,0.33629985774869897,0.33199999999999996,0.4,4
0.3231179272732678,0.30878396925794116,0.308,0.3,4
0.534485994264983,0.6537319785016171,0.56,0.3,4
0.37185577938500247,0.25194661623847625,0.28800000000000003,0.5,4
0.4877963567189384,0.46630053680159606,0.436,0.4,4
0.6192059860936062,0.8026568666713737,0.592,0.8,4
0.7092189294107617,0.728301514770229,0.92,0.5,4
0.38785980796443875,0.3550849290116769,0.4040000000000001,0.4,4
0.49733822420697804,0.5293882803444522,0.5776,0.6,4
1.3488788083283307,1.375670141031152,0.7759999999999999,1.5,4
1.3641868049297277,1.1977133815400791,1.288,1.2,4
1.124322998238949,1.0428848521707732,0.904,1.3,4
1.092325107096073,1.102422192203702,0.86,1.0,4
1.1631813215108715,1.3299092370499446,0.972,1.5,4
1.2628261968221925,1.2092384185026883,1.1440000000000001,1.2,4
1.2532752084164223,1.3833082244375738,1.004,1.2,4
0.4104976052919416,0.34631993426234686,0.3960000000000001,0.1,4
0.4904360016721941,0.4655799321115087,0.41519999999999996,0.5,4
0.4746767445035346,0.4705225267322433,0.428,0.2,4
0.3963714330962602,0.37216667644223833,0.4152,0.2,4
0.5134405755316752,0.5278555875377705,0.47600000000000003,0.4,4
0.4321643133419561,0.3801594809164836,0.392,0.3,4
0.35652151699892126,0.3499532283660485,0.4272000000000001,0.4,4
0.5200132574996924,0.5217901687840828,0.5680000000000001,0.6,4
0.5188623140664246,0.5289942653489361,0.408,0.5,4
0.5102784054522523,0.551193668472487,0.48800000000000004,1.1,4
0.7008916784076933,0.6803090643828773,0.68,0.7,4
0.6915262834002464,0.6573229591056657,0.6559999999999999,0.8,4
0.7168291264129354,0.6685111447073688,0.52,0.9,4
0.7302405582683269,0.7173454732570601,0.6484000000000001,0.6,4
0.3695362715183485,0.3018300307966062,0.484,0.2,4
0.2684422896206532,0.18538786851674338,0.316,0.2,4
0.26604425713583113,0.23948041969073786,0.292,0.3,4
0.291625835302324,0.3286762896925778,0.296,0.1,4
0.48444764202193813,0.6222636548797926,0.736,0.27,4
0.2914199813143151,0.24798557307127433,0.4135999999999999,0.37,4
0.2666392724756137,0.2810532327451143,0.312,0.3,4
0.430857999729939,0.2930811753707051,0.35200000000000004,0.2,4
0.35327123980016545,0.3368666980472541,0.33599999999999997,0.2,4
0.3592208507774827,0.3700827349099839,0.3948,0.4,4
0.5637631487552711,0.6920661779999417,0.716,0.2,4
0.39250967419480925,0.3653285554539285,0.4988,0.5,4
0.36524361102144726,0.38889690417784534,0.3788000000000001,0.4,4
0.33164921648344997,0.36219835123872945,0.332,0.3,4
1.136493027287025,1.2930578287420464,0.7515999999999999,0.4,4
1.1393746236077777,1.234169552981973,0.8004000000000001,0.4,4
1.364216202736181,0.9307045993564992,1.32,0.2,4
0.8071070153880178,0.678932417058796,0.924,0.2,4
0.5292215952260687,0.56251268104393,0.6708,0.2,4
0.4877361240336714,0.49144373050242174,0.52,0.5,4
0.33344209064902314,0.35921386206361927,0.44000000000000006,0.2,4
1.2648147831178258,1.207976989547995,1.216,0.9,4
1.1933201249242147,1.2107856506594377,1.0804,0.6,4
1.1085986915774042,0.9892073780627982,0.9228000000000001,0.6,4
1.251924722071709,1.281202038979847,1.328,1.2,4
1.3135136310621176,1.344208817451914,1.288,2.3,4
1.3421296453964826,1.4233771109851023,1.4040000000000001,1.0,4
1.0529148486751458,0.9312023396392536,0.9120000000000001,1.2,4
0.4813077656985858,0.46764675740404615,0.40399999999999997,0.4,4
0.4905457487701779,0.49514794662404316,0.384,0.5,4
0.4930730684495192,0.486346901316303,0.532,0.4,4
0.6042355952625917,0.6348914253246754,0.608,0.5,4
0.6548240704659095,0.6699055428418482,0.7,0.6,4
0.4935325055871901,0.5072589991233736,0.5760000000000001,0.5,4
0.4856321616619103,0.48003744270718435,0.43200000000000005,0.2,4
1.3444113960412387,1.300104754565158,1.168,0.0,4
0.9253051004997214,0.8685970081245279,0.7239999999999999,1.5,4
1.1867049179825864,1.1031040759941313,1.0759999999999998,1.6,4
1.5823244357016804,1.5991386985850111,1.6640000000000001,1.5,4
1.2750080952839657,1.2131920809869612,1.2792000000000001,1.2,4
1.2136542603238438,1.2252807526794343,1.3,1.5,4
1.1274888658630444,0.9871720763058652,1.22,1.6,4
0.7462775233660852,0.7315644963848177,0.8828,0.4,4
0.8585430281347963,0.8238296513546973,0.9523999999999999,0.1,4
1.4146194606715508,1.3196903403282954,1.1320000000000001,0.9,4
1.3693890478474324,1.1070320678961993,0.9640000000000001,0.8,4
1.3828601853352938,1.1538991052190268,0.9560000000000001,1.9,4
1.7140508484862311,1.4700053067305272,1.244,1.1,4
2.2040355454861826,2.7331746050338417,1.244,1.7,4
1.1171990563190726,1.1587506761990758,1.152,0.5,4
1.3704383972612268,1.3093339088617988,1.35,1.28,4
1.2379480902094668,1.2166396725775037,1.38,1.25,4
1.4117384131326656,1.3376823554634798,1.3448000000000002,1.7,4
1.3912556258814683,1.4262474009071502,1.4736000000000002,1.7,4
1.220273395080095,1.2287736925132906,1.196,0.9,4
1.019075765683015,1.0197822588062755,0.7951999999999999,1.0,4
0.975354247176156,0.9369068616930112,0.8227999999999999,0.6799999999999999,4
0.989296364275664,0.8747105604847196,0.8591999999999999,0.7,4
0.9502702475667943,0.853602441193413,0.7672,0.37,4
0.7829639725935855,0.8732827859536002,0.8048000000000001,1.17,4
0.91446167019889,1.0035298289636088,0.9296,1.0,4
0.8411946049451251,0.8528570927125884,0.8588,0.5,4
0.6858938773739482,0.6710723422674303,0.564,0.6,4
0.47548654424256986,0.45772667514241516,0.4764,0.5700000000000001,4
0.48611615055711344,0.4789185037402584,0.5039999999999999,0.4,4
0.48835922423439154,0.4512554599612799,0.46799999999999997,0.4,4
0.6091460778491794,0.6199089746304154,0.5920000000000001,0.6,4
0.6012400109010925,0.6205705891139319,0.6439999999999999,0.6,4
0.4910578007590221,0.5165990054514634,0.6628000000000001,0.2,4
0.40992104773405535,0.3387143477929567,0.32800000000000007,0.3,4
5.2615456305866966,4.233399060094208,4.592,5.3,4
4.771148334489061,4.304674128239978,4.66,6.1,4
5.045819871667998,3.85366883069327,5.084,5.2,4
4.915923825595712,4.320223906068458,4.912000000000001,8.1,4
5.389087439444889,6.146388878188347,5.188,8.0,4
5.125620393272635,4.4484664832676994,5.0040000000000004,6.3,4
5.107687983895439,4.748901344411858,4.808000000000001,6.0,4
0.4079843836090001,0.36625276990232614,0.33480000000000004,0.2,4
0.3884108975920081,0.3430517023234758,0.368,0.7,4
0.4205774141943293,0.42810296904221756,0.4,0.5,4
0.47768688933441933,0.5025040959113378,0.4640000000000001,0.6,4
0.4751740872343516,0.485004630505563,0.508,0.6,4
0.43170458235482667,0.4285351073195754,0.46,0.6,4
0.4191146653101601,0.4231897727859601,0.43199999999999994,0.3,4
0.8596440765989075,0.8406948190438396,0.74,0.2,4
0.7279370885926995,1.046273385843293,1.1,0.6,4
0.6178092971801721,0.6486127724741815,0.7,0.4,4
0.4808140562717002,0.6401177873506029,0.49599999999999994,0.5,4
0.5152129155329592,0.6709419111559333,0.504,0.2,4
0.5304276412201745,0.5993157832816466,0.41200000000000003,0.3,4
0.6021213261264639,0.698946005858958,0.544,0.2,4
0.4067917096574265,0.3104133620883507,0.38199999999999995,0.5,4
0.421755080355804,0.3867617252702045,0.3588,0.5,4
0.517610355436078,0.49989435991835973,0.44,0.7,4
0.5790470788510211,0.5839825118729554,0.528,0.9,4
0.5235984284824748,0.581830506296623,0.564,0.6,4
0.5072503300617722,0.4879220298458828,0.5272000000000001,0.4,4
0.44141685839198613,0.4636654981858068,0.45159999999999995,0.3,4
2.57203383619117,2.5561741554062625,2.3187999999999995,2.1,4
2.3472058410578978,2.324578349590781,2.024,2.3,4
2.369381564049236,2.4530067386953522,2.322,2.8,4
3.180454218356512,3.237787046103346,3.1079999999999997,3.9,4
3.242659361145625,3.1161900498502044,3.3600000000000008,3.3,4
2.6254288148486222,2.7723399118659913,2.7868,3.2,4
2.4029623277272196,2.591827710562792,2.5948,2.0,4
0.8544933606801707,0.8036370279840778,0.6095999999999999,1.1,4
0.954386157330019,0.8878247835654433,0.8440000000000001,0.8,4
0.5796796059294946,0.684581618919389,0.7031999999999999,0.6,4
0.6385650764237119,0.8114204435611957,0.8,1.4,4
1.1938512031335866,1.0184589790060383,0.9319999999999999,1.2,4
0.9724158599687353,0.7687324498942372,0.8548,0.4,4
0.5729539101848226,0.6715209034827239,0.5528,0.5,4
0.8264388224768224,0.808479551190795,0.7163999999999998,0.6,4
0.7629866673647328,0.6799064898927458,0.6759999999999999,0.8,4
0.6695122902675636,0.6565038962833836,0.782,0.9,4
0.8402542290636112,0.8827228125609247,0.848,1.3,4
0.9587266352108272,1.132507049004651,1.14,0.5,4
0.8253098150630251,0.7457828946026807,0.8107999999999999,0.6,4
0.6496424114617136,0.5933850813808996,0.7103999999999999,0.3,4
0.5740291144991265,0.5711845470855816,0.5888,0.5,4
0.5139291298667494,0.49875038756943857,0.48400000000000004,0.47000000000000003,4
0.48717181056749526,0.47040791140446453,0.4924,0.4,4
0.6224401691689619,0.6266154645928111,0.6067999999999999,0.9,4
0.600736897581724,0.6382664087470081,0.5319999999999999,0.9,4
0.5903658567077138,0.6451162041048878,0.612,0.4,4
0.47343889799296285,0.44096940863220824,0.376,0.9,4
0.8459239365242457,0.844116851927609,0.7800000000000001,1.3,4
0.9617998994625322,0.897076906339735,0.924,0.8,4
0.926108678283901,0.9661812498939327,0.9039999999999999,1.08,4
1.0057140422497493,1.0404960885866243,0.8639999999999999,1.6,4
1.2373034239744263,1.1950712914303476,0.9520000000000001,0.8,4
0.964346514880322,0.9767714385957798,0.828,0.7,4
0.975219667247563,0.9030500162171164,0.816,1.2,4
0.3586577118726537,0.3440659514484734,0.3948,0.5,4
0.4180168506576031,0.3547366014293716,0.34800000000000003,0.4,4
0.33568368386203806,0.3376111687383557,0.38,0.4,4
0.47466962251873196,0.45197634716443646,0.498,0.2,4
0.4435634493735115,0.44367738362415277,0.504,0.6,4
0.3414634001210437,0.3651413863050049,0.44400000000000006,0.4,4
0.48041475249391025,0.44986814871934916,0.384,0.2,4
0.7006230148628751,0.6272968496881779,0.6139999999999999,0.4,4
0.6983962833518722,0.6144557850567214,0.6960000000000001,0.4,4
0.6364205374269389,0.5982103926079928,0.672,0.7,4
0.6531071496950605,0.5879546422281439,0.56,0.5,4
0.6936184250789601,0.6273224538183069,0.6559999999999999,0.5,4
0.5613991282218109,0.5320867713391028,0.6272,0.8,4
0.6095215551631327,0.6060597220428721,0.6472,0.2,4
0.5815930887900593,0.5871955769849715,0.536,0.4,4
0.5855601495935239,0.5761173987679957,0.47119999999999995,0.2,4
0.5257816586613142,0.5200421534425048,0.594,0.4,4
0.6084499267445463,0.6142941559361224,0.64,0.8,4
0.6193571735469985,0.7045129940455632,0.7239999999999999,1.0,4
0.5983739338503582,0.6306663515486588,0.5347999999999999,0.5,4
0.47438918304046107,0.4129400276458968,0.38,0.5,4
0.6711258533443842,0.6583749933197277,0.6296,0.27,4
0.5799165082422503,0.5635174588936314,0.45120000000000005,0.27,4
0.4853432729196739,0.43352605719214266,0.5939999999999999,0.7,4
0.6375527408114494,0.6414386172386468,0.608,0.9,4
0.6736684731438626,0.692175371747716,0.8160000000000001,0.8,4
0.5828550931214285,0.6086860491413154,0.5479999999999999,0.8,4
0.4938025748588344,0.4486372296366599,0.4108,0.4,4
1.0061600560945632,0.9714173715059418,1.0856000000000001,0.4,4
0.951686205657092,0.9698705000800875,0.982,0.6,4
0.9428981183455689,0.9998544413159265,1.112,1.0,4
1.084976408720909,1.0892569082375179,1.2472,1.1,4
1.0390763865279098,1.1224717135731024,1.092,0.9,4
0.8637247597914904,0.886647212501589,1.048,0.6,4
0.8237633489183144,0.8440812462731653,1.0111999999999999,0.8,4
0.7732441951479992,0.7155811258041808,0.6139999999999999,0.8,4
0.8024608033395577,0.7217632749289293,0.664,0.6,4
0.7896292188805628,0.7528709293175954,0.592,0.5,4
0.8375187211656444,0.8038882506361162,0.72,0.9,4
0.8374485878746524,0.8891072142621194,0.7591999999999999,1.0,4
0.7650882697074984,0.7386391909367938,0.708,0.5,4
0.6212057838482037,0.6296469027257469,0.5431999999999999,0.5,4
0.8907689993445016,0.8620783205620285,0.8856,0.6,4
0.8596675752877627,0.839668330512931,0.8560000000000001,0.1,4
0.8280018465767328,0.7772006610291986,0.8947999999999999,0.78,4
0.9031780153341653,0.9339303547729048,0.9624000000000001,0.5,4
0.8886322389779785,0.8362287291381375,0.8724,1.6,4
0.8563696886139283,0.9194761232277071,0.86,0.6,4
0.7062641429457255,0.7571104138433489,0.7408,0.9,4
0.619851879277177,0.60753344259002,0.5712,0.1,4
0.5433236411319284,0.5702282894959013,0.4824,0.4,4
0.5329521452978322,0.6054725727011481,0.54,0.4,4
0.45395683165421796,0.41406002752921345,0.4508,0.8,4
0.4503496563169253,0.45748578079299884,0.504,0.9,4
0.6512789576954003,0.6895699118972852,0.664,0.4,4
0.5332014719878528,0.5729624518534049,0.484,0.3,4
0.5905878278114812,0.6181034507418925,0.5720000000000001,1.0,4
0.6345417280536011,0.6333390494523294,0.6496000000000001,0.6,4
0.54609244064936,0.5170451889223731,0.504,0.5,4
0.7445269051327551,0.745738387535737,0.76,0.9,4
0.8120207212525393,0.8177697917049714,0.7792000000000001,0.8,4
0.5795682818973105,0.5599200634350847,0.5000000000000001,0.5,4
0.5595926848930556,0.5617774307334542,0.54,0.7,4
1.1257817830446128,1.089892175983435,1.0439999999999998,1.5,4
1.1396757851106407,0.9063843587427198,1.176,1.3,4
1.1475127451046943,1.0012099276651434,1.088,1.1,4
1.0607896171529767,1.0534289138512944,1.14,0.8,4
1.0999365772015741,1.1969025794165762,1.188,2.4,4
1.141921563435347,0.9915418371527618,1.1480000000000001,0.6,4
0.7400819867355751,0.801686991592727,0.884,0.8,4
0.8210360792143974,0.7590367373623182,0.636,0.8,4
0.8708223686240901,0.7666028275261276,0.664,0.5,4
0.530193158654725,0.4568013971053648,0.52,0.5,4
0.5086819910483054,0.6366298304750838,0.4744,0.6,4
0.5792873293454032,0.5943736891674297,0.552,1.0,4
0.5782766113695742,0.567925674458865,0.58,0.4,4
0.6383189458745928,0.6207339615187462,0.4640000000000001,0.6,4
1.2264863926065477,1.3209246417883258,1.1560000000000001,1.5,4
1.1968394424348432,1.23338611511645,1.228,0.2,4
1.0017352472596506,1.026759779111161,1.094,1.3,4
1.7205255076477928,1.73266136837108,1.84,1.8,4
1.722405079172088,1.7794033299028604,1.736,1.6,4
1.389856324794489,1.3537081527616328,1.2400000000000002,0.9,4
1.167913677011741,1.1217475038037215,1.232,2.0,4
0.3950253132876842,0.389313762176414,0.456,0.1,4
0.39239644374007243,0.3390021322584966,0.3836,0.47000000000000003,4
0.41310874028269856,0.35201259383443606,0.40320000000000006,0.1,4
0.4362127084755763,0.41925861313610274,0.456,0.6,4
0.4768126926755848,0.4729754042646862,0.44800000000000006,0.6,4
0.4122187694598966,0.3674078911932085,0.39599999999999996,0.4,4
0.414197116486327,0.41835933403917874,0.456,0.1,4
0.5676930479238655,0.49437439956315954,0.38799999999999996,0.7,4
0.6118428295837843,0.5888730995787987,0.5776,0.5,4
0.5813510792748906,0.5954294940444711,0.5963999999999999,0.5,4
0.6065155897842079,0.7051528305574677,0.568,0.6,4
0.6584853807628963,0.7340396026939707,0.7440000000000001,0.5,4
0.5385385741088382,0.5800987481935693,0.7880000000000001,0.3,4
0.4817807252239073,0.5170896645963762,0.4696000000000001,0.4,4
1.0131034462001773,0.8917291545710537,0.9068,0.0,4
0.8015708476103364,0.8179014273297945,0.8175999999999999,1.0,4
0.8477160407506725,0.9533633802567111,0.86,0.9,4
0.8829950841752632,0.9900618367013307,0.8032,0.5,4
0.8341994570820465,0.9222508592373174,0.628,1.7,4
1.242509335154265,1.1424022468533792,1.3519999999999999,1.6,4
1.1269469671808794,1.1659065879781583,0.9788,0.7,4
0.41591788101462224,0.4038248561353691,0.4188,0.4,4
0.4494495735240259,0.3634511764435955,0.32800000000000007,0.3,4
0.3317265495062463,0.3301901350040375,0.344,0.2,4
0.48889165994629363,0.4712375381731281,0.44,0.9,4
0.5924431547340901,0.6459713357815782,0.588,0.5,4
0.40096747985328324,0.37034736914198224,0.436,0.6,4
0.4236984446527735,0.4374285731560472,0.392,0.5,4
0.7911379878071112,0.7579369012765992,0.7828,0.8,4
0.766150209797462,0.7155247613318204,0.726,0.4,4
0.6891639496280724,0.5861904454578009,0.6284000000000001,0.7,4
0.7323333253815861,0.7106341423832544,0.7559999999999999,0.9,4
0.7922210301609545,0.7958645514851244,0.8320000000000001,0.9,4
0.8809534833512712,0.8715010416176938,0.7988,1.0,4
0.6243987592188505,0.5646096602028188,0.5748000000000001,0.8,4
0.4929917972729759,0.5037590201960396,0.54,0.3,4
0.48876610331988135,0.48820589946829346,0.41119999999999995,0.37,4
0.41604204199872025,0.3650394267402152,0.4692,0.3,4
0.5664044429203027,0.5715907218134766,0.64,0.8,4
0.6118429779102169,0.6492066932659929,0.752,0.7,4
0.4922250883119551,0.5511210439285013,0.5108,0.2,4
0.38586009921719705,0.31600643435673126,0.364,0.4,4
0.26680542486107456,0.24063239989860052,0.276,0.0,4
0.26725368181097814,0.20111455768415265,0.324,0.0,4
0.25199919294132106,0.18920057503019327,0.23199999999999998,0.0,4
0.27912486146210236,0.22729290354344078,0.42,0.0,4
0.27304083013714747,0.22459905679373426,0.296,0.0,4
0.2636483014153152,0.23026173228438918,0.26,0.0,4
0.26154877777054825,0.23418266697032908,0.22799999999999998,0.0,4
0.48984308076109867,0.4646130587299346,0.41600000000000004,0.6,4
0.5361582400512019,0.47678275295268324,0.5036,0.4,4
0.5379764150074081,0.4624374309406445,0.47720000000000007,0.4,4
0.5955227643506772,0.5583086099084369,0.5880000000000001,0.7,4
0.686041976166711,0.6078662315943741,0.556,0.7,4
0.5919834838593677,0.5223619835965092,0.54,0.0,4
0.5035052889766827,0.48353455267506606,0.524,0.3,4
1.6120413024771705,1.6036111584997739,1.136,1.8,4
1.6645070691871287,1.5713269823083564,1.28,1.2,4
1.5986337883636113,1.4380693685557735,1.344,1.1,4
1.6375852621325182,1.5676582781971387,1.592,1.2,4
1.604093075758506,1.4601505064390845,1.6639999999999997,1.8,4
1.388838462740482,1.384190503813179,1.308,1.1,4
1.359755879177212,1.3436289190060544,1.2272,1.1,4
2.578747363718217,2.4416554532287362,2.5347999999999997,1.7,4
2.320094928936741,2.1336805348522683,2.2228000000000003,2.7,4
2.9602575351849807,2.7395674863733204,2.588,2.4,4
3.29431699431364,3.2624152953947836,3.1719999999999997,4.5,4
3.4402479526715295,3.694654064683937,3.5640000000000005,3.7,4
2.541939889742331,2.8032932898760268,2.452,2.3,4
2.1620800040358805,2.2405616434541584,2.052,2.4,4
1.0990664889694073,1.1519876148072246,1.0748,1.5,4
1.2370393663727277,1.2523092191307574,1.3559999999999997,1.3,4
1.2092341512344194,1.2730914035956253,1.236,0.6,4
1.5202772727103602,1.4217228706759681,1.34,1.3,4
1.6144202171416318,1.5634439715240311,1.548,1.8,4
1.3444468807338636,1.400493802496325,1.24,0.8,4
1.2322819070693656,1.2544330612482089,1.172,1.8,4
1.353335865841747,1.3439591836812892,1.2868000000000002,1.3,4
1.3588020704726227,1.3365884903865592,1.112,1.4,4
1.3694722042301952,1.339986214513108,1.2559999999999998,0.9,4
1.5238433559207458,1.410562712012319,1.3319999999999999,2.5,4
1.8716390455893077,1.9342321524005532,1.82,3.1,4
2.0239389248635193,1.9453624927454387,1.8032,1.4,4
1.381257746987635,1.4033364207790149,1.1320000000000001,1.6,4
0.5703211497937987,0.52335847279354,0.512,0.1,4
0.5214148591498958,0.46983767132836446,0.40800000000000003,0.6,4
0.541387261250043,0.5616061579929061,0.48400000000000004,0.3,4
0.5913275823543147,0.5887680582625072,0.528,0.7,4
0.616380964683396,0.6491807453698495,0.5920000000000001,1.0,4
0.5911407717444037,0.5940744417611916,0.42,0.2,4
0.5653901439741705,0.6256531823659759,0.58,0.5,4
0.4238746723620683,0.40680158652495463,0.35480000000000006,0.3,4
0.4003439041017914,0.35647063744661955,0.3664,0.7,4
0.4112798569100712,0.3829297090044537,0.444,0.4,4
0.562636742233803,0.5493761961429813,0.45599999999999996,0.4,4
0.45962893033187563,0.44394261174895117,0.46799999999999997,0.4,4
0.4922740010081868,0.4563998629246166,0.38799999999999996,0.4,4
0.41071944332882593,0.40790959187485065,0.4032,0.5,4
0.5791862093109063,0.5518439749594832,0.648,0.4,4
0.5218765000322333,0.4561647798334405,0.56,0.1,4
0.5240580772616436,0.46233063212143816,0.68,0.5,4
0.6333473148745244,0.6388429788822967,0.8000000000000002,0.7,4
0.6947539136671685,0.7172092076693954,0.912,0.9,4
0.6579198506973012,0.7093703548302109,0.8240000000000001,0.5,4
0.6386533790771348,0.6370766990096776,0.704,0.7,4
1.1882017415546253,1.205746906643423,1.1228,1.7,4
1.2088618108721407,1.2544158765342481,1.1400000000000001,0.8,4
1.1252157473604096,1.2135526989976186,1.254,0.5,4
1.2335055663701793,1.2546319584183432,1.004,1.9,4
1.7884474478843508,1.8223533093972435,1.704,1.7,4
1.2148650425038723,1.2655731939792383,1.252,1.4,4
1.332596625040804,1.4359724171651866,1.2312,1.3,4
0.40935013290341,0.3973454772798474,0.5204,0.6,4
0.3433881049099808,0.3405280002830262,0.34,0.1,4
0.3625499703176229,0.37172985482759346,0.35,0.6,4
0.42136305614062797,0.4181006300918506,0.46799999999999997,0.4,4
0.3968322465103812,0.40266822724910245,0.396,0.5,4
0.42379168764547454,0.40257598804800043,0.35200000000000004,0.5,4
0.4354731643225284,0.4096437374357694,0.444,0.5,4
1.603633302952496,1.59617111779435,1.7,1.7,4
1.6224059896243153,1.651363228481317,1.6799999999999997,1.8,4
1.676523316507642,1.7425765530339068,1.6720000000000002,1.0,4
1.7109349011696657,1.6880534292661997,1.58,1.5,4
1.6886949956348094,1.8674773809170153,1.5639999999999998,2.3,4
1.793289445012621,2.1215931921717512,1.7800000000000002,1.3,4
1.6281929884391808,1.7854680233805573,1.7920000000000003,0.8,4
0.7311759539925454,0.7250812479775169,0.8068,0.8,4
0.7083493605458885,0.6531343565239176,0.528,0.6,4
0.8158062358040329,0.7772688423724431,0.62,0.0,4
0.7019025793204658,0.7250813824291189,0.5720000000000001,0.6,4
0.7941232367349079,0.8083146471609961,0.872,0.8,4
0.6903850254425168,0.7241138408461376,0.6948000000000001,0.6,4
0.7035962105739981,0.7197401581228473,0.8136,0.4,4
0.5116115100602453,0.49918922479647443,0.5479999999999999,0.4,4
0.4179089204994069,0.3654932433883291,0.39799999999999996,0.3,4
0.4881857524726723,0.5035983562777606,0.4360000000000001,0.7,4
0.5878489621697348,0.5937018174701594,0.632,0.0,4
0.643943226434746,0.5623076744781181,0.564,0.7,4
0.48141507310054055,0.4773126979811782,0.488,0.8,4
0.4845312770783645,0.5175447173964328,0.444,0.3,4
1.428130362231458,1.4109180416796598,1.2428,1.3,4
1.4506103165727318,1.4275876710754005,1.256,1.0,4
1.4129906296596808,1.377030993462367,1.244,1.6,4
1.7705267845212798,1.7667563655417928,1.7,1.8,4
1.7905641646241903,1.797249419548708,1.7919999999999998,2.0,4
1.5645140965187156,1.6146031032596864,1.6440000000000001,1.3,4
1.413607047290879,1.4057486229993887,1.2399999999999998,1.5,4
0.8438458349621243,0.8850361867078818,0.8512,0.3,4
0.7725617075653191,0.717094539804672,0.804,0.3,4
0.7966639466068761,0.7593649215364413,0.8948,0.8,4
0.7619006106383992,0.8645984608353349,0.926,0.4,4
0.9479785517101129,0.9773686940578191,0.9276000000000001,0.8,4
0.7901769704433454,0.8774935769306005,0.8308,0.5,4
0.8695386606544833,0.8896288192094328,0.7788,0.8,4
0.9045546153687463,0.8288221333751742,0.8455999999999999,1.1,4
0.904962502971215,0.8690084674447466,0.9200000000000002,0.6,4
0.8979844573905653,0.8740266846254567,0.872,1.0,4
0.9014078385022467,0.9854554431528221,0.8759999999999999,0.7,4
0.9145806932420288,0.9320612654932485,0.9119999999999999,0.9,4
0.9660404255067927,0.9085064645364435,1.0119999999999998,1.3,4
0.904357711311964,0.9902249590017056,0.8736000000000002,0.8,4
3.4362861565039453,3.4014674154567337,3.6639999999999997,2.4,4
3.28167945577628,3.1252915938782238,3.312,2.9,4
3.6290963347140686,3.4536205314005324,3.6839999999999997,3.0,4
3.741217537166943,4.08370830114389,4.072,2.7,4
3.611766828396147,3.779635181653667,3.536,4.7,4
3.963085927239577,4.326886193793307,4.212,4.2,4
4.00438072228719,4.960679854489326,3.58,2.5,4
0.5347435851269885,0.5599234121812408,0.5468,0.0,4
0.3649329064780417,0.343541441546215,0.3568,0.8,4
1.064287162160572,1.0944426413927721,1.0279999999999998,0.6,4
0.5071868965532962,0.3575401248084732,0.47600000000000003,0.6,4
0.574259664552582,0.5623495636001932,0.612,0.9,4
0.566633392449116,0.580931320257172,0.5831999999999999,0.7,4
0.564954944122195,0.5769184207305353,0.5672,0.1,4
0.35324645650892833,0.32825455487421307,0.4432,0.2,4
0.34995308922571866,0.3217142717980196,0.35120000000000007,0.3,4
0.4344000735487276,0.4477373782351599,0.38400000000000006,0.2,4
0.5119964886512829,0.5260371512447254,0.552,0.5,4
0.4952709285413175,0.48967723829218307,0.5720000000000001,0.4,4
0.4282145340679158,0.39247898411034293,0.45199999999999996,0.5,4
0.4218145761676241,0.38806722167267493,0.41200000000000003,0.4,4
1.1200189822608222,1.453240016015376,0.8839999999999999,1.5,4
1.3306095504955227,1.1872795435153793,1.4,1.8,4
1.5077050188745702,1.3433426768645842,1.3840000000000001,1.1,4
1.3223267215878796,1.2863344170662316,1.048,1.3,4
1.4237404515427725,1.2272357865791776,1.3679999999999999,1.8,4
1.2569658569340416,1.16816235849354,1.2160000000000002,1.2,4
1.24947400195574,1.2993632823127403,1.1163999999999998,1.2,4
0.6374286889531924,0.7572752200604786,0.74,0.6,4
1.1342490408832497,1.1091477539819157,0.7760000000000001,1.2,4
0.8992845055713548,0.7126611555771638,0.88,0.8,4
1.1419710782079868,1.1005969670962008,0.764,0.8,4
1.1217232693676717,0.9834835843104887,0.9560000000000002,0.8,4
1.133462739399928,1.219891086069708,0.7559999999999999,0.2,4
1.1036217214241704,1.0038610788721152,0.9280000000000002,0.2,4
0.28481236342581384,0.257223508954475,0.31199999999999994,0.2,4
0.27055740795502176,0.24058977654649238,0.30400000000000005,0.3,4
0.2804927421602751,0.26599059790730006,0.37599999999999995,0.2,4
0.305394803143752,0.3153127076561594,0.37200000000000005,0.2,4
0.31064522161810726,0.31701991805441343,0.3488,0.4,4
0.30643710900559173,0.2804656228345084,0.36,0.1,4
0.3867250190249682,0.39133473945579905,0.484,0.3,4
0.5008677986369764,0.36674076740976597,0.456,0.3,4
0.5186536317818194,0.46373107137995856,0.44799999999999995,0.5,4
0.5571329033265932,0.5761232478894073,0.488,0.4,4
0.5501209630678083,0.5105663798965077,0.5720000000000001,0.4,4
0.5706267829318244,0.6004546522271559,0.544,0.9,4
0.5527807229858658,0.5878234201448183,0.6107999999999999,0.5,4
0.4727393597314753,0.4453832879164969,0.504,0.1,4
1.6361820429803884,1.5678832455417446,1.1480000000000001,0.5,4
1.0444169676625543,1.1683958385204916,0.8320000000000001,0.1,4
1.358018361662873,1.1037150446901316,1.34,0.4,4
0.8578616027407289,0.7834439926448619,1.1159999999999999,0.5,4
0.5989698692042268,0.7373002600104285,0.6828,0.6,4
0.6775834815939178,0.49268105341445084,1.02,0.3,4
0.34390652887898654,0.4026726767704948,0.496,0.4,4
0.33952671309187116,0.31611037127716757,0.29600000000000004,0.2,4
0.3169061781112874,0.28823753627577875,0.32520000000000004,0.5,4
0.325340338210097,0.3197096807467481,0.344,0.2,4
0.36945876657695625,0.33470506864339666,0.34800000000000003,0.0,4
0.39747837121316504,0.3672257237771701,0.46440000000000003,0.5,4
0.3501409980642278,0.3525569216882708,0.39840000000000003,0.2,4
0.3525842651661495,0.35551740129548814,0.3896,0.6,4
0.6104044741492758,0.5684107972428698,0.56,0.5,4
0.4569522225752941,0.4241809964196488,0.3824,0.1,4
0.46136783004077114,0.45306570238023824,0.45,0.4,4
0.5024785858819679,0.5335160800759234,0.46199999999999997,0.5,4
0.504627389042113,0.5182432127340096,0.54,0.3,4
0.42276576431382695,0.4073828341197114,0.45039999999999997,0.6,4
0.4296651518251626,0.40031844892283097,0.456,0.4,4
1.4433383541764477,1.5136951806118173,1.4520000000000002,0.5,4
1.2866160887007505,1.212112393182042,1.1636,0.2,4
1.2422849052815843,1.1132711914893878,1.1471999999999998,0.9,4
1.517238312803537,1.4356016399064768,1.52,0.9,4
1.3590138785597845,1.3500494009009516,1.3,1.3,4
1.0172032256298429,1.048174944750763,1.0919999999999999,0.3,4
0.9627296858316496,1.0126323713347518,0.9076000000000001,1.0,4
0.6590034182393597,0.6248257464379248,0.606,0.8,4
0.7187235593984089,0.7101506628878247,0.7119999999999999,0.7,4
0.6823510137670283,0.6648635883130074,0.664,1.0,4
0.64317798418979,0.6880583065675432,0.6679999999999999,0.7,4
0.6657089636879109,0.6868497701810723,0.836,1.0,4
0.653233548178,0.6996891960360678,0.6392,0.9,4
0.6317990015719899,0.6647120176981682,0.7095999999999999,0.2,4
1.3498859547986224,1.2884607038872131,1.18,1.3,4
1.35637438614687,1.2352144686639326,1.1920000000000002,0.7,4
0.9605812186108661,0.8568253599359169,0.9840000000000001,1.2,4
1.3905141833104973,1.4294858527961245,1.4147999999999998,1.7,4
1.5531975016110693,1.4847964931644209,1.5707999999999998,1.0,4
1.19475268308691,1.1926660182501336,1.116,1.6,4
1.1828570100805165,1.2507535459691412,1.1920000000000002,1.4,4
0.9688200888600988,1.0199083875215436,1.0148,1.0,4
1.1279148614576893,1.0718201646048762,1.268,1.2,4
1.0787825975609306,1.0650919883444656,1.1376,1.1,4
1.166872592857549,1.1078514951019647,1.1980000000000002,1.2,4
1.1937472969291272,1.1766916119525366,1.0244,1.2,4
1.191860465046191,1.205426057691391,1.0908,0.9,4
0.8994676209908107,0.8891509842733001,0.7719999999999999,1.2,4
0.6378309668336655,0.5814068241546432,0.5596,0.8,4
0.6983454101249641,0.666924441371072,0.6696,0.8,4
0.6466231481585545,0.6482241539768145,0.524,0.9,4
0.7349680988161612,0.7711200227888598,0.674,0.9,4
0.8026118435319582,0.8192694621620431,0.8519999999999999,0.9,4
0.8123593629957605,0.7681146829147143,0.728,0.8,4
0.7119464725537733,0.7291910340463091,0.7432000000000001,0.5,4
0.4821024991238058,0.4721811382527331,0.5084,0.3,4
0.4858750557909296,0.43596264636740656,0.43200000000000005,0.4,4
0.48853729449575617,0.4413681954699681,0.43200000000000005,0.1,4
0.5712138116550347,0.5503564545335526,0.54,0.5,4
0.602059510775532,0.6228581293613323,0.72,0.7,4
0.4678465868543638,0.4518411348468148,0.348,0.2,4
0.38917231379865674,0.3510770783829923,0.46959999999999996,0.4,4
0.39825781003332406,0.36965285822637944,0.348,0.1,4
0.3908514675715651,0.3425846426140374,0.3972,0.1,4
0.4762971662474494,0.5077731789196125,0.40399999999999997,0.3,4
0.393285504872729,0.3670283807246537,0.54,0.6,4
0.4013539039107962,0.42230028345297943,0.4799999999999999,0.3,4
0.35317025402699415,0.35908937791829776,0.3872,0.4,4
0.3272993164291471,0.31797242424852235,0.36400000000000005,0.3,4
0.9418470023808887,1.0108597384796416,1.004,0.8,4
0.9528478110855638,0.8965762918517416,0.816,0.2,4
0.8506330478666645,0.8598090448552735,0.624,0.6,4
0.7156130551682774,0.6254234350608898,0.6112,0.2,4
0.7159749539451353,0.688955823374975,0.612,0.3,4
0.6452711093387872,0.6329160503787072,0.7312000000000001,0.3,4
0.6740495880461529,0.6553102601215639,0.64,0.3,4
0.322950837000883,0.30540942606038246,0.30400000000000005,0.6,4
0.4038875776966804,0.37745384647636504,0.38400000000000006,0.5,4
0.48692710067779466,0.5006296272079234,0.40800000000000003,0.3,4
0.5580950144545398,0.5503745941324343,0.44800000000000006,0.5,4
0.4316400225425744,0.4294076410826555,0.32400000000000007,0.8,4
0.42482177106108326,0.4550150999235864,0.43599999999999994,0.1,4
0.49395448929729613,0.5430683694791886,0.5984,0.4,4
2.7714878388263138,2.745170170918617,2.7680000000000002,2.4,4
2.522990358460777,2.5659724639501444,2.4816000000000003,2.7,4
2.6576350141608795,2.7969092648294787,2.5720000000000005,2.7,4
3.194464719568787,3.161777683130616,3.072,4.9,4
3.4929729472167894,3.681711140007546,2.9920000000000004,4.0,4
3.0514888067534405,3.3905770156454453,3.1368,3.4,4
2.8412921834564466,3.1099160285593848,2.824,4.5,4
0.5989939817215739,0.6471747471436873,0.5800000000000001,0.3,4
0.44722996413544547,0.570183914084426,0.46240000000000003,0.4,4
0.4477441212193923,0.6056843464443936,0.524,0.4,4
0.4983648664007211,0.6958276594151516,0.5979999999999999,0.9,4
0.736233620380544,0.7807283029884372,0.6472,1.3,4
0.8106169682830996,0.7119632858160496,0.7748,0.4,4
0.48077641122712134,0.5282934259395762,0.5804,0.6,4
0.5113594890358905,0.5463184396817264,0.428,0.3,4
0.5169073291800775,0.5622540000382976,0.5680000000000001,0.5,4
0.5136596098333601,0.5707916978778913,0.472,0.3,4
0.600624172724151,0.6571274828702623,0.6272,0.4,4
0.5944130261255006,0.6514993557242006,0.612,0.5,4
0.523513480296842,0.5904734007122522,0.504,0.4,4
0.4814018235712049,0.5429173250652369,0.424,0.4,4
0.6046330108791091,0.638784342786676,0.7295999999999999,0.5,4
0.5328587684895476,0.49292668823888985,0.5404,0.6,4
0.5809233723323782,0.5652557683624956,0.544,0.9,4
0.6800640777532045,0.6867013370664963,0.608,0.8,4
0.7130871106311567,0.7164382732256782,0.868,0.9,4
0.660281424736597,0.6626104695351199,0.552,0.5,4
0.621052091987051,0.6392587682020554,0.6335999999999999,0.1,4
0.7241267256287665,0.7308495629369866,0.6428,0.6,4
0.7627321205131525,0.7128618178574367,0.7268000000000001,0.5,4
0.5589992498731012,0.4833519855385514,0.5152,0.1,4
0.682768596817709,0.7172366319154512,0.824,1.1,4
0.8061144038201923,0.8780747028652351,0.8320000000000001,0.7,4
0.6828432350864719,0.649191426628625,0.6759999999999999,0.9,4
0.6064455346869725,0.5597898728082491,0.5880000000000001,0.6,4
1.1045950696853846,1.0619598978320188,1.136,1.5,4
1.09462503245401,1.0383323038724892,1.056,1.1,4
1.0954215547045125,1.0400976675287446,0.9159999999999999,0.7,4
0.9225938981587075,1.006131361589715,0.9800000000000001,1.2,4
1.0542832419479655,1.217880307357039,0.88,1.3,4
1.1768665412873933,1.1540905040818588,1.304,1.0,4
1.099453894992343,1.0710022777793364,0.988,1.1,4
0.8038466220442206,0.7523165111219666,0.7920000000000001,0.3,4
0.715977161105648,0.6471925193082074,0.7311999999999999,0.24,4
0.6988120941609691,0.6288217600508224,0.6712,0.7,4
0.6472656997588199,0.6422599578383923,0.544,0.7,4
0.6479382036705575,0.647624783393844,0.644,0.4,4
0.5590027334661537,0.5604601681779406,0.5307999999999999,0.6,4
0.5755083043051621,0.5637589104018754,0.528,0.7,4
0.8278311938051964,0.8160060715545641,0.6628000000000001,0.6,4
0.8442188054451026,0.784709226988553,0.6524000000000001,0.7,4
0.7123761847077362,0.6535543627933261,0.6484000000000001,0.6,4
0.7302291471017367,0.7991269444140559,0.748,0.9,4
0.7809137210669979,0.7923271524359171,0.7903999999999999,0.8,4
0.6851419513032494,0.7055275194786154,0.6067999999999999,0.4,4
0.573751920427937,0.5619912018274433,0.5568,0.2,4
0.5367745138355289,0.5626753597751424,0.5160000000000001,0.6,4
0.45477330280207684,0.4016584721166098,0.44800000000000006,0.2,4
0.4791335599037134,0.44482780987197634,0.48119999999999996,0.3,4
0.5787205586663297,0.5937603918459378,0.6559999999999999,0.5,4
0.5868711130609687,0.6105463742130801,0.6160000000000001,0.4,4
0.4920812023181835,0.5002496349974126,0.508,0.6,4
0.4292207551179388,0.3643881399964219,0.36399999999999993,0.7,4
0.5211384070851568,0.5290813002435053,0.5319999999999999,0.4,4
0.5163044995134672,0.502696607548665,0.424,0.6,4
0.46560074520196715,0.44654413326303005,0.45199999999999996,0.4,4
0.6242609525499974,0.6247424979192442,0.5472,0.4,4
0.6655594622370967,0.6841681222070215,0.7879999999999999,0.8,4
0.5249885122998476,0.5439470551604317,0.48800000000000004,0.5,4
0.4327731542683506,0.3609376281653023,0.35600000000000004,0.4,4
0.9062653676765045,0.9232734802564714,1.0088,1.3,4
0.9645497749553194,1.035785155747202,1.104,0.47000000000000003,4
0.8908732814372937,0.9357157363689406,0.9800000000000001,0.7,4
0.9454776893668192,1.034212888954413,1.0124,1.3,4
1.0273249019456587,1.1445728619662772,1.0015999999999998,0.2,4
0.7908904665543227,0.8674063312684416,0.732,0.6,4
0.7844824055219584,0.8062972380289837,0.78,1.1,4
0.6528472678814452,0.6461247563128485,0.5920000000000001,0.2,4
0.7423519541971841,0.6912599949745454,0.5688,0.58,4
0.7694358929887383,0.7225872977415291,0.62,0.5,4
0.7975603962505033,0.784424354817187,0.772,1.2,4
0.8374918510368022,0.881342051696225,0.872,0.6,4
0.6966305375498311,0.6974287997364814,0.6631999999999999,0.7,4
0.6010804376903384,0.6255596743260333,0.5552,1.2,4
0.8256214541587229,0.7772916382815018,0.68,0.3,4
0.7671138173376632,0.7087987195450138,0.7364,0.48,4
0.7903810539131789,0.7763184102591134,0.772,0.7,4
0.8569034025251405,0.8369116505974031,0.8960000000000001,1.0,4
0.9002180974656775,0.940041068588955,0.904,0.7,4
0.7571048206882969,0.7408008109732394,0.7991999999999999,0.5,4
0.6985391042529749,0.7048230395687002,0.7440000000000001,0.9,4
0.48894155786628374,0.4633005478292882,0.40959999999999996,0.6,4
0.5059039813749576,0.44511723050565416,0.496,0.3,4
0.40103690094953814,0.3899756130495473,0.37200000000000005,0.2,4
0.5802775541940052,0.5967857450274181,0.62,0.3,4
0.5089456591533793,0.5014267358578259,0.536,0.8,4
0.46866262383168994,0.5017420429278905,0.46,0.0,4
0.34808564539071146,0.32257658925556076,0.40959999999999996,0.4,4
0.8618623169866533,0.8751423447397386,0.796,0.2,4
0.6558991871139769,0.5910206266450881,0.6851999999999999,0.1,4
0.5413210748686635,0.5955467715031374,0.44800000000000006,0.62,4
0.7564717584212408,0.746849210650894,0.8136,0.4,4
0.7949361047617028,0.7715491748337708,0.6708,0.5,4
0.4281028888925895,0.4322979564552558,0.4616,0.1,4
0.3719652667166524,0.4142350292625661,0.44480000000000003,0.7,4
2.0167770520912334,1.9726684031658175,1.6940000000000004,2.0,4
2.0965738604330246,2.0363800636742395,1.6560000000000001,2.7,4
2.3413526176445907,2.250756790413824,2.034,2.0,4
2.554472365319393,2.5219512472634196,2.352,2.7,4
2.6224585995001144,2.669375877841518,2.1919999999999997,3.5,4
2.2564721406278756,2.1459724215144096,2.164,2.4,4
2.316409199302666,2.514339774845908,2.37,2.0,4
0.4019281363662668,0.3486230751766527,0.3559999999999999,0.5,4
0.4103962247616128,0.34155398521623903,0.348,0.2,4
0.41896715191873024,0.39353711417087217,0.45360000000000006,0.44000000000000006,4
0.47168059122191797,0.4733549792238983,0.4427999999999999,0.5,4
0.40739212228892896,0.4250938622096446,0.444,0.3,4
0.3789258831409803,0.37036813714273187,0.3396,0.3,4
0.38044783524796305,0.38715667698719913,0.34720000000000006,0.2,4
1.1623445714201397,1.0579534193666802,1.3007999999999997,1.1,4
1.1433175742824986,1.0577936471280638,1.1588,1.3,4
1.2306052852307303,1.1820308258423855,1.3576,1.0,4
1.1614852023091902,1.193278950390152,1.208,2.6,4
1.7195780134878325,1.7481362957340765,1.52,2.0,4
1.4143372540890404,1.4451215364134926,1.4679999999999997,1.1,4
1.3635390033925652,1.2556305880286611,1.3376,0.6,4
0.9094307882766172,0.9139592005217535,0.752,1.28,4
0.8796390863645039,0.8243091228672198,0.916,0.7,4
0.8897014947847718,0.8031825579419513,0.84,0.6,4
0.9736692912674321,1.0318494971230014,0.8739999999999999,0.45999999999999996,4
0.7769060109975672,0.79685485320358,0.8160000000000001,1.17,4
0.8872782135311803,0.8522274815753073,0.96,0.8,4
0.8391696277920158,0.8529790613377104,0.8616000000000001,0.7,4
1.0331113409463677,0.9676333545637196,1.1139999999999999,0.8,4
0.8947548072325435,0.8870460022261494,0.9119999999999999,0.6,4
0.8849316989894792,0.884101982560495,0.8240000000000001,0.8,4
0.9495959651751805,1.0161051466508604,1.0788,0.9,4
1.001704648614042,1.0281290986689398,1.002,1.4,4
0.9920405478304227,0.9642782205395253,0.996,0.8,4
1.3701689706524378,1.5738035814789566,1.1188,0.9,4
1.3619670354530413,1.5109758633455455,1.388,0.7,4
1.2350871379848383,1.1549227787180982,1.112,1.2,4
1.0976111324654332,1.081492298522514,1.072,1.4,4
1.7012777639637418,1.6740907285557816,1.744,1.9,4
1.833786595804235,1.8114795727501523,1.7720000000000002,1.3,4
1.4205866904913997,1.3904316458648105,1.264,1.6,4
1.1870191250861604,1.2009098663880469,1.204,1.1,4
0.3154890996825834,0.20969047868972446,0.40399999999999997,0.2,4
0.2891008067963863,0.26290134373690943,0.36599999999999994,0.3,4
0.2719486492673814,0.2565908390830225,0.364,0.3,4
0.31078789122264167,0.28959276116723776,0.46,0.4,4
0.32398508775269624,0.3573537713799918,0.512,0.3,4
0.27243890429571577,0.26204938034109027,0.496,0.3,4
0.31700894216569275,0.31962585917067676,0.30000000000000004,0.4,4
0.6182404847930049,0.5066171540213587,0.34800000000000003,0.3,4
0.5168950658034492,0.566114117769126,0.5928,0.5,4
0.5711865465340925,0.6220260325661766,0.554,0.3,4
0.5174186126131729,0.6891798909213218,0.652,0.8,4
0.6381818681984606,0.6849210643851229,0.66,0.5,4
0.4631466570920324,0.5236025114118239,0.6544,0.3,4
0.43170908818491227,0.4770640033485355,0.38799999999999996,0.4,4
1.6795138886825547,1.689712442121598,1.592,1.7,4
1.637676788192555,1.5928623081826865,1.52,1.4,4
1.5743669241801923,1.6382867254349331,1.4579999999999997,1.6,4
2.0667807732682384,2.05234360312931,1.8119999999999998,2.0,4
2.039599937505462,2.1909953257449204,1.9240000000000004,1.8,4
1.6059246421472868,1.54008237358771,1.6000000000000003,1.7,4
1.8345879301684014,1.7580062316166511,1.7519999999999998,2.1,4
0.759420384148736,0.7448616549304812,0.632,0.8,4
0.8666763504121294,0.8225374628597522,0.7392000000000002,0.6,4
0.7024134815292185,0.672898211887902,0.7011999999999999,0.4,4
0.8422102264682656,0.9677791199349958,0.8700000000000001,1.0,4
0.8376832424727458,0.9654757700986537,1.06,0.7,4
0.7735711493981704,0.7438475821742156,0.66,1.0,4
0.6049584218627456,0.5864944216535688,0.508,0.5,4
1.7592842919835565,1.8380944403600212,1.556,2.1,4
2.3233250918181505,2.1124030446581896,2.076,2.3,4
2.4284905537098935,2.4996840086865824,2.1519999999999997,1.6,4
2.371989641010522,2.490552303322654,2.592,2.9,4
2.8597262758275264,2.7601641773379733,2.612,4.5,4
2.7464165352144545,3.09204131757714,3.1248,4.5,4
2.622347796577131,2.8771772581187167,2.62,2.9,4
0.738119114476299,0.6775999292961769,0.596,0.3,4
0.7067298398027291,0.6392759658747142,0.5964,0.5,4
0.73924744896463,0.6633374655700015,0.6991999999999998,0.6,4
0.7992999284725129,0.8850756087389074,0.796,0.6,4
0.7507002136857397,0.739627156818364,0.7224,0.5,4
0.6369199089765786,0.6070105148945772,0.6956,0.5,4
0.6095800565787269,0.5509750648303977,0.604,0.5,4
0.36926406256988037,0.35842221455522316,0.44599999999999995,0.1,4
0.31944773484806643,0.2874381740819332,0.29600000000000004,0.2,4
0.3516012359931058,0.34505142889462637,0.4016,0.2,4
0.3910413965039649,0.3750177254634218,0.46,0.2,4
0.2979543076892033,0.3223298415751863,0.3,0.3,4
0.3329087500183192,0.32128417328979664,0.37,0.3,4
0.421780072699962,0.4209358948970092,0.44799999999999995,0.3,4
0.7967939146538262,0.8453116990075357,0.7308,1.0,4
0.8196937008558204,0.7817462377481676,0.8152000000000001,0.9,4
0.7501517114027215,0.6641360397957483,0.814,1.0,4
0.9179722370694688,1.0381356839402285,0.9076000000000001,1.0,4
0.957031962964484,1.032705733662726,0.872,0.9,4
0.8946264115548219,0.8691443254700683,0.8199999999999998,1.2,4
0.8048424596918663,0.7775954785577734,0.78,0.3,4
0.43737342998749684,0.44113806430705454,0.40399999999999997,0.4,4
0.4729021906021372,0.4475297737042386,0.44,0.5,4
0.3608252964619499,0.3506642405842858,0.428,0.2,4
0.5394967351320822,0.5770715572461222,0.6908000000000001,0.3,4
0.5083116881285419,0.5298962753774699,0.532,0.7,4
0.4453600137833122,0.47300135849467173,0.49200000000000005,0.6,4
0.3910275007979524,0.32401485035513866,0.344,0.3,4
1.7455482838250964,1.63379475183324,1.5439999999999998,1.4,4
1.6325989111911008,1.6076693351547742,1.296,1.0,4
1.478977385422869,1.3755774123870101,1.364,2.0,4
1.865587150508381,1.9966022982898441,1.6440000000000001,2.8,4
2.169102476605872,2.353732112669004,1.9760000000000002,0.7,4
1.7927741814839442,1.6109800089173059,1.6720000000000002,1.6,4
1.4114850812461661,1.4885865035626162,1.364,1.2,4
0.5166278067854283,0.46384716962305467,0.444,0.2,4
0.5577207880518779,0.4891779951005011,0.5164,0.3,4
0.5580032086445632,0.5188969891828302,0.5124,0.3,4
0.6029231584917328,0.5810911426791678,0.5880000000000001,0.2,4
0.5626633246492774,0.5167358207690538,0.544,0.7,4
0.5027331229313255,0.46662039647922066,0.528,0.3,4
0.44155875512980247,0.49114465844211674,0.4912,0.8,4
1.3282592307295253,1.26852304250784,1.0719999999999998,1.9,4
1.4542642438557345,1.5110729831477032,1.0832,2.0,4
1.6168601170075327,1.6456385708479093,1.412,1.3,4
1.7661267854661866,1.7567405145856005,1.6776,1.5,4
1.6381597819060203,1.7244094837431367,1.4975999999999998,1.8,4
1.5415689156012975,1.7076666799488844,1.68,1.2,4
1.3556861708740275,1.3872171190631775,1.204,1.8,4
0.585761230725577,0.5647792596638448,0.5192,0.3,4
0.5766030532430318,0.5549748388087195,0.5544,0.6,4
0.5795896696708285,0.5927856991935172,0.54,0.6,4
0.602778748323688,0.5981258191767562,0.632,0.4,4
0.6139316597420174,0.578947034333529,0.8080000000000002,0.8,4
0.5886401072075558,0.5983851952601518,0.708,0.5,4
0.5250878013391492,0.5148802402468764,0.64,0.5,4
1.5414884794583132,1.4136335850808326,1.624,1.8,4
1.5832665897419405,1.558913077594015,1.5879999999999999,2.6,4
2.0905045389754804,2.289510676494011,2.372,1.8,4
2.420355911914782,2.356454736783094,2.6,2.9,4
2.8402686098020076,2.660791910940328,2.88,1.7,4
1.7921927894918224,1.7675651395851175,1.56,1.4,4
2.086321013412344,1.9389886977253779,1.8840000000000001,3.1,4
0.5797348209235927,0.5766459886745166,0.728,0.3,4
0.5545748114776424,0.49613843291211646,0.5680000000000001,0.2,4
0.5587724480564817,0.4617613761718741,0.49199999999999994,0.6,4
0.6616766125944733,0.657876772766728,0.7879999999999999,0.4,4
0.6514727735876371,0.715973577502222,0.8560000000000001,1.0,4
0.7037466115247182,0.7316836737309389,0.88,0.5,4
0.6374308335049418,0.6954180550120953,0.8240000000000001,0.7,4
1.1552790759406424,1.2460911868205005,1.1239999999999999,0.8,4
1.0256295242874853,1.0581636790091284,1.154,1.1,4
1.1184679956100456,1.1509485210248698,1.156,0.4,4
1.2231667127485721,1.1300554687059132,1.0639999999999998,1.7,4
1.5950019089434306,1.6346603319983313,1.492,1.2,4
1.3049966806462108,1.3181475299359708,1.076,1.5,4
1.3858661734786533,1.3497062923381167,1.1039999999999999,1.9,4
0.5755992261577723,0.5647312275237804,0.5628,0.5,4
0.5508836333849639,0.45861588633747863,0.44800000000000006,0.3,4
0.5278278478003544,0.481718692193839,0.43199999999999994,0.3,4
0.5686203977972422,0.5162548194317451,0.508,0.7,4
0.6347520696385854,0.6026797930653651,0.7360000000000001,0.6,4
0.5681206833994574,0.5323096536922435,0.48,0.2,4
0.47549030841049,0.48607149241543934,0.49119999999999997,0.4,4
2.160127942021558,2.32006103372814,1.8359999999999996,2.4,4
2.1777679578818487,2.3457147273109693,1.6640000000000001,1.0,4
1.7614694138622755,1.8414047316810231,1.592,1.6,4
1.4431829995052092,1.2463314830945116,1.6695999999999998,0.7,4
1.2913603653034722,1.4358212930822833,1.4487999999999999,1.2,4
1.2442169333618325,1.4057513500693255,1.4524,1.3,4
1.270308844752567,1.2869453961981923,1.4172,0.7,4
1.0864293064307782,1.055416012236308,1.1960000000000002,0.7,4
0.8792107700263863,0.8404492994037744,0.852,0.5,4
1.099094858303044,1.0834845413799106,0.992,0.9,4
1.2662460733417302,1.2438190480862428,1.3055999999999996,0.7,4
1.2473381041140106,1.2264608309160518,1.272,0.7,4
1.1087439036815305,1.0439346175974216,1.244,0.3,4
0.9208080097406821,0.8831153249338625,1.06,0.0,4
1.4733843932384825,1.7423371248682744,1.5719999999999998,1.4,4
1.5508214614641138,1.4497203414333324,1.244,1.9,4
1.6643924553764171,1.6654623437490395,1.4399999999999997,1.5,4
1.7353837760990014,1.6982008324214375,1.712,1.8,4
1.675388314470024,1.7699954105074163,1.6639999999999997,1.7,4
1.6170448915296043,1.6847979267988755,1.528,1.2,4
1.5057997025198226,1.5244878880381019,1.3,1.6,4
1.370978731173141,1.2751923256252935,1.124,0.6,4
1.3677114725396398,1.207678563069582,1.0992,1.2,4
1.361270202990986,1.3415239029318682,1.1788,1.4,4
1.7575030068811828,1.6285718319147922,1.6119999999999999,2.4,4
1.9259625838064465,1.9553151862201616,1.7004,2.4,4
1.4758327897132133,1.7001683377423833,1.3319999999999999,1.5,4
1.4110542836503572,1.404431135609098,1.2039999999999997,1.2,4
0.3320440628174131,0.2934853555659086,0.36400000000000005,0.4,4
0.4569517161403244,0.3866073481889197,0.36800000000000005,0.4,4
0.4359491375786651,0.40217510924518207,0.348,0.3,4
0.4925002248988949,0.48781011904530486,0.508,0.2,4
0.4849394207603973,0.4640751523682656,0.47200000000000003,0.5,4
0.4405042048320983,0.40809258426982226,0.46799999999999997,0.4,4
0.4311726736423135,0.4018274025745237,0.5376,0.5,4
0.8825957725307374,0.7906237895644026,0.9440000000000001,1.3,4
0.8934270809048873,0.8472873655682674,0.8760000000000001,1.0,4
0.8891897055218052,0.8939787322731205,0.888,0.6,4
0.8995484454844423,0.9113788925306192,0.7799999999999998,1.0,4
0.9155846587974734,0.945216556973044,0.8640000000000001,0.8,4
0.9017354994449102,0.8768286738854122,0.828,1.0,4
0.89476674549637,0.8917471865003831,0.86,0.8,4
0.9059837445368047,0.8603807839931257,0.8439999999999999,0.6,4
0.8193348835682152,0.7722196493022409,0.7400000000000001,0.6,4
0.8819732856048542,0.8546733509758708,0.82,0.9,4
0.914757568184419,0.8137382371346936,0.8439999999999999,0.9,4
0.8968122286525451,0.8934617408738531,0.872,0.8,4
0.8822965657371772,0.8868086540838199,0.8080000000000002,0.8,4
0.8489633253803537,0.8670961097435538,0.9616,0.6,4
0.4500905911560589,0.35837851470639137,0.42880000000000007,0.5,4
0.2893646044387852,0.2781500982396825,0.2948,0.1,4
0.39200757744377107,0.3934348056508606,0.3776,0.3,4
0.4725899686895943,0.5272003224492152,0.5992000000000001,0.3,4
0.4430302718027345,0.43189534059862267,0.508,0.3,4
0.4331730825174493,0.3733161303715398,0.452,0.6,4
0.41972593447314066,0.4387652488042626,0.35999999999999993,0.5,4
1.0742665273291776,0.9811592212539019,1.3559999999999999,0.5,4
0.9430874263432321,0.9436852842439373,0.6,1.2,4
0.8921344620296632,0.945630581957957,0.8552,1.1,4
1.4729181629231847,1.3619554727806378,1.5319999999999998,1.6,4
1.5067485201976534,1.3712166962591077,1.5719999999999998,1.3,4
1.2585458810578396,1.1490071375355009,1.1079999999999999,1.3,4
1.35692679438804,1.2544450249496495,1.1643999999999999,1.2,4
1.6372338148837737,1.3336798518073407,0.884,1.6,4
1.2408284527469247,1.115060987436699,1.268,1.7,4
1.3907944285316083,1.146570699411274,1.184,2.0,4
1.6467553396484471,1.6400793911672191,1.4239999999999997,1.5,4
1.3996580534161358,1.3854734717186346,1.3519999999999999,0.9,4
1.1654180357003128,0.9542421679458617,1.0244,1.2,4
1.3203303462112645,1.5620708763182023,0.9839999999999999,1.6,4
0.4342431016259636,0.3976881485056163,0.43599999999999994,0.3,4
0.43169062393304547,0.41859306956425874,0.4,0.0,4
0.49894093498396774,0.521586807222075,0.48800000000000004,1.2,4
0.6609482186900234,0.6482418259346017,0.728,0.4,4
0.6033336309130365,0.6008993436257668,0.64,0.7,4
0.5070116411424863,0.5177709735683818,0.472,0.2,4
0.4867484115449286,0.49890864014448394,0.4736,0.4,4
0.5025461381245366,0.3663103805573415,0.452,0.2,4
0.5531497055501876,0.5353082467354954,0.3856,0.4,4
0.4689439079654004,0.481205204060086,0.5068,0.5,4
0.5438353232685602,0.5408882007922744,0.5588,0.4,4
0.4988329494382801,0.5114399800924674,0.596,0.3,4
0.4676097144979086,0.4785249483594371,0.41240000000000004,0.2,4
0.3672917633302419,0.3941079797195719,0.39520000000000005,0.2,4
1.2591363290833142,1.421043538711743,0.9752,0.1,4
1.1985476097160714,1.348189871945897,1.0524,0.4,4
1.523017238621625,1.1404400048396575,1.4880000000000002,0.1,4
1.3456445971991686,0.9462506687256211,1.1440000000000001,0.5,4
0.7263196079006262,0.6565103180174164,1.024,0.4,4
0.6472145768501902,0.49964330063263435,0.9960000000000001,0.3,4
0.33226517516001647,0.38087433555823585,0.41600000000000004,0.3,4
0.4638538848856404,0.4383213319297197,0.4364,0.6,4
0.4810674857838193,0.44800024072463646,0.4096,0.7,4
0.503951016508469,0.4645875405214455,0.4759999999999999,0.1,4
0.5074170196033816,0.5021297186275502,0.5428,0.8,4
0.5287180149469569,0.5391236024402712,0.5359999999999999,0.6,4
0.44713204024439335,0.4411421136608916,0.5156000000000001,0.5,4
0.43879706078943354,0.4355533816329046,0.5036,0.3,4
0.8772483793540541,0.7918386299529543,0.8440000000000001,0.2,4
0.8145384672485505,0.7240688680568972,0.662,1.1,4
0.7770256306577022,0.744138908728059,0.8760000000000001,0.7,4
0.6081805176567037,0.6313034425697549,0.6240000000000001,1.4,4
0.9103198421210523,0.914953226057314,1.028,0.8,4
0.6820094062279968,0.6675865037846626,0.628,1.7,4
0.886929015954934,0.8697350643695979,0.8468000000000001,0.4,4
0.4390930922169477,0.45059064471899074,0.364,0.4,4
0.4645767765991611,0.437971550055706,0.484,0.5,4
0.4863358185855688,0.477961471881686,0.44400000000000006,0.4,4
0.593546477492017,0.606847738948016,0.6080000000000001,0.6,4
0.5877518821559711,0.5986162214045425,0.628,0.5,4
0.493616105718831,0.5250021862957578,0.522,0.2,4
0.48576075470678404,0.5088334091372795,0.48560000000000003,0.4,4
1.0369765211689548,0.9945965494283336,1.04,0.4,4
0.905187125325506,0.873342807794722,0.6759999999999999,1.0,4
0.7675026767564505,0.7572695054534068,0.7328,1.1,4
1.0891530117974317,1.1793495565432242,1.2480000000000002,0.8,4
1.003653383261956,1.0822986165639208,1.1360000000000001,1.3,4
0.8927171724780506,0.9744332991857461,0.8428,0.9,4
0.7638581304690794,0.7336521496225626,0.7188000000000001,1.2,4
1.1938368309965075,1.220609033009294,1.08,1.4,4
1.2179362130440052,1.258971028436266,1.1308,1.1,4
1.1929421372603952,1.2091752459409473,0.9403999999999999,1.4,4
1.2824301161684333,1.2384876241449412,1.194,1.4,4
1.2656416871386853,1.2926629065209485,1.4320000000000002,1.4,4
1.2633853304960967,1.2067320493733649,1.12,1.48,4
1.1696529814578553,1.168571895466225,1.3319999999999999,1.05,4
0.57432626337021,0.5568914144292743,0.556,0.5,4
0.5687692789320816,0.5266665045292346,0.43200000000000005,0.2,4
0.568419153003015,0.5639427443177629,0.528,0.4,4
0.6668787249469748,0.651471329177674,0.716,0.8,4
0.6667489297843119,0.6933265511957705,0.6999999999999998,0.0,4
0.5677794398671228,0.49691732974297803,0.54,1.0,4
0.6441196004400369,0.7365260093776682,0.748,0.7,4
0.9334034245430332,0.8374512590222566,0.9760000000000001,0.1,4
0.8174077564310235,0.7610716852794407,0.5631999999999999,0.7,4
0.5196413802851965,0.5442822829098065,0.5232,0.1,4
0.7551457474221773,0.8685139914142967,0.7,0.4,4
0.8241828367734538,0.8056075355191282,0.9228000000000002,0.7,4
0.709026066019926,0.6744443316199866,0.9736,0.6,4
0.41107500859949364,0.39626061653055555,0.508,0.6,4
0.8051449147748762,0.7842851019989822,0.8084,1.1,4
0.9050762453472936,0.9179770543354274,0.936,0.8,4
0.8465596208656726,0.8554272007158961,0.7880000000000001,1.0,4
1.0293166154159963,1.05275881939777,1.064,1.5,4
1.0608808036340016,1.1626329850242958,1.3559999999999997,1.1,4
1.015074986080174,0.9563855834302628,1.136,1.2,4
0.9314108200060918,0.930280566785429,0.764,0.5,4
0.4469019551800245,0.4644183899731747,0.536,0.37,4
0.44865344803531715,0.4337405071886139,0.42800000000000005,0.4,4
0.4546869575452486,0.42840506950945334,0.436,0.4,4
0.5125271452290985,0.526208220912451,0.544,0.7,4
0.40330861349594604,0.41783710803019897,0.568,0.2,4
0.43251695676407165,0.4762199558429161,0.49080000000000007,0.7,4
0.3986224750797585,0.35670465758223047,0.3600000000000001,0.2,4
3.8993013702457073,3.8597508497705593,3.844,5.0,4
4.016800851943155,4.154956446607642,4.12,5.2,4
4.484480525057047,3.337555601507321,4.408,4.6,4
4.634429469793848,4.303041883868928,4.451999999999999,8.5,4
5.088649368256816,5.8458016449324255,5.268000000000001,5.9,4
4.493114389764679,4.1855356556519805,4.5760000000000005,4.7,4
3.913930756636561,3.8951854856650927,3.7439999999999998,5.4,4
0.4165850243115579,0.38663346214838334,0.384,0.5,4
0.4288098293868244,0.402767381491202,0.3472,0.3,4
0.4203236446611268,0.4071373854631085,0.48840000000000006,0.5,4
0.4831798811287243,0.4784177654737966,0.4924,0.4,4
0.47568531996103436,0.4978899122551037,0.52,0.4,4
0.39217136497367266,0.3641344872161132,0.38800000000000007,0.3,4
0.37955145626579484,0.36624695065662793,0.38799999999999996,0.4,4
0.7928823154482679,0.7839548261159789,0.8280000000000001,0.2,4
0.7266406750896934,0.6798590827689457,0.496,0.5,4
0.6136986637452341,0.6077343889907927,0.8320000000000001,0.2,4
0.3785501461206582,0.5001717076785829,0.40399999999999997,0.2,4
0.362030903689762,0.5294527557996258,0.364,0.2,4
0.3944230284249716,0.5081554527988104,0.336,0.2,4
0.3967964530207092,0.5271809815002664,0.45199999999999996,0.4,4
0.5173735976078891,0.47761292157365726,0.37879999999999997,0.7,4
0.4480990896663844,0.42460728545607684,0.44799999999999995,0.5,4
0.41412474912700187,0.3971783850908267,0.42800000000000005,0.5,4
0.4814891196906103,0.5040813140899019,0.5359999999999999,0.4,4
0.47249481030648693,0.46196321440119015,0.44,0.5,4
0.4302686401218028,0.4229048698881489,0.484,0.7,4
0.453319267076623,0.46825738469535644,0.5,0.4,4
0.893364305869002,0.8698664051377205,0.7240000000000001,0.3,4
0.8092826864483031,0.7660013896000157,0.622,0.3,4
0.5247954610188778,0.6534523559277653,0.5312,0.7,4
0.9618897114114392,1.1577709230692763,1.1239999999999999,2.0,4
1.4388656220240446,1.4032215816474856,1.304,1.4,4
1.2035178046455715,1.1307223924972973,1.432,0.8,4
0.6578076521127465,0.6564677019832615,0.6792,0.5,4
2.5772883123766817,2.5576005489147033,2.7203999999999997,2.4,4
2.4864299185927026,2.614242212742295,2.444,2.3,4
2.6391065252903245,2.6979447831226038,2.322,2.7,4
3.1821111447611576,3.217093849588476,3.2039999999999997,5.4,4
3.3219037002297385,3.7322508535212306,3.272,4.1,4
2.8220277240016993,3.0477630457321845,3.0068,3.7,4
2.6706919309211807,2.7856492465945246,2.7428,3.9,4
0.6324820189707584,0.6352564055391842,0.568,0.5,4
0.5774591553930658,0.6262579859645998,0.5152,1.0,4
0.6976916284359044,0.7158150670234902,0.62,0.8,4
0.7205215516617055,0.7704824775587388,0.696,1.7,4
1.2616402093931172,1.0472637703934036,0.996,1.4,4
0.9282243566911274,0.8368807134264754,0.86,0.6,4
0.6523770010894233,0.6846329765986037,0.6288,1.0,4
0.8067641557508356,0.8350226883113343,0.8123999999999999,0.8,4
0.8419757011490189,0.8015043802458319,0.9839999999999999,1.0,4
0.7144413354353528,0.6853074387663558,0.7428,0.6,4
0.8340303893447899,0.8973359394947393,0.8712000000000001,1.0,4
0.9027975297250975,0.9714197518210995,0.804,1.3,4
0.9758699445557748,0.984766396661698,1.036,1.2,4
0.818386932949017,0.7862901577019668,0.8839999999999999,0.5,4
0.743835428426886,0.8160737673671281,0.6880000000000002,0.5,4
0.7485608880715127,0.7215973012126516,0.6352,0.6,4
0.7752342659634878,0.8116653420489772,0.6559999999999999,0.9,4
0.8381682000282829,0.8203202840963336,0.792,1.4,4
1.0403756899675736,1.0282559201579236,0.9960000000000001,0.6,4
0.9043703680401785,0.797859811331383,0.78,0.8,4
0.8955003481890043,0.8343714690600232,0.7399999999999999,0.9,4
0.6914765322604989,0.6414344189959122,0.5388000000000001,0.8,4
0.6819488690253785,0.6171418231009117,0.6152000000000001,0.1,4
0.6219400636641083,0.5826111763227002,0.516,0.8,4
0.6931912783021466,0.7470051001830209,0.7040000000000001,0.8,4
0.7535827176805114,0.8034887955082011,0.7120000000000001,0.5,4
0.5800847300857005,0.5377142781714287,0.5519999999999999,0.7,4
0.601946200420255,0.5756646271433882,0.5984,0.3,4
0.7006433307037981,0.6449919664931443,0.6439999999999999,0.8,4
0.7044938353284046,0.664240274932626,0.6559999999999999,0.3,4
0.6481436952773628,0.6207697048019143,0.56,0.3,4
0.8285588615130611,0.8940807705499869,0.8588,0.8,4
0.7988288931309838,0.7985717727483264,0.7959999999999999,0.9,4
0.6466826538565861,0.6513043965342359,0.672,0.6,4
0.5739209217014195,0.5581748061923579,0.428,0.5,4
1.13218060200479,1.1208696667337317,0.9708000000000001,1.2,4
1.1316821172411569,1.1470668824173056,1.084,1.0,4
1.0847352686915948,0.958507667130764,1.1188,0.5,4
0.9743087648094407,1.023075805010466,1.018,2.3,4
1.5327673628797704,1.5724595095999294,1.442,1.1,4
1.1073332247815635,1.0189419369670687,1.072,0.8,4
0.9909041686383832,0.9708344399715036,0.9799999999999999,0.9,4
0.5084627886552221,0.5257649868898782,0.536,0.4,4
0.5165891906967679,0.4874842885449029,0.496,0.2,4
0.42773857316206443,0.3948013264122483,0.392,0.3,4
0.5955943930245918,0.6040666922025788,0.612,0.9,4
0.5885459578515645,0.6491093373410105,0.696,0.7,4
0.5084884506531361,0.5009493565942904,0.452,0.6,4
0.4492009944126881,0.4055124182894714,0.42400000000000004,0.4,4
0.7166942420828846,0.7267756574877813,0.7444000000000002,0.2,4
0.7736504285130855,0.6904259721494423,0.7748000000000002,0.2,4
0.7251867757788238,0.694084442419543,0.7828,0.5,4
0.667564262183573,0.6880133778842854,0.8872,0.8,4
0.6864443776272875,0.7609388217469054,0.8079999999999999,0.4,4
0.6631656246419851,0.6499470798305808,0.6920000000000001,0.6,4
0.5425449688065177,0.6232736046225688,0.6312000000000001,1.0,4
0.8110065560921936,0.7152703361931133,0.7844,0.5700000000000001,4
0.6888383515238469,0.6760940755669222,0.6428,0.7,4
0.7301850669707687,0.7557273655419124,0.7152,0.8,4
0.7746404460449503,0.8529156828764831,0.9227999999999998,0.6,4
0.84372416414485,0.827003317085615,0.9184,0.8,4
0.7561363923697649,0.7814975289290979,0.9064,0.6,4
0.6732267147656239,0.7141609302258815,0.7368000000000001,0.7,4
0.7057682505700672,0.6892885588370754,0.62,0.4,4
0.6529975580563204,0.6353741967050481,0.5471999999999999,0.7,4
0.6996412624429063,0.7072764213433833,0.5640000000000001,0.3,4
0.45854292625006005,0.43421645443351864,0.452,0.6,4
0.5589488977098229,0.5379395149720633,0.528,0.1,4
0.6842619307091109,0.7079864080962049,0.78,0.3,4
0.5515362656770205,0.6277271055490423,0.46399999999999997,0.3,4
0.9305330640907507,0.9117556464725732,0.868,1.1,4
0.9307066737225574,0.8938155177572753,0.816,1.0,4
0.9456896635198178,0.9646874458247914,0.9119999999999999,1.0,4
0.9253820996377501,1.0061386310840619,0.8640000000000001,1.0,4
0.9544161041044871,1.0204703994323308,0.9079999999999999,1.3,4
0.9567885353647959,1.012107653755641,0.9279999999999999,0.8,4
0.9293539496030105,0.9550236393214597,0.9016000000000001,0.9,4
0.5843811631815152,0.5747736127388501,0.5548,1.0,4
0.5896106042965531,0.5604822291569449,0.54,0.8,4
0.6154404500097858,0.6288758164930623,0.732,0.3,4
0.7194901380419474,0.6993232150894315,0.76,1.0,4
0.842412995005277,0.8738068157807911,0.8911999999999999,0.7,4
0.5614028884384239,0.5600724545525952,0.512,0.8,4
0.6290730449810145,0.6798321381775564,0.7256000000000001,0.5,4
0.9291967584360056,0.8681093991304514,0.8680000000000001,0.8,4
0.637834776180949,0.6538026544233576,0.7592,0.6,4
0.6282747512836323,0.6630428961249728,0.6835999999999999,0.4,4
0.5033678278574549,0.7274923005272368,0.494,0.6,4
0.8082141678437315,0.84237087056204,0.7280000000000001,0.7,4
0.5340774143657285,0.5029276966193617,0.5147999999999999,0.1,4
0.47320181480930207,0.47640959947676176,0.4640000000000001,0.1,4
1.3111067515042492,1.2063637937534102,1.34,2.3,4
1.487835173185115,1.5225681449072122,1.2519999999999998,1.0,4
1.3488445212849205,1.2256521511220382,1.376,1.7,4
1.6196201282886225,1.4795458625500697,1.7720000000000002,2.2,4
1.7172744891458172,1.7869719074785717,1.7096,1.3,4
1.3540009308389167,1.1841550774718672,1.4047999999999998,1.2,4
1.3767662158896692,1.4511060689845017,1.4520000000000002,0.6,4
0.5429673379851624,0.5609676154568184,0.512,0.6,4
0.5782794423046621,0.4615802303721809,0.31200000000000006,0.6,4
0.5763284470945216,0.538075993143958,0.49199999999999994,0.6,4
0.643196314320691,0.6400821323680372,0.576,1.2,4
0.8812596612160019,0.9015373638287959,0.7959999999999999,1.3,4
0.4854190810683094,0.5770238225375537,0.428,0.6,4
0.5293848266227417,0.5312506235535185,0.524,0.7,4
1.3179879443970886,1.3421465489706523,1.208,1.0,4
1.278794131611416,1.2306386753452907,1.2251999999999998,1.0,4
1.0767842395811784,1.0650039738728796,0.9880000000000001,1.3,4
1.7244996776076422,1.81759473738752,1.7656,1.5,4
1.5256651436222481,1.5425988357893283,1.5016000000000003,1.2,4
1.349516783620542,1.34710927933486,1.208,1.0,4
1.0355603609409174,0.9644865961290058,0.968,1.6,4
0.4264294792993384,0.33523058001988637,0.46399999999999997,0.3,4
0.4211326790827162,0.3881596791531737,0.43560000000000004,0.1,4
0.42158881848988466,0.4074944012890643,0.4572,0.5,4
0.49270709738675794,0.4700135745544572,0.47600000000000003,0.2,4
0.43293011690776495,0.45641968212250134,0.508,0.5,4
0.36757467996073306,0.3885246909537845,0.504,0.6,4
0.4868305069934587,0.5207914688214648,0.508,0.7,4
0.7034720730655729,0.5770260067004831,0.5820000000000001,0.5,4
0.5785952991351611,0.7252852669259655,0.6592,0.4,4
0.5912864137176211,0.7551228013673413,0.6884,0.6,4
0.654509927773413,0.84289550241944,1.004,0.8,4
0.7290505237373003,0.8419425571424284,1.004,0.6,4
0.6011352694536807,0.6452259740358255,0.856,0.5,4
0.4940020936504462,0.5809397640313141,0.54,0.6,4
0.4351665143611469,0.46266818471189447,0.496,0.5,4
0.42649872926788546,0.39739669595836097,0.41200000000000003,0.1,4
0.3232550831984999,0.27514450782122535,0.39599999999999996,0.2,4
0.49265235574067967,0.49993794606675085,0.516,0.8,4
0.5640269853148329,0.5887918456947425,0.588,0.6,4
0.44118003375120374,0.4015958314550004,0.58,0.6,4
0.42478864325607524,0.416739555600018,0.45199999999999996,0.5,4
0.6125463997459126,0.574180775305948,0.708,0.7,4
0.584767353446344,0.5559144500896805,0.5216000000000001,0.3,4
0.5546175972992761,0.533376492531425,0.604,0.7,4
0.6010491779324757,0.6036609279351485,0.5160000000000001,0.7,4
0.629214155315178,0.6248882465670177,0.7559999999999999,0.7,4
0.565511780258375,0.5219620936768965,0.43200000000000005,0.6,4
0.5680733831548651,0.5408752693152883,0.5359999999999999,0.8,4
0.4798423602242597,0.4762515482055567,0.436,0.1,4
0.474951048566446,0.4119804183036696,0.46,0.6,4
0.3974374211584901,0.351157197705371,0.35200000000000004,0.4,4
0.5802435134527058,0.6242866842782013,0.6947999999999999,0.7,4
0.5720182189725628,0.5698315909166327,0.66,0.8,4
0.3989661659666083,0.3734131757039388,0.352,0.2,4
0.3927128077160398,0.3592709166440542,0.4600000000000001,0.4,4
0.4614316172272212,0.3858910075296848,0.376,0.1,4
0.5189615602002154,0.4872865376733109,0.4472,0.6,4
0.36407847583538955,0.3670584004731595,0.4160000000000001,0.7,4
0.5054762042466856,0.49462645366575386,0.536,0.2,4
0.47518229206383195,0.45443702534449987,0.5008,0.8,4
0.4523164784454995,0.445667467960571,0.456,0.4,4
0.4000539796991586,0.38478542312835395,0.37200000000000005,0.3,4
0.4506511351424834,0.28707310473239256,0.44,0.4,4
0.35974818513946083,0.37369089900157876,0.37120000000000003,0.7,4
0.3714122460070745,0.41150775705251413,0.44,0.2,4
4.5888894686537665,5.511953651333891,3.3,4.0,4
0.9197630712894131,0.264323665631363,0.856,0.7,4
0.6774627473672145,0.6646121291793996,0.616,0.5,4
0.59597885855692,0.6832301076025944,0.596,0.6,4
0.6206589324631213,0.5073929325555466,0.3788,0.4,4
0.6447710934089755,0.5636531134253111,0.5391999999999999,0.3,4
0.6437580859429505,0.6026306568980119,0.5403999999999999,0.4,4
0.6843998505650792,0.645487113452772,0.568,0.8,4
0.7389634884446722,0.7396834912887126,0.664,0.9,4
0.6568579824058749,0.6232766745479763,0.6080000000000001,0.2,4
0.6214012325173661,0.5876426418152858,0.58,0.7,4
1.3476463288577134,1.33644153675652,1.1352,0.9,4
1.299467311060767,1.2507976996128205,1.1996,1.1,4
1.2786152006781306,1.2992163688454093,1.024,1.9,4
1.6203679080698703,1.7206756354612494,1.6895999999999998,1.8,4
1.6147702588843458,1.6931726264751963,1.6095999999999997,1.4,4
1.3463629645824127,1.371620273116381,1.2107999999999999,1.8,4
1.3652246430719943,1.4651224367057538,1.0748,1.4,4
2.8820300923501585,2.3751611737351173,2.68,3.0,4
3.043365843916381,2.475944313141053,2.6828000000000003,4.0,4
3.618843778800902,3.373695430745581,2.8240000000000003,3.7,4
4.479161316846085,4.159175825042158,3.8759999999999994,5.8,4
4.629257476465762,4.636046141339946,4.16,6.8,4
3.5565034810928418,3.609937546774468,3.9200000000000004,3.8,4
2.9815964752336526,2.7564501326080055,2.556,1.9,4
0.5535534387805163,0.5732267940705322,0.5080000000000001,0.1,4
0.40250593449612093,0.34208297839306334,0.3332,0.6799999999999999,4
0.44222117444479037,0.49197955097404683,0.636,0.6,4
0.4846611007108009,0.5085077370933373,0.56,0.3,4
0.46505347872765546,0.45600056564834024,0.43799999999999994,0.5,4
0.40829492702593595,0.41111217213209406,0.39199999999999996,0.7,4
0.40443568309586175,0.3993389915241132,0.5,0.3,4
2.0506853856206053,1.973306771217662,2.1679999999999997,2.2,4
2.2532747833908076,2.1700698448907607,2.3840000000000003,2.4,4
2.391230254495672,2.3346014149179686,2.276,1.9,4
2.7091216074789988,2.807964788077527,2.7119999999999997,1.6,4
2.846560365173725,2.70164582220161,2.6919999999999997,1.9,4
2.2362796244292373,2.1495206201883343,2.308,1.0,4
1.9127753885741219,1.814378623807694,1.8679999999999999,3.9,4
0.3465427455990055,0.2978359590412295,0.3668,0.3,4
0.45019525227887464,0.4244009422783627,0.384,0.5,4
0.3501218492875749,0.3543218480598368,0.392,0.3,4
0.40502532934299734,0.39554753547839205,0.48160000000000003,0.3,4
0.4113715089046341,0.41170329317082627,0.41200000000000003,0.5,4
0.3204566035527009,0.3227040861897811,0.32800000000000007,0.5,4
0.32319367929940224,0.3257822921552682,0.348,0.1,4
2.5350693954498644,2.762812971300412,2.7080000000000006,1.8,4
2.0309487108648656,1.66783957224943,1.7228,1.8,4
2.026530296758304,1.9371390874177132,1.9439999999999997,1.6,4
2.2415812404177005,2.2752760224009103,2.3080000000000003,2.2,4
2.44478399576123,2.5202471038917276,2.544,1.9,4
1.8853150554551728,1.8613522836629055,2.028,0.2,4
1.7940083313207738,1.7220562591285373,1.388,2.3,4
0.43789398420189835,0.4205634132235267,0.5644,0.5,4
0.4412264374163481,0.4245190088711837,0.396,0.4,4
0.4336034285670463,0.43912349892331626,0.4439999999999999,0.2,4
0.5221903666062488,0.4945490611625344,0.5815999999999999,0.4,4
0.4925966714136002,0.4835498415519196,0.62,0.5,4
0.43728587022740584,0.4279627914913558,0.568,0.5,4
0.4382875699312197,0.4484201797207245,0.4759999999999999,0.7,4
1.6653205144058625,1.5930454462062364,1.6840000000000002,1.0,4
1.4620086747521144,1.4260926535621041,1.3159999999999998,1.2,4
1.5033893554890774,1.5298708231343698,1.304,1.2,4
1.5630642885773396,1.5480042596764299,1.436,1.0,4
1.3631152087709684,1.47602224942586,1.3359999999999999,1.4,4
1.5296863390280278,1.6063527412045968,1.656,1.2,4
1.405607299982625,1.5606044274924615,1.6,1.4,4
0.8557056645961613,0.7985770197887576,0.8828,0.5,4
0.6228255665068317,0.6910830119090261,0.5672,0.8,4
0.8104030369089966,0.7923236169408693,0.6560000000000001,0.0,4
0.7456430191096166,0.6693634709203977,0.424,0.6,4
0.8769402850994915,0.8791988221196084,0.888,1.6,4
0.926190444912753,0.9498919634359522,0.9840000000000001,1.0,4
0.8397147105549407,0.8434164980596017,0.812,0.1,4
1.0224271677821393,0.9760989377703599,0.8680000000000001,0.6,4
0.8152215652205986,0.7512958279712527,0.8279999999999998,0.6,4
0.8579131504743367,0.9099771400632242,0.7280000000000001,0.8,4
1.0043626709612428,1.0710371022582932,1.016,0.3,4
0.8274645628672711,0.8924021117140855,0.6864,0.8,4
0.859660101015106,0.9445303804344987,0.8367999999999999,0.5,4
0.7567890951726177,0.8287054828141664,0.7280000000000001,1.0,4
0.586878149894661,0.5879445806482257,0.508,0.2,4
0.6591443004221893,0.7096230821700729,0.5392,0.4,4
0.6990373414435008,0.7337673332877925,0.6472,1.0,4
0.7782268633886957,0.7590214890604818,0.8752,0.5,4
0.7286175436476987,0.7011073118168077,0.7748,0.3,4
0.6271937683488781,0.6289250698822751,0.6068000000000001,0.3,4
0.40131987929110885,0.349581789706493,0.4295999999999999,0.7,4
1.6267431506124692,1.9270305209246168,1.492,1.3,4
1.558327981905927,1.4864378393524942,1.2919999999999998,1.5,4
1.564253396319526,1.56188390468775,1.18,1.5,4
1.6616266786939309,1.75384159686685,1.7280000000000002,2.5,4
1.9597707943153777,2.2297244039644277,1.756,2.6,4
1.8926454106428927,2.02810473787539,1.6640000000000001,1.2,4
1.561626434546193,1.6510595233127847,1.376,1.4,4
0.8283565951461326,0.7840600578150095,0.7296,0.5,4
0.9463796546692841,1.0521513041616302,0.812,0.1,4
0.7435941898627562,0.5712799605888753,0.8376,1.0,4
0.5745452940333248,0.6707216210531746,0.5920000000000001,0.3,4
0.9918402660083242,1.871173698385902,1.62,0.9,4
1.0806496147617668,1.0899608357842163,1.1,0.0,4
0.5153005828356859,0.2995500475439562,0.54,0.9,4
0.484924195146529,0.4261150295316386,0.484,0.3,4
0.46944723935092564,0.42923265158475454,0.4,0.4,4
0.4734775273773552,0.4408616168352211,0.36,0.4,4
0.5914907710057221,0.617088678858112,0.5720000000000001,0.4,4
0.5737502133131225,0.5578815424934024,0.55,0.5,4
0.41888669144419516,0.36795403842483,0.37200000000000005,0.4,4
0.5312733441853944,0.5879111396960759,0.38800000000000007,0.5,4
0.9353987505218608,0.929555096997795,1.006,0.3,4
0.861198950850063,0.8305847235696339,0.9036,1.4,4
0.9428727287186282,0.9982592007411863,0.9519999999999998,0.7,4
0.9503182648439686,0.9925773190982782,1.0004,1.2,4
0.9962714162028116,1.0782423009784905,1.032,1.2,4
1.1227420042610687,1.0952103499686257,0.9200000000000002,0.9,4
0.908843952068267,0.9429873623322116,1.1504,0.7,4
0.9072543054116302,0.894612997258383,0.8244,0.7,4
0.8961549807310494,0.8327139448514822,0.9004000000000001,0.8,4
0.8913132186874848,0.9044813694835906,0.8364,1.1,4
0.8949264037825102,0.9238560931279559,0.8039999999999999,1.2,4
0.9986701113594213,1.0353992746755336,0.9472,0.4,4
0.8987274914836764,0.8653056398545924,0.9800000000000001,0.9,4
0.9126736400082879,0.935830737025472,0.9495999999999999,1.2,4
0.4074410244441576,0.3552802729471436,0.33599999999999997,0.1,4
0.4220253957123767,0.3828430130063178,0.366,0.27,4
0.5408201994092389,0.6444041436120438,0.5656,0.3,4
0.4532589441535775,0.38145051048240947,0.49079999999999996,0.4,4
0.45759632382589616,0.4650629638735988,0.5508,0.3,4
0.35099513469070537,0.38483028779270606,0.44,0.1,4
0.32328312779469104,0.3318789901978444,0.314,0.27,4
1.3411337600285287,1.2736949077636497,1.1640000000000001,1.0,4
1.3257370440771665,1.2656621627091338,1.2392,1.4,4
1.3734205588127697,1.3684951414946052,1.348,1.3,4
1.5747249674659087,1.5323740237412835,1.4456,1.8,4
1.262024032554529,1.330547169775184,1.5748000000000002,1.4,4
1.2153447121105003,1.1847902136464012,1.0852000000000002,2.2,4
1.2509876553161774,1.3133238234717812,1.1760000000000002,1.0,4
0.7990191252112209,0.7002806130426201,0.728,0.9,4
0.8061733469744441,0.7038795400882165,0.7720000000000001,0.7,4
0.7410262875166858,0.6903548537708111,0.7119999999999999,0.6,4
0.7999273780562943,0.8120011996201509,0.764,1.2,4
0.9215054622565081,1.0386768718408816,0.86,0.8,4
0.8200485096247938,0.7783246328807278,0.74,0.8,4
0.8270082617242842,0.8663028173597046,0.9588000000000001,1.4,4
0.4995112356814709,0.4824022997981508,0.4831999999999999,0.6,4
0.5535119211166497,0.5573866229507607,0.48800000000000004,0.4,4
0.5284105749224818,0.5560512136462247,0.44,0.5,4
0.6109945923868932,0.590450984241975,0.636,0.6,4
0.6245567558339421,0.6592367667976483,0.612,0.6,4
0.4971041782071537,0.4880284258247942,0.5147999999999999,0.9,4
0.551926861898501,0.6069650460259232,0.588,0.5,4
0.9680708194650369,0.7778182044094903,0.924,0.4,4
1.0041823398579306,0.714917503297662,0.9280000000000002,0.4,4
0.7678086056764427,0.547962958598088,0.8119999999999998,0.5,4
0.8322952894447403,0.7589080228138124,0.9079999999999999,1.1,4
0.895261957854647,0.8701586350259254,0.8440000000000001,0.6,4
0.7539070496610155,0.823741745026824,0.7364,0.8,4
0.7627987978625025,0.798527153043065,0.8320000000000001,0.3,4
0.48918067952324623,0.4770676023405728,0.36,0.6,4
0.5316733948237504,0.5516626418253692,0.43199999999999994,0.4,4
0.5206788143712657,0.5353144219307506,0.58,0.8,4
0.670905095052979,0.7019149261504738,0.728,1.1,4
0.8041981917396189,0.8056767166651384,0.912,0.4,4
0.6074461796839878,0.616989664837564,0.5840000000000001,0.9,4
0.6687105696347956,0.685737066622031,0.5924,0.9,4
0.5134886018923022,0.4510004054442431,0.42,0.1,4
0.4183433942737208,0.37327576596867224,0.35679999999999995,0.3,4
0.3658570070163174,0.3866867228493143,0.4176,0.2,4
0.5096932672713662,0.564005294571103,0.652,0.4,4
0.38718210903179895,0.38748888864249387,0.46799999999999997,0.6,4
0.47979175725309414,0.5298851857393613,0.5696,0.3,4
0.34083439621376116,0.35689358730967946,0.376,0.3,4
1.6926354539128776,1.6122454040933611,1.2708,0.2,4
1.4767013038917294,1.3569851694656854,1.0348,0.2,4
1.4368839863823522,0.9862261085759811,1.3519999999999999,0.2,4
0.774181329675876,0.7438191215492193,0.9428,0.1,4
0.5576001288647138,0.6136458137750861,0.7548,0.6,4
0.6615626635883284,0.5461870423399842,0.536,0.4,4
0.37018538671650425,0.4148094687280687,0.46,0.3,4
0.9077998497519029,0.762819152824678,0.7319999999999999,0.7,4
0.9124919846682311,0.8193738874638243,0.8240000000000001,0.7,4
0.9525924852015246,0.8973103738743592,0.8724000000000001,0.8,4
0.9708135036183002,0.9860763652830704,0.924,0.2,4
0.8042173238261081,0.8644401812263213,0.9388,0.9,4
0.9555133941236927,0.9754371369285701,1.348,0.6,4
0.6870888290906972,0.6581502430578107,0.7119999999999999,0.4,4
1.0457671201513996,1.1131485645783055,0.8440000000000001,0.6,4
0.8650566740800921,0.7623422935767882,0.7908,0.9,4
0.8985570231222456,0.8573840757128847,0.7600000000000001,1.0,4
0.8318931943068525,0.8295205052276517,0.94,0.7,4
0.747503518973649,0.8786037885597054,0.7975999999999999,1.1,4
0.765476983530765,0.785121829302793,0.5760000000000001,1.2,4
0.8857916533559024,0.8384369418548128,0.9548000000000001,0.6,4
0.9989333514194256,1.0311076953263651,1.212,0.5,4
0.9667848303645215,0.894742785659625,0.816,1.2,4
0.8169460905933795,0.778870091447696,0.7188,1.3,4
1.0467695900403535,1.2141011675478703,1.112,1.0,4
1.080552156215331,1.1610937633372183,0.9791999999999998,0.8,4
0.9730594212621334,0.9446380144166405,0.9960000000000001,1.2,4
0.9780613987411693,0.8889558222386232,0.8640000000000001,1.3,4
0.7684049090810959,0.8260548390681618,0.748,1.0,4
0.6790626958500784,0.7173476663969778,0.6432000000000001,0.8,4
1.6695549715320415,1.7412139199245493,1.284,0.7,4
1.250905923818717,1.1678556070834383,0.868,0.7,4
1.217432870193915,1.207523602933588,0.988,2.3,4
1.9800969115004994,1.6220366879978716,1.608,1.5,4
1.6834081745197287,2.6114296619255004,1.48,1.4,4
0.9515116813617132,1.017150770802727,0.976,0.9,4
0.9462883407979396,0.9334620627455618,0.8880000000000001,0.7,4
0.948540968372585,0.9546558775032628,1.004,1.4,4
1.050430621788618,1.1522396838193383,1.0632,0.9,4
0.9678144182455829,1.0896926507952875,0.8752,0.9,4
0.9652307425059052,1.015397550684196,0.884,1.0,4
1.0329285536843693,1.0753741355718152,1.1616,1.1,4
1.059488029597622,0.4676974735943708,1.008,0.6,4
0.9988534103478247,1.214498387537123,1.0168,0.6,4
0.9397037757586518,1.1578739187634994,1.1344,0.2,4
1.0342633676873363,0.947539765447774,1.1668,0.3,4
0.9800545912561444,1.1000528999781447,1.1652,0.0,4
0.8958175592559189,0.8233466984472717,0.9316000000000001,0.6,4
4.137553432722291,4.849636440254066,2.6319999999999997,5.9,4
2.0860566825972287,1.9452507131488628,1.268,1.7,4
1.9789837946240296,1.7478459553268522,1.204,1.5,4
1.9837284040044814,1.8043712056488208,1.1960000000000002,1.9,4
2.288520938329063,2.1553429056084337,1.7799999999999998,2.2,4
2.2755705805301396,2.4244096247163887,1.8079999999999998,1.9,4
2.291061860110725,2.2815804852118897,1.74,1.2,4
2.019093259420708,1.9117929343817461,1.4080000000000001,2.4,4
0.8146604075422542,0.750954922737924,0.8799999999999999,0.9,4
0.8922077719556313,0.8143906915805386,0.8432,0.4,4
0.6470911781658583,0.7567867331022271,0.6152000000000001,1.0,4
0.8705121756552296,0.9222006795624526,0.8391999999999998,1.6,4
1.1427980211695798,1.1972857908910843,1.068,0.9,4
0.850707646759025,0.77479331466486,0.8248000000000001,0.5,4
0.8036474326478112,0.7677725605001189,0.7240000000000001,0.8,4
0.4963959641800027,0.5298787207190165,0.52,0.5,4
0.5117688772193787,0.49993320721578216,0.424,0.8,4
0.5047459669153818,0.5352644887286859,0.4800000000000001,0.8,4
0.655068616565069,0.6934671994055192,0.716,0.7,4
0.7029762216241031,0.661568449713342,0.8080000000000002,0.5,4
0.6012806497570448,0.6198758493943388,0.536,0.7,4
0.5568349054315688,0.5992033060260922,0.5127999999999999,1.0,4
0.5405535242113606,0.6255561417195625,0.6719999999999999,0.1,4
0.48072138404860293,0.4378049868677287,0.46,0.4,4
0.48900252370931563,0.48257770991593535,0.43200000000000005,0.3,4
0.5539470244820411,0.5069973721135689,0.5760000000000001,0.7,4
0.5888988138807687,0.6361348278145835,0.7360000000000001,0.1,4
0.5163491465164892,0.5051917725805792,0.48400000000000004,0.6,4
0.5173535782766974,0.5719039028527357,0.5880000000000001,0.7,4
0.8330669184612269,0.7044112267609115,0.43200000000000005,0.2,4
0.791250914375028,0.6807000660368234,0.5924,0.7,4
0.5208268245471595,0.5257887646125377,0.5160000000000001,0.6,4
0.8373195492135405,0.856260699579521,0.7440000000000001,0.4,4
0.8368969786897178,0.8640089844998998,0.8911999999999999,0.62,4
0.7474018237412078,0.7376155686060463,1.048,0.9400000000000001,4
0.6057508679269297,0.6684840736617341,0.6296,0.2,4
1.1512628993613012,1.119302101906514,1.3068,0.6,4
1.0162492529243305,0.9659623324265395,1.1323999999999999,0.9,4
1.0396148050327163,1.0025427519904075,1.112,1.5,4
1.2333884358869203,1.2790843618371845,1.3156,1.4,4
1.215376179177771,1.246280485724997,1.0148000000000001,2.0,4
1.211563131967221,1.255328111646778,1.2160000000000002,0.9,4
1.0394963925403318,1.0065129093491127,1.1440000000000001,1.3,4
4.876020077391742,4.257392363219079,4.164,4.7,4
4.185262454870449,4.106922619276126,4.0,5.9,4
4.6293844752790445,3.5948978287302333,4.868,4.8,4
4.640414201402111,4.296994863104608,4.548,8.1,4
5.052837820496124,5.859191723609985,5.164000000000001,5.4,4
4.551263934645533,4.057404359392359,4.632,6.9,4
4.716605812699591,4.691449130129389,4.648,5.2,4
0.9057313033432405,0.8279158327903954,0.804,0.3,4
0.7112284947957165,0.6925090695240996,0.5359999999999999,0.6,4
0.7087796995280368,0.6596474118583233,0.9359999999999999,0.3,4
0.4690515894932508,0.6093492927172233,0.64,0.3,4
0.4565727929663016,0.6375430835606146,0.4759999999999999,0.3,4
0.5132141008987907,0.5881288969649885,0.49200000000000005,0.2,4
0.6015980301244613,0.6521829485349417,0.616,0.4,4
0.6448589403249646,0.6222572077168518,0.6880000000000002,0.8,4
0.507061958606329,0.5716928959470802,0.512,0.6,4
0.46215336669003854,0.40077137719783995,0.4064000000000001,0.6,4
0.5732398295872989,0.5586899935737929,0.632,0.6,4
0.7048728881253304,0.6729673229636891,0.5479999999999999,0.7,4
0.5717864252778178,0.5353566096549361,0.5592,0.9,4
0.6173049238242369,0.6142342740292819,0.6359999999999999,0.4,4
2.6720222224885855,2.693735807569117,2.812,3.1,4
2.5025998143333674,2.3491313666332334,2.548,3.1,4
2.7335234948687037,2.7185355108405864,2.504,4.4,4
3.3883555795425906,3.3441216991848375,3.24,3.8,4
3.769728694961291,3.538195828298029,3.4360000000000004,4.0,4
2.7080071389416016,3.171814967555715,3.2379999999999995,3.8,4
2.472721544414142,2.7671304198292175,2.9679999999999995,4.2,4
1.7245544743297339,1.6694570828711983,1.8559999999999997,1.7,4
1.8000890008368693,1.6597263048129598,1.72,2.1,4
1.607854076779972,1.5309204671847056,1.3719999999999999,2.0,4
1.8446483592593905,1.9500413256788418,1.7479999999999998,1.3,4
1.7813703803469199,1.7901639021305993,1.76,0.8,4
1.5581878198913581,1.3955014299208763,1.5120000000000002,1.4,4
1.4484748636543985,1.479139767240956,1.3839999999999997,1.7,4
0.7167867543774525,0.7210707953449786,0.6480000000000001,0.5,4
0.7013136785291698,0.670549286059104,0.7,0.3,4
0.5053347710658229,0.43364586509106856,0.43200000000000005,0.4,4
0.700070015956981,0.7073204608654302,0.78,0.9,4
0.7273518541045441,0.7363847980041628,0.764,0.4,4
0.6262646788952618,0.6219486335734684,0.544,0.7,4
0.5104844436474953,0.4098132630243589,0.3999999999999999,0.5,4
0.4975702013013692,0.5112299969249869,0.528,0.7,4
0.4480895406950405,0.3706181979327371,0.444,0.4,4
0.42977088639576305,0.435539473442449,0.4192,0.4,4
0.6494067853412774,0.6751162316996773,0.58,0.2,4
0.6242415928369728,0.6186707773393912,0.524,0.6,4
0.5249312006664101,0.5321119406287662,0.5264,0.7,4
0.5459069245971987,0.5548880738102215,0.496,0.5,4
0.5076338402594472,0.4717477400257284,0.5271999999999999,0.3,4
0.4777634246106209,0.4445814519623895,0.4488,0.4,4
0.4345499115968198,0.44393326536863476,0.40800000000000003,0.5,4
0.5317210091829131,0.5002545198923564,0.51,0.6,4
0.5654003625912343,0.5549418045821732,0.584,0.5,4
0.52706820858809,0.5666887446600979,0.512,0.5,4
0.47473436477782105,0.4857745829201877,0.5032000000000001,0.7,4
1.050979908826053,1.0740608983902165,1.1119999999999999,1.2,4
1.0833536207761647,1.0552693185487254,1.044,1.0,4
0.9125687070869984,0.8671822753231447,1.0284,0.4,4
1.0975756368202685,1.0870020363438082,0.9647999999999999,1.1,4
1.1871240047965608,1.1863187228444942,1.0192,1.1,4
1.1332361818603807,1.121496687790812,1.304,1.0,4
0.9089225289306286,0.8127429222822254,1.02,0.8,4
0.8128066601895599,0.8750647894525262,0.94,1.0,4
0.8488556898014173,0.8537047894319195,0.7600000000000001,1.5,4
1.0759338184717055,1.0177732654010974,1.008,0.7,4
0.9021387772394401,0.8841486197733757,0.88,0.7,4
0.9685080733955582,0.9835232741334886,0.904,1.1,4
1.0530580991310439,1.0341922444461906,0.9643999999999999,1.4,4
1.0759308266100935,1.115658785468383,1.148,1.3,4
0.4156557614759541,0.38045691546193133,0.3748,0.3,4
0.42996096426251984,0.38987539567282165,0.3592,0.18,4
0.3626885425207614,0.3757803887748465,0.45960000000000006,0.37,4
0.4040040472623896,0.40708059282310405,0.42440000000000005,0.4,4
0.39724492975615894,0.41259021653719397,0.5120000000000001,0.1,4
0.3493178574117007,0.3453887917557147,0.37,0.6,4
0.3368198222087827,0.3531528963728894,0.412,0.4,4
1.1982284049114127,1.0924642101123767,1.196,0.6,4
0.9572047685435746,0.9233266213234422,0.9320000000000002,0.6,4
0.9120852116722148,0.9070596645339543,0.9076,0.9,4
0.9637045042215345,1.014821460342846,1.0295999999999998,0.6,4
0.9354596649997702,0.978956908080896,0.764,0.6,4
0.8644046529594454,0.8401903271752282,0.9736,0.4,4
0.9379323186918281,0.9012315954183053,0.696,1.0,4
0.4860915001084039,0.5038002475633627,0.5015999999999999,0.6,4
0.5432929460334452,0.5393618625824288,0.484,0.2,4
0.4820896832110289,0.4523800536745078,0.4288,0.2,4
0.560469990868695,0.5593860402578507,0.636,0.9,4
0.6228437889923096,0.6499999989146054,0.6999999999999998,0.8,4
0.4931450831683002,0.5135609150041032,0.368,0.5,4
0.5259320421608495,0.5189740397936653,0.43200000000000005,0.1,4
0.5212776850503665,0.5344028900572827,0.528,0.5,4
0.5332308190918543,0.5236827175741248,0.524,0.4,4
0.4907483893490912,0.4562643104651432,0.4759999999999999,0.4,4
0.6343052131115299,0.6400986602710275,0.652,0.8,4
0.6640228775166545,0.7151910137527531,0.6559999999999999,1.0,4
0.6219184903004572,0.6351210752627625,0.5720000000000001,0.4,4
0.5025455678759525,0.45868710295702086,0.544,0.4,4
0.5443166146438895,0.5276766663887105,0.46680000000000005,0.77,4
0.5593300565210239,0.5503647522672256,0.5256000000000001,0.9,4
0.5999687577258327,0.5798735573413303,0.6668000000000001,0.4,4
0.5729080661728561,0.5451793111137478,0.508,0.3,4
0.6195375988946492,0.6006503224809192,0.636,0.4,4
0.47444144469379185,0.4866594957954281,0.48400000000000004,0.8,4
0.520950440112891,0.5341190383918732,0.66,0.8,4
0.8493116461324717,0.7967810669145751,0.7859999999999999,0.4,4
0.8473785388046893,0.8128291374662524,0.8252000000000002,0.8800000000000001,4
0.8564165087225032,0.8566843077256805,0.8832000000000001,1.0,4
0.8572704921236757,0.925016356312608,0.9619999999999999,0.4,4
0.8629806680141615,0.8286392836455327,0.9239999999999999,1.0,4
0.7141815811866652,0.7801341486681388,0.8024000000000001,0.9,4
0.6689848629917478,0.7574306326883598,0.716,0.7,4
1.0409146070369477,0.9922843702836286,0.9679999999999999,1.0,4
0.9469360394377719,0.8859598240363173,0.8684000000000001,0.9,4
0.9543395253950966,0.923303582674793,0.84,0.6,4
0.8999857049052048,0.882987691022103,0.704,1.0,4
0.9516785728576201,0.98267550016236,0.8960000000000001,1.3,4
1.0665785810489936,1.0260013299453226,0.9760000000000002,1.2,4
0.9519384308821718,0.9677750699247641,0.8800000000000001,1.0,4
0.38984543769679714,0.36944540785012436,0.588,0.3,4
0.428447132709398,0.539995458416116,0.56,0.0,4
0.49973665115310306,0.41872676601643005,0.6799999999999998,0.7,4
0.857216669024817,0.7019326211615278,0.8320000000000001,0.7,4
0.7605228941460336,0.8495730275815897,0.8320000000000001,0.9,4
0.8371649171273717,0.7927180514216121,0.84,0.9,4
1.0188486302495603,1.0252813962253888,0.8880000000000001,0.7,4
1.7047222788448106,1.7232451822033272,1.4560000000000002,2.4,4
1.7889642010446627,1.8361816000448146,1.28,2.2,4
1.765100247143406,1.8298244100631975,1.464,1.3,4
1.7752293262067398,1.7597668130182997,1.7375999999999998,2.5,4
1.8990642504969504,2.139352995174645,1.8840000000000001,2.6,4
1.858715239126631,1.710184901243877,1.5759999999999996,2.3,4
1.7127036807444003,1.6371499655589625,1.5,1.2,4
1.406837737161121,1.3622264681822043,1.3519999999999999,2.6,4
1.5060405090928612,1.5267114293923716,1.2919999999999998,1.8,4
1.4646676546077908,1.4448903381185088,1.42,1.5,4
1.5857433884748577,1.486166162112149,1.5759999999999998,0.6,4
1.3620968682098256,1.2641723631487543,1.144,1.1,4
1.3222352787112004,1.2682085442045943,1.224,0.7,4
1.2665033041706828,1.171988255838586,1.16,1.6,4
1.1177385678490845,1.0407720193984005,1.1588,0.8,4
0.997925434787391,0.9519190882268274,1.1124,0.6799999999999999,4
0.9012207331640834,0.9250312931972725,0.9879999999999999,1.4,4
1.072222972240752,1.181889361027137,1.136,0.8,4
0.9336387507191745,1.016758886910467,1.0364,1.3,4
1.1263074414708765,1.0840038477885303,1.148,1.1,4
1.0076032836617685,1.00653366579605,1.1152000000000002,1.4,4
1.0413082689977402,1.029604288201941,0.8440000000000001,0.5,4
1.0289234742239999,0.9618951489678745,0.9056000000000001,0.9,4
0.8802973939888697,0.8605986112715709,0.9152,0.7,4
1.3343037455280757,1.3278754157892323,1.3307999999999998,1.2,4
1.1406791533917027,1.2483776508013582,1.1232,1.4,4
1.1239156570697635,1.1415547181551835,1.112,0.8,4
0.8688837800315258,0.7793074679674786,0.9999999999999999,1.0,4
0.7155915195979937,0.7048545812626302,0.64,0.3,4
0.6249878263196074,0.5465381600823132,0.5232,0.7,4
0.7079577098381254,0.626585154571978,0.6951999999999999,0.4,4
0.6769773300526467,0.6290038849015231,0.49199999999999994,0.8,4
0.7183238307182424,0.7203743224239396,0.6199999999999999,0.9,4
0.7085396068247315,0.6589316351131087,0.608,0.8,4
0.7410361477183893,0.7270865216142671,0.8120000000000002,1.3,4
0.7091752797523452,0.6734318667170501,0.652,0.4,4
0.53338144499552,0.6950461899115398,0.6771999999999998,0.8,4
0.6752340385953824,0.7080860853637398,0.8668,0.5,4
0.6394492718383482,0.7210124937510578,0.732,0.7,4
0.6705628780885288,0.7205592476999569,0.5880000000000001,0.6,4
0.6659758790215873,0.6628170083588262,0.6000000000000001,0.5,4
0.5275606911866402,0.5615552874269208,0.512,0.9,4
0.7756068656351822,0.7834895529088302,0.7040000000000001,0.7,4
0.7919201149795912,0.7435948329868827,0.7800000000000001,0.5,4
0.7315327673972635,0.7239372999803166,0.6724000000000001,0.9,4
0.8351756510435479,0.9343033352041525,1.028,0.9,4
0.7934097366208277,0.8223487087308078,0.564,0.9,4
0.7582098850096688,0.8207232213831404,0.6784,1.0,4
0.813180250579902,0.8842451804713344,0.6828,0.6,4
2.0522841642968515,2.035988115972864,2.012,2.8,4
2.432104993507445,2.3514100702555805,2.396,0.9,4
1.8153173637537174,1.787638837666448,1.62,1.0,4
1.8538505462283523,1.830722672016913,1.43,1.0,4
1.826644379699436,1.6949220723253737,1.47,0.9,4
1.6245202219109747,1.5519991829581747,1.4724000000000002,3.8,4
2.064997413237957,2.2061108157358134,2.184,3.1,4
0.5622474845768309,0.5405332600459256,0.528,0.5,4
0.545702529664717,0.5186112266070466,0.5392,0.3,4
0.6040659071485547,0.6149092613230833,0.496,0.7,4
0.7665584694908991,0.8051685342718821,0.7824,0.3,4
0.6425820939171575,0.5858910913867956,0.6679999999999999,0.6,4
0.49948141665543355,0.5018588895076049,0.44000000000000006,0.5,4
0.45237744981427547,0.4713606060736882,0.504,0.4,4
3.439774356036538,3.4187594527440317,3.508000000000001,3.7,4
3.1706364720067124,3.319866888736672,3.3879999999999995,2.8,4
3.3774201817865968,3.3487570060016827,3.4360000000000004,3.7,4
3.5019457252288144,3.755558777428191,3.1559999999999997,3.7,4
3.705549117771218,4.010237008974111,3.8760000000000003,2.9,4
3.8540156130030354,4.033506364260878,3.8200000000000007,3.0,4
3.8920627764405116,4.056303293900324,3.8320000000000003,3.7,4
0.6723339332004605,0.7092623291928735,0.6856,0.8,4
0.7242362325240909,0.7094198806638828,0.7880000000000001,0.5,4
0.4811012692650269,0.4383130686821335,0.536,0.7,4
0.5625202153080018,0.5659107206977521,0.6880000000000002,0.9,4
0.6115209847831345,0.5962963511276356,0.528,0.6,4
0.5372995361442775,0.49201897901509223,0.44400000000000006,0.7,4
0.5623700509403965,0.5418665317543042,0.54,0.7,4
0.3198079956765548,0.17826146632253026,0.3559999999999999,0.2,4
0.314304691936453,0.2804583771741914,0.324,0.0,4
0.2742699067442572,0.2308472773041308,0.318,0.0,4
4.436432099961541,5.426162452837586,3.236,3.4,4
0.6777261154593577,0.2738386774603998,0.856,0.3,4
0.4808285566172228,0.443010038004833,0.3760000000000001,0.4,4
0.5007264752076529,0.5019495139065995,0.5236,0.5,4
0.5358781104793289,0.555464407717206,0.5168,0.7,4
0.48626498606891344,0.5127932221651431,0.49200000000000005,0.5,4
0.4910328285751163,0.48607505260748884,0.488,0.5,4
0.605932555616928,0.6275788614052887,0.648,1.4,4
0.8407440121819519,0.8591953436506174,0.8560000000000001,0.8,4
0.6510825436923361,0.664956601733349,0.596,1.1,4
0.6801920024363454,0.7006815399784052,0.5468,0.8,4
0.413938534523209,0.3612038298056419,0.41839999999999994,0.2,4
0.4122355463192704,0.35769465579838244,0.4235999999999999,0.2,4
0.4172161134869221,0.3863287770086663,0.41840000000000005,0.4,4
0.47633651381835374,0.45175513964663927,0.47200000000000003,0.5,4
0.469425799663199,0.421376557431308,0.512,0.2,4
0.40863188283956814,0.3764436608975082,0.512,0.3,4
0.33864079188312973,0.3776919635434992,0.412,0.2,4
1.197286545472546,1.1971387253397627,1.056,1.0,4
1.3502972341102457,1.2131933059829743,1.166,2.1,4
1.4375278654118122,1.5428575387215502,1.528,1.8,4
2.034262440892274,1.968088328743694,1.788,1.6,4
2.114020049267779,2.0813258075114422,1.808,1.8,4
1.784608850237011,1.6804229313456163,1.324,0.6,4
1.52777360517167,1.3854802060258797,1.148,1.9,4
0.28356180317437396,0.27321720630302404,0.32,0.1,4
0.29055403619771536,0.27780424117239233,0.35839999999999994,0.4,4
0.31904367496265884,0.3118895598950152,0.368,0.4,4
0.40230112535475643,0.40712360406422576,0.48479999999999995,0.1,4
0.4014247844447597,0.4014928356602748,0.4176,0.4,4
0.35221626590930954,0.3598050253192554,0.3668,0.2,4
0.3308342477023754,0.3314908006896379,0.32,0.2,4
0.5938341294652648,0.6330941512831043,0.752,0.5,4
0.5838832006464688,0.5472185160246834,0.648,0.2,4
0.5253625505189584,0.4734180881690683,0.5840000000000001,1.1,4
0.711009604993488,0.7107274347332132,0.644,0.8,4
0.7258880551256444,0.8125929135501397,0.8479999999999999,0.8,4
0.7181475927847689,0.7739796941244287,0.7360000000000001,1.1,4
0.8337677815219392,0.8683621686225946,0.8120000000000002,1.2,4
1.2094593797329685,1.2999073670461472,1.136,0.9,4
1.0465802323805484,0.9931162758673747,1.112,0.7,4
0.9736519303869691,0.9906041700285038,0.968,0.3,4
1.1729363650382307,1.1547235298612493,0.8959999999999999,2.0,4
1.593263068473384,1.6572425767801144,1.656,1.1,4
1.0793987130449623,1.0337447989371427,0.9800000000000001,0.9,4
1.1736092285120112,1.1746108096395018,1.172,1.5,4
0.4541038390510564,0.44315189591333237,0.5,0.4,4
0.45870831534830736,0.4112132657535359,0.35800000000000004,0.5,4
0.480313099590369,0.42119759397494133,0.5159999999999999,0.3,4
0.5291818777679105,0.5117580493788184,0.484,0.5,4
0.5386849017766879,0.5133358590312905,0.596,0.3,4
0.49697654510010464,0.49090857042716,0.392,0.5,4
0.4573504845298845,0.4405742131997841,0.41999999999999993,0.7,4
1.4042939735610032,1.3699275080823576,1.48,1.0,4
1.1924615845832103,1.2363830628162382,1.3120000000000003,0.7,4
1.0791024942983727,1.2043353650578914,1.2399999999999998,1.1,4
1.237612321473796,1.261156766966549,1.2279999999999998,0.9,4
1.2734309058243882,1.263564416687245,1.2080000000000002,1.2,4
1.2573415131518346,1.4291176940106833,1.368,1.0,4
1.1581920661720688,1.2897737313629474,1.168,1.0,4
1.1486456477084943,1.112928333841554,1.128,1.7,4
1.1399490825074243,1.0191880103465192,1.1427999999999998,0.7,4
1.1015200207385767,1.0730581713537697,0.9508000000000001,0.1,4
0.9896299123646124,1.0135973969961491,0.7,1.7,4
1.2820190985870663,1.3136931806886478,1.2032,1.7,4
1.1811772955710735,1.1911334092163188,1.064,1.4,4
1.1722792869919252,1.1889599156715618,1.0908000000000002,0.8,4
0.6709684761305901,0.6734285355221996,0.624,0.6,4
0.48612860248981643,0.4442034329215551,0.48,0.4,4
0.5975716789041557,0.6158987906152823,0.44400000000000006,0.3,4
0.661237786876418,0.6559200392932749,0.664,0.8,4
0.6959724245653539,0.7382048996587962,0.632,0.6,4
0.547008917740556,0.5608498781101849,0.46,0.4,4
0.5688898453811361,0.5850308899050933,0.5680000000000001,0.3,4
0.8351188250267595,0.8362280388979967,0.9236000000000001,0.5,4
0.7157424846388138,0.6708453258867346,0.6152,0.9,4
0.7519022955691255,0.7737978543260831,0.7243999999999999,1.5,4
0.9565426087334555,1.1067524114908367,1.0536,1.3,4
0.9518683245537325,1.0597169179810995,0.9628,1.1,4
0.8913993399110871,0.8578901356111777,0.748,0.6,4
0.8512696144525903,0.8299218827969519,0.7624,0.5,4
0.9007670895198614,0.7947522035021197,0.796,1.2,4
0.8848895720301444,0.82191150252483,0.868,0.4,4
0.8503735973451163,0.7674424333486773,0.7880000000000001,1.2,4
0.8982622255823226,0.859837553316512,0.78,0.5,4
0.9035095066145418,0.905233982837227,0.8216,0.6,4
0.8858738988391506,0.8213380863637033,0.9079999999999999,1.0,4
0.9195654215873755,0.9328293519451484,0.9296000000000001,1.0,4
0.6950718098393452,0.6972929316457275,0.6199999999999999,0.6,4
0.715228205106195,0.6965233946749781,0.5920000000000001,0.6,4
0.7620049620556276,0.7256279876065839,0.6,0.8,4
0.8176413994028271,0.8587326540876561,0.8640000000000001,0.8,4
0.8842151000508228,0.9247594508632697,1.004,1.0,4
0.9071234027664332,0.8866305786066478,0.9283999999999999,1.0,4
0.9096500196299977,0.904892453750993,0.9564,1.0,4
1.3747023553948532,1.287507090303985,1.16,0.9,4
1.2233533701873451,1.1390337008268983,0.9359999999999999,1.2,4
1.34252538826393,1.2894264530430852,1.1199999999999999,1.5,4
1.5688417492007474,1.4960955324837908,1.668,1.9,4
1.6228756459321927,1.5942670810404869,1.56,2.4,4
1.098618599632969,1.0363832933004926,1.2719999999999998,1.4,4
1.3255373095031246,1.30813834703518,1.244,1.0,4
0.5636506281593097,0.5370798361037171,0.5312,0.3,4
0.5551822033594159,0.5396761516776547,0.4232,0.5,4
0.5904023584471098,0.6419254198283999,0.5760000000000001,0.3,4
0.5095486850724633,0.49227361548724374,0.6192,0.5,4
0.6371456594075973,0.6890917651007014,0.6719999999999999,0.7,4
0.4953919806078719,0.49497490993666765,0.46399999999999997,0.5,4
0.49430966587739134,0.5408974269312821,0.54,0.5,4
0.4065960773976535,0.388964781771616,0.40120000000000006,0.3,4
0.3621341598060856,0.3518968501614872,0.33879999999999993,0.3,4
0.48879030119200306,0.6017515627867187,0.4935999999999999,1.2,4
0.5055835079247227,0.48875628542447364,0.488,0.2,4
0.5476336014628209,0.5091097884160579,0.5596,0.5,4
0.47453587075065506,0.4646137758952498,0.47800000000000004,0.3,4
0.4316388772908812,0.43731859800727874,0.3472,0.5,4
1.2282882165095421,1.093173302723018,1.1800000000000002,1.1,4
0.9931282002483711,0.8940657501777167,0.9672,0.5,4
0.5636709453268032,0.7779143222259786,0.64,1.3,4
1.27294556062149,1.219828930042969,1.1748,1.2,4
1.3634608171108167,1.2681511093906628,1.1320000000000001,1.4,4
1.2172969066204427,1.1290197372755482,0.996,0.4,4
0.7308829947068599,0.8771277736991606,0.5160000000000001,0.9,4
0.44561809553649406,0.3574655836463725,0.3416,0.8,4
0.5223681943071936,0.508311257266254,0.52,0.2,4
0.5019773949373451,0.48637382783860916,0.5288,0.6,4
0.5506262775451979,0.5769520375257684,0.5432,0.2,4
0.5166189806593714,0.4783967422806706,0.5168,0.1,4
0.43000358070518063,0.4185864401535015,0.42719999999999997,0.1,4
0.4511701630995554,0.48660937091130596,0.35400000000000004,1.1,4
0.43796137527474893,0.41252436142936544,0.44799999999999995,0.3,4
0.4335977724720947,0.34802290396954605,0.338,0.3,4
0.4353925579944968,0.4210839547417761,0.384,0.5,4
0.4827605593438587,0.41957118915238256,0.43119999999999997,0.4,4
0.5036076005862086,0.5306260908238517,0.4760000000000001,0.6,4
0.491088724250981,0.4599620889532364,0.42,0.0,4
0.4382088722822674,0.4396740345031563,0.444,0.9,4
0.44939503570551836,0.4576981131432955,0.504,0.7,4
0.4632776519420915,0.4701887287868021,0.412,0.5,4
0.4834348762972333,0.5011557346316549,0.5519999999999999,0.8,4
0.6065356387382612,0.6493600679215223,0.632,0.7,4
0.6333589105372108,0.6808035994827561,0.6800000000000002,0.7,4
0.5393524545630178,0.5741972159096549,0.474,0.6,4
0.5765907697394712,0.6051629065401136,0.52,0.6,4
0.43291458182310966,0.3039783922537599,0.264,0.5,4
0.49746016839359847,0.5436872331047296,0.524,0.2,4
0.481384154703824,0.46584789872093973,0.46559999999999996,0.2,4
0.4160891174722445,0.4222717512701018,0.4388,0.4,4
0.5104057395720019,0.5822750206003697,0.54,0.3,4
0.3263389857630403,0.30182012059480245,0.42800000000000005,0.2,4
0.3621379265331647,0.3799027632763872,0.3408,0.5,4
0.7441132033853667,0.9751009469998265,0.8,0.3,4
0.715585637227433,1.0065111000939024,0.6048,0.1,4
1.6098008062845335,1.162208999406233,1.0959999999999999,0.3,4
0.5343841821240223,0.8146222110910298,0.816,0.1,4
0.5220398723122119,0.4303477182368946,0.5840000000000001,0.4,4
0.4925681974460131,0.4718876640268899,0.364,0.4,4
0.32331593049717006,0.3579810212456652,0.38,0.3,4
1.1034259459386353,1.1128809399090005,1.004,2.0,5
1.2112346172337582,1.3270756675941635,1.1239999999999999,0.9,5
1.007641945261676,0.9211712807392083,0.94,0.8,5
1.2749698461283931,1.2995242409876488,1.2588,1.3,5
1.4446264077414628,1.4984375263807461,1.2656,1.3,5
1.0903833844511381,1.02644333826552,0.9372,1.1,5
1.1418608381034525,1.1445248084313893,1.1980000000000002,1.4,5
0.6920164541848346,0.6725929320792491,0.62,0.6,5
0.7110881659191557,0.6757138944552232,0.64,0.7,5
0.726947022117608,0.714854981707997,0.74,0.7,5
0.8437895858302136,0.8733896284526415,0.7440000000000001,1.8,5
1.07109708198691,1.1549659168908297,1.18,1.5,5
1.0048545515350402,1.0242554779611126,0.9999999999999999,0.9,5
0.881194560943009,0.9103385434366107,1.0084,1.2,5
0.43709660530743644,0.398623176014958,0.484,0.7,5
0.4722948935590198,0.472387029176675,0.528,0.6,5
0.4827699419026333,0.5188564197236212,0.6040000000000001,0.2,5
0.58693486289115,0.582679241785938,0.5840000000000001,0.4,5
0.5766172571740965,0.5802958283620858,0.568,0.5,5
0.47277787932109144,0.44853451860537974,0.38,0.2,5
0.4769408704963871,0.49957509966329683,0.4868,0.4,5
1.1113626050427192,1.1034418024505435,0.9560000000000001,1.8,5
1.3337695859561698,1.3392963987184079,1.144,1.7,5
1.2968507273996224,1.3123082617887938,1.28,1.5,5
1.5853006677681787,1.571657934088537,1.656,1.6,5
1.5993286275804686,1.5213813916772132,1.6068,2.1,5
1.4016184893128467,1.4146053005453747,1.3640000000000003,1.6,5
1.3056698129779913,1.2597656938701296,1.18,1.4,5
2.154231230713646,2.539688230820347,1.88,1.6,5
2.053259524538063,2.527171514574869,1.632,2.9,5
1.7221010264098455,1.723405362324582,1.88,2.4,5
2.1347577121288044,2.3012397826535635,1.976,2.6,5
2.50860525093311,2.7765293840604386,2.2640000000000002,2.2,5
1.9135560785656438,2.075355818384213,1.716,2.2,5
1.9090337317333004,1.664787599466773,1.844,2.1,5
1.023044111503423,1.3095079956318496,1.1119999999999999,1.8,5
1.3821741227353408,1.5266087740959855,1.2879999999999998,1.3,5
1.243842904927683,1.5679489798179325,1.256,2.0,5
1.9520951427796156,1.9835195850676042,1.744,1.5,5
1.5687534291307241,1.776182056540332,1.68,2.4,5
1.8731265752320878,1.9629271226716862,1.888,1.1,5
1.4827177546283743,1.5656125529688276,1.544,3.0,5
0.6495143992882947,0.5782868853252713,0.6312000000000001,0.9,5
0.7314274215759327,0.7682346461019145,0.708,1.0,5
0.7230136987464854,0.705198956411319,0.796,1.0,5
0.7421601942214173,0.8008086487368457,0.7839999999999999,0.9,5
0.8341123597411304,0.9485670219005214,0.86,0.9,5
0.7687544955237684,0.7075565145964312,0.652,0.7,5
0.7336140107038072,0.6785678528888559,0.6352,1.0,5
0.4688996495839833,0.48884565055836643,0.536,0.9,5
0.6071609085367553,0.6185790806941343,0.6399999999999999,0.7,5
0.6382852821962972,0.6408117289052808,0.592,0.6,5
0.7607448576673158,0.732530729801406,0.9840000000000001,0.7,5
0.8124957448355568,0.7571638836307747,0.972,0.5,5
0.693825485769761,0.6581640690817652,0.592,0.6,5
0.7098623360902948,0.6894607127801432,0.7240000000000001,1.2,5
0.4770476880346048,0.4834938869055692,0.544,0.7,5
0.4871897626171427,0.43952262308832535,0.456,0.8,5
0.5101993096935586,0.5011643284960408,0.504,0.4,5
0.6057655590386561,0.5665666415883446,0.584,0.7,5
0.6768806463759611,0.6741977921288794,0.688,1.0,5
0.5785636674124982,0.6398814560316498,0.5760000000000001,0.5,5
0.5809161376417904,0.5762455784062132,0.5095999999999999,0.8,5
1.2220058005848486,1.215662232045152,1.1239999999999999,1.4,5
1.113087358663181,1.0730675138696946,1.1467999999999998,1.3,5
1.4655036374069728,1.4899759828593302,1.5,1.5,5
3.2865924278538574,3.884765475348929,2.572,2.0,5
2.279933174705288,3.1057447874576263,1.604,3.3,5
1.5323440626049543,1.4222774009084285,1.68,1.8,5
1.602672864428135,1.6056377710061278,1.5120000000000002,2.0,5
0.49511490075869197,0.5211867293053838,0.5164,0.6,5
0.5233735565771291,0.5399418705148967,0.612,0.0,5
0.44071082903207515,0.3452529980371294,0.512,0.1,5
0.4747464045397118,0.5224412639063571,0.58,0.6,5
0.5872811372483416,0.5560869402360357,0.508,0.3,5
0.45996230051669246,0.45512693605976323,0.564,0.5,5
0.3401436690285759,0.3262333465181534,0.396,0.3,5
5.632568022500381,4.794956438824299,5.316,4.9,5
5.45276905798222,4.716117090857586,4.5920000000000005,6.1,5
5.950602103452108,5.524046461368831,5.652,6.9,5
6.847361124986127,6.222583708470404,6.12,6.6,5
6.302876529026531,4.150896776731738,5.876,6.6,5
5.158774265080986,4.650345009880125,5.331999999999999,6.5,5
4.875455311384692,3.576340149833697,5.656000000000001,3.5,5
0.3974585908302982,0.5262367948057967,0.6399999999999999,0.8,5
0.4308989804936102,0.4613816577312144,0.5948,0.5,5
0.4343522319145793,0.5073489674985201,0.47600000000000003,1.2,5
0.6931319995526838,0.7843841540003147,0.77,0.8,5
0.7344867389949066,0.7425171527248349,0.7340000000000001,0.4,5
0.6512861000637155,0.5935777827999515,0.5952000000000001,0.8,5
0.684175280017429,0.6810753636471832,0.58,1.3,5
0.5918221781507635,0.5429593233185448,0.564,0.3,5
0.6519580277876027,0.6095310019718765,0.5196,0.6,5
0.8209858455745626,0.9466009121373213,0.9560000000000001,1.2,5
0.9004263240389973,1.0011635481213077,0.8799999999999999,0.6,5
0.8852450932494831,0.9002807727050358,0.9480000000000001,0.9,5
0.8745829897985172,0.8788525892147473,0.924,0.7,5
0.8588778185868322,0.8306698527825214,0.8439999999999999,1.7,5
2.9719057542013605,2.7417749490602317,2.9520000000000004,3.1,5
2.7760070371415106,2.631344711660999,2.6519999999999997,3.4,5
3.033289838852674,3.0649839212944414,2.78,4.2,5
4.433162780759626,4.840577008392431,3.536,4.0,5
3.9990924907511727,3.967184099576103,4.14,6.9,5
3.3367199291698206,3.6493210551229764,3.676,6.0,5
4.215675349396223,4.558202353284328,3.648,8.5,5
0.6646507287290327,0.6399578597374858,0.642,0.3,5
0.5853455076597073,0.57401658192854,0.48160000000000003,0.4,5
0.46951180557086597,0.4252256277667863,0.49479999999999996,0.0,5
0.6066097135092334,0.5477171475160021,0.48400000000000004,0.8,5
0.6591971440650665,0.6892240976476511,0.7440000000000001,0.6,5
0.5180768230053298,0.5661022543406337,0.552,0.5,5
0.42061950103304974,0.3642658150681175,0.4040000000000001,0.0,5
0.9552723333966546,0.8884195321213045,0.9680000000000001,1.3,5
1.003619865484018,0.950005090217513,1.148,0.7,5
0.9509633174999054,0.9421137047333776,0.6904,0.67,5
1.08553319916429,1.0643286607698572,0.7812,0.7,5
0.9433294470334509,0.9346537447331265,0.8543999999999999,0.8,5
0.9679158429979127,0.9629707997575809,0.898,0.7,5
0.9034617639120001,0.9327519334703327,0.78,1.5,5
0.42529252276008334,0.40028327873545283,0.44,0.4,5
0.4126994170024209,0.3849610965730959,0.42,0.5,5
0.4962130374868418,0.5713925650442807,0.36119999999999997,1.0,5
0.575511809939145,0.6068274347234222,0.66,0.4,5
0.5888350230275744,0.5747400986477031,0.716,0.5,5
0.5703180230470078,0.5919566686340954,0.4684,0.6,5
0.5267415604965302,0.5267895715372397,0.5244000000000001,0.9,5
0.9194181134311659,0.8438361070677762,0.9560000000000001,1.1,5
0.9237226470150471,0.9560525128362537,0.9092,1.0,5
0.8919621021651796,0.909322103319597,0.772,1.0,5
0.9061862964298183,1.003849535257527,0.8160000000000001,0.3,5
0.8496600253541559,0.8590720965025115,0.9,1.0,5
0.9229410782844493,0.9587912777563251,0.92,0.9,5
0.8969888015413242,0.9124353476192988,0.9400000000000002,1.0,5
0.8271082844930189,0.8310285108416792,0.7439999999999999,0.6,5
0.8434412146508504,0.8227714296089514,0.78,1.1,5
0.8765350128690506,0.8723836200769214,0.8428000000000001,1.4,5
1.0199599193432811,1.1097564087906062,1.0548,0.7,5
0.9577021806220731,0.9926007654167838,1.094,1.2,5
0.9151922035756618,0.965371401430487,1.0200000000000002,0.7,5
0.8539951214102657,0.8730919210671308,0.7880000000000001,1.3,5
0.44206759667277823,0.44566158684925294,0.556,0.5,5
0.5071458417265103,0.5748184957684572,0.548,0.4,5
0.44770121392669293,0.38633994752876627,0.52,0.8,5
0.6060405206099905,0.6528345465944699,0.54,0.7,5
0.789663814269497,0.9790196926265272,0.8959999999999999,0.9,5
0.6866697009615822,0.6884986741320187,0.62,0.6,5
0.6541349731984735,0.5830949479290632,0.632,0.6,5
0.4482796716187609,0.4183482363450442,0.48440000000000005,0.9,5
0.5343751281225727,0.5351156350373516,0.588,0.3,5
0.35766249326139177,0.31718549987678357,0.486,0.7,5
0.4131686306486739,0.44412619184360425,0.436,0.3,5
0.5030931288719326,0.5244454195693791,0.532,0.8,5
0.48802771712979537,0.5424834344764308,0.528,0.6,5
0.4201116155022466,0.43052225652824383,0.42,0.3,5
0.4905745984868018,0.47077700354876434,0.4572,0.4,5
0.5181478259222234,0.49110244520848767,0.4576,0.37,5
0.4102778618111248,0.3888796640339217,0.4192,0.6,5
0.5769517882842731,0.6086539205253635,0.56,0.9,5
0.631359697154439,0.6787137281012915,0.652,0.8,5
0.5334821715555265,0.5771046163855376,0.436,0.5,5
0.4172197984430265,0.39653017548708314,0.348,0.7,5
0.5407672375275205,0.5049598992944841,0.3908,0.4,5
0.52669412393642,0.514873267133894,0.5131999999999999,0.7,5
0.5059303177937216,0.5400911375772264,0.44,0.5,5
0.44486156672412097,0.4839555796688067,0.512,0.6,5
0.6036092614152468,0.6408749342553646,0.532,0.4,5
0.3947363813291986,0.3515885067735248,0.376,0.6,5
0.5077739684636251,0.553700695515045,0.5696,0.8,5
0.7768748132928984,0.7357212635503404,0.7792,1.1,5
0.7957100771054112,0.8146358835428633,0.764,0.8,5
0.7473989823595026,0.7929966565733446,0.7192000000000001,0.6,5
0.810278904797024,0.846346710311444,0.958,0.8,5
0.8552300877069406,0.8903006970342957,0.8948,0.4,5
0.7361713346437768,0.7116250123862489,0.8536000000000001,0.9,5
0.701047208769411,0.7320053853747588,0.6040000000000001,0.6,5
0.47043977384470925,0.5027793617319489,0.4952,0.5,5
0.45745408439684854,0.4503762836512219,0.49199999999999994,0.1,5
0.47016363454829646,0.5058884558650637,0.49920000000000003,0.3,5
0.6053401662758483,0.6510764500384494,0.78,1.7,5
1.008493394687282,0.9897782277978172,0.956,0.5,5
0.7289386296398503,0.7224166429906532,0.7759999999999999,0.8,5
0.7386435985710353,0.7671851291446155,0.732,0.6,5
0.8876513971792183,0.8183412773427369,0.848,1.8,5
0.6888329501896072,0.6925001368335022,0.7008000000000001,0.3,5
0.7422869761757613,0.7619313240424924,0.5912000000000001,0.3,5
0.7668120130834762,0.858691833766198,0.764,0.8,5
0.9085934029823314,0.962791222077736,0.8560000000000001,1.0,5
0.6388308251096602,0.6502173767628036,0.556,0.6,5
0.5998903683553897,0.610034503942461,0.5512,0.1,5
0.7485616320871916,0.6717910764568051,0.768,0.3,5
0.617007480481018,0.5714860580155188,0.6264,0.5,5
0.6930001072054505,0.6653455585169354,0.5720000000000001,0.9,5
0.7199781420901429,0.7207868602386165,0.8,0.6,5
0.6976356996326931,0.7029397301063642,0.612,0.8,5
0.589721311910911,0.5966585147360597,0.6144,0.6,5
0.567246203550378,0.5696713270944803,0.5404,0.6,5
1.1845066496509107,1.1034701585134248,1.02,1.1,5
1.0945588169925289,0.9237075023000846,1.02,1.1,5
1.0950946164525077,0.9785142766308765,0.8760000000000001,1.3,5
1.2306298777990272,1.172595595657689,1.2508,1.6,5
1.2992106168571054,1.202512769696205,1.308,1.5,5
1.2415346388621191,1.2087958842752284,1.224,1.2,5
1.1013624972340643,0.9403222808676661,1.116,1.1,5
0.9251214393802227,0.8358841278619336,0.86,0.4,5
0.9236302297871067,0.8410078862012607,1.0439999999999998,0.6,5
0.8733640136648476,0.9074182202773591,0.988,0.2,5
0.9185633798369403,0.903265843960155,0.98,1.0,5
1.022039920468991,1.0426284758424318,1.1760000000000002,1.5,5
1.2410216279033035,1.1481921937464903,1.4479999999999997,1.3,5
1.1234549781829943,1.162279898158951,1.304,0.8,5
1.2370164122303962,1.2037822845159816,1.2628,1.0,5
1.2044198932294936,1.1507141421327303,1.0655999999999999,1.6,5
1.3532811872711767,1.2887581295566188,1.36,1.0,5
1.278794304367786,1.216468383181216,1.004,1.6,5
1.4056506388544663,1.369994130141155,1.4628000000000003,1.6,5
1.259772729821057,1.274668803410573,1.368,0.8,5
1.2025399146381175,1.147246807961483,1.036,1.2,5
0.5406344235246968,0.5549219198246085,0.4792,0.6,5
0.5523599154774747,0.562272539683023,0.5536,0.6,5
0.566129889104582,0.5645881576765212,0.468,0.5,5
0.6892987004534649,0.6699519902142054,0.58,1.0,5
0.6657909034227952,0.7058432726498499,0.7,0.8,5
0.5783382543440553,0.5719323768027045,0.6112,1.0,5
0.6713664774152241,0.7651569649160467,0.6828,0.7,5
1.37459638879476,1.4719017613652072,1.1560000000000001,1.7,5
1.3134044020174278,1.3202571792855364,1.38,1.5,5
1.049409842482434,1.0401190316077542,1.056,0.8,5
1.640404522944595,1.6528858375735944,1.5148000000000001,1.5,5
1.5548409599046464,1.5875599674903018,1.4376,1.2,5
1.3782060966422596,1.4485825056222332,1.2920000000000003,1.2,5
1.0904420042391874,1.0261630059003672,1.1079999999999999,1.2,5
0.5591860878053445,0.5188006069060134,0.49920000000000003,1.1,5
0.6449659209853635,0.608890078116159,0.5923999999999999,0.5,5
0.6001905262194451,0.5426453683832,0.6587999999999999,0.5,5
0.6798998049022327,0.6417950717016024,0.6308,0.5,5
0.7039562058786033,0.6377206657078471,0.732,1.2,5
0.6374413060687483,0.6975768585195206,0.54,0.9,5
0.7456445665214851,0.7931248123235849,0.704,0.5,5
0.4607575189327116,0.4530741663631561,0.468,0.7,5
0.49294659960785775,0.47625980842127663,0.48,0.4,5
0.46520688163535034,0.4613564282506631,0.47480000000000006,1.0,5
0.5465249308489991,0.588288453808429,0.52,0.6,5
0.5472044991717774,0.5542511273524056,0.58,0.6,5
0.5033079425720474,0.47830251935739687,0.38799999999999996,0.6,5
0.5373780768982538,0.5135900017470424,0.5479999999999999,0.8,5
0.4191692536995148,0.3671550985516707,0.36,0.5,5
0.4339532801025655,0.39041315472379146,0.4200000000000001,0.7,5
0.3501857707528284,0.3466578448601033,0.3992,0.3,5
0.5283510712497977,0.6070581142416195,0.4800000000000001,0.9,5
0.6933656265684087,0.6977535485173956,0.6200000000000001,1.3,5
0.7257718905522549,0.7708448965029063,0.7440000000000001,0.7,5
0.6018194228499743,0.5726866470836743,0.548,1.0,5
0.5997228934387724,0.5500542890515694,0.6679999999999999,0.6,5
0.5870235959710551,0.5486662394078148,0.5680000000000001,1.1,5
0.6411744657199728,0.6815909188226256,0.674,0.7,5
0.6227684318489541,0.6656757082051834,0.6,1.6,5
0.9096493195061087,0.9227883082001048,0.8307999999999999,0.7,5
0.6805997771180876,0.679163673532249,0.6064,0.48,5
0.6310413806708742,0.6646392554654348,0.6228,1.0,5
0.5280622756363845,0.5868444088635343,0.624,0.8,5
0.5834486006533576,0.6194858880558918,0.6679999999999999,0.7,5
0.5717899871730125,0.6294437434195815,0.7440000000000001,1.0,5
0.8170276674692597,0.8451895854439563,0.9712000000000001,1.2,5
0.9328644416678358,0.9166064011936711,0.7639999999999999,0.6,5
0.8740691924139118,0.7967750921051443,0.7404000000000001,0.7,5
0.8645980957068357,0.8306026100881585,0.856,0.5,5
0.36111020719059495,0.3374323418020877,0.4008,0.4,5
0.3259972442522736,0.3019001536997633,0.36400000000000005,0.3,5
0.34875289396371845,0.34261201699521493,0.392,0.2,5
0.39613623241626095,0.3950062612028638,0.3876,0.5,5
0.4103208052291147,0.4320352340559749,0.4832,0.5,5
0.3581593791516539,0.3534945563659522,0.39319999999999994,0.4,5
0.35839756870477474,0.36807335402188057,0.3996,0.1,5
2.624854965371398,2.653682770699107,2.5,2.7,5
2.523472130086558,2.3515241998271454,2.4588,2.4,5
2.571596566328327,2.7788084235397763,2.5108,3.0,5
3.854153293247127,3.7469689075899835,3.128,5.0,5
3.2481985864424785,3.3214825037464446,3.96,4.4,5
2.780401647831903,2.8663989816209394,2.7159999999999997,3.0,5
2.7898478944861034,2.9493348117122165,2.5959999999999996,3.7,5
2.1633462266181795,2.105754143092076,2.0552,1.3,5
1.9412245765492055,1.7086424612365554,1.472,1.6,5
1.9976083013430066,1.7938476156447032,1.4839999999999998,3.2,5
2.6422462514773817,2.601490559380932,2.116,1.4,5
2.1771739589954113,2.1774983893509523,1.84,2.4,5
1.7613549417884702,1.6254936588947273,1.5560000000000003,1.5,5
1.6728619944726457,1.8499240560886747,1.8776,1.0,5
2.2307935994628494,2.260666063715581,1.808,2.4,5
2.2144057920549853,2.3673900555490857,1.9039999999999997,3.2,5
2.4304907683902948,2.4616732487536632,2.06,3.0,5
3.394820435228084,3.4678023185282356,3.4119999999999995,5.4,5
3.2303330758834474,3.5534573016229163,3.464,4.8,5
2.313244093063929,2.4708295232859356,2.6439999999999997,3.4,5
2.3325362945721593,2.5798977541563723,2.304,3.7,5
0.261671952009973,0.2466176296480015,0.348,0.1,5
0.23755350182638366,0.20401753102660813,0.228,0.2,5
0.2663066253784306,0.2706437006456818,0.3432,0.3,5
0.2776096202964537,0.3251900456532951,0.35679999999999995,0.3,5
0.2995792254436395,0.3188238685089082,0.3912,0.1,5
0.38937763647002843,0.38317272410534964,0.4216,0.2,5
0.27177790525096296,0.20831458610386322,0.36560000000000004,0.4,5
0.3333588501061596,0.2989657416537348,0.28800000000000003,0.7,5
0.40689680888587015,0.35629973530780557,0.332,0.6,5
0.4449238835055862,0.4322803189592279,0.45199999999999996,0.7,5
0.5168156748795348,0.49193674562665823,0.512,0.3,5
0.5179606346576112,0.5031414889510356,0.5848,1.0,5
0.5021731328445959,0.5257147288068629,0.43199999999999994,0.5,5
0.48044434099762756,0.47195151796956825,0.46,0.6,5
1.3935414554001293,1.2985188180227327,1.52,1.5,5
1.3479823819056815,1.3293561534922662,1.256,1.4,5
1.3556553569681984,1.3600363859659583,1.276,1.1,5
1.2198108025601482,1.2903963879841025,1.1239999999999999,1.9,5
1.6206603578258287,1.6357341502182978,1.396,1.6,5
1.4832282499278633,1.5066158039192108,1.544,0.8,5
1.3341864655640616,1.368193388397598,1.232,0.8,5
0.851062443344532,0.9880381724353318,0.648,1.1,5
0.8297607787280671,0.9352763410732643,0.9880000000000001,1.3,5
1.0630371982262048,1.072092665412946,1.164,1.4,5
1.3267617821586533,1.3404489729129403,1.2908000000000002,1.8,5
1.4287631841339241,1.4655316172928008,1.5240000000000002,1.5,5
1.1805306831031344,1.220954215486519,1.2160000000000002,1.1,5
1.1495315647624549,1.1557643327891465,1.1987999999999999,2.2,5
0.5848818505888332,0.5921913255504495,0.5307999999999999,0.9,5
0.6118773007884767,0.6360882706618335,0.508,0.7,5
0.6936286371462513,0.6988237786931103,0.46399999999999997,1.1,5
0.8191408448375971,0.8360263491039778,0.88,0.7,5
0.8460480856212269,0.8117940424038786,0.7519999999999999,0.9,5
0.8253166156839948,0.8111894463918806,0.7108,0.8,5
0.8658359121461014,0.8458669604317195,0.8016,0.8,5
0.4157319940193751,0.38570288519607876,0.4,0.7,5
0.46160661312920664,0.48275194293430185,0.49520000000000003,0.2,5
0.5639145199391671,0.74348569298549,0.7959999999999999,0.8,5
0.7834467491932157,0.8359575331490395,0.92,0.6,5
0.773180594136276,0.8147441460993903,0.9119999999999999,0.2,5
0.5648702136323526,0.6509329285070213,0.7120000000000001,0.1,5
0.5328588648768429,0.6273489409854905,0.64,0.7,5
0.4063396018886817,0.36924881985172453,0.37079999999999996,0.3,5
0.3574385455617742,0.3303922769139075,0.3752,0.8,5
0.39777933997208853,0.42240910998123143,0.4348,0.1,5
0.5246782287070744,0.5623062312897266,0.5748000000000001,0.9,5
0.5738307240825381,0.5801422098405196,0.5592,0.5,5
0.4867148529669451,0.4879415768155478,0.4639999999999999,0.0,5
0.3747468036601012,0.3318143571287884,0.31199999999999994,0.3,5
0.7771119831003631,0.7284413841444093,0.8160000000000001,1.7,5
1.15526390317343,1.1890948981871117,1.052,1.2,5
0.920899756740479,0.9557452158508772,0.6919999999999998,0.7,5
0.8779647928670165,1.0130059932964932,0.8236,1.4,5
0.7615184191690325,0.8271485080088719,0.732,0.2,5
0.5403286815545963,0.6653873573419925,0.652,0.3,5
0.9233423958249801,0.9931033436946914,0.8947999999999999,1.7,5
0.299587413178426,0.24917580149313823,0.332,0.1,5
0.3853931079753478,0.315624135411093,0.35600000000000004,0.3,5
0.269833485895734,0.23411429671501294,0.352,0.6,5
0.3798918909196679,0.38490165492338474,0.42400000000000004,0.0,5
0.38522945170958045,0.3719561172480756,0.4616,0.6,5
0.3316292581685808,0.30485333588242924,0.3440000000000001,0.3,5
0.3450018832668184,0.31598184127847206,0.3560000000000001,0.5,5
0.7540951323659522,0.6735141118518593,0.628,1.4,5
0.9211975295656764,0.9427465357496863,0.8000000000000002,1.1,5
0.9054627905622514,0.9350975047588393,0.96,0.6,5
1.3072447814481578,1.4333061082812546,1.4,0.0,5
0.7054780414415823,0.8937611108826536,0.56,1.1,5
0.866244387115558,1.0518087575949242,1.048,1.2,5
0.9609259484172509,1.1005096238111327,0.956,2.5,5
0.8815793120108077,0.8716240727661869,0.772,0.7,5
0.8601699047596237,0.7731413167534341,0.8844,0.4,5
0.8220656749332206,0.7126395437846085,0.7308,0.7,5
0.8365043164970731,0.8159970714216819,0.836,0.7,5
0.84512122534042,0.8306868416092305,0.8268000000000001,0.9,5
0.8486279575212058,0.7991834450299793,0.78,0.67,5
0.8342162690175711,0.7767581471182293,0.9480000000000001,0.9,5
1.0408848560119766,0.970535752059597,1.0719999999999998,0.5,5
0.9674350693059307,0.855539260020511,0.7591999999999999,0.5,5
0.9785244443046851,0.9343848312001964,0.8759999999999999,1.0,5
1.0066206578436891,1.0710824344311827,0.972,1.5,5
1.11201225678682,1.248948839673964,1.1680000000000001,1.4,5
1.0869113565533832,1.1548067857499664,1.064,1.3,5
1.0715179231114156,1.1180201464202968,1.1320000000000001,1.4,5
1.1783782998860755,1.2211383424297382,1.172,1.4,5
1.220288464992081,1.2159100513624979,1.104,1.4,5
1.2457476416966515,1.2973498289217416,1.2400000000000002,1.7,5
1.8471701996882226,1.933354464413032,1.8360000000000003,1.7,5
1.7398485704827527,1.734917847217098,1.628,1.0,5
1.148086893689413,1.0941223281394938,1.176,1.4,5
1.1996409988129755,1.1865194316792418,1.1600000000000001,0.7,5
0.848835877715575,0.8514169575021698,0.9028,0.8,5
0.8627814321810315,0.7876523479934707,0.7511999999999999,0.7,5
0.9114907454295711,0.9181488550447405,0.868,1.3,5
0.9373092377369157,1.015572107789304,0.8039999999999999,1.0,5
0.9777955806363946,1.079453143723436,1.056,0.5,5
0.9099626906572155,0.908226977120822,0.9320000000000002,0.9,5
0.9216543052906612,0.9555739096627986,1.02,0.9,5
0.33696666764921823,0.3068744554070282,0.344,0.3,5
0.3393087190541165,0.2785465828672564,0.3628,0.3,5
0.3319921261333508,0.3216759095672167,0.336,0.6,5
0.3993858747127179,0.42555885356067363,0.43999999999999995,0.5,5
0.39183357249188344,0.4008177693885007,0.444,0.5,5
0.39679041138884447,0.3884229195415173,0.39719999999999994,0.3,5
0.38624832167625833,0.3804182366735222,0.3556,0.6,5
0.40978772549452924,0.36969754175607916,0.38,0.1,5
0.393326873106154,0.34292985119332553,0.32799999999999996,0.4,5
0.3945521354244642,0.38126077307764433,0.37200000000000005,0.4,5
0.5882096123647801,0.572583862743302,0.4668,0.6,5
0.5655471943847207,0.5749029803909373,0.5108,0.6,5
0.3899605835632201,0.38711824850322135,0.35600000000000004,0.4,5
0.4080398588965835,0.4142711082010362,0.43479999999999996,0.7,5
1.1210267862787904,0.7418664553575565,0.8959999999999999,0.3,5
0.5543249152712285,0.5875309458550886,0.38799999999999996,0.4,5
0.5360553192165667,0.6415178277347185,0.5760000000000001,0.7,5
0.682271341395964,0.728172475088479,0.732,0.3,5
0.7415216187217135,0.7940118033613907,0.676,0.5,5
0.4253942117826117,0.42944632660528226,0.428,0.1,5
0.6223578362200809,0.6983996241245398,0.75,0.6,5
0.4317107689369658,0.43446183691835244,0.4040000000000001,0.1,5
0.439264284085838,0.4005874296082301,0.3559999999999999,0.6,5
0.3519399289472988,0.34318109240916717,0.38,0.3,5
0.4893012092580933,0.5112521605164405,0.5711999999999999,0.5,5
0.49932379817764294,0.48702529994978855,0.488,0.6,5
0.4567947975812563,0.43467359069078243,0.42800000000000005,0.4,5
0.4725005361348973,0.49835945040825613,0.5536,0.7,5
0.7236707103844616,0.6301016150839813,0.6175999999999999,0.6,5
0.7149925221597088,0.6265422366755682,0.564,0.7,5
0.7608175874457346,0.7113962738857745,0.7680000000000001,0.3,5
0.7473062963791597,0.748243014951722,0.5920000000000001,0.8,5
0.8162582524479919,0.8182583852965362,1.0000000000000002,0.4,5
0.599563864311839,0.5909680752494108,0.6248,0.8,5
0.558956567592104,0.6444895589220989,0.4628,0.6,5
0.29104155806910764,0.29565066049806654,0.33240000000000003,0.06999999999999999,5
0.2840730085307959,0.25797515031301566,0.324,0.3,5
0.37701762852538145,0.4490341134257585,0.292,0.4,5
0.3094576523024333,0.31881710364160054,0.36400000000000005,0.2,5
0.37646025865343524,0.41125565187474167,0.38800000000000007,0.2,5
0.29032707915257955,0.27177444018497876,0.36280000000000007,0.2,5
0.28455048096930713,0.2995212719014635,0.4028,0.5,5
0.33060261001153557,0.3091919053205001,0.3560000000000001,0.3,5
0.33177636602638816,0.31440333190866343,0.336,0.2,5
0.3584142406788547,0.36095216887207615,0.36560000000000004,0.2,5
0.37322297550513883,0.37727348331351745,0.38400000000000006,0.5,5
0.49641058180003494,0.5958746019801031,0.4639999999999999,0.1,5
0.3529432343468091,0.3065730200158706,0.4124000000000001,0.4,5
0.32636307098783585,0.31370791864984804,0.33199999999999996,0.3,5
0.33999793239538234,0.29751998912008215,0.324,0.1,5
0.31905293868357004,0.2953259996933264,0.268,0.4,5
0.42565171505290467,0.4085698682725912,0.38,0.3,5
0.33120087302535695,0.3454312061066658,0.41200000000000003,0.4,5
0.37951701413965866,0.39728649309909875,0.436,0.2,5
0.36333073769176955,0.36258277478357925,0.374,0.4,5
0.3354671156413468,0.3452947629472187,0.42,0.4,5
1.109023132352635,1.1532921991628808,0.9680000000000001,0.9,5
1.221087318057292,1.1244938667961288,0.992,0.6,5
0.883458442998301,0.8060302770855469,0.9159999999999999,0.5,5
1.3339194599661661,1.3527496051868717,1.3747999999999998,0.8,5
1.2603056796818157,1.1534831944052883,1.396,1.1,5
1.0428424566295196,1.052621670206847,0.948,0.6,5
0.9132963858293397,0.9386365090737812,0.9159999999999999,0.2,5
0.4802343664963113,0.46653867725867554,0.37479999999999997,0.2,5
0.47487181075849283,0.45618170345171516,0.35080000000000006,0.5,5
0.47127712875077615,0.43925803972671523,0.37199999999999994,0.3,5
0.539297617633768,0.5023461926057716,0.596,0.5,5
0.5440108366346366,0.5450399882528882,0.58,0.3,5
0.44269719317713424,0.4527304677882751,0.474,0.1,5
0.4348247038372159,0.4470002997869424,0.42,0.3,5
1.096527378284677,1.0144906060442167,0.9919999999999999,1.7,5
1.2359853246989587,1.173024306609344,1.172,1.4,5
1.2326777045473385,1.186564881881131,1.1640000000000001,1.0,5
1.217891665139853,1.2561803019510756,1.204,1.2,5
1.2608662570193025,1.2872071782655452,1.24,1.4,5
1.1928457667391656,1.1456475483361606,1.1312,0.5,5
1.0126579669622862,0.9605700941844211,0.9708,1.3,5
1.9594373843443562,1.883478673988424,1.5879999999999999,1.3,5
1.6511712291855394,1.8723455846449502,1.36,1.5,5
1.477677077947202,1.3146555818914156,1.32,1.4,5
1.5654830851317043,1.5575060562001837,1.1440000000000001,0.7,5
1.4748607373886609,1.3909567257008666,1.48,1.7,5
1.5536600608073075,1.4730971638329602,1.4120000000000001,0.8,5
1.2485992426527222,0.9737103837505532,1.1320000000000001,0.6,5
1.052744151252076,1.0343365089124559,1.1028,1.3,5
1.1355137821581751,1.091077710183066,1.0816,0.7,5
1.0023725678380317,0.987942836679303,1.0148,0.8,5
1.230617697335784,1.183259977702,1.2872,1.3,5
1.314366450560462,1.2317491039867083,1.354,1.3,5
1.0087477258898816,1.0190911697837195,0.8680000000000001,0.5,5
1.1248599665342196,1.1084582269130763,0.97,1.0,5
0.6930261863059968,0.6350110625709771,0.664,0.4,5
0.6693095140033503,0.5849316366709897,0.6368,0.3,5
0.6497620411415506,0.6045549323987425,0.616,0.8,5
0.7485432950670293,0.7537980555461762,0.836,1.2,5
0.8097087057966112,0.8717445766943221,0.88,1.0699999999999998,5
0.68892190076861,0.742467112688747,0.648,0.3,5
0.6597449104177422,0.6399121176924628,0.5664,0.4,5
0.4828081721308007,0.4997926566436112,0.52,0.2,5
0.44760382018877987,0.4273334163343453,0.3768,0.2,5
0.3447355982082122,0.27132686646826376,0.4132,0.0,5
0.518545916449319,0.4767338709799533,0.6359999999999999,0.2,5
0.48337460385920783,0.467277137068402,0.512,0.1,5
0.37786807753891816,0.3119974536323875,0.32800000000000007,0.1,5
0.24565601456357256,0.19796001567630495,0.38400000000000006,0.2,5
5.742895593850601,4.84447683252772,5.644,4.7,5
6.032337858437862,5.427333259062608,5.728,4.9,5
5.781061170866175,5.287516158362021,5.707999999999999,5.7,5
6.919047053872052,6.241038061615241,5.912000000000001,5.6,5
6.325911928811928,4.127138991057851,5.82,4.3,5
4.903172874364424,4.396970349151131,4.324000000000001,4.1,5
4.630477381917029,3.3949291855010624,4.548,2.8,5
0.42012028764441256,0.38815724272642493,0.3788,0.7,5
0.46024710900219246,0.46323259866429906,0.49599999999999994,0.5,5
0.4344042111027517,0.44925846762287364,0.44,0.3,5
0.608109203548862,0.6165598084926078,0.608,0.6,5
0.6167539992531511,0.6347402046560787,0.5760000000000001,0.7,5
0.43400909486753997,0.44563769438490636,0.5112000000000001,0.5,5
0.412541466292295,0.3923678919556704,0.38400000000000006,0.5,5
0.3599097509306527,0.5039761005458105,0.43199999999999994,1.0,5
0.5956970752907745,0.5780505815240751,0.6836,0.3,5
0.45691167852737663,0.5408057320248714,0.4692,0.8,5
0.6256738439403229,0.6926648337311472,0.704,0.1,5
0.502915392522491,0.5985319633043434,0.536,0.3,5
0.4598176169316875,0.5322753157593856,0.4888,0.7,5
0.5637699007507766,0.6070792860444797,0.6335999999999999,0.5,5
0.43749530651699065,0.41913188167863635,0.3644,0.7,5
0.4641248727566363,0.468512500322391,0.468,0.2,5
0.6650605412619595,0.8076593815088802,0.7959999999999999,0.0,5
0.6864081636553491,0.6735453893492291,0.852,0.4,5
0.659488183824574,0.6906908700888165,0.872,0.6,5
0.574822744296099,0.6278661721301302,0.7440000000000001,0.3,5
0.5149443907366342,0.5542351671951811,0.644,0.3,5
2.317153630961551,2.2314890124853095,2.2680000000000002,3.0,5
2.641437517463355,2.7232192860225375,2.64,2.1,5
2.3753930868179713,2.2906204289374035,2.3899999999999997,2.4,5
3.4500030612644688,3.895281574490807,3.3479999999999994,3.6,5
3.6424844470258724,3.6030601710707333,3.68,3.1,5
3.370482116986151,3.4856120427999597,3.1279999999999997,2.7,5
2.965419500280814,3.0204719433862213,2.376,3.9,5
0.6363257789104081,0.6197284894157129,0.49879999999999997,1.0,5
0.7258741918836423,0.6782353861173043,0.5696,0.3,5
0.5475087626306778,0.5684280321627108,0.6040000000000001,0.5,5
0.7477844364653935,0.7877800856215156,0.6511999999999999,0.9,5
0.7676969761080064,0.7879598664196195,0.728,0.6,5
0.4828856045572972,0.485779635074135,0.46399999999999997,0.5,5
0.5138852721186324,0.5071950629666211,0.54,0.8,5
0.7619477182057839,0.6953583310454758,0.5908,0.5,5
0.765706075240926,0.6673245933572013,0.5935999999999999,0.3,5
0.5586189738195134,0.48628519424461597,0.5992000000000001,0.27999999999999997,5
0.7468069184247567,0.7502170901018232,0.8099999999999998,0.8,5
0.6459807492753317,0.6786708620596401,0.6839999999999999,1.1,5
0.6537638693624535,0.7084299773607121,0.56,0.3,5
0.4759283967979492,0.45669116450616926,0.4616,0.9,5
0.612098874010276,0.6274226813014553,0.6399999999999999,0.4,5
0.5904061901229608,0.5505424959277418,0.47200000000000003,0.8,5
0.5395628208169863,0.5196872388540077,0.484,0.8,5
0.7863042702110035,0.7874710097340758,0.8319999999999999,0.8,5
0.7963468582712727,0.7600900965770772,0.8360000000000001,0.6,5
0.6396964663729622,0.6389265044685528,0.5748000000000001,0.2,5
0.5252944765600999,0.49142217980389735,0.546,0.06999999999999999,5
0.9571731843656238,0.9685365487204177,0.9800000000000001,1.6,5
0.9990511337938579,1.0277465429025678,0.9080000000000001,0.6,5
0.9029397871341179,0.9277661146814604,0.9203999999999999,0.8,5
0.918647995265632,1.0364939626897662,1.0199999999999998,0.5,5
0.9044207626285438,0.9380272537912939,0.9348000000000001,1.1,5
0.8935392758533518,0.9521467582133043,0.8519999999999999,0.6,5
0.9089880734293843,0.9199372738414241,0.98,0.6,5
0.36375171608969553,0.3469698651748988,0.3972,0.7,5
0.4003097657961753,0.3688079616430975,0.396,0.5,5
0.47664658014524053,0.48753179206650854,0.44800000000000006,0.2,5
0.4300692380641001,0.41474077226240297,0.408,0.37,5
0.4656856005415275,0.46855949546742837,0.5512,0.1,5
0.36049479539819546,0.3504746205642071,0.3896,0.2,5
0.3545482184123368,0.35509611033111044,0.3839999999999999,0.5,5
0.4840889333936655,0.4593730380892278,0.5472,1.0,5
0.5752081010026645,0.584214753332087,0.6124,0.2,5
0.5475462962617087,0.5109836702891422,0.6412,0.9,5
0.6433704011689789,0.630771950004578,0.6759999999999999,0.1,5
0.6052507463285675,0.5777730213315185,0.5628000000000001,0.2,5
0.47381019902011673,0.478099964742901,0.43400000000000005,0.4,5
0.41825646574967235,0.4219005367875022,0.52,0.8,5
0.5406089156061866,0.5451972728064185,0.5596,0.5,5
0.5454412267881807,0.5015855837529004,0.40399999999999997,0.3,5
0.4835808001619715,0.4438493459426871,0.38,0.5,5
0.6810216165858927,0.7246972346446979,0.6600000000000001,0.5,5
0.6918768447255308,0.6727360908785787,0.7588000000000001,0.7,5
0.5149514095028283,0.5910338817945955,0.4468,0.5,5
0.4609341513926114,0.4124085313340776,0.396,0.5,5
0.5027921638188109,0.4637846395472606,0.392,0.1,5
0.5447886942560195,0.5640323972725563,0.43079999999999996,0.3,5
0.4857765074466488,0.4496002782857969,0.5379999999999999,0.7,5
0.6871021540553525,0.7237259796873554,0.7120000000000001,0.6,5
0.6599140747870589,0.6544528311411804,0.636,0.9,5
0.5506018754356921,0.5692506626356801,0.508,0.4,5
0.4469334415948834,0.43031776453235093,0.4,0.7,5
0.7583233063489632,0.7840349738499914,0.64,0.6,5
0.778107344672932,0.7750541858481167,0.824,0.4,5
0.8356761282617918,0.8062098010501876,0.922,0.0,5
0.8503718827161564,0.7818240935058446,0.9576000000000002,0.8400000000000001,5
0.8864535797461326,0.8704116457160171,0.9884000000000001,0.9,5
0.7101696747860783,0.7627767643857156,0.9067999999999999,0.5,5
0.7259538947609833,0.7281181419032039,0.8672,0.8,5
0.6928709408405611,0.6633561155086656,0.5636000000000001,0.6,5
0.6283719287781756,0.6159114855636494,0.45199999999999996,0.2,5
0.5568233295008277,0.5849917511209871,0.4640000000000001,0.6,5
0.6974350033030053,0.7039164963824975,0.664,0.5,5
0.6925557634950598,0.693186040849929,0.72,0.6,5
0.5133323644700345,0.5962783957082295,0.5479999999999999,0.16999999999999998,5
0.4848158767281161,0.5524974091500654,0.5028,0.5,5
0.7148308398695304,0.7337234724435613,0.584,0.7,5
0.7240966940895693,0.6819514577070052,0.728,0.8,5
0.8139484306823107,0.8133674125488499,0.8960000000000001,1.4,5
0.9790000739965959,1.1032882184101245,1.116,0.9,5
1.0418131809897448,1.031240943327905,1.048,1.0,5
0.8831868475126504,0.8556724919165279,0.7360000000000001,0.1,5
0.7895109328748117,0.8102546441929568,0.8948,0.6,5
0.519785776667246,0.5085965143851878,0.4640000000000001,0.5,5
0.6065149308759518,0.5596369630017572,0.54,0.6,5
0.6552322111493208,0.6494839414195974,0.56,0.2,5
0.7642490589203892,0.7690187115477327,0.8,1.1,5
0.883318394685034,0.9043164674640708,1.036,1.2,5
0.8001263491078946,0.8332318589447985,0.7799999999999998,0.3,5
0.7108051773298615,0.6957293823819296,0.46399999999999997,0.5,5
0.5907857682859023,0.5669819190733766,0.5668,0.6,5
0.5429568330873201,0.5033160350234485,0.5015999999999999,0.2,5
0.4949667322221264,0.45844612174655397,0.396,0.6,5
0.5767425008251986,0.5893651309768291,0.5432,0.5,5
0.5546886815882185,0.5585524780501617,0.58,0.5,5
0.4813032420401534,0.46124885316654546,0.456,0.3,5
0.4543180240337596,0.45190318455816364,0.5524,0.7,5
1.0582271796989826,0.9727498647630319,1.016,1.3,5
0.963629581810475,0.8165363032063276,1.012,0.9,5
0.8702429514837625,0.8156262122809533,0.9228000000000001,0.8,5
0.8904617379397893,0.8972017563859296,0.8987999999999999,1.4,5
1.1385997791522366,1.0687631209543427,1.204,0.9,5
0.8904638045322537,0.9265080429185485,0.7828,0.7,5
0.7938142784116183,0.7287776838600389,0.6320000000000001,0.4,5
0.5373942961500414,0.4806262690349132,0.496,0.8,5
0.5230600214518617,0.5006694328152017,0.49599999999999994,0.5,5
0.5745437835304469,0.5954186434810337,0.472,0.3,5
0.6467519206938945,0.6526060456936384,0.68,0.9,5
0.708003634446742,0.7639731126012579,0.8280000000000001,0.6,5
0.5412222688641851,0.5887394180299281,0.516,0.0,5
0.5231279030193899,0.5459556135695016,0.5720000000000001,0.6,5
1.3995969325022628,1.591455030870022,1.3560000000000003,2.3,5
1.5486143200312794,1.7825401199306792,1.3952,1.0,5
1.1037983729905112,1.0901556239818693,1.0712000000000002,0.8,5
1.7063276351599792,1.7589668406742232,1.6576,1.7,5
1.773028239862819,1.8509472042204274,1.6656,0.9,5
1.4116447343802065,1.44270269818561,1.2028,1.4,5
1.1702048778819476,1.1681008216220337,1.3751999999999998,0.8,5
0.35777131187685807,0.31755791726409077,0.36719999999999997,0.44000000000000006,5
0.4466626163094246,0.4657840214477168,0.5,0.4,5
0.3316680786995891,0.29639530459274954,0.38,0.3,5
0.42888042570775603,0.4174689080725751,0.392,0.5,5
0.4193980743940701,0.45373966858688913,0.45399999999999996,0.5,5
0.3625400731465718,0.36605043740329357,0.3892,0.2,5
0.3565129317276634,0.3563175715160305,0.39519999999999994,0.6,5
0.4532001685333205,0.40963015628276433,0.428,0.3,5
0.4122767353077097,0.37598255601992303,0.3164,0.6,5
0.4184155321811087,0.41393934163005347,0.4759999999999999,0.5,5
0.48067006060440143,0.4407554379922818,0.4759999999999999,0.6,5
0.4874565348694031,0.49017636633905076,0.44799999999999995,0.5,5
0.40793167953034787,0.37804803520008023,0.3560000000000001,0.2,5
0.40904347010557246,0.4072738014686414,0.2752,0.6,5
0.8327479348934219,0.7945812429197099,0.6908,0.6,5
0.8656803440224,0.8504134550480813,0.82,0.5,5
0.8593501992331765,0.8369703138062163,0.8959999999999999,0.7,5
0.9215946402061959,0.9253413735581969,0.89,0.6,5
0.9673333588073655,0.952789382994795,1.1480000000000001,0.9,5
0.8125348505576734,0.8203858102663216,0.8028000000000002,0.9,5
0.688641413056846,0.7689465813302576,0.8352,0.4,5
0.40411552998042044,0.38067700322244785,0.436,0.7,5
0.4387470300883404,0.4365515950357279,0.44,0.2,5
0.4254447526646848,0.4203030482445114,0.4427999999999999,0.6,5
0.6528451053815765,0.6975221851178467,0.732,0.7,5
0.721587698961046,0.7827637167888954,0.6579999999999999,0.8,5
0.5668585601095958,0.6153945473730746,0.5147999999999999,0.2,5
0.5209812023712428,0.5199694889432596,0.5392,0.4,5
0.8121450923776201,0.8072037928951445,0.7267999999999999,1.9,5
1.0076288533378293,0.9595885048431538,0.84,0.5,5
0.7894067418955146,0.7264626589074492,0.7184,0.37,5
0.7497512384047971,0.7842409385958015,0.9056000000000001,0.3,5
0.7414605260271744,0.7656639474491777,0.7268000000000001,0.9,5
0.7566419884581295,0.7425441493383818,0.6659999999999999,0.4,5
0.6783644502604673,0.6240516729000285,0.5716,0.2,5
0.47681511829172657,0.4514764877228545,0.48479999999999995,0.3,5
0.47475455773373637,0.42236909443447956,0.38,0.0,5
0.3625087848460564,0.32304977234689736,0.42519999999999997,0.3,5
0.5319054745585398,0.5296396683883128,0.5228,0.7,5
0.5369163190557801,0.5473222348852222,0.552,0.5,5
0.4376310139883748,0.45275923683464453,0.49079999999999996,0.2,5
0.4637785361324604,0.4155203468256411,0.4656,0.4,5
0.3983654435722778,0.3078454539231845,0.46,0.5,5
0.40435191144130045,0.29224804092458856,0.35440000000000005,0.0,5
0.4057158852511543,0.3771387451828479,0.39520000000000005,0.7,5
0.48733505659648024,0.528810726747686,0.5552,0.8,5
0.5748152174492929,0.5805283652920146,0.5952000000000001,0.3,5
0.4341062520664434,0.43908217799945276,0.41479999999999995,0.2,5
0.35840984668089654,0.34287616920977027,0.33360000000000006,0.1,5
0.4379721421717294,0.4261723859105209,0.4200000000000001,0.5,5
0.4182922813067622,0.40324143294837267,0.48399999999999993,0.5,5
0.4320572769802656,0.4555480459933616,0.36,0.1,5
0.46891157103636905,0.48095247337592845,0.5868,0.4,5
0.41785600163959247,0.4757170674403024,0.452,0.6,5
0.3548815973351607,0.3573397231375479,0.348,0.2,5
0.372303580999921,0.399792800254462,0.3832,0.4,5
1.3060906924144133,1.2478656392375043,1.2512,1.4,5
1.235670753273139,1.2621140231725958,1.1760000000000002,2.0,5
1.4013906153605733,1.4469894401957952,1.0992,1.2,5
1.573275786916128,1.5191308526631315,1.3324,1.0,5
1.5608668552544154,1.4859200077051902,1.476,1.3,5
1.245989405217262,1.2891856221290758,1.3748000000000002,0.9,5
1.223520441870263,1.1616912398740307,1.1119999999999999,1.3,5
2.5070850286206383,2.6000811807018667,2.154,3.2,5
2.735268125247695,2.4406227563696845,2.7119999999999997,1.9,5
2.213019720310056,2.289716094162718,2.1240000000000006,1.8,5
2.9286831750200637,3.1219527384577246,2.968000000000001,3.3,5
2.8519180719673987,3.0334558942485197,3.2960000000000003,2.6,5
2.1889507210110497,2.3024784920942776,1.9320000000000002,1.8,5
2.2866284904911596,2.34635345789647,2.176,2.0,5
1.3307285563233573,1.372268570809313,1.1520000000000001,1.3,5
1.2990272671848302,1.3404283052452906,1.26,1.8,5
1.4125989791455085,1.4450505579466721,1.1512,0.8,5
1.5785898547766846,1.5226688359991325,1.6440000000000001,0.7,5
1.5276134939429928,1.4829931762401567,1.328,1.4,5
1.0886214209190963,1.0780857076703663,1.236,0.5,5
1.0913855682773637,1.0029486275932553,1.0759999999999998,0.6,5
1.4123873435581678,1.446155326269475,1.216,2.0,5
1.690468453454443,1.7026197039232098,1.444,3.4,5
2.0059278821853077,2.1047072875938326,2.4399999999999995,1.5,5
1.9282482654144322,2.0188777135597062,1.7840000000000003,3.7,5
2.275254058854452,2.633721762982267,2.7159999999999997,3.2,5
2.2356510395699662,2.260006910089918,1.9732000000000003,1.9,5
2.183535654279216,2.126404694005649,1.7692,2.1,5
0.4846650049215576,0.43269063123268303,0.42,0.6,5
0.533891825511367,0.5085501155578047,0.46399999999999997,0.3,5
0.5136413187606931,0.5173421848698301,0.37920000000000004,0.6,5
0.6449230885956728,0.6376438987155839,0.6480000000000001,0.5,5
0.6404071940437893,0.6495505344377124,0.7120000000000001,0.3,5
0.47387113130742203,0.46945637551379216,0.3948,0.5,5
0.48654964191642996,0.4592753674673573,0.41600000000000004,0.5,5
0.3928045287802138,0.33916506648928446,0.34800000000000003,0.4,5
0.40458593404275367,0.36784219172435606,0.40800000000000003,0.2,5
0.35970076115276334,0.3557814459843547,0.3724,0.8,5
0.47286497696244284,0.5038410188918355,0.516,0.2,5
0.4495229835256097,0.4419037784938864,0.42479999999999996,0.3,5
0.38735326454441166,0.3674428525770763,0.35080000000000006,0.3,5
0.3610846205819909,0.3758280884682382,0.35600000000000004,0.4,5
0.3917311638462095,0.23460420739891497,0.384,0.4,5
0.42652969617716135,0.41449045159948766,0.4056,0.3,5
1.1562424472259123,1.3741581522660697,1.776,0.6,5
0.4768432075892118,0.2569787064322542,0.5160000000000001,0.2,5
0.45595884051608127,0.47467131711146954,0.496,0.4,5
0.4091483081761451,0.40187901456693315,0.426,0.2,5
0.3917731541869912,0.3893205579586862,0.4512,0.3,5
1.3809246352948426,1.3796805881346874,1.1388,1.2,5
1.1084685912697632,1.1513118908716513,1.0228,1.7,5
1.4125572948850427,1.4696363232951986,1.16,0.5,5
1.5942994561624284,1.4750512364286616,1.4591999999999998,1.9,5
1.5526791286198474,1.6643551448861822,1.4620000000000002,1.8,5
1.1973078123266996,1.3342367868704788,1.236,0.5,5
1.0108087653227875,1.0979425026316143,1.0828,1.1,5
0.43365900442228755,0.3944907654647108,0.44400000000000006,0.5,5
0.41595737133332067,0.3650279071932522,0.332,0.1,5
0.4290752324666547,0.4175646315567267,0.4584,0.2,5
0.41713403143150435,0.43993937493927426,0.4628,0.4,5
0.42236764978609015,0.4635156347303091,0.6008,0.7,5
0.4170866553008021,0.4024297656826333,0.4,0.2,5
0.3425872457814415,0.36102059437846856,0.3440000000000001,0.3,5
1.4985013660286166,1.4867893924030693,1.508,2.1,5
1.58107323386097,1.7629597270878352,1.6239999999999997,1.3,5
1.5476942572088854,1.6268975272130315,1.436,0.7,5
1.6496989991225453,1.586403484893585,1.348,1.7,5
1.6848013242306372,1.9052186873415218,1.88,1.6,5
1.568573342424404,1.6925651208384944,1.7560000000000002,1.3,5
1.5644187553685835,1.6600637424974667,1.6759999999999997,1.3,5
0.5913823798084062,0.5494263711266368,0.5,0.8,5
0.6001919825721294,0.5898047616554323,0.544,0.8,5
0.6452705395191125,0.6808145709010527,0.612,0.3,5
0.7356077507023282,0.7318966810718242,0.74,0.9,5
0.8045540732252338,0.834730991858097,0.8119999999999998,0.1,5
0.6072694964394114,0.6088947978519827,0.616,0.3,5
0.5454979101483537,0.6135455403616312,0.5696,0.6,5
0.48329920483680316,0.47900461212992573,0.45199999999999996,0.8,5
0.5105217914467514,0.54182721557847,0.452,0.4,5
0.5345181045780409,0.5815713117753152,0.5720000000000001,0.6,5
0.6286546467620929,0.5842890068930366,0.5720000000000001,0.4,5
0.6717112457795339,0.6785685534084007,0.6960000000000001,0.5,5
0.5435160157733548,0.541005663574124,0.48,0.5,5
0.5162990074564825,0.5601385265668597,0.48,0.6,5
1.390989605339949,1.4398616877366388,1.392,1.2,5
1.3718940701256641,1.371198936353176,1.212,0.7,5
1.3331203542600596,1.3375929170576089,1.246,0.9,5
1.615251674453394,1.5305551409957097,1.464,1.4,5
1.6142072207979041,1.6522439132294826,1.5856000000000001,2.1,5
1.3731785782448256,1.520556638390951,1.2428,1.1,5
1.3247622774274197,1.3230215941623418,1.188,1.2,5
0.6022083028099068,0.599009021524523,0.598,0.3,5
0.6067235575482389,0.5970656714501377,0.6392,0.3,5
0.674264606135275,0.7672550925859376,0.6759999999999999,0.3,5
0.5787483745432368,0.6747909545190374,0.7188000000000001,0.6,5
0.6797204043887001,0.7606794367115942,0.9268,0.8,5
0.6223293146362444,0.7952730742003932,0.7152,0.6,5
0.6796401240513212,0.8038948466078303,0.6800000000000002,0.3,5
0.8943194575559975,0.8804215186910607,0.9520000000000001,0.7,5
0.8686348257580374,0.7944368145366706,0.7839999999999999,0.5,5
0.8745258940126139,0.825226094765102,0.8828000000000001,0.4,5
0.838015270758395,0.818113310228426,0.804,0.5,5
0.8481952807674157,0.8288751961425478,0.8760000000000001,1.4,5
0.9186622973413617,0.92965920472373,0.884,0.6,5
0.8031001928387843,0.7280534234664576,0.7999999999999998,0.8,5
3.298386871210853,3.4577072577672956,3.3480000000000008,5.2,5
3.673975053249823,3.9798676856628186,3.576,2.5,5
3.4838645968323037,3.8723409483249487,3.6600000000000006,2.4,5
3.5497037779497678,4.43073735053148,3.568,2.4,5
3.346422891793835,2.559998944519078,3.812,2.8,5
2.9182854400049725,2.7152167813896417,2.8739999999999997,3.5,5
2.946318363758649,2.957083312923211,2.6376,1.4,5
0.46957492773528914,0.4064924793452547,0.41600000000000004,1.0,5
0.5958950045491577,0.585247531633526,0.5016,0.3,5
0.515182887006829,0.4948524065884627,0.584,0.3,5
0.5525586667060477,0.5404006106281888,0.5168,0.0,5
0.5385998877595496,0.4968242394894805,0.42160000000000003,0.2,5
0.37010088598409463,0.3842659641319799,0.3872,0.2,5
0.35484769772487973,0.3703617722052185,0.41200000000000003,0.3,5
0.42797688457336697,0.37470171158353116,0.384,0.5,5
0.45754273596243733,0.37326685951843896,0.392,0.1,5
0.4422115335486827,0.43212175776851536,0.3432,0.3,5
0.5183907510793684,0.5204723060689038,0.5680000000000001,0.3,5
0.5312864471044957,0.5982047957911572,0.52,0.6,5
0.5427420442699548,0.6210764764803743,0.484,0.2,5
0.45271769881357715,0.4829720639886119,0.46,0.4,5
0.6691017527733565,0.5802139541586229,0.4268,0.3,5
0.4813597773647165,0.609506159219523,0.564,0.0,5
0.5005685125732202,0.5899020352149859,0.42800000000000005,0.2,5
0.466662928991434,0.6650843219565221,0.5112,0.4,5
0.7781402304584776,0.7931854015277342,0.7120000000000001,0.8,5
0.45796698123661467,0.48754646202137747,0.4828,0.3,5
0.5685892465286305,0.6530709047626401,0.7288,0.3,5
0.6304077395937258,0.3428211381174544,0.408,0.6,5
0.6565089325677331,0.6733915957805872,0.664,0.3,5
0.7376139206134381,0.7377063734206918,0.6776000000000001,0.4,5
0.7625623468958154,0.7441121414014766,0.6304,0.7,5
0.6618755241998894,0.6510629559779173,0.6028,0.0,5
0.36438814314207646,0.33819215105816003,0.35480000000000006,0.1,5
0.4467094789202566,0.4791483788339226,0.5516000000000001,0.1,5
0.26707792658873325,0.1905988486871093,0.332,0.2,5
0.2681171626672143,0.2136495948924677,0.296,0.2,5
0.26776688939688537,0.23891689330667465,0.324,0.1,5
0.28187397538119346,0.2859630744965661,0.316,0.2,5
0.29678282981202053,0.30166713468839346,0.3440000000000001,0.4,5
0.2659973258838877,0.21822269964237162,0.288,0.3,5
0.29063507522139126,0.3049791338180379,0.348,0.3,5
0.4307617808063794,0.3932400128873434,0.42119999999999996,0.5,5
0.443538340516565,0.4247895548581929,0.38400000000000006,0.4,5
0.43343776527087735,0.4375722736562729,0.392,0.1,5
0.494908898506786,0.46359622839129067,0.524,0.4,5
0.4954914299538203,0.5017012699131636,0.5,0.1,5
0.36308565760045336,0.3625782015365109,0.354,0.5,5
0.34616377870051435,0.3416492654872888,0.4556,0.3,5
0.40582759918845257,0.42223747943486545,0.4792,0.5,5
0.40092452127099937,0.41838400417598026,0.4295999999999999,0.1,5
0.4559434325831715,0.516214667938456,0.39840000000000003,0.5,5
0.47931223520014027,0.5255918948873667,0.5760000000000001,0.4,5
0.45656402439089105,0.5197814134032581,0.5760000000000001,0.2,5
0.36192485631646365,0.39189495415889886,0.42840000000000006,0.3,5
0.4389451162068524,0.5201270697764975,0.6272,0.5,5
0.353175935529795,0.33413492160434555,0.32800000000000007,0.1,5
0.3257327579597052,0.3362934127940339,0.3,0.3,5
0.41150746561396095,0.41656733829370807,0.3704,0.2,5
0.4462758575615348,0.43538802894593437,0.44,0.4,5
0.4960481795055157,0.5329367909321416,0.52,0.6,5
0.43073809781654193,0.429367970990713,0.408,0.5,5
0.4397858699553271,0.464540615210054,0.376,0.1,5
0.39223853366135664,0.3571854795501186,0.35480000000000006,0.5,5
0.3887564828011561,0.35446769329129346,0.37079999999999996,0.4,5
0.48154269352476026,0.5048488837045237,0.46799999999999997,0.6,5
0.5870535093172597,0.5790927485735271,0.66,0.8,5
0.6440837600538187,0.6559931709907796,0.7,1.1,5
0.6604225957065362,0.6443476537797354,0.572,0.7,5
0.620884831673585,0.6274589968925429,0.648,0.7,5
0.8162685334530676,0.9120390769972176,0.7879999999999999,1.1,5
0.9132069610267931,1.0037453576603468,0.868,0.7,5
0.8617524706249567,0.8847081562892543,0.8639999999999999,1.3,5
1.2670260349417186,1.3338065626977427,1.4268,1.3,5
1.3639292864576915,1.36887663387305,1.324,1.4,5
1.1019015040253763,1.131760816044149,1.052,1.0,5
1.1557829360565888,1.1520246081830707,1.072,0.6,5
0.5679481658473144,0.5554978769942742,0.47480000000000006,0.7,5
0.6035568100642806,0.576774334103048,0.5720000000000001,0.6,5
0.6074723720997717,0.5969498520620595,0.616,0.4,5
0.8571017897401356,0.875032835177911,0.7199999999999999,0.9,5
0.8789646849568432,0.8770915639948366,0.8320000000000001,0.8,5
0.782652969645686,0.7640914307648011,0.88,1.0,5
0.798138760440379,0.8276923827361284,0.7680000000000001,0.7,5
1.245826259893065,1.2730423968292521,1.2919999999999998,1.3,5
1.1973017518776352,1.163076124939734,1.084,1.1,5
1.2209104758974756,1.19319259124541,1.1,0.8,5
1.3719078083496241,1.350348189647968,1.36,2.0,5
1.5362218977228765,1.545793365161399,1.64,1.4,5
1.3350587734437485,1.2764688877717099,1.368,1.7,5
1.1672669272142513,1.0997979697650453,1.052,1.6,5
1.0408224482541313,0.9393813462280415,0.912,0.9,5
1.096503569401447,1.0855866175903865,0.9999999999999999,1.1,5
1.008051177071597,0.951607098238682,1.0508,0.9,5
1.2063813851100336,1.1839050130199231,1.1360000000000001,1.6,5
1.1779239254800606,1.17817535749017,1.38,1.4,5
1.0972601335673697,1.0596914396223958,1.176,0.8,5
1.1041682256701166,1.127134952337901,1.0452,2.0,5
0.7298210980884967,0.6425311164559189,0.628,1.0,5
0.7616075188707868,0.7565908468993976,0.6456000000000001,0.9,5
0.9721239787921244,1.0254878849536566,1.0055999999999998,1.0,5
2.4406776412592435,3.044738359947573,1.7639999999999998,1.3,5
1.4345496437229504,1.4299977593176685,1.16,1.1,5
1.074101770762456,0.8663882014820432,1.028,0.9,5
1.004502378583442,1.035356666384229,1.0588,1.0,5
0.44043633480564687,0.45947385608895935,0.628,0.2,5
0.43415392779999723,0.37314511817709206,0.46799999999999997,0.3,5
0.3533812639952873,0.3071864556611724,0.39520000000000005,0.2,5
0.4916376283909037,0.49848282425715973,0.43999999999999995,0.3,5
0.5085432869034938,0.4701335674357615,0.612,0.1,5
0.2675310349847872,0.2068639060564288,0.38800000000000007,0.1,5
0.29342388667538694,0.2864421752894698,0.4188,0.3,5
0.34758579881109136,0.31089580457774535,0.37199999999999994,0.5,5
0.32332371637304125,0.28449454049269196,0.276,0.6,5
0.38634223576461807,0.37738970023295415,0.352,0.1,5
0.4335779466087794,0.4332554019175124,0.446,0.4,5
0.4037705602519238,0.41898465948207264,0.43400000000000005,0.6,5
0.39301827822042995,0.3948179571767736,0.3892,0.7,5
0.47986036828375433,0.5117761525404932,0.54,0.6,5
0.4498898032234149,0.5890570246248598,0.536,1.1,5
0.5856735522293406,0.5770251622397,0.608,0.8,5
0.6007286262465572,0.6970624798175402,0.7000000000000002,1.4,5
0.7941124570818785,0.9410612887625114,0.922,1.4,5
0.873408130724437,1.057603075770971,1.0299999999999998,1.7,5
0.9649658378894898,0.9628001022305462,0.9248000000000001,0.0,5
0.8009979091028949,0.7815188786179686,0.676,0.0,5
0.4055006966861317,0.33784290771636716,0.4096000000000001,0.7,5
0.48287091035642477,0.4610805993045433,0.488,0.3,5
0.6152981439862133,0.7381935980125263,0.8520000000000002,0.8,5
0.7499571730053589,0.7370731617736085,0.74,0.7,5
0.8156121438074307,0.7735446233704546,0.816,0.8,5
0.7131437886663372,0.7246795132149961,0.764,1.0,5
0.8062517624888969,0.8347468412724858,0.752,0.6,5
2.9171958050871636,3.063219359219603,3.056,3.4,5
2.927442189942192,2.904977989290957,2.9200000000000004,4.3,5
3.167039055798948,3.2889374218188676,3.0879999999999996,3.1399999999999997,5
4.477997793544624,4.754484797768733,3.7680000000000002,5.0,5
4.393068056197555,4.277717015382999,4.372,8.7,5
3.6436956055593055,4.077550773025831,4.343999999999999,4.7,5
4.254825274422424,3.9870694927025405,3.9440000000000004,8.3,5
0.47243461496769507,0.4573676569052875,0.46,0.8,5
0.5190436412374743,0.4824062643998079,0.456,0.4,5
0.48393704512116065,0.5096766935638986,0.4759999999999999,1.0,5
0.8087051527499215,0.8401329618896083,0.7975999999999999,1.7,5
1.043616815817353,1.132863569048718,1.1840000000000002,1.6,5
0.6822090014172322,0.7205975384141794,0.568,0.5,5
0.6227104065776546,0.6513921701789799,0.5352,0.5,5
0.4810948521833518,0.4892852123528674,0.508,0.6,5
0.4986478757672248,0.5082073144302584,0.556,0.4,5
0.3774358599025185,0.30739457036344353,0.37599999999999995,0.4,5
0.4674935508982157,0.4601070035398649,0.5272000000000001,0.6,5
0.47792301958871974,0.502589575499542,0.4672,0.4,5
0.40914100987608587,0.4040050920431281,0.41879999999999995,0.1,5
0.3944384379004774,0.39009618968541254,0.32880000000000004,0.3,5
0.5240250288094238,0.48393305014783095,0.5244000000000001,0.8,5
0.5811498781183151,0.5620983245403122,0.5016,1.2,5
0.65851819315156,0.707398667433525,0.6468,0.3,5
0.6123659512725603,0.6195285201869749,0.6788000000000001,0.7,5
0.6806110476590967,0.6618087525518768,0.792,0.8,5
0.6646934744075181,0.680085093243189,0.6308,0.9,5
0.5877140751266016,0.6287581392564596,0.6559999999999999,0.7,5
0.7080273836507776,0.6822039268996618,0.6216,0.8,5
0.7035501855809457,0.6542727697483683,0.632,0.6,5
0.6218349532090502,0.5471857080218024,0.5084,0.8,5
0.8604911093387746,0.9507984257270226,0.946,0.7,5
0.8595802041187453,0.8300251294901138,0.912,0.6,5
0.795381347249233,0.7394935099120798,0.8188,0.9,5
0.7522615581048676,0.759326120601957,0.8683999999999998,0.3,5
1.0228275547301158,0.9647520307233984,1.016,1.5,5
1.0430719846781082,1.0433304310503149,0.948,0.6,5
0.8930547848542137,0.9078885723379198,0.9440000000000001,1.4,5
1.1350721620675077,1.2436427534787367,0.98,0.6,5
0.9226620839896293,1.0155061706998318,0.9279999999999999,1.2,5
0.9416785151442519,1.0204687183947694,0.904,0.8,5
0.9289091551965019,0.9980855259700829,0.9600000000000002,1.7,5
0.562094259291322,0.548530928510643,0.52,0.4,5
0.5778892341770178,0.5484015980616934,0.5028,0.6,5
0.6445509837099462,0.6167460173398254,0.7040000000000001,0.8,5
0.7086427570722512,0.7094106598316541,0.616,0.5,5
0.7209832172022047,0.6635746415061884,0.7160000000000001,0.7,5
0.6538862649702424,0.6214056748172401,0.6968,1.1,5
0.675318394525083,0.7212655645103347,0.7439999999999999,1.0,5
0.5260987623277427,0.48817089758470245,0.5015999999999999,0.6,5
0.5457376440170508,0.5073252971892689,0.5748,0.8,5
0.5746094384637959,0.5637148688486799,0.6028000000000001,0.6,5
0.6198437209647282,0.6176869505740357,0.632,0.9,5
0.6816237474607383,0.6793776668214231,0.8151999999999999,0.5,5
0.5245578880274497,0.5189197579468399,0.47759999999999997,0.6,5
0.5370265927517124,0.5465211386988639,0.6759999999999999,0.3,5
0.48985208728298424,0.48863969855841105,0.48,0.3,5
0.4728710631332217,0.44780402682312703,0.40399999999999997,0.8,5
0.4491515808487844,0.4091661077929675,0.38800000000000007,0.6,5
0.6422927980815039,0.6330081211282782,0.66,1.2,5
0.7399527804845605,0.7931572698512998,0.7319999999999999,0.6,5
0.6687217871331742,0.6496746747027611,0.5948,0.6,5
0.5394307600549851,0.5294603940601951,0.5256,0.5,5
0.5099097241926743,0.47351089246181505,0.4159999999999999,0.6,5
0.4765587343421905,0.4247389820296523,0.4268,0.5,5
0.46645793862119944,0.4129659047152402,0.4096,0.3,5
0.6262530652787023,0.635912374662638,0.6920000000000001,0.7,5
0.6589258057448449,0.6596977112251209,0.78,0.9,5
0.5425645445365241,0.5750234381347544,0.4640000000000001,0.6,5
0.4606828530033135,0.41404714701556683,0.44400000000000006,0.7,5
0.8480789034961285,0.8758041485010076,0.916,1.3,5
0.7894814803365791,0.8667314173233512,0.8308,1.1,5
0.8853333948708138,0.9025981946798959,0.7936,1.0,5
1.0066482687309264,1.0603105195424787,1.032,2.0,5
1.2653314873203765,1.3537252988993538,1.1320000000000001,1.6,5
1.0837625301267546,1.0737120295440787,0.948,0.4,5
0.9156764896714399,0.9400137745775196,0.9680000000000001,1.6,5
0.556998445585753,0.6244476598626229,0.5259999999999999,0.2,5
0.6922416006308907,0.6351419101259923,0.5112,0.7,5
0.6860533733843955,0.6095237677502392,0.4040000000000001,0.9,5
0.7931144147794349,0.8473637394546311,0.7336,1.1,5
0.683359397917183,0.7509221181355396,0.796,0.3,5
0.6843977433860965,0.6654076493834841,0.6719999999999999,0.4,5
0.659860619168336,0.6883440369317138,0.5867999999999999,0.3,5
0.6861668363901046,0.6650828286153315,0.7308,0.6,5
0.6749003652762703,0.7022999227524762,0.738,0.3,5
0.6883824398448094,0.6993236445587768,0.7931999999999999,0.9,5
0.8017051301912074,0.8384240355794461,0.9520000000000001,1.2,5
0.8454410437682315,0.9551031586031562,0.9104000000000001,1.0,5
0.7550904600653823,0.8425181383291673,0.8676,0.9,5
0.8202539194404204,0.8791610930005912,1.0352,1.1,5
0.4467599560912692,0.4649991763356899,0.536,0.5,5
0.431589853876527,0.39251652115241537,0.42,0.6,5
0.4595786733871778,0.45563522084272456,0.4360000000000001,0.3,5
0.5497420021585993,0.5106215544255697,0.604,0.6,5
0.6123127990190721,0.6110831719734993,0.6868,0.4,5
0.4626917331779673,0.48696495699819026,0.382,0.3,5
0.48117888964229877,0.5187573730983549,0.44799999999999995,0.4,5
0.36962496505355125,0.3801379619541684,0.436,0.3,5
0.3733522840139039,0.3822002178146461,0.354,0.4,5
0.42502657430091995,0.4322660304867519,0.44799999999999995,0.4,5
0.4398265250080327,0.48809093348074056,0.4568,0.6,5
0.507345104698661,0.5390328872685987,0.58,0.4,5
0.4126096535939398,0.429368638719838,0.42719999999999997,0.6,5
0.4723852125910214,0.5029236561885961,0.514,0.8,5
2.2317125884655566,2.118994024003593,2.2039999999999997,1.9,5
2.1720509255129077,1.9338327482212019,2.15,1.9,5
2.191902755345215,2.0603407251666326,1.788,2.5,5
2.8141589295049343,2.473563741263809,2.832,0.3,5
1.2668974383483882,1.255183964047152,1.484,1.2,5
1.2558204312144414,1.3541441847062115,1.368,1.4,5
1.2651257240983262,1.3648826454947314,1.4308,1.2,5
0.36059199480804516,0.32950439128276987,0.39359999999999995,0.4,5
0.35550270370290693,0.3235323125216867,0.3108,0.3,5
0.43440367611381153,0.3914547826630592,0.37200000000000005,0.4,5
0.4899294271631039,0.4783604469219506,0.488,0.7,5
0.5012226734930642,0.5294447917397902,0.49599999999999994,0.9,5
0.4894174406271356,0.5260632083505274,0.48,0.2,5
0.4807246603723235,0.49133273485650586,0.5496,0.3,5
1.1431106293681492,1.115521133011228,1.3352000000000002,1.0,5
1.289060982749428,1.211118503946426,1.4103999999999999,0.8,5
1.1742593020334666,1.1562284173872615,1.3576000000000001,1.2,5
1.4622144508767105,1.3726642887664726,1.628,1.9,5
1.5182703601378729,1.5165584190323538,1.6960000000000002,1.7,5
1.2685759576678481,1.2884752724848108,1.256,1.3,5
1.258458045529964,1.2253270186584966,1.348,0.9,5
0.7682347312302642,0.7581917172261744,0.7615999999999999,0.7,5
0.6895114417729602,0.6088609581263091,0.6080000000000001,0.7,5
0.7011196491885455,0.6999195949578509,0.6531999999999999,1.3,5
0.8273757358303939,0.9239597021708993,0.9,0.7,5
0.9179244897145699,1.0347819153786117,0.9024,1.1,5
0.8337787540844103,0.8108901910124686,0.6960000000000001,0.9,5
0.8871168345608245,0.9423112374923547,0.7111999999999999,1.0,5
1.2593536614060985,1.2018691993091457,0.968,1.0,5
1.3310654995965354,1.2383907714872304,1.0520000000000003,1.2,5
1.376408682018235,1.3412346483900508,1.168,1.4,5
1.4972261554354995,1.5013011043169455,1.136,2.1,5
1.735605215709576,1.7963993227974702,1.7080000000000002,1.6,5
1.570170865441623,1.5137737179925783,1.34,1.2,5
1.4903531076060879,1.4902412714726987,1.3679999999999999,1.9,5
1.37642627750841,1.4548860752171915,1.3232000000000002,1.3,5
1.3577765056448443,1.3339723303989799,1.2480000000000002,1.7,5
1.1938608404214426,1.254123694882752,1.2348000000000001,0.6,5
1.5958917557926344,1.5290148691745324,1.6112,1.4,5
1.5818533930081227,1.6627833086602641,1.476,1.6,5
1.3587440644282758,1.4294192153917387,1.3359999999999999,0.6,5
1.2226820256928765,1.2104405870973918,1.1671999999999998,1.1,5
0.3239055231506674,0.2932074930415077,0.308,0.2,5
0.3520740276837547,0.3106830765329397,0.37200000000000005,0.6,5
0.34748348848651545,0.3266898496542415,0.35200000000000004,0.5,5
0.3909942129658455,0.40420866036346637,0.44799999999999995,0.4,5
0.41155343746014955,0.4267326790136788,0.44799999999999995,0.2,5
0.35939792675079096,0.34610837571283104,0.3428000000000001,0.7,5
0.3919012270962714,0.3901932116867362,0.43200000000000005,0.4,5
0.4059122306547606,0.36972894922504423,0.368,0.6,5
0.4082821451276984,0.3943693294626858,0.44400000000000006,0.7,5
0.4211552025843512,0.4392575199345327,0.396,0.5,5
0.4571573421271,0.4952325075305591,0.472,0.9,5
0.5076416829689688,0.5296167583881863,0.544,0.7,5
0.4553561749249737,0.4855616135565709,0.4228,0.4,5
0.43975094280649263,0.47361136290387656,0.44,0.3,5
1.848432251101948,1.842995740744645,1.7479999999999998,1.3,5
1.6206923798823831,1.60876161373345,1.4620000000000002,1.4,5
1.6790605364791917,1.7146223116478052,1.51,2.2,5
2.336273284639835,2.4299987324974417,2.044,2.2,5
2.149907686360159,2.2687846730043972,2.052,1.7,5
1.8034863533683665,1.8522163898245152,1.6832,1.6,5
1.857210095870519,1.8685743208261032,1.7207999999999999,2.0,5
0.7394883956752027,0.6706021077562141,0.6920000000000001,1.6,5
0.8694540934985198,0.8765901698748992,0.94,1.7,5
0.7819346399905379,0.8045506212459379,0.8708,0.9,5
0.9427161079104334,1.2042757572418181,1.0639999999999998,2.6,5
1.5361574535661968,1.6527918464857028,1.4679999999999997,1.9,5
1.325222569656252,1.377512087999423,1.3479999999999999,1.7,5
1.2527138677284284,1.1137864707134018,1.096,1.8,5
2.5354457217980877,2.5346019982428416,2.4027999999999996,2.0,5
2.1407423563753802,2.1096553301017296,2.094,0.4,5
1.854349654812754,1.70411192449061,1.3028000000000004,2.3,5
3.0431949559346343,3.132789451495466,3.228,1.1,5
2.492755696956386,2.3686802000758815,2.7439999999999998,2.7,5
2.6658649639001832,2.642718593624149,2.5839999999999996,2.1,5
1.4658825407249938,1.4125256782573397,1.464,0.0,5
0.5039183231553862,0.4293387867923794,0.408,0.4,5
0.5024556035792334,0.4840707725824005,0.5004,0.6,5
0.5296371804466554,0.5079833072151967,0.508,0.5,5
0.6360168398731532,0.682771577312546,0.508,0.6,5
0.6036111958349963,0.6108913365937874,0.7120000000000001,0.8,5
0.5496649805961731,0.5285809734143194,0.56,0.6,5
0.5497557783785405,0.5294163220118416,0.552,1.1,5
0.2631133679441496,0.1775862616013889,0.32400000000000007,0.2,5
0.28742028404751874,0.2666970887199849,0.35840000000000005,0.5,5
0.3506361321433396,0.3468603936472543,0.34,0.3,5
0.48764112294108475,0.49511441665576456,0.562,1.0,5
0.6194370270030485,0.6662615172601731,0.5760000000000001,0.6,5
0.4841946872571901,0.5281689694424447,0.4828,0.6,5
0.5120098611016,0.518014474596797,0.5192,0.6,5
0.8290276189982201,0.8371191681038598,0.7436,1.0,5
0.9110378399799597,0.875441476497456,0.888,0.9,5
0.8063053796890663,0.7313306063496963,0.866,0.3,5
0.870462631100234,0.9162062415058296,0.902,2.1,5
1.357854640290282,1.444664866432778,1.224,1.4,5
1.0396541890294944,1.128696192823369,1.02,0.7,5
0.7333192437049424,0.6668139583082483,0.6148,1.0,5
0.476779775919551,0.4456572458335756,0.47200000000000003,0.5,5
0.4801725099977521,0.38962085159459864,0.41600000000000004,0.6,5
0.40232852878130043,0.3476402290773456,0.324,0.1,5
0.5707545257746189,0.5913848033271016,0.6108,0.8,5
0.6563588438827802,0.6865669881877803,0.7719999999999999,0.7,5
0.5195958149743704,0.5590548986954565,0.4628,0.3,5
0.4137000414152992,0.3776006965872609,0.43360000000000004,0.6,5
1.3835547411353837,1.3713353472980612,1.3840000000000001,2.5,5
1.5250688155243266,1.6125692159589198,1.376,1.2,5
1.4596058373548177,1.4415884115815136,1.36,1.6,5
1.6393962450288164,1.6942827478251692,1.8160000000000003,2.5,5
1.8479499990342056,1.954917260863141,1.824,2.7,5
1.6454615760624434,1.8817116104773444,1.66,1.3,5
1.6283814566297012,1.641815012306965,1.5079999999999998,2.6,5
0.40970079862870795,0.40863720983255514,0.44800000000000006,0.6,5
0.4431793242918557,0.43172871258281476,0.4628,0.3,5
0.4371356364328029,0.4503597504298944,0.396,0.5,5
0.5450260167825896,0.5368371215550691,0.488,0.9,5
0.6384828518698924,0.6203672547548302,0.612,0.8,5
0.538221077124954,0.5029452298967845,0.508,0.3,5
0.5303076444022058,0.5334399631652776,0.5156000000000001,0.4,5
1.42155366308576,1.4504887627274607,1.2792,2.1,5
1.49134205552164,1.547399439184382,1.4439999999999997,2.9,5
1.7842639917741245,1.7331768945348323,1.4191999999999998,1.8,5
1.778918540911211,1.838943328347112,1.6896,2.1,5
1.8900632110073854,2.088099193446866,1.7575999999999998,2.5,5
1.9553369306896304,1.9091437334740766,1.714,1.0,5
1.645212528379308,1.6373174188964008,1.3144000000000002,2.0,5
0.55954447475899,0.581282419715452,0.544,0.7,5
0.5934299663247316,0.6366365220713532,0.58,0.6,5
0.5869209971184187,0.6413064453382561,0.54,0.5,5
0.6820327755598798,0.7101399546547613,0.6480000000000001,1.1,5
0.8490725932568923,0.8511305959833684,0.8119999999999998,1.0,5
0.7776734103405407,0.7472138408987574,0.428,1.1,5
0.8146361713798008,0.8181943799137507,0.4639999999999999,1.0,5
2.402836764514888,2.328240440006577,2.332,2.9,5
2.426746701132145,2.3321507971455793,2.62,3.5,5
2.4996971567188315,2.511299575175553,2.532,2.6,5
3.480630006927447,3.221483737728223,3.4199999999999995,2.6,5
3.2730808661465534,3.138027444612606,3.164,2.5,5
2.3501390349728704,2.245753902972478,2.264,2.3,5
2.3674655833550577,2.42602649222078,2.2920000000000003,1.9,5
0.42411741021664856,0.23359305269601394,0.33599999999999997,0.6,5
0.4840814306641447,0.4617999292813244,0.5344,0.1,5
0.640760208433822,0.7257617061226455,0.6736,0.8,5
0.4951183421137682,0.48101395146829085,0.38799999999999996,0.0,5
0.48694783932543895,0.49752503724835645,0.5359999999999999,0.2,5
0.4755873520751024,0.4876010741189406,0.46159999999999995,0.3,5
0.3684916040536869,0.3837941965405107,0.47119999999999995,0.0,5
1.1364288134162366,1.2057882546262668,1.068,1.7,5
1.1559152313521261,1.2637540395321107,1.068,0.9,5
1.0550133607561567,1.141398102688421,1.128,1.3,5
1.4785759837516943,1.4864832938497594,1.5428,1.7,5
1.70698336052785,1.7614476222438018,1.4896,1.6,5
1.1937576385141497,1.2520542942475719,1.172,0.9,5
1.1576251665606925,1.199339292564864,1.3119999999999998,1.4,5
0.42495104915667026,0.3996588659356669,0.43040000000000006,0.4,5
0.416858961775258,0.38459721389184015,0.42599999999999993,0.7,5
0.447190297510267,0.4503884619738161,0.4,0.5,5
0.5413587735861938,0.5229680618680783,0.56,0.3,5
0.510448551637092,0.5029436920391526,0.5528,0.7,5
0.446989660813179,0.45955397818358046,0.37479999999999997,0.5,5
0.46997852089536907,0.45506837558705804,0.4360000000000001,0.5,5
1.6318268656384858,2.203667188420779,1.656,2.0,5
1.8220200387675147,1.8149078560443934,1.74,1.5,5
1.607568565543934,1.7386715353773292,1.656,1.3,5
1.7730776979944702,1.8177909530527558,1.3760000000000003,1.3,5
1.8758846571770016,1.9168889065556096,1.56,2.7,5
1.996737507655106,2.0069661823513423,1.936,1.6,5
1.7562160409471366,1.8267970837178065,1.8039999999999998,2.0,5
0.6310744255840341,0.6495517468073859,0.452,0.0,5
0.48396946224939785,0.5737754977931673,0.556,1.1,5
0.7576602454987467,0.8163797084766659,0.8388,0.9,5
0.7550278783608909,0.8943378437189733,0.8072,0.7,5
0.7399075372249893,0.8778546972020055,0.8632,0.8,5
0.6868536938429789,0.7827963395351314,0.8588000000000001,0.6,5
0.7502894138604983,0.7903525012193581,0.8256,0.9,5
0.9462857528840622,0.7687561413033058,0.8528,0.8,5
1.0403342906869593,1.0057641155610044,1.0148,0.8,5
1.0470933756312988,1.0405666821475241,1.096,1.0,5
1.1713700083740581,1.1679024983560862,1.1752,0.7,5
1.0315577156454212,1.012518656292439,1.04,0.9,5
0.9044975380735972,0.8714560195935356,0.8440000000000001,0.6,5
1.0240820329939342,1.0735100118362977,1.1928,1.0,5
1.099323741707885,1.1370583188655363,1.124,0.9,5
1.1068928428556926,1.1639918613053015,1.122,1.4,5
1.1890344314583945,1.2996721008549748,1.224,1.1,5
1.43968172708403,1.447946992214964,1.526,1.2,5
1.445445825652855,1.4531652421219654,1.3828,2.2,5
1.39942203574091,1.6239344563539535,1.24,1.3,5
1.1312837884992166,1.2090280857278544,1.204,1.0,5
0.4384739994541949,0.36323250985613487,0.46399999999999997,0.4,5
0.33881747585263944,0.2798363762631837,0.3748,0.4,5
0.437328339986763,0.3931173147564536,0.38,0.3,5
0.5065441949196333,0.5407051430131353,0.6679999999999999,0.4,5
0.5491438408960938,0.5212253495956347,0.484,0.5,5
0.4753731066714175,0.41099880298423325,0.444,0.7,5
0.4018870725738176,0.39613264368169193,0.424,0.3,5
0.8944406287003361,0.8440643708056953,0.8839999999999999,1.4,5
0.9131743690433025,0.9260373911667984,0.8079999999999999,0.7,5
0.8765358883240725,0.8472791121944913,0.8680000000000001,1.0,5
0.9015029461674083,1.04632237685517,0.9352000000000001,0.8,5
0.9072860343804521,0.977977956452526,0.992,1.5,5
0.9462623238500785,1.0028911717091968,0.856,0.8,5
0.9109284311868148,0.9311633239719221,0.912,0.9,5
0.861694962886204,0.747577727645272,0.76,1.0,5
0.8118316123715762,0.7633857096337642,0.872,1.0,5
0.8766954098516804,0.8833888842263549,0.8440000000000001,0.9,5
0.8933638596586115,0.9820748387230265,0.9519999999999998,1.1,5
0.9132632748958791,1.0214780943753317,1.0352,1.8,5
1.0110005639869606,1.0655606449194264,0.9520000000000001,1.0,5
0.9177778232752206,0.9489741641565834,0.9684,1.2,5
0.44423691940224963,0.4192455880357164,0.46399999999999997,0.5,5
0.4374114283040619,0.4121209520607731,0.384,0.3,5
0.46229472156461543,0.4481578599854146,0.35919999999999996,0.3,5
0.5322659845266491,0.5203113224252778,0.564,0.1,5
0.5113795364902597,0.5091935396510986,0.54,0.7,5
0.4864778622459131,0.523434772554894,0.4,0.4,5
0.4883989158097059,0.5604501896748066,0.52,0.8,5
0.9860336064449888,0.9888092650154716,0.8268,1.2,5
1.1064632584889564,1.0549359669598741,1.132,1.2,5
1.1091745236539867,1.0833269792855864,1.024,1.44,5
1.4305641183416027,1.3063742722449239,1.32,2.2,5
1.6553917154931608,1.6169434753294187,1.6119999999999999,1.9,5
1.3876950482135013,1.3226791908245794,1.092,1.2,5
1.2477767941303282,1.175862845180527,1.0759999999999998,1.4,5
0.7150707148633189,0.4873115924418117,0.478,0.2,5
0.5020990871679658,0.6135543058009214,0.508,0.4,5
0.5328092964115861,0.6462036703520733,0.6080000000000001,0.3,5
0.49931120160746983,0.6388824078003992,0.5920000000000001,0.8,5
0.5744970361575856,0.6523986349432473,0.5680000000000001,0.1,5
0.4175571365974768,0.4772004014397662,0.6024,0.7,5
0.5777888248549428,0.6637267874959307,0.45,0.2,5
0.48486364298052,0.473502484920837,0.384,0.5,5
0.4899415010026382,0.48544685176477087,0.42,0.6,5
0.5595968729554542,0.617286688789705,0.7,0.3,5
0.5935278831195364,0.6324137230449502,0.564,0.6,5
0.6503718939816007,0.6812240649838184,0.8908000000000001,0.9,5
0.503775685731693,0.5471168280315826,0.48,0.3,5
0.518437988143995,0.5472387692618494,0.4988,0.8,5
0.3375532457324564,0.28635553635294686,0.316,0.4,5
0.346118502179177,0.30799399617344936,0.36400000000000005,0.3,5
0.34667886030232564,0.3549175325688514,0.344,0.3,5
0.4026341900566914,0.4303090767322713,0.4448,0.2,5
0.3706642789355059,0.39512731223203446,0.4,0.7,5
0.3485061025547673,0.3667020973602838,0.316,0.2,5
0.3622750866566996,0.3772196534780485,0.36,0.3,5
0.3417574203818019,0.35417341473196495,0.46,0.4,5
0.3714947692485962,0.39478493952364985,0.36719999999999997,0.3,5
0.4200892611893566,0.4972989325945583,0.40399999999999997,0.2,5
0.39869577881284607,0.47099087417768176,0.5588000000000001,0.2,5
0.3861808296598886,0.4663809985985553,0.512,0.4,5
0.34133580020484067,0.3776919872042685,0.504,0.2,5
0.4058039655245524,0.5032825468592104,0.6112,0.8,5
0.46780170952955746,0.4219283189995368,0.4084,0.2,5
0.42413778882504827,0.37306105468886336,0.42800000000000005,0.6,5
0.412446530289086,0.4048351100315908,0.41600000000000004,0.5,5
0.5012106996065953,0.4848608182784283,0.568,0.6,5
0.5129938012483901,0.5063558110269188,0.524,0.6,5
0.4404098965026682,0.4379358882764399,0.5116,0.5,5
0.4896170209070156,0.5079464704226881,0.47600000000000003,0.3,5
0.5418946676311994,0.6034930231925826,0.6548,0.7,5
0.7006003612606377,0.6994050409249262,0.6347999999999999,1.2,5
0.7863828212654127,0.8071129186183535,0.6344000000000001,0.6,5
0.8888006708378885,0.9640729897971623,1.036,1.1,5
0.9292128748504388,0.9838696130486936,0.8919999999999999,1.5,5
1.026179375343234,0.9993981105550594,1.048,1.2,5
0.886142566226589,0.9089406370546776,0.924,1.2,5
0.4766055899587555,0.4646915173253083,0.364,0.6,5
0.4854439745528552,0.4996062198776441,0.42,0.4,5
0.48088006535729305,0.5018168035074276,0.616,0.3,5
0.5735699178535578,0.523059328670527,0.628,0.5,5
0.5573234883249241,0.5531726122420783,0.612,0.5,5
0.4707619019985955,0.49167590972900793,0.494,0.1,5
0.46725649200916053,0.4851820316087461,0.4736000000000001,0.2,5
0.9053614961276792,0.9947281990820593,0.964,1.2,5
1.001307302718349,0.9793877923766781,0.9640000000000001,0.6,5
0.8288960205351945,0.7781352476588778,0.9580000000000001,0.9,5
0.9715559680229929,1.07652797164937,0.9424000000000001,1.0,5
1.0835880096242787,1.1200377235482906,1.2920000000000003,1.1,5
0.9519916678671325,0.9684257987870106,0.82,0.6,5
0.8137626984210219,0.7503159562680897,0.7680000000000001,0.9,5
1.1124017374171558,0.9972401130129409,1.1708,0.8,5
0.9970429606329315,0.9470526010975787,0.9296,1.7,5
1.1677724476652995,1.1178593863722528,1.192,0.9,5
1.120175342863965,1.1191453264857842,1.124,1.9,5
1.3022916106452842,1.40591210247901,1.5399999999999998,2.0,5
1.1952544904010265,1.2669440971541284,1.1952,0.9,5
1.0747396637275863,1.0523623732088239,1.088,1.3,5
0.6477342347115624,0.6340892335483059,0.5319999999999999,0.6,5
0.6689425771565944,0.64274532176988,0.624,0.9,5
0.7418468270781651,0.7115678083230661,0.7919999999999999,0.7,5
0.7969186430341412,0.8023324798281445,0.9079999999999998,0.6,5
0.8793570402675418,0.7841114079419694,1.008,0.3,5
0.8090886766720451,0.7145820782055882,0.8839999999999999,0.9,5
0.7451542570555661,0.7797260853279055,0.884,1.2,5
0.47878579062651216,0.48989553186622303,0.47200000000000003,0.8,5
0.5377567730221071,0.514224391650001,0.536,0.7,5
0.5308630647321395,0.5517957876506557,0.56,0.6,5
0.7026393424636755,0.6315918917920516,0.456,0.9,5
0.8335066118682056,0.7912213360433997,0.84,1.3,5
0.8031916209638378,0.7889646505935795,0.648,0.3,5
0.6875610381811981,0.6268433084217094,0.5936,0.1,5
1.041560076309485,1.0127879543473701,0.8236,1.2,5
0.974273982590776,0.9581021528184112,0.9879999999999999,0.6,5
1.2358160210048765,1.1935825451392053,1.2279999999999998,1.2,5
3.1312145920167187,3.657529006822631,2.6479999999999997,3.0,5
2.1847063759511216,2.956093649422833,1.8,2.4,5
1.3797714826743475,1.317287970023838,1.54,1.3,5
1.3864696433839354,1.3603801717140958,1.4040000000000001,1.1,5
0.4758808618716847,0.5016060156993094,0.4388,0.3,5
0.472514377739083,0.4792098705856312,0.3488,0.3,5
0.3887451724525499,0.32436415515348804,0.42,0.1,5
0.5130695426463538,0.5063002262905677,0.4360000000000001,0.6,5
0.4856452276737584,0.5265438426512169,0.596,0.3,5
0.4578831520038521,0.5524467119979681,0.408,0.3,5
0.3532935003045556,0.3315104970132342,0.4176,0.5,5
5.528450999926005,5.07513212536495,5.42,5.1,5
5.572795350575356,4.957907405435839,5.515999999999999,4.4,5
5.400334270830634,5.035766318873689,5.308,6.0,5
6.59866484996485,6.083203506313976,5.872000000000001,7.4,5
6.262223303548308,4.319546332662963,5.903999999999999,6.1,5
4.791105303247835,4.262027876530247,4.064,5.8,5
4.672932718996731,3.4356817885357693,4.835999999999999,3.1,5
0.3889179130856098,0.3544479371532361,0.33879999999999993,0.4,5
0.33331545865115736,0.31016720187862545,0.312,0.8,5
0.41887829476339383,0.45430076048991874,0.4788,0.9,5
0.6038921855433548,0.6040794600261066,0.508,0.8,5
0.49265887342821135,0.5251695956662138,0.5239999999999999,0.5,5
0.5500420523794177,0.5411084817546795,0.512,0.5,5
0.4321464549025195,0.43177075557271327,0.49200000000000005,0.5,5
0.3628550341506598,0.44157331403781924,0.49599999999999994,0.8,5
0.4630132597984556,0.46353999398296214,0.5576,0.6,5
0.4553958129227366,0.507806093489386,0.49200000000000005,0.7,5
0.568579375782032,0.6378741016867302,0.6839999999999999,0.6,5
0.6266588284207802,0.6612652878392785,0.64,0.6,5
0.6008548136877466,0.5794131701654497,0.5952000000000001,0.5,5
0.647169258714528,0.5984249603361917,0.5724,0.8,5
0.4363157365268349,0.4212913295845461,0.43200000000000005,0.6,5
0.4357989096880383,0.4260809686999997,0.39919999999999994,0.5,5
0.646721948200444,0.8018520692836318,0.8960000000000001,0.9,5
0.8173886827027491,0.8280580919571502,0.868,0.9,5
0.8815342743486541,0.8826584884818125,0.9359999999999999,1.0,5
0.8593234193717082,0.877933377809422,0.7964,0.7,5
0.8425276500120333,0.7846387727186233,0.9440000000000001,0.6,5
0.8441603026465009,0.8345770125310498,0.6187999999999999,0.6,5
0.8577602918972373,0.739966363576789,0.7320000000000002,0.3,5
0.8074772684808791,0.7907957911622563,0.6872,0.6,5
0.8736917515680425,0.969878391638865,1.0479999999999998,2.1,5
1.264380962881565,1.3144704789513908,1.1588,1.7,5
0.9424559803269926,1.0052481114230534,0.9039999999999999,0.5,5
0.8764517434924778,0.8203428439599932,0.976,0.3,5
2.897959910812781,2.965446060250534,3.12,2.8,5
2.7931778326370202,2.760827641584511,2.7695999999999996,3.6,5
2.9265747624198024,3.185975855565181,2.6719999999999997,3.3,5
4.412687279857763,4.702649064113632,3.752,4.6,5
4.40800590199043,4.257798447893215,4.196000000000001,7.4,5
3.696090276576267,3.9586552931347763,3.708,4.2,5
4.108835606772005,4.499631222937625,4.056,4.9,5
0.7205754320817441,0.7271147893501367,0.6759999999999999,1.1,5
0.8030880920222759,0.7762956039196893,0.7668,1.0,5
0.7840554330127393,0.7978660219479193,0.6872,0.9,5
0.9609720830609478,1.013200633826589,0.9239999999999999,1.2,5
0.992543458170111,1.0850375356694122,0.8440000000000001,1.2,5
0.7446883580670843,0.7820877135176771,0.6,0.6,5
0.6712631258783319,0.7115754534044167,0.6028,0.8,5
0.8786773268156867,0.8453779126659617,0.6872,1.2,5
0.9426330921867181,0.9625155133077026,0.9440000000000001,1.4,5
0.8619690254398794,0.8281315758235028,0.7988000000000001,0.4,5
0.9164036457589763,0.9949389387188168,0.9164,0.7,5
0.9928367243980873,1.0208967147051293,1.032,1.1,5
0.9609596625264688,0.9526744294016513,0.992,0.8,5
0.7761185730700166,0.7208190139252164,0.7539999999999999,0.5,5
0.8744484728169073,0.7630285280753004,0.648,1.1,5
0.8859977115872338,0.8594699367510076,0.7959999999999999,1.0,5
0.8894538739769519,0.9047103255691585,0.7919999999999999,0.9,5
0.9057740478750501,1.007338488001316,0.8439999999999999,1.4,5
0.9677679555698382,1.137838542364145,0.96,1.2,5
0.9213568812176698,0.9409053186530345,0.82,0.6,5
0.900996406275746,0.8967785798757206,0.956,1.0,5
0.6125668396777261,0.5310704317618672,0.49760000000000004,0.9,5
0.6268000065355336,0.5783378437575784,0.5972,0.8,5
0.6857563466579948,0.663074027115642,0.7044,0.4,5
0.7192182772177251,0.6001631772267497,0.676,0.6,5
0.7119481012484231,0.663097386359677,0.8240000000000001,0.7,5
0.6269098125910293,0.5954545165278239,0.7008,0.6,5
0.6181618966014201,0.5871370815514083,0.6576000000000001,0.6,5
0.6569917156458439,0.6681039130640014,0.7528,0.6,5
0.6457223759945706,0.6127109432887755,0.56,0.4,5
0.5491025843737283,0.5374906210996544,0.512,1.0,5
0.9992476938747569,1.1949284443603418,0.7788,0.9,5
0.8877747399059691,0.8973587251291283,0.836,1.1,5
0.8982995346003513,0.8513221344062041,0.912,0.7,5
0.7845950390620617,0.6620781618643403,0.612,0.7,5
0.9943327992213873,0.9345433021667507,1.014,1.0,5
1.0001673030288838,0.9507443310574663,0.9016000000000001,0.7,5
0.867052664180144,0.8738370021739643,0.8308,1.1,5
1.151408342971056,1.0860070470825163,1.3,1.0,5
1.0516436905651172,1.0575244461394937,1.0415999999999999,1.0,5
0.9021802352976587,0.9304783826845585,1.044,0.8,5
0.8722753025164561,0.9087009989301602,0.9432,1.1,5
0.5089633735371768,0.5000215665084604,0.54,0.6,5
0.5184101871869983,0.5003166717908551,0.504,0.3,5
0.45324313405556316,0.42009448617398376,0.4,0.4,5
0.6500738254769008,0.6364726484180653,0.5871999999999999,0.9,5
0.6613754221436242,0.6962457372012489,0.7519999999999999,0.7,5
0.4702287635872555,0.4377899254358997,0.47200000000000003,0.1,5
0.44171852049841287,0.41276621301707733,0.4668,0.7,5
0.6229358078661911,0.684320664118117,0.6808,0.7,5
0.6438009205532227,0.6436036831818956,0.6188,0.5,5
0.6657467769275314,0.6839847799902031,0.7216,1.0,5
0.8048888916678643,0.8710230713637602,0.9159999999999999,0.7,5
0.7742348365447823,0.8463797917351168,0.792,0.5,5
0.7187317810647748,0.7358595463305937,0.852,1.0,5
0.8010003215553205,0.8252415520676414,0.672,0.9,5
0.6785201250446196,0.727388460826273,0.7428,0.5,5
0.6863090593383482,0.6776667072207858,0.6556000000000001,0.5,5
0.7017211306330667,0.703548224868003,0.7839999999999999,0.7,5
0.7277890170971485,0.795225547238597,0.8392000000000001,0.6,5
0.8031725440694785,0.7985771366039304,0.8668,0.8,5
0.6613395436545172,0.7001294400627176,0.7512000000000001,0.6,5
0.6734188747468984,0.683324476219256,0.6552,0.9,5
0.478479144275483,0.5121066618117284,0.5312,0.7,5
0.5425186861442273,0.5837862891810504,0.5952,0.4,5
0.4877563783794225,0.5463341595069581,0.49920000000000003,0.6,5
0.6614888324422634,0.7537196959811967,0.88,1.5,5
0.9432955385057146,0.99695790429946,1.008,0.7,5
0.7435164914207663,0.7605195869323542,0.6920000000000001,0.6,5
0.8162151027770518,0.7977699874595964,0.728,0.9,5
0.9149016534408353,0.9265257689207258,0.9399999999999998,1.2,5
0.6421459566549989,0.6913475669762313,0.648,0.6,5
0.8012891767004228,0.8395745212904395,0.6951999999999999,0.6,5
0.715820761844614,0.7917834006373541,0.804,0.7,5
0.7277181929236589,0.8019511781798792,0.7112,0.5,5
0.5921683357877784,0.5997003513857098,0.6184000000000001,0.2,5
0.5475366893122278,0.5498733129039848,0.612,0.1,5
0.5754583580852699,0.5609007536229924,0.5748,0.6,5
0.5743968128341085,0.5297012727461028,0.572,0.9,5
0.5984654865019334,0.5978876417355741,0.616,0.6,5
0.630411584654987,0.631905619337775,0.5640000000000001,0.9,5
0.6772008118785708,0.7159115437032469,0.88,0.6,5
0.5833269421865664,0.5826866892578693,0.6032000000000001,0.6,5
0.5680856279070895,0.5639002469600194,0.5376,0.6,5
0.5020134587888692,0.49894923064389946,0.5928,0.2,5
0.3655756951105424,0.3227538568099937,0.4060000000000001,0.1,5
0.35689207470258366,0.35086398821516107,0.3448,0.2,5
0.3989327583009201,0.41071298441910953,0.39399999999999996,0.2,5
0.3342076645018897,0.3545453266291202,0.33399999999999996,0.3,5
0.2717038230571193,0.26885418238326586,0.382,0.1,5
0.27186654566936,0.27032640644083983,0.43079999999999996,0.1,5
1.245950553656845,1.1304636585235968,1.1244,0.9,5
1.2557881203209167,1.1520327640631711,1.1936,1.2,5
1.3502796073804668,1.2655846226377991,1.3479999999999999,0.9,5
1.3314096513933709,1.2774563763830455,1.5439999999999998,1.6,5
1.3684171395135427,1.37765755225314,1.42,1.3,5
1.2508922548328647,1.2088469359547998,1.308,1.6,5
1.2633460658701035,1.244183860667517,1.208,2.0,5
0.6949518962601053,0.6583761264044709,0.6360000000000001,0.6,5
0.6505837500090149,0.6214974538736238,0.528,0.6,5
0.7278556319842323,0.6588858067046232,0.46399999999999997,0.1,5
0.7879245430987528,0.7445961461458079,0.8228000000000002,0.4,5
0.7339913212863995,0.6805406835232286,0.7879999999999999,0.5,5
0.5140121574556521,0.5142786860594639,0.504,0.2,5
0.4832442068254652,0.4868786841495295,0.46399999999999997,0.6,5
1.3176367527332795,1.481460319559558,1.236,1.9,5
1.4106971904973984,1.5014493669696682,1.3112000000000001,1.2,5
1.067842177462498,1.134003442611807,1.124,0.9,5
1.6926365606685183,1.7725662598135687,1.6256,1.8,5
1.7870868431591433,1.8541304136560457,1.7479999999999998,1.4,5
1.3872584772548096,1.5108004432887494,1.2988,1.4,5
1.3711885567727269,1.3202551204062414,1.3319999999999999,0.9,5
0.41577919299084437,0.3709420538515195,0.44,0.6,5
0.43607339401481304,0.41164869767545564,0.46399999999999997,0.4,5
0.4708901888561391,0.4465719696868358,0.408,0.8,5
0.6447298501868749,0.697773914938227,0.56,0.5,5
0.5886476588954417,0.5662345776998112,0.6552000000000001,0.6,5
0.5398104173643302,0.5195703218668284,0.5552000000000001,0.3,5
0.5151098922131924,0.494219925067748,0.5476,0.9,5
0.5022886123244836,0.47403303352397386,0.536,0.8,5
0.5159367332455135,0.5052589108908847,0.52,0.9,5
0.5909599535218814,0.5652417082242909,0.584,0.7,5
0.6042237456846924,0.6374013033955639,0.624,0.8,5
0.6259953714477372,0.6711225320972752,0.684,0.8,5
0.58728275711183,0.5731500040227764,0.44,0.4,5
0.5478727505657501,0.5623351890941604,0.52,0.5,5
0.42148724735867266,0.38031883526540927,0.41200000000000003,0.9,5
0.44927601344998264,0.43409768264416665,0.384,0.6,5
0.46802627606299657,0.48646356270120966,0.5479999999999999,0.6,5
0.7448007960560148,0.8190426932161539,0.684,0.6,5
0.7332810350045819,0.6917670526125435,0.6659999999999999,1.5,5
0.5975029639338736,0.6608972027477118,0.648,0.4,5
0.6560313731766915,0.6559298746690243,0.648,0.5,5
0.5662060448627851,0.5378351473687522,0.576,0.9,5
0.5658101647608421,0.49358266437406395,0.468,0.3,5
0.5549158136870997,0.47810473961741595,0.472,0.4,5
0.5880158177355195,0.5813117407152688,0.5660000000000001,0.5,5
0.5955738285479862,0.5921893668220175,0.616,0.8800000000000001,5
0.5653150808847077,0.5550682201103095,0.618,0.6,5
0.5696463970058255,0.5308100948166998,0.6240000000000001,0.6,5
0.4814606016620936,0.42608357679380154,0.33199999999999996,0.3,5
0.489966634918113,0.461268198123232,0.436,0.0,5
0.3859610726203394,0.3341593981160772,0.4452,0.4,5
0.5432490346438328,0.5391293972940466,0.532,0.4,5
0.5253675516407632,0.552393347708211,0.6439999999999999,0.7,5
0.43983577318913697,0.4709282948931127,0.44800000000000006,0.3,5
0.3258239357000641,0.28765286617034935,0.35200000000000004,0.6,5
0.5221205010016903,0.5978301008856836,0.5,1.0,5
0.7379990536269818,0.7240327710676954,0.6920000000000001,0.6,5
0.7209122232445296,0.6761685949076046,0.7319999999999999,1.1,5
0.8327119659477,0.8003510200221171,0.6839999999999999,1.0,5
0.9186173666995241,0.9386826994617817,0.996,0.8,5
0.8657460287541693,0.7963881660892643,0.8244,0.5,5
0.8588358944577406,0.7810526291732168,0.7120000000000002,1.0,5
1.051810906249348,1.313254052300825,1.052,1.7,5
1.5175929718123122,1.2797359363970964,1.076,0.6,5
1.0999185134285037,1.1206897106017846,0.9712,0.8,5
1.2142963641935995,1.2664685628972023,1.6119999999999999,1.6,5
1.3469686921835033,1.3131860707491525,0.94,2.8,5
1.666164204441998,1.5716408589616053,1.76,3.1,5
1.5954467060343562,1.7760436537783084,1.5799999999999996,2.3,5
0.5552206935777406,0.5060539069213777,0.48400000000000004,0.8,5
0.6185691854223048,0.5581735899691216,0.6104,0.3,5
0.6156816681547139,0.5524303055446238,0.6068,0.8,5
0.7245986629286213,0.7012127994969743,0.5988,0.5,5
0.7322896382392247,0.6356982442327763,0.6759999999999999,1.0,5
0.648887748690495,0.6412519072494843,0.524,0.1,5
0.5804333068778751,0.5371679944736518,0.6559999999999999,0.5,5
1.3413869319052576,1.3267005146991242,1.152,1.6,5
1.367523671765367,1.3355848186629076,1.348,0.0,5
1.1745344183765705,1.0962209481581833,0.7639999999999999,0.9,5
1.4730648917005011,1.3913035442019934,1.5119999999999998,1.3,5
1.4542262236648094,1.4575364004685136,1.3724,1.4,5
1.2660756010332945,1.2477930169175484,1.36,0.9,5
1.1599383102230716,1.155580280203667,1.1239999999999999,1.2,5
2.7301298979146185,2.53714291123463,2.548,4.4,5
3.264752398235594,2.8304095290278783,2.972,4.4,5
3.7072562059401903,3.669633160687507,3.188,3.6,5
5.366055046816797,5.1420547370873235,4.208000000000001,5.7,5
5.293406078181075,5.139662593156578,4.896,5.6,5
3.7593535712678205,3.689121374696016,3.2560000000000002,4.3,5
3.2145448743495253,3.2637817322655187,2.7880000000000003,3.7,5
0.47797901116898106,0.4519067770521282,0.38,0.4,5
0.4996955012824593,0.4960998858138924,0.52,0.5,5
0.48829378704636306,0.5197296135322966,0.43200000000000005,0.4,5
0.5704410284466044,0.5861790217367666,0.5711999999999999,0.6,5
0.5901691464888746,0.6221512621902411,0.536,0.9,5
0.5614431926472649,0.5950921182698448,0.40399999999999997,0.6,5
0.5323605860064176,0.5799316414135925,0.47600000000000003,1.0,5
2.5135226717117547,2.2036972994095545,2.4360000000000004,2.2,5
2.2460150999928086,2.146893092886837,2.476,2.0,5
2.2550005129669572,2.1311576622097386,2.496,2.5,5
3.2136329971275694,2.8405385515409574,2.88,2.9,5
3.231683037539171,3.047890181468618,3.1040000000000005,3.0,5
2.274099414500398,1.9981944658412463,2.34,2.4,5
2.4775604309363777,2.5469254101872085,2.2828,1.0,5
0.32266282316115985,0.2919777341289338,0.25999999999999995,0.5,5
0.3354321998254498,0.31106120630054124,0.41200000000000003,0.7,5
0.3821263729920587,0.38299211192050164,0.38,0.8,5
0.46378373704597786,0.4628698620932113,0.4640000000000001,0.5,5
0.6065701890346714,0.6124171900814048,0.494,0.7,5
0.42220620090083005,0.4306436952069309,0.35600000000000004,0.3,5
0.4173691147791213,0.43436543887498114,0.4268,0.2,5
2.0050193255413,1.966121020679687,1.528,2.5,5
2.2140619487301727,2.111165774434169,1.6680000000000001,1.8,5
1.9305687737089894,1.7828805415995523,1.3940000000000001,1.2,5
2.043379854468707,2.0197118401266665,2.02,1.5,5
2.069059632305897,2.0386108426225626,2.06,2.7,5
1.9060021516614625,2.086648889821003,1.5519999999999998,1.3,5
1.6121924103784446,1.6647019559659444,1.7935999999999999,1.7,5
0.43980276324047907,0.40517014053231665,0.44400000000000006,0.7,5
0.45391602721985086,0.4223010759769593,0.436,0.4,5
0.4514409764908689,0.44729975816327483,0.47600000000000003,0.3,5
0.5454623317395653,0.518817331338773,0.496,0.8,5
0.5855805630758424,0.562889545627637,0.624,0.7,5
0.5339147974010856,0.514008362188459,0.5,0.3,5
0.51205050340552,0.4415212047778621,0.428,0.4,5
1.4285282126464884,1.4054955173081467,1.5160000000000002,1.3,5
1.3833388054659321,1.4071759685042866,1.4879999999999998,0.9,5
1.2805704477511253,1.3146044946903368,1.268,1.3,5
1.3990213026215883,1.5004555077346362,1.36,1.3,5
1.4804281685102747,1.5499662985803146,1.38,1.9,5
1.63264409932175,1.6490465390359152,1.672,1.1,5
1.4021421881428309,1.4364499357612674,1.4480000000000002,1.7,5
0.6344708427438874,0.6042006279229621,0.5559999999999999,0.9,5
0.7613285233223469,0.734991118197682,0.7439999999999999,1.0,5
0.8158278333607536,0.7929556721116767,0.7319999999999999,1.0,5
0.88167369950053,0.9908013018843334,0.848,1.8,5
1.2223945829658696,1.2734240527673732,1.388,1.0,5
0.8905124945907589,0.9483276397169944,0.9120000000000001,1.1,5
0.8938372153916324,0.9416608569423129,0.9164,0.9,5
0.7610037932635447,0.849894854354444,0.7787999999999999,1.1,5
0.7772152704297929,0.869056994684512,0.688,0.7,5
0.8600168430224464,0.8808597477943694,0.6320000000000001,0.9,5
0.9157269083001883,0.9994969913556029,0.8640000000000001,1.3,5
1.2122051657370803,1.2077890843474186,1.268,1.3,5
1.055198980443678,1.0337246655585925,0.96,0.9,5
1.0683303808527425,1.0361757613347826,0.8800000000000001,1.1,5
0.41230344038689165,0.3948362721331783,0.4708,0.5,5
0.40937000100467247,0.39956768279276567,0.3960000000000001,0.3,5
0.6547179258525987,0.8178442325902593,0.648,0.4,5
0.6534544104258173,0.7197571317151084,0.7839999999999999,0.7,5
0.6862494425477716,0.7871320943012015,0.8640000000000001,0.5,5
0.5682874891366055,0.6677325243209897,0.6800000000000002,0.7,5
0.6918173141555795,0.7278010907985172,0.7799999999999998,0.6,5
1.0097906532326695,0.8183018675103241,0.9795999999999999,1.0,5
1.1494179313396078,1.1333816673704302,1.028,1.1,5
1.1602036331516432,1.171851141789318,1.176,0.6,5
1.01213830233662,1.1401624934169377,1.2540000000000002,0.6,5
0.9451122933470021,1.0292444804714849,1.2748,1.1,5
0.9268961208593648,0.9661839273508913,0.9,0.9,5
1.1127955262252363,1.1253944469091632,1.0520000000000003,1.1,5
0.4204667812364822,0.4075999025905363,0.4296,0.2,5
0.39500177015324334,0.3436842743832841,0.304,0.0,5
0.3967848935542531,0.3854008939699872,0.35600000000000004,0.1,5
0.40611975997166677,0.40017101165877195,0.4792,0.3,5
0.39288068717123126,0.42570222757998366,0.39520000000000005,0.2,5
0.2932800112064392,0.284249400037233,0.37440000000000007,0.4,5
0.4768345488920508,0.5047750111943139,0.5552,0.6,5
0.47514217806215553,0.4736733983366733,0.488,0.4,5
0.47051281581053783,0.4638661212080539,0.436,0.4,5
0.4079288080287686,0.3299882158908338,0.36160000000000003,0.4,5
0.5761798364047584,0.5723411156172213,0.5920000000000001,0.4,5
0.5810068441996781,0.5669290258756456,0.564,0.5,5
0.4784093085003828,0.4571713140147668,0.44,0.5,5
0.48008288660819365,0.4936556647788106,0.496,0.3,5
0.8486133808491377,0.8080700208852735,0.5920000000000001,0.8,5
0.9277357062827489,0.993026750576274,0.9652,1.2,5
0.9125494040867225,0.9812845931680741,1.0319999999999998,0.2,5
1.39533399161836,1.4039379941055548,1.324,0.2,5
1.026400394660085,1.4555320422945173,0.556,2.6,5
1.4233436751625252,1.4633678059557065,1.5719999999999998,1.2,5
1.2134036409043591,1.2233057598202939,1.216,2.3,5
0.8826231324761492,0.8559387111465792,0.8959999999999999,0.5,5
0.8751596275723782,0.7759059959360275,0.6519999999999999,0.5,5
0.8794104710522074,0.8225573436386026,0.8839999999999999,1.2,5
0.9051466057551167,1.0464261990112194,1.0071999999999999,1.1,5
0.9039652717435125,0.9841197712295287,0.948,1.1,5
0.8914830739358981,0.9375514032395057,0.868,1.0,5
0.9115911582561425,0.9762218154161018,0.9495999999999999,1.0,5
0.27160391173761833,0.21762110825208258,0.332,0.3,5
0.30259194500026754,0.27047862731144323,0.276,0.3,5
0.3143058207458961,0.29352587148270903,0.32,0.0,5
0.31968900806955325,0.3327905674869145,0.43,0.7,5
0.37675528033109257,0.377035237315153,0.45199999999999996,0.2,5
0.2902971331249259,0.2628059963916003,0.248,0.2,5
0.4962361587338021,0.5757846821214996,0.5519999999999999,0.4,5
1.308981403892067,1.3044297763507857,1.3479999999999999,2.1,5
1.4316727177487123,1.4427874398862346,1.4359999999999997,1.4,5
1.374030314469794,1.3564821014307133,1.3159999999999998,1.7,5
1.6414948489932664,1.6707052978553802,1.6576,1.5,5
1.6167783762175927,1.6182446637430332,1.5296,1.67,5
1.4506098193338373,1.4442242872227378,1.3840000000000001,0.95,5
1.3172355857019027,1.2931886200432636,1.2668000000000001,1.8,5
0.9425487253761156,0.9658948619150826,0.8119999999999998,0.9,5
0.9195634024821857,0.8763778467417643,0.852,0.9,5
0.9322012210296519,0.9204506072196348,0.8599999999999999,1.1,5
1.0195190578157494,1.1279658363295528,0.992,1.7,5
1.2118420753304169,1.2490212279185007,1.1592,1.3,5
1.10026100026265,1.094778411128855,1.016,0.5,5
1.0081452527623063,1.0312554489098165,0.916,1.5,5
0.5611645187255343,0.537217050249809,0.48,1.0,5
0.6060234726569594,0.643415521001975,0.604,0.7,5
0.6458798442611674,0.6174424436024115,0.508,0.3,5
0.7145689860307708,0.7176206960490977,0.732,1.1,5
0.8519272680923795,0.8260631723631638,0.7120000000000001,1.0,5
0.6241485530764783,0.6294997771258961,0.64,0.5,5
0.6943133744279341,0.6959958564672679,0.7040000000000001,0.7,5
0.6989193390371043,0.6742768090363076,0.672,0.4,5
0.7052046302193032,0.686381924068459,0.696,1.0,5
1.0790073123913366,1.2206619218344432,1.1159999999999999,0.9,5
0.9965689115742932,1.0373387367816844,1.1440000000000001,0.7,5
0.9208084600937579,0.9831960724730668,0.932,0.6,5
0.8872553221537544,1.034324182153187,1.14,0.7,5
0.8368119473761143,0.9909529331224891,0.8959999999999999,1.2,5
0.7303737849761064,0.6692344932320138,0.6536,0.7,5
0.7107665780203263,0.6325490632925257,0.5159999999999999,0.5,5
0.7355279708515052,0.667428419524834,0.6079999999999999,1.1,5
0.8711236030367582,0.9181863975016886,0.7160000000000001,1.3,5
0.9443412492985213,0.9737643776412463,0.8119999999999998,1.4,5
0.8857648399242576,0.8932565128974072,0.7736,0.2,5
0.7771623375532025,0.7387937237607811,0.7508,0.5,5
0.3548224399877009,0.33473037014054297,0.3428,0.3,5
0.35914796205507354,0.33931189539113993,0.3468,0.4,5
0.3608190038366548,0.37131186430706137,0.43200000000000005,0.2,5
0.4108372155038688,0.4254886970419791,0.4388,0.5,5
0.4185245655724217,0.4618987658319808,0.5072,0.3,5
0.3581015283730937,0.3606577127253079,0.3636000000000001,0.4,5
0.3606445247516855,0.37866231042103193,0.4036,0.0,5
0.3313361731294298,0.3486228391156192,0.36,0.3,5
0.3536512899808361,0.37987622017028194,0.40399999999999997,0.5,5
0.36232707504446066,0.3901573224374011,0.36,0.1,5
0.38476374744208147,0.4612306351130935,0.46159999999999995,0.3,5
0.42053193855913323,0.4980207563783137,0.536,0.37,5
0.3601816419915746,0.412688541536899,0.38159999999999994,0.4,5
0.35828632439815833,0.4249017558718212,0.528,0.5,5
0.672744531554668,0.6279832813639084,0.62,0.8,5
0.7037438840540637,0.6506967895416136,0.664,0.7,5
0.7061453398501027,0.6801645209761675,0.82,0.8,5
0.8128297151614577,0.8155724106794205,0.7439999999999999,1.6,5
1.0634597758532374,1.1729526546398548,1.144,1.5,5
1.082878193573611,1.1039487622560697,1.0484,0.7,5
0.983034586769981,0.9430154558082835,0.9604,0.8,5
0.6754484227705415,0.6585774786503158,0.5720000000000001,1.0,5
0.7747004632572755,0.7484300063447922,0.6808000000000001,0.6,5
0.6931292404137998,0.7009367150300312,0.6759999999999999,1.4,5
0.9218356520211389,1.129046949931403,0.9,1.1,5
0.9684847962189762,1.0677514689697924,0.9680000000000001,1.3,5
0.9452491698053515,0.986890166256768,0.8919999999999999,0.7,5
0.8795791329997739,0.8624359313764163,0.736,1.6,5
1.0554834097421761,1.0182238514533857,0.924,1.2,5
1.1319428580627142,1.0876472350206932,0.9280000000000002,0.7,5
0.8918881584702567,0.8327235216727341,1.018,1.8,5
1.3882253752241442,1.3996179545579337,1.2719999999999998,1.6,5
1.3499768229525235,1.331386476888627,1.2952000000000001,1.2,5
1.1919240681311274,1.144550268067812,1.084,0.0,5
0.8294980448958026,0.8984920314462542,0.812,1.5,5
1.8595432740362488,2.2757784948895154,1.6199999999999997,1.7,5
2.1170982777115097,2.3748236326756516,1.4920000000000002,3.0,5
1.788644111396099,1.5143444296746378,2.064,1.9,5
1.713546277701122,1.8553337195884252,1.652,1.4,5
1.7333447171813399,1.7388464337462741,1.732,1.9,5
1.7503664110790482,1.7691687213181306,1.5,1.5,5
1.6108206396074491,1.2978578097762516,1.536,0.9,5
0.9202666957212214,0.953086096325455,0.8856,0.6,5
0.8996569516813241,0.8888294894291663,0.8028,1.5,5
1.0502386695323707,1.1583383575027966,1.2072,0.5,5
0.9252556732644621,0.9866494692064687,0.9159999999999999,0.9,5
0.9545381821990471,1.0669007466498033,1.0672000000000001,0.95,5
0.9293181103196927,1.007093615709738,0.944,0.7,5
1.0196035376973827,1.0697652876742023,1.1736000000000002,0.7,5
0.8867556172084856,0.28572335749702016,0.9839999999999999,1.2,5
1.0441556285099933,1.0446091536632722,0.948,0.5,5
0.8955519631474872,0.9376062492795172,0.9079999999999999,0.3,5
4.42872960332837,5.142050831726489,3.3,6.0,5
1.265738982761511,0.8992434999325676,1.06,0.7,5
0.9358288188850353,1.3915688617262547,1.0864,0.4,5
1.049474476269701,1.0479422383712058,0.9279999999999999,0.9,5
1.7295153749164676,1.999910206897817,1.408,2.4,5
1.7164093578922723,1.9618385460513528,1.42,1.6,5
1.7963653249288576,1.8376363831092453,1.4,0.4,5
2.074808221093728,1.5781054709918902,1.6360000000000001,1.1,5
2.084651884807452,1.7938389192255597,1.7279999999999998,0.8,5
1.5274604482485394,1.5558920668407494,1.3999999999999997,1.3,5
1.7943981514987088,1.7828747342553863,1.38,3.8,5
0.8086839577698655,0.7133302411866214,0.7480000000000001,0.5,5
0.7180584916913436,0.6434171618113026,0.7167999999999999,1.0,5
0.8637658435074878,0.9314804537010357,0.8332,0.6,5
0.7869493555517181,0.8001749239136858,0.7879999999999999,0.6,5
0.7573374886556675,0.7245937876146312,0.7804000000000001,0.4,5
0.6138406083539595,0.5613677316552386,0.6068,0.72,5
0.7190112186387168,0.756755261904841,0.6936000000000001,1.1,5
0.574560026416048,0.5490152033715269,0.47200000000000003,0.7,5
0.5936505428170904,0.5551256942459509,0.568,0.7,5
0.5996042210463556,0.5702956214551942,0.548,0.2,5
1.066049635536029,1.191433660635015,1.148,0.5700000000000001,5
0.8641819909291125,0.8409273740327651,0.8640000000000001,1.17,5
0.8931378126858376,0.8724352223479804,0.9164,1.0,5
0.9779055093591373,1.069754342880503,0.992,1.3,5
0.5616945743962616,0.5796570298163769,0.596,0.6,5
0.5462304554162952,0.5319626153691095,0.54,0.4,5
0.537894377412309,0.5603068894734552,0.564,1.0,5
0.8202102405509177,0.8326416943856733,0.936,1.2,5
0.8718559385958226,0.8321546079902725,0.904,0.0,5
0.6407497133990919,0.5230954554861948,0.6,0.5,5
0.6784323090514648,0.6827333753103602,0.5880000000000001,0.8,5
0.5591745546808732,0.5662035383516221,0.512,0.9,5
0.6973821402684917,0.6736545079264966,0.792,0.6,5
0.6083560448581891,0.5918115447048803,0.5880000000000001,0.3,5
0.6517664818473519,0.6707130223595307,0.648,1.2,5
0.8597524012231021,0.8754429749572709,0.956,0.5,5
0.6536682929030345,0.6222438480627885,0.6908,0.9099999999999999,5
0.6107825653650348,0.6278460853248647,0.6256,0.4,5
1.06528698183854,1.0353480179249308,1.0268000000000002,1.1,5
1.097483441606812,1.0517462148903494,1.224,1.3,5
1.442046897100389,1.522011152875085,1.464,1.0,5
1.5995476109648568,1.9961896658562057,1.76,1.8,5
1.6794327479901376,2.1550469570245756,1.7679999999999998,2.5,5
1.4135920799243837,1.3964591674677016,1.456,1.7,5
1.413602656338994,1.431768988126731,1.332,1.6,5
5.228390817828205,4.855691343549987,5.38,5.2,5
5.846995012395019,5.464976661634084,5.628000000000001,7.2,5
5.3288001678881844,5.018816206233173,5.564,6.5,5
6.418309895659897,6.171254904391963,5.932,6.7,5
5.926052944277949,4.143219586181418,6.0520000000000005,5.5,5
5.05363824323987,4.574906546491459,5.26,6.2,5
4.532302813882193,3.3250433597225517,4.864,4.1,5
0.381647082017861,0.5253993209439651,0.47200000000000003,0.5,5
0.4329610169544363,0.4570248803074484,0.5272,0.3,5
0.3975589573973582,0.4925683012823839,0.37439999999999996,0.4,5
0.44843817633984645,0.5525581054197085,0.596,0.47000000000000003,5
0.46125748591318533,0.5766851686099379,0.6639999999999999,0.1,5
0.37394869661430263,0.5091505493711981,0.33599999999999997,0.4,5
0.42875577639215595,0.5142554392172257,0.6004,1.1,5
0.5530898814667138,0.48857557459721035,0.5800000000000001,0.1,5
0.547332311647988,0.5388750186804623,0.45880000000000004,1.0,5
0.7889634038385793,0.9980339168782699,0.9280000000000002,1.0,5
0.8590306257610092,0.9348729371042198,1.036,0.4,5
0.8748325231597769,0.8526198981179178,0.8759999999999999,1.2,5
0.8909674235592373,0.9312267499004102,1.04,0.6,5
0.7876655230893774,0.7918001748054473,0.652,1.0,5
3.0604160407954577,3.0267687075612235,3.2519999999999993,3.9,5
2.8923669720330465,2.839535895521041,2.96,3.3,5
3.2499677948917083,3.2862812825440706,2.8628000000000005,5.1,5
4.403749627463965,4.753484420120202,3.4679999999999995,3.6,5
4.448946872403144,4.338137369867537,4.348,6.2,5
3.708302063379316,4.33566557760952,3.68,7.8,5
4.4126233057153454,4.732837695931762,4.688,8.2,5
1.4290766999024007,1.4528296273354107,1.288,1.5,5
1.4409779808444207,1.4125826186633499,1.3119999999999998,1.5,5
1.4484493991667948,1.4980245998815245,1.42,0.9,5
1.533515451425309,1.4791439381678195,1.544,1.1,5
1.3739130393783077,1.2369309160550712,1.0696,1.3,5
1.2822129199881043,1.3209585043264376,1.1760000000000002,1.2,5
1.1429396443078867,1.143278330905083,1.1508,1.6,5
0.5370884150490794,0.5526501945842113,0.5591999999999999,0.1,5
0.49310482147789014,0.47360621363251426,0.536,0.2,5
0.42928100199176733,0.3605808665215898,0.41600000000000004,0.6,5
0.6398424755984446,0.6485109761731046,0.804,0.5,5
0.5954187455496573,0.6281856710867557,0.636,0.5,5
0.4956254493675787,0.5161134688839755,0.5680000000000001,0.0,5
0.3399565582289447,0.2897162414816734,0.408,0.1,5
0.4118654048276812,0.3563098620506131,0.376,0.4,5
0.39914693795923534,0.36275490877954475,0.384,0.3,5
0.4090236689151763,0.39485971684629095,0.47240000000000004,0.7,5
0.4698649758969188,0.48397096808184176,0.504,0.3,5
0.47639468283423403,0.49629317345902313,0.4876,0.5,5
0.4264910098020208,0.4252994465941725,0.484,0.4,5
0.40911807640832687,0.4158423346327735,0.38800000000000007,0.5,5
0.47386836779044006,0.4596650038326267,0.4672,0.6,5
0.4996007224603406,0.46824797744243807,0.4672,0.6,5
0.6208428298466505,0.6302799694735945,0.4868,0.6,5
0.6881671702824974,0.7016250637398671,0.648,0.8,5
0.7152679165421123,0.7716741638005302,0.7512000000000001,0.2,5
0.5067926573492891,0.4566295695166847,0.44,0.4,5
0.6141358231513478,0.6167711120870353,0.6044,1.0,5
1.049993165732939,1.0366091254421523,0.972,1.4,5
1.0777694386431687,1.0793015117626141,1.04,1.1,5
0.9902673276562769,1.0043281881986728,0.8111999999999999,0.9,5
1.2167203880579027,1.2276844052974718,1.2624000000000002,1.2,5
1.2587086245090855,1.2658737295984845,1.162,0.6,5
1.0393160783201258,1.0064321243952457,1.0943999999999998,1.5,5
1.1396429711123202,1.1174218922622965,0.8684000000000002,1.4,5
0.9669029463348934,0.9241611331961725,1.0456,1.3,5
1.0783748610262807,1.0464146924567304,0.9,0.9,5
0.8927419482361822,0.9457406905093284,0.9159999999999999,1.0,5
0.9479427809841087,1.0932633504004543,0.9152,0.8,5
0.9476836396216098,1.08906774709485,1.008,1.1,5
0.9797807387340193,1.0118102057079135,0.944,1.4,5
1.00600689186089,1.084310082802905,0.972,0.8,5
0.35570111932947507,0.3264385972355017,0.33480000000000004,0.3,5
0.4498392707073132,0.4033305525373068,0.38400000000000006,0.4,5
0.4367588085896344,0.39114282439179276,0.35600000000000004,0.4,5
0.406762825120237,0.4117571867900646,0.4463999999999999,0.4,5
0.40788046559114055,0.4253506715971615,0.4152,0.4,5
0.4092410675498447,0.39099992055298516,0.434,0.5,5
0.3905012669204653,0.39432995374822094,0.424,0.7,5
0.7067495854692915,0.7417165360463054,0.7975999999999999,1.1,5
0.7455362233717784,0.7683238100492455,0.7388000000000001,1.0,5
0.8029538801302446,0.8696469456470391,0.9719999999999999,1.0,5
0.9788589393628199,1.111740863826284,0.992,1.1,5
1.1348165357844666,1.1509575547130408,0.8959999999999999,0.7,5
0.8404756353180238,0.8446711807971947,0.8195999999999999,1.3,5
0.9826012966978666,0.9917777184439523,1.02,0.9,5
0.5195637234397418,0.5570662641058166,0.554,0.9,5
0.6770496860204304,0.6692224726849156,0.648,0.6,5
0.5198686005123729,0.43877650157675746,0.352,0.5,5
0.777021038406766,0.9155648656920863,0.6747999999999998,0.9,5
0.8502933317971032,0.8234749274754553,0.9800000000000001,1.5,5
1.073594019644871,1.0163119837689134,1.0844,0.5,5
0.7710574173819907,0.5873668692145972,0.5159999999999999,0.8,5
0.5552931821938639,0.5762450977382805,0.5588000000000001,0.5,5
0.5417690870006492,0.5270859450719309,0.508,0.3,5
0.4762652602770457,0.4369404927727088,0.424,0.7,5
0.682492640535014,0.7324273857910302,0.672,0.3,5
0.6854444406734123,0.6682678508738304,0.7748,0.5,5
0.4807061338343015,0.533070142439816,0.47479999999999994,0.4,5
0.421960906095073,0.3958498815186671,0.4976,0.6,5
0.599971161592174,0.5476486221528523,0.66,0.6,5
0.5528849571230714,0.48586247024316653,0.5359999999999999,1.2,5
0.6102988011253007,0.6587402337753412,0.5920000000000001,0.1,5
0.5937628780847662,0.5784795872552244,0.5147999999999999,0.2,5
0.6298410557418078,0.5900756431579426,0.6548,0.9,5
0.6177779755304468,0.5957631364493878,0.6952000000000002,0.9,5
0.6160410102134607,0.5909246352209649,0.5680000000000001,0.3,5
0.723903411010614,0.7092190980201225,0.7324,0.5,5
0.7575254481085164,0.7174993774070748,0.7404,0.61,5
0.7625724631307184,0.7416648833735175,0.8872000000000001,0.7,5
0.7260709861706942,0.8011245300074763,0.78,0.6,5
0.8412068173418488,0.8320907056307489,0.8984000000000001,0.9,5
0.7170650085959999,0.7354002313771514,0.8351999999999999,0.7,5
0.6792800975238265,0.7126669442040265,0.828,1.2,5
0.9027727532441651,0.9170796952993648,0.88,1.1,5
0.6270795592745156,0.63523515129615,0.592,0.6,5
0.6591767402735418,0.6930480446797986,0.616,0.3,5
0.5620139096179656,0.7240024774778675,0.6432000000000001,0.4,5
0.5484047895977027,0.7334057004645684,0.6012000000000001,0.6,5
0.5825418518573493,0.5927961852419296,0.5920000000000001,0.2,5
0.5204720868790106,0.515629323927557,0.5376,0.5,5
0.7942293727983601,0.8940844154153055,0.9120000000000001,0.0,5
0.8647589309193097,0.6839945893057233,0.6560000000000001,1.3,5
1.1030526130391956,1.057255727467165,1.244,1.1,5
0.9799437131009836,1.0446193121635976,0.924,0.7,5
0.8825835031531453,1.022407417487497,1.152,0.9,5
0.8881332780256628,1.0335384433500647,1.064,1.5,5
1.3099602259241658,1.235316178454869,1.3319999999999999,0.6,5
1.4381426807037525,1.386043513607081,1.5776,2.1,5
1.7839900281689847,1.5678086637733537,1.9299999999999997,1.6,5
1.7300176980086803,1.7162661582741348,1.5439999999999998,2.1,5
1.7143528791938891,1.6345143254386487,2.028,0.0,5
0.8794542272812013,1.0724157957507185,1.2919999999999998,1.1,5
1.153975930869157,1.1508718192269975,1.1820000000000002,1.5,5
1.1668515038214753,1.2360385870099106,1.23,2.8,5
1.404020868882334,1.4492469927624065,1.328,1.2,5
1.2433024917527855,1.1857773046449647,1.1360000000000001,2.2,5
1.3824880139166533,1.4906166838879913,1.272,1.5,5
1.4081410452988146,1.4374965117084018,1.288,1.1,5
1.4451096995089447,1.3910302991365335,1.3856,0.9,5
1.2171428548496153,1.200718357094726,1.1119999999999999,1.0,5
1.3404646618357177,1.3111105135772445,1.452,1.3,5
1.0272809446896876,1.0028306802758409,0.86,1.1,5
1.0312400504194679,0.963099759868788,0.8628000000000001,1.2,5
1.1185698711589134,1.0806091164344016,1.116,1.8,5
1.2343537564904887,1.3184569114664098,1.238,1.0,5
1.155482059953808,1.2155138825487353,1.168,1.5,5
1.1506869351189661,1.1487941896851264,1.198,1.0699999999999998,5
1.1308145005308863,1.1111687464018571,1.172,1.8,5
1.2107408321155222,1.1707778239463305,1.1136,1.0,5
1.223049525705568,1.2252617693249102,1.2856,0.7,5
0.8545569624846913,0.7249300053963375,0.6972000000000002,1.2,5
1.2456886551431137,1.3093571021924875,1.3239999999999998,0.9,5
1.2357809894830787,1.2099933413217938,1.1456,1.6,5
1.1442170076962337,1.1255528352544055,1.26,1.1,5
1.0079175922779797,0.8944437453746574,1.072,1.2,5
0.6978253212499973,0.7092430056066827,0.6288,0.5,5
0.7087402085305652,0.6299813942245666,0.5820000000000001,0.8,5
0.7151080162752659,0.6811275876004397,0.7080000000000001,0.7,5
0.7982599759125941,0.8073552740076507,0.7908,0.7,5
0.8108712177996612,0.8092771136456983,0.8324000000000001,0.78,5
0.7290503556053322,0.6538807551013626,0.764,0.5,5
0.7293142239075697,0.6619647353576688,0.6587999999999999,1.1,5
0.5464976600338032,0.47618261244086785,0.4600000000000001,1.0,5
0.6159804372319406,0.618322736924922,0.5296000000000001,0.6,5
0.5678569346616685,0.5619390843095289,0.5227999999999999,0.9,5
0.6328320045408806,0.6895631220522283,0.64,0.3,5
0.5907673641726874,0.6228165324952805,0.6348,0.7,5
0.5751617690328991,0.5716780005927546,0.588,0.7,5
0.6022508794090763,0.5919130726567492,0.6480000000000001,1.0,5
0.7557010630347519,0.7351350843407567,0.6172,0.7,5
0.7555169612649868,0.7417596911969649,0.6668,0.9,5
0.8352995965773822,0.8522269169989128,0.8928,0.2,5
0.7965195928183426,0.7831750534946267,0.624,0.9,5
0.8166798368940688,0.8792716095304434,0.8279999999999998,0.5,5
0.7547968745087128,0.7220936430251972,0.7536,0.8,5
0.6373549449768919,0.6186669646086764,0.6788,1.0,5
2.112942948910573,2.204338758584312,2.14,2.4,5
1.8291760723654913,1.9340512821939693,1.7280000000000002,0.4,5
1.4909957249280121,1.546702742902739,1.4712,1.9,5
2.084120866443136,2.2093881984453665,2.4200000000000004,0.6,5
1.6260105384462387,1.6125661102365085,1.6520000000000001,1.6,5
1.9692817945870535,2.1290798489643867,2.184,2.4,5
1.9789151297539826,2.1128965720529207,1.9080000000000001,1.2,5
0.4539561622461239,0.4441464227370905,0.43520000000000003,0.9,5
0.506874066868907,0.4699837882549793,0.46,0.3,5
0.49552282725231495,0.5020045609941357,0.5651999999999999,0.8,5
0.6524668307300271,0.7070612083315221,0.64,0.6,5
0.6436849661239288,0.6168945813801947,0.5760000000000001,0.7,5
0.6447006377822914,0.6566102139478489,0.5536,0.8,5
0.5715959333889753,0.5905363570337434,0.64,0.9,5
3.3834295133053085,3.4132978420353446,3.556,3.9,5
3.2817482491930696,3.3604372136803726,3.3560000000000008,3.6,5
3.5972913868641534,3.595488864703863,3.6240000000000006,2.8,5
3.462465616216946,3.8182095491882135,3.7600000000000007,1.6,5
2.652388083288868,2.3748508635446197,2.9840000000000004,0.8,5
2.295599418088013,2.260072471934245,2.044,2.2,5
2.5712984399243415,2.7753323491332225,2.3080000000000003,4.0,5
0.5825808108836463,0.542668768098576,0.54,0.8,5
0.576940165433004,0.5394230728011644,0.536,0.4,5
0.5412372239812423,0.536958689444559,0.5760000000000001,0.3,5
0.5569165187955195,0.5667436006896744,0.5579999999999999,0.27999999999999997,5
0.5378005113789303,0.533470976272223,0.6356,0.58,5
0.4977146135932534,0.48301759102386904,0.49520000000000003,0.5,5
0.47652717171718145,0.42562924670740115,0.392,0.5,5
0.9803403907389753,1.0580628643969812,0.94,1.7,5
1.5615479916246868,1.1775630782032578,1.22,2.1,5
1.652932289725594,1.4333811135799546,1.46,2.4,5
1.8279134798874865,1.8715458849056927,1.74,2.0,5
1.6961619557663483,1.663644710597255,1.6480000000000001,2.8,5
1.6267760059745164,1.6886096134556208,1.7320000000000002,3.2,5
1.98380938506344,1.9632928109158616,1.568,2.8,5
0.764899279368614,0.718117103375923,0.6068,0.8,5
0.7494341494312187,0.6816073015199751,0.5748,0.6,5
0.6176159342204313,0.6226214810823715,0.484,0.4,5
0.7960068420752394,0.9039554755757797,0.8939999999999999,1.1,5
0.7805461750495527,0.8690395885587937,0.764,1.0,5
0.8385919162304583,0.8364508634142617,0.7319999999999999,0.6,5
0.5697813771450786,0.560994951907283,0.618,0.3,5
0.35046948674874107,0.31405422926378823,0.35159999999999997,0.3,5
0.3523394506836529,0.3159698204079311,0.34800000000000003,0.5,5
0.35807172304447293,0.35592633658072703,0.384,0.4,5
0.40962390619628974,0.41783202688993604,0.4632,0.4,5
0.38461127366602305,0.3854436419783101,0.408,0.2,5
0.3560812335622703,0.3407314895197171,0.37560000000000004,0.5,5
0.3312508689901228,0.3286835662602985,0.32800000000000007,0.4,5
1.6177616620959754,1.5811325390672832,1.276,0.7,5
1.6345818529992433,1.4010534531492331,1.376,1.3,5
1.6919982272078478,1.5447688146585374,1.4032000000000002,1.8,5
1.9298173218254222,1.8849382075324048,1.9239999999999997,1.0,5
1.7911124494185613,1.679016502866881,1.7480000000000002,1.3,5
1.280013781753577,1.1032939612815447,1.3279999999999998,1.8,5
1.4200353480156827,1.4088739644938815,1.524,1.1,5
0.30603189768140887,0.2741297528965325,0.3588,0.5,5
0.3305509890951256,0.3057772704372157,0.38799999999999996,0.3,5
0.3527989177754486,0.3436425294029529,0.3616,0.2,5
0.3714513233128222,0.37009587096758706,0.40880000000000005,0.3,5
0.4026654535493898,0.4070584255246128,0.3747999999999999,0.1,5
0.3078604745719844,0.3015394330776332,0.37400000000000005,0.3,5
0.3230930347145443,0.33068406954515284,0.37200000000000005,0.3,5
0.5174982127265266,0.46267229330804627,0.35999999999999993,0.2,5
0.4960708930431893,0.5199422961688511,0.4628,0.2,5
0.8273096495636421,0.8410059305378176,0.7768,0.5,5
0.7677159954987134,0.6965583340548771,0.7239999999999999,0.5,5
0.5341181890151192,0.5307182170251288,0.612,0.2,5
0.4782672772215421,0.4684376907277495,0.4832,0.1,5
0.40736348710908665,0.4260857401675017,0.4388,0.2,5
1.0286008084750002,1.0265736885984997,1.1268,1.2,5
1.031800777694049,1.000700399819042,1.016,1.5,5
1.0723165142655118,1.09408645156907,1.0879999999999999,0.7,5
1.1157258335115139,1.1515172515724532,1.4111999999999998,1.1,5
1.1637697285966584,1.190702420216689,1.0936,1.01,5
1.0704195720103178,1.0369937903277373,1.1711999999999998,1.2,5
1.1146456183088425,1.0958203395905708,1.1840000000000002,1.0,5
0.4300213981834952,0.4277114462720957,0.468,0.5,5
0.4386406291792247,0.4071825741739209,0.3528,0.5,5
0.43533591410622857,0.42675998297515555,0.46,0.8,5
0.534528442766568,0.5771520847686689,0.7040000000000001,0.4,5
0.5312803338679757,0.5270667044452728,0.5680000000000001,0.6,5
0.49881162175361604,0.49475553972464614,0.5236,0.4,5
0.49586485699666694,0.48128765367493315,0.5804,0.6,5
1.1325693046017098,1.1806269577121649,1.3319999999999999,1.0,5
1.1603846394363295,1.139449187657349,1.004,0.4,5
1.047811523120803,1.0615606165622593,0.9919999999999999,1.5,5
1.266409267662526,1.3080721236316781,1.1600000000000001,0.8,5
1.1068064346417208,1.2019561168461295,1.1199999999999999,1.0,5
1.118834288163443,1.2442081707236254,1.196,0.8,5
1.0817456745365257,1.1551368005455416,1.012,1.5,5
1.114855562848431,1.0704241540643138,0.956,1.2,5
1.0863974847500206,1.0640374277421556,1.1320000000000001,1.9,5
1.3085867816971637,1.2658016735578732,0.9440000000000001,2.2,5
1.6250328501209372,1.6393947136814724,1.7280000000000002,1.4,5
1.55364784021371,1.4992045952783197,1.528,0.9,5
1.2991861236239128,1.2179220107579696,1.188,1.7,5
1.3239395363105726,1.3152335069480674,1.208,1.5,5
0.49147373070683215,0.5026787489508211,0.508,1.1,5
0.5855308113163584,0.6366226570074671,0.56,0.5,5
0.5488742256347454,0.6020068322161056,0.5680000000000001,0.7,5
0.7209471830720431,0.7096111920354973,0.748,0.5,5
0.7024420868395117,0.7093784723918204,0.672,0.7,5
0.5624756596352913,0.6122846628234788,0.56,1.1,5
0.7503117474915639,0.7263944137090472,0.7120000000000001,0.6,5
0.8057043723830002,0.7561839015684194,0.7232000000000001,0.7,5
0.8305202611824717,0.791305414827467,0.7439999999999999,0.7,5
0.8324056422133922,0.8343792958410796,0.8584,0.9,5
1.1191911003876824,1.4057360079971153,1.268,0.0,5
0.6420584180140637,0.7729890193618124,0.47600000000000003,1.7,5
1.0650519907008915,1.0864992224212286,1.1079999999999999,1.1,5
0.9033912802092074,1.033091398261624,1.032,2.3,5
0.8858684583356976,0.8089878038673411,0.892,0.8,5
0.8254366412138672,0.7392909090354215,0.7680000000000001,1.2,5
0.8979629638858819,0.9466930131363308,0.8876,0.9,5
0.8787564612211929,0.9082288135589144,0.836,0.3,5
0.86180161398058,0.837800164816463,0.7988000000000001,1.0,5
0.8890774648492129,0.9009086665882635,0.9119999999999999,0.5,5
0.872313753000733,0.7953178715957295,0.904,0.54,5
0.9668897851625964,0.8792876387133827,0.86,1.2,5
1.0380991002268005,0.9250538824451169,0.696,0.6,5
0.9619965501270376,0.9317556223230066,0.7672,1.0,5
0.9927544053574915,1.0453606829778426,0.996,0.6,5
0.954927097438069,0.99847550047312,1.0,1.3,5
1.0403020566960703,1.0729587027577419,0.9804,1.0,5
1.0255642933617606,1.0255931535921565,0.9080000000000001,1.3,5
1.0966466407617994,1.0246163624189046,1.108,0.8,5
1.0107412265218358,0.9948234973969639,1.0420000000000003,1.7,5
1.2460179008918988,1.1645989139786732,1.32,1.6,5
1.5922342555731563,1.5253495062838052,1.6708,1.5,5
1.6251734853368227,1.6099613144097797,1.6640000000000001,1.1,5
0.9916361090185196,0.9010552031182227,0.8572,0.9,5
1.0315022377812544,0.900638708805824,0.848,1.1,5
0.4863590331627933,0.47857894841290904,0.524,0.3,5
0.4841588255528449,0.4483373193278363,0.4159999999999999,0.5,5
0.48408848619926537,0.4876157957662363,0.44799999999999995,0.8,5
0.6190509270113383,0.6320710842947281,0.504,0.8,5
0.6905124719337042,0.7515930932026865,0.6239999999999999,0.4,5
0.5291266131075657,0.5477907349506131,0.49080000000000007,0.7,5
0.5395341330680462,0.6304648262966284,0.524,0.7,5
0.43608835327763834,0.4043008984730225,0.456,0.6,5
0.4741329770338289,0.4399545734684465,0.4744,0.5,5
0.48066657143941693,0.49384011402167205,0.472,0.9,5
0.534632581107384,0.5164041172536529,0.48,0.3,5
0.5453687648101367,0.5282346141437992,0.6168,0.6,5
0.48511044026124417,0.4722920660539413,0.4383999999999999,0.6,5
0.5035716137624136,0.5118006172355384,0.5388,0.8,5
0.7438732613940044,0.7405906210581312,0.7587999999999999,0.6,5
0.6458439052146606,0.6550069467021218,0.628,0.2,5
0.6962437208317163,0.752199228400366,0.5888,1.0,5
0.8607041471589103,1.0186813828290902,0.8532,0.9,5
0.9130065516333907,1.0115670174370246,0.88,0.8,5
0.6989141573972504,0.6858423013493524,0.544,0.8,5
0.7873350575568224,0.7256703405326809,0.746,0.6,5
0.46420508005980204,0.48274315059817685,0.47279999999999994,0.0,5
0.3159514490265098,0.27648179761439395,0.26,0.1,5
0.3590301425932482,0.3576332861387068,0.41159999999999997,0.2,5
0.45518092805571503,0.49897825610454927,0.688,0.5,5
0.3967024126843185,0.40319788233410386,0.4032,0.4,5
0.42775294966509797,0.40802826893001937,0.39760000000000006,0.0,5
0.4769901886534166,0.44315399344511386,0.52,0.4,5
0.3674070811613111,0.3407138932610453,0.37200000000000005,0.2,5
0.46700198407073873,0.41833134070732864,0.384,0.6,5
0.4919449348477471,0.5329697842699117,0.44400000000000006,0.5,5
0.5645438514625705,0.5195926769074963,0.4832,0.9,5
0.6252704726731678,0.6871481729465635,0.628,0.3,5
0.4875021162190214,0.5001458336456097,0.41759999999999997,0.5,5
0.5351943704781088,0.5586730493530099,0.592,0.1,5
0.6112263689107716,0.5889060720976265,0.5456,1.2,5
0.7413062987059603,0.7281890387932953,0.7,0.3,5
0.6964297092284543,0.6313257487308185,0.6043999999999999,0.5,5
0.7529881735962689,0.7541196148965668,0.6680000000000001,1.2,5
0.905182680929362,0.9004387850842258,0.8759999999999999,0.7,5
0.7303701884678016,0.6264031616696737,0.628,0.5,5
0.7172475329026834,0.6612092066829124,0.6348,0.5,5
0.34263047594185664,0.3358228978399779,0.36800000000000005,0.4,5
0.3538731440158398,0.3344566683095668,0.32280000000000003,0.4,5
0.3334467290721856,0.32938956690830623,0.304,0.2,5
0.40864183352061767,0.42023606602999286,0.4428,0.1,5
0.40469343102045013,0.4122762362198351,0.4228,0.6,5
0.3640733929430772,0.3809873946786176,0.38239999999999996,0.3,5
0.3434250150026536,0.35637902265208776,0.336,0.4,5
0.31945115741853397,0.3107844645307092,0.3124,0.4,5
0.34899404757156094,0.3336782772511758,0.33880000000000005,0.4,5
0.45558252208928784,0.454878954127713,0.424,0.3,5
0.4076670782533812,0.422194813641196,0.42560000000000003,0.16999999999999998,5
0.40977074499835764,0.42495321201234176,0.40399999999999997,0.1,5
0.3563177015337323,0.3512272012983051,0.39239999999999997,0.1,5
0.39475129975807566,0.4384999630658839,0.5539999999999999,0.5,5
