store_id,product_id,dt,status,recommended_rate,predicted_sales,predicted_gain,value_share,reason
18,11,2024-06-26,recommend_discount,0.9,1.2912282227140042,0.20260161970346013,1.082341457733114,Supported candidate passes model agreement and value floor; mildest near-best sales option.
18,11,2024-06-27,recommend_discount,0.8,1.2548103717972616,0.3674435180960849,1.093954814476868,Supported candidate passes model agreement and value floor; mildest near-best sales option.
18,11,2024-06-28,review_stockout,,,,,Recent censored sales; verify tomorrow's supply before pricing.
18,11,2024-06-29,recommend_discount,0.8,1.5162943293824824,0.33638095233588805,1.0691047618687106,Supported candidate passes model agreement and value floor; mildest near-best sales option.
18,11,2024-06-30,recommend_discount,0.8,1.4666068494751334,0.3665237297254085,1.093218983780327,Supported candidate passes model agreement and value floor; mildest near-best sales option.
18,11,2024-07-01,review_stockout,,,,,Recent censored sales; verify tomorrow's supply before pricing.
18,11,2024-07-02,review_stockout,,,,,Recent censored sales; verify tomorrow's supply before pricing.
18,12,2024-06-26,recommend_discount,0.8,1.0623174853246622,0.4460184339436972,1.1568147471549577,Supported candidate passes model agreement and value floor; mildest near-best sales option.
18,12,2024-06-27,review_stockout,,,,,Recent censored sales; verify tomorrow's supply before pricing.
18,12,2024-06-28,review_stockout,,,,,Recent censored sales; verify tomorrow's supply before pricing.
18,12,2024-06-29,review_stockout,,,,,Recent censored sales; verify tomorrow's supply before pricing.
18,12,2024-06-30,recommend_discount,0.8,1.243445727699207,0.4115072544797693,1.1292058035838155,Supported candidate passes model agreement and value floor; mildest near-best sales option.
18,12,2024-07-01,recommend_discount,0.8,1.0932553954478297,0.38116098252946307,1.1049287860235704,Supported candidate passes model agreement and value floor; mildest near-best sales option.
18,12,2024-07-02,recommend_discount,0.8,1.0417525803505752,0.4011365113719687,1.120909209097575,Supported candidate passes model agreement and value floor; mildest near-best sales option.
18,15,2024-06-26,review_stockout,,,,,Recent censored sales; verify tomorrow's supply before pricing.
18,15,2024-06-27,recommend_discount,0.8,0.4502977987015228,0.600231604151088,1.2801852833208704,Supported candidate passes model agreement and value floor; mildest near-best sales option.
18,15,2024-06-28,review_stockout,,,,,Recent censored sales; verify tomorrow's supply before pricing.
18,15,2024-06-29,review_stockout,,,,,Recent censored sales; verify tomorrow's supply before pricing.
18,15,2024-06-30,recommend_discount,0.8,0.6191639832245649,0.5221866619551054,1.2177493295640842,Supported candidate passes model agreement and value floor; mildest near-best sales option.
18,15,2024-07-01,recommend_discount,0.8,0.4971375878800416,0.4969314316829414,1.197545145346353,Supported candidate passes model agreement and value floor; mildest near-best sales option.
18,15,2024-07-02,recommend_discount,0.8,0.5065534491710484,0.43516913301467763,1.148135306411742,Supported candidate passes model agreement and value floor; mildest near-best sales option.
18,21,2024-06-26,review_stockout,,,,,Recent censored sales; verify tomorrow's supply before pricing.
18,21,2024-06-27,review_stockout,,,,,Recent censored sales; verify tomorrow's supply before pricing.
18,21,2024-06-28,review_stockout,,,,,Recent censored sales; verify tomorrow's supply before pricing.
18,21,2024-06-29,recommend_discount,0.85,2.027033491595375,0.24337261666539023,1.0568667241655818,Supported candidate passes model agreement and value floor; mildest near-best sales option.
18,21,2024-06-30,recommend_discount,0.85,1.8770086048841943,0.32099344265897467,1.1228444262601285,Supported candidate passes model agreement and value floor; mildest near-best sales option.
18,21,2024-07-01,review_stockout,,,,,Recent censored sales; verify tomorrow's supply before pricing.
18,21,2024-07-02,review_stockout,,,,,Recent censored sales; verify tomorrow's supply before pricing.
18,23,2024-06-26,recommend_discount,0.95,1.5950124803844266,0.22793402495707604,1.166537323709222,Supported candidate passes model agreement and value floor; mildest near-best sales option.
18,23,2024-06-27,recommend_discount,0.7,2.0121391209585644,0.7111224241779421,1.1977856969245593,Supported candidate passes model agreement and value floor; mildest near-best sales option.
18,23,2024-06-28,recommend_discount,0.7,1.8871211251242395,0.6933668385507621,1.1853567869855335,Supported candidate passes model agreement and value floor; mildest near-best sales option.
18,23,2024-06-29,recommend_discount,0.7,2.062079094125208,0.6668249666824284,1.1667774766777,Supported candidate passes model agreement and value floor; mildest near-best sales option.
18,23,2024-06-30,recommend_discount,0.95,1.5218207655530223,0.22171099701068586,1.1606254471601514,Supported candidate passes model agreement and value floor; mildest near-best sales option.
18,23,2024-07-01,recommend_discount,0.7,1.845953569493835,0.6261438293891679,1.1383006805724174,Supported candidate passes model agreement and value floor; mildest near-best sales option.
18,23,2024-07-02,recommend_discount,0.7,1.8293701101251427,0.6458628629283556,1.152104004049849,Supported candidate passes model agreement and value floor; mildest near-best sales option.
18,41,2024-06-26,recommend_discount,0.7,1.6951954271546494,0.7483616843643142,1.2238531790550198,Supported candidate passes model agreement and value floor; mildest near-best sales option.
18,41,2024-06-27,recommend_discount,0.7,1.822335733374786,0.7519653813654443,1.2263757669558109,Supported candidate passes model agreement and value floor; mildest near-best sales option.
18,41,2024-06-28,recommend_discount,0.7,1.9228534198568121,0.7065551624302568,1.1945886137011799,Supported candidate passes model agreement and value floor; mildest near-best sales option.
18,41,2024-06-29,review_stockout,,,,,Recent censored sales; verify tomorrow's supply before pricing.
18,41,2024-06-30,recommend_discount,0.7,1.854042791056381,0.702665212134457,1.19186564849412,Supported candidate passes model agreement and value floor; mildest near-best sales option.
18,41,2024-07-01,review_stockout,,,,,Recent censored sales; verify tomorrow's supply before pricing.
18,41,2024-07-02,review_stockout,,,,,Recent censored sales; verify tomorrow's supply before pricing.
18,74,2024-06-26,recommend_discount,0.9,0.9431373231763125,0.17541921620248146,1.0578772945822335,Supported candidate passes model agreement and value floor; mildest near-best sales option.
18,74,2024-06-27,recommend_discount,0.9,1.0036304067461783,0.19229816727806037,1.0730683505502545,Supported candidate passes model agreement and value floor; mildest near-best sales option.
18,74,2024-06-28,review_stockout,,,,,Recent censored sales; verify tomorrow's supply before pricing.
18,74,2024-06-29,review_stockout,,,,,Recent censored sales; verify tomorrow's supply before pricing.
18,74,2024-06-30,recommend_discount,0.9,1.0800967144948495,0.1970863854207192,1.0773777468786472,Supported candidate passes model agreement and value floor; mildest near-best sales option.
18,74,2024-07-01,review_stockout,,,,,Recent censored sales; verify tomorrow's supply before pricing.
18,74,2024-07-02,review_stockout,,,,,Recent censored sales; verify tomorrow's supply before pricing.
18,94,2024-06-26,recommend_discount,0.8,0.7481797764850553,0.8779292212729488,1.5023433770183592,Supported candidate passes model agreement and value floor; mildest near-best sales option.
18,94,2024-06-27,recommend_discount,0.8,0.6920282254013909,1.0112871192410382,1.6090296953928307,Supported candidate passes model agreement and value floor; mildest near-best sales option.
18,94,2024-06-28,review_stockout,,,,,Recent censored sales; verify tomorrow's supply before pricing.
18,94,2024-06-29,recommend_discount,0.8,0.8086740897593898,0.821952022726107,1.4575616181808857,Supported candidate passes model agreement and value floor; mildest near-best sales option.
18,94,2024-06-30,recommend_discount,0.8,0.846558454206202,0.831767078819666,1.465413663055733,Supported candidate passes model agreement and value floor; mildest near-best sales option.
18,94,2024-07-01,review_stockout,,,,,Recent censored sales; verify tomorrow's supply before pricing.
18,94,2024-07-02,recommend_discount,0.8,0.8437188909328717,0.790071238487851,1.432056990790281,Supported candidate passes model agreement and value floor; mildest near-best sales option.
18,98,2024-06-26,review_stockout,,,,,Recent censored sales; verify tomorrow's supply before pricing.
18,98,2024-06-27,review_stockout,,,,,Recent censored sales; verify tomorrow's supply before pricing.
18,98,2024-06-28,review_stockout,,,,,Recent censored sales; verify tomorrow's supply before pricing.
18,98,2024-06-29,recommend_discount,0.8,0.7965990591141803,0.6374789086300969,1.3099831269040776,Supported candidate passes model agreement and value floor; mildest near-best sales option.
18,98,2024-06-30,recommend_discount,0.8,0.7847704594084872,0.6086292496194239,1.2869033996955392,Supported candidate passes model agreement and value floor; mildest near-best sales option.
18,98,2024-07-01,recommend_discount,0.8,0.710562923363877,0.6225088767503428,1.2980071014002743,Supported candidate passes model agreement and value floor; mildest near-best sales option.
18,98,2024-07-02,recommend_discount,0.8,0.7427692617446982,0.6379642645547041,1.3103714116437635,Supported candidate passes model agreement and value floor; mildest near-best sales option.
18,99,2024-06-26,review_stockout,,,,,Recent censored sales; verify tomorrow's supply before pricing.
18,99,2024-06-27,recommend_discount,0.8,1.478554440726207,0.5417385210117467,1.2333908168093977,Supported candidate passes model agreement and value floor; mildest near-best sales option.
18,99,2024-06-28,recommend_discount,0.8,1.4887803033953235,0.46574954724688156,1.1725996377975052,Supported candidate passes model agreement and value floor; mildest near-best sales option.
18,99,2024-06-29,recommend_discount,0.8,1.686280709130317,0.48258598330037095,1.1860687866402968,Supported candidate passes model agreement and value floor; mildest near-best sales option.
18,99,2024-06-30,recommend_discount,0.8,1.80850245822149,0.4462933185426188,1.157034654834095,Supported candidate passes model agreement and value floor; mildest near-best sales option.
18,99,2024-07-01,recommend_discount,0.8,1.7996040244367915,0.37242414718682504,1.09793931774946,Supported candidate passes model agreement and value floor; mildest near-best sales option.
18,99,2024-07-02,recommend_discount,0.8,1.8077323102878267,0.40929751834228756,1.12743801467383,Supported candidate passes model agreement and value floor; mildest near-best sales option.
18,100,2024-06-26,recommend_discount,0.85,0.4771089953430046,0.4024848542529851,1.1921121261150374,Supported candidate passes model agreement and value floor; mildest near-best sales option.
18,100,2024-06-27,recommend_discount,0.85,0.4601621223989005,0.45651767724186154,1.2380400256555824,Supported candidate passes model agreement and value floor; mildest near-best sales option.
18,100,2024-06-28,review_stockout,,,,,Recent censored sales; verify tomorrow's supply before pricing.
18,100,2024-06-29,recommend_discount,0.85,0.5879488890732586,0.36375910325717187,1.1591952377685961,Supported candidate passes model agreement and value floor; mildest near-best sales option.
18,100,2024-06-30,recommend_discount,0.85,0.5855146641672206,0.36658491859418985,1.1615971808050614,Supported candidate passes model agreement and value floor; mildest near-best sales option.
18,100,2024-07-01,review_stockout,,,,,Recent censored sales; verify tomorrow's supply before pricing.
18,100,2024-07-02,review_stockout,,,,,Recent censored sales; verify tomorrow's supply before pricing.
18,104,2024-06-26,review_stockout,,,,,Recent censored sales; verify tomorrow's supply before pricing.
18,104,2024-06-27,review_stockout,,,,,Recent censored sales; verify tomorrow's supply before pricing.
18,104,2024-06-28,review_stockout,,,,,Recent censored sales; verify tomorrow's supply before pricing.
18,104,2024-06-29,review_model_disagreement,,,,,Selected forecast supports a discount; reference models disagree.
18,104,2024-06-30,review_stockout,,,,,Recent censored sales; verify tomorrow's supply before pricing.
18,104,2024-07-01,review_stockout,,,,,Recent censored sales; verify tomorrow's supply before pricing.
18,104,2024-07-02,review_model_disagreement,,,,,Selected forecast supports a discount; reference models disagree.
18,108,2024-06-26,recommend_discount,0.6,1.567102563316712,1.0566150043281333,1.23396900259688,Supported candidate passes model agreement and value floor; mildest near-best sales option.
18,108,2024-06-27,recommend_discount,0.6,1.6368924082985623,1.1406394892118619,1.284383693527117,Supported candidate passes model agreement and value floor; mildest near-best sales option.
18,108,2024-06-28,recommend_discount,0.6,1.5974505441546047,0.9920592451875678,1.1952355471125407,Supported candidate passes model agreement and value floor; mildest near-best sales option.
18,108,2024-06-29,recommend_discount,0.6,1.6386785637047703,1.0684342205469766,1.2410605323281858,Supported candidate passes model agreement and value floor; mildest near-best sales option.
18,108,2024-06-30,recommend_discount,0.6,1.6925425776210812,0.9991511988187198,1.1994907192912319,Supported candidate passes model agreement and value floor; mildest near-best sales option.
18,108,2024-07-01,review_stockout,,,,,Recent censored sales; verify tomorrow's supply before pricing.
18,108,2024-07-02,review_stockout,,,,,Recent censored sales; verify tomorrow's supply before pricing.
18,109,2024-06-26,recommend_discount,0.75,1.029772993543359,1.0503033404878868,1.5377275053659152,Supported candidate passes model agreement and value floor; mildest near-best sales option.
18,109,2024-06-27,review_stockout,,,,,Recent censored sales; verify tomorrow's supply before pricing.
18,109,2024-06-28,review_stockout,,,,,Recent censored sales; verify tomorrow's supply before pricing.
18,109,2024-06-29,recommend_discount,0.75,1.0192498545348025,0.804225701966812,1.353169276475109,Supported candidate passes model agreement and value floor; mildest near-best sales option.
18,109,2024-06-30,recommend_discount,0.75,1.0188045014410059,0.816987060525687,1.3627402953942653,Supported candidate passes model agreement and value floor; mildest near-best sales option.
18,109,2024-07-01,recommend_discount,0.75,1.0543014275371931,0.880494716946344,1.410371037709758,Supported candidate passes model agreement and value floor; mildest near-best sales option.
18,109,2024-07-02,review_stockout,,,,,Recent censored sales; verify tomorrow's supply before pricing.
18,122,2024-06-26,review_stockout,,,,,Recent censored sales; verify tomorrow's supply before pricing.
18,122,2024-06-27,review_stockout,,,,,Recent censored sales; verify tomorrow's supply before pricing.
18,122,2024-06-28,recommend_discount,0.9,4.164775322019093,0.1321807786127871,1.0189627007515083,Supported candidate passes model agreement and value floor; mildest near-best sales option.
18,122,2024-06-29,review_model_disagreement,,,,,Selected forecast supports a discount; reference models disagree.
18,122,2024-06-30,review_model_disagreement,,,,,Selected forecast supports a discount; reference models disagree.
18,122,2024-07-01,review_model_disagreement,,,,,Selected forecast supports a discount; reference models disagree.
18,122,2024-07-02,recommend_discount,0.9,5.0664396324186125,0.12288197391846634,1.0105937765266197,Supported candidate passes model agreement and value floor; mildest near-best sales option.
18,155,2024-06-26,review_stockout,,,,,Recent censored sales; verify tomorrow's supply before pricing.
18,155,2024-06-27,recommend_discount,0.85,0.5147389541553169,0.4199441678952245,1.2069525427109407,Supported candidate passes model agreement and value floor; mildest near-best sales option.
18,155,2024-06-28,recommend_discount,0.85,0.5477655857694307,0.40436777918030953,1.193712612303263,Supported candidate passes model agreement and value floor; mildest near-best sales option.
18,155,2024-06-29,review_stockout,,,,,Recent censored sales; verify tomorrow's supply before pricing.
18,155,2024-06-30,review_stockout,,,,,Recent censored sales; verify tomorrow's supply before pricing.
18,155,2024-07-01,review_stockout,,,,,Recent censored sales; verify tomorrow's supply before pricing.
18,155,2024-07-02,review_stockout,,,,,Recent censored sales; verify tomorrow's supply before pricing.
18,181,2024-06-26,review_stockout,,,,,Recent censored sales; verify tomorrow's supply before pricing.
18,181,2024-06-27,review_stockout,,,,,Recent censored sales; verify tomorrow's supply before pricing.
18,181,2024-06-28,recommend_discount,0.85,1.0813321658515824,0.26621333570075834,1.0762813353456444,Supported candidate passes model agreement and value floor; mildest near-best sales option.
18,181,2024-06-29,review_stockout,,,,,Recent censored sales; verify tomorrow's supply before pricing.
18,181,2024-06-30,recommend_discount,0.85,1.319622131923674,0.24985542000475092,1.0623771070040382,Supported candidate passes model agreement and value floor; mildest near-best sales option.
18,181,2024-07-01,recommend_discount,0.85,1.155953501547017,0.23398605635146796,1.0488881478987477,Supported candidate passes model agreement and value floor; mildest near-best sales option.
18,181,2024-07-02,recommend_discount,0.85,1.1512101934894863,0.25171461953732654,1.0639574266067275,Supported candidate passes model agreement and value floor; mildest near-best sales option.
18,200,2024-06-26,review_stockout,,,,,Recent censored sales; verify tomorrow's supply before pricing.
18,200,2024-06-27,recommend_discount,0.8,0.8101397200505456,0.44330367590777375,1.154642940726219,Supported candidate passes model agreement and value floor; mildest near-best sales option.
18,200,2024-06-28,recommend_discount,0.8,0.8518429388175881,0.4182071357063095,1.1345657085650476,Supported candidate passes model agreement and value floor; mildest near-best sales option.
18,200,2024-06-29,recommend_discount,0.8,0.861340572419672,0.44225622487070493,1.1538049798965642,Supported candidate passes model agreement and value floor; mildest near-best sales option.
18,200,2024-06-30,review_stockout,,,,,Recent censored sales; verify tomorrow's supply before pricing.
18,200,2024-07-01,review_stockout,,,,,Recent censored sales; verify tomorrow's supply before pricing.
18,200,2024-07-02,recommend_discount,0.8,0.8623691013244859,0.38822367975414873,1.1105789438033191,Supported candidate passes model agreement and value floor; mildest near-best sales option.
18,247,2024-06-26,review_stockout,,,,,Recent censored sales; verify tomorrow's supply before pricing.
18,247,2024-06-27,review_stockout,,,,,Recent censored sales; verify tomorrow's supply before pricing.
18,247,2024-06-28,recommend_discount,0.75,0.8684540492151575,0.6887768531121592,1.2665826398341193,Supported candidate passes model agreement and value floor; mildest near-best sales option.
18,247,2024-06-29,recommend_discount,0.75,0.9307365510053163,0.6281751517196132,1.2211313637897099,Supported candidate passes model agreement and value floor; mildest near-best sales option.
18,247,2024-06-30,review_stockout,,,,,Recent censored sales; verify tomorrow's supply before pricing.
18,247,2024-07-01,review_stockout,,,,,Recent censored sales; verify tomorrow's supply before pricing.
18,247,2024-07-02,review_stockout,,,,,Recent censored sales; verify tomorrow's supply before pricing.
18,250,2024-06-26,review_stockout,,,,,Recent censored sales; verify tomorrow's supply before pricing.
18,250,2024-06-27,recommend_discount,0.85,1.1772597179339968,0.256917028270637,1.0683794740300414,Supported candidate passes model agreement and value floor; mildest near-best sales option.
18,250,2024-06-28,recommend_discount,0.85,1.1294172581656303,0.27010621301332227,1.0795902810613238,Supported candidate passes model agreement and value floor; mildest near-best sales option.
18,250,2024-06-29,recommend_discount,0.85,1.2089584380281515,0.26488427146648963,1.075151630746516,Supported candidate passes model agreement and value floor; mildest near-best sales option.
18,250,2024-06-30,recommend_discount,0.85,1.2657613376649244,0.2530150381373115,1.0650627824167147,Supported candidate passes model agreement and value floor; mildest near-best sales option.
18,250,2024-07-01,recommend_discount,0.85,1.2179941092017448,0.2812789851940549,1.0890871374149467,Supported candidate passes model agreement and value floor; mildest near-best sales option.
18,250,2024-07-02,review_stockout,,,,,Recent censored sales; verify tomorrow's supply before pricing.
18,257,2024-06-26,recommend_discount,0.7,0.9344330124500791,1.5211361606376923,1.7647953124463844,Supported candidate passes model agreement and value floor; mildest near-best sales option.
18,257,2024-06-27,recommend_discount,0.7,0.9293568237975243,1.673441224140603,1.871408856898422,Supported candidate passes model agreement and value floor; mildest near-best sales option.
18,257,2024-06-28,recommend_discount,0.7,0.9556914075204804,1.3878591493981753,1.6715014045787226,Supported candidate passes model agreement and value floor; mildest near-best sales option.
18,257,2024-06-29,recommend_discount,0.7,1.0748073595559222,1.2077772493641263,1.5454440745548885,Supported candidate passes model agreement and value floor; mildest near-best sales option.
18,257,2024-06-30,review_stockout,,,,,Recent censored sales; verify tomorrow's supply before pricing.
18,257,2024-07-01,recommend_discount,0.7,1.013758979822873,1.2788166291009984,1.5951716403706988,Supported candidate passes model agreement and value floor; mildest near-best sales option.
18,257,2024-07-02,recommend_discount,0.7,0.9851356081966332,1.2407696355020987,1.568538744851469,Supported candidate passes model agreement and value floor; mildest near-best sales option.
18,276,2024-06-26,recommend_discount,0.85,0.599148710643802,0.41080429830762455,1.1991836535614808,Supported candidate passes model agreement and value floor; mildest near-best sales option.
18,276,2024-06-27,recommend_discount,0.85,0.5464576840668415,0.3960259199159444,1.1866220319285528,Supported candidate passes model agreement and value floor; mildest near-best sales option.
18,276,2024-06-28,recommend_discount,0.85,0.5593656426562149,0.37387495108027835,1.1677937084182366,Supported candidate passes model agreement and value floor; mildest near-best sales option.
18,276,2024-06-29,recommend_discount,0.85,0.6098600047815081,0.354701651525384,1.1514964037965763,Supported candidate passes model agreement and value floor; mildest near-best sales option.
18,276,2024-06-30,recommend_discount,0.85,0.6755861834523381,0.4269336066707059,1.2128935656701,Supported candidate passes model agreement and value floor; mildest near-best sales option.
18,276,2024-07-01,recommend_discount,0.85,0.5517412055567388,0.34500279990571503,1.143252379919858,Supported candidate passes model agreement and value floor; mildest near-best sales option.
18,276,2024-07-02,recommend_discount,0.85,0.5254618539858036,0.35735332561308386,1.1537503267711213,Supported candidate passes model agreement and value floor; mildest near-best sales option.
18,285,2024-06-26,review_stockout,,,,,Recent censored sales; verify tomorrow's supply before pricing.
18,285,2024-06-27,recommend_discount,0.9,0.5708340214361505,0.2766909922004386,1.1490218929803946,Supported candidate passes model agreement and value floor; mildest near-best sales option.
18,285,2024-06-28,recommend_discount,0.9,0.6338303723788707,0.2604089384823953,1.1343680446341557,Supported candidate passes model agreement and value floor; mildest near-best sales option.
18,285,2024-06-29,recommend_discount,0.9,0.6915841838849445,0.2990405600783117,1.1691365040704804,Supported candidate passes model agreement and value floor; mildest near-best sales option.
18,285,2024-06-30,review_stockout,,,,,Recent censored sales; verify tomorrow's supply before pricing.
18,285,2024-07-01,review_stockout,,,,,Recent censored sales; verify tomorrow's supply before pricing.
18,285,2024-07-02,review_stockout,,,,,Recent censored sales; verify tomorrow's supply before pricing.
18,321,2024-06-26,recommend_discount,0.9,0.5542134809536525,0.2573279061174978,1.131595115505748,Supported candidate passes model agreement and value floor; mildest near-best sales option.
18,321,2024-06-27,recommend_discount,0.9,0.6032615056739362,0.3641055107844524,1.227694959706007,Supported candidate passes model agreement and value floor; mildest near-best sales option.
18,321,2024-06-28,review_stockout,,,,,Recent censored sales; verify tomorrow's supply before pricing.
18,321,2024-06-29,review_stockout,,,,,Recent censored sales; verify tomorrow's supply before pricing.
18,321,2024-06-30,review_stockout,,,,,Recent censored sales; verify tomorrow's supply before pricing.
18,321,2024-07-01,review_stockout,,,,,Recent censored sales; verify tomorrow's supply before pricing.
18,321,2024-07-02,review_stockout,,,,,Recent censored sales; verify tomorrow's supply before pricing.
18,345,2024-06-26,review_stockout,,,,,Recent censored sales; verify tomorrow's supply before pricing.
18,345,2024-06-27,recommend_discount,0.8,0.9601487630669501,0.3591161660423343,1.0872929328338676,Supported candidate passes model agreement and value floor; mildest near-best sales option.
18,345,2024-06-28,recommend_discount,0.8,1.0064385676294518,0.36802107637083625,1.094416861096669,Supported candidate passes model agreement and value floor; mildest near-best sales option.
18,345,2024-06-29,review_stockout,,,,,Recent censored sales; verify tomorrow's supply before pricing.
18,345,2024-06-30,review_stockout,,,,,Recent censored sales; verify tomorrow's supply before pricing.
18,345,2024-07-01,recommend_discount,0.8,1.1942137490258746,0.35731553943975114,1.085852431551801,Supported candidate passes model agreement and value floor; mildest near-best sales option.
18,345,2024-07-02,recommend_discount,0.8,1.181066261281325,0.348813897424918,1.0790511179399345,Supported candidate passes model agreement and value floor; mildest near-best sales option.
18,348,2024-06-26,recommend_discount,0.75,0.6624182857438419,1.5228293636640546,1.8921220227480409,Supported candidate passes model agreement and value floor; mildest near-best sales option.
18,348,2024-06-27,review_stockout,,,,,Recent censored sales; verify tomorrow's supply before pricing.
18,348,2024-06-28,recommend_discount,0.75,0.6191933144680793,1.419927769766257,1.8149458273246926,Supported candidate passes model agreement and value floor; mildest near-best sales option.
18,348,2024-06-29,recommend_discount,0.75,0.7316858353360598,1.1987046801597918,1.649028510119844,Supported candidate passes model agreement and value floor; mildest near-best sales option.
18,348,2024-06-30,recommend_discount,0.75,0.7248813671978336,1.0786894066931603,1.5590170550198699,Supported candidate passes model agreement and value floor; mildest near-best sales option.
18,348,2024-07-01,recommend_discount,0.75,0.7523643095415662,1.2852259760536877,1.713919482040266,Supported candidate passes model agreement and value floor; mildest near-best sales option.
18,348,2024-07-02,review_stockout,,,,,Recent censored sales; verify tomorrow's supply before pricing.
18,373,2024-06-26,review_stockout,,,,,Recent censored sales; verify tomorrow's supply before pricing.
18,373,2024-06-27,review_stockout,,,,,Recent censored sales; verify tomorrow's supply before pricing.
18,373,2024-06-28,recommend_discount,0.85,0.5777851676718768,0.33997817035022115,1.138981444797688,Supported candidate passes model agreement and value floor; mildest near-best sales option.
18,373,2024-06-29,recommend_discount,0.85,0.6752259343747314,0.3494964792023525,1.1470720073219995,Supported candidate passes model agreement and value floor; mildest near-best sales option.
18,373,2024-06-30,recommend_discount,0.85,0.6796333118077439,0.36843562586676537,1.1631702819867504,Supported candidate passes model agreement and value floor; mildest near-best sales option.
18,373,2024-07-01,review_stockout,,,,,Recent censored sales; verify tomorrow's supply before pricing.
18,373,2024-07-02,recommend_discount,0.85,0.5391062861851365,0.33018870189485905,1.1306603966106301,Supported candidate passes model agreement and value floor; mildest near-best sales option.
18,374,2024-06-26,recommend_discount,0.9,0.6896225539744152,0.22058714087852738,1.0985284267906748,Supported candidate passes model agreement and value floor; mildest near-best sales option.
18,374,2024-06-27,recommend_discount,0.9,0.7005961082962281,0.2091834279105147,1.0882650851194633,Supported candidate passes model agreement and value floor; mildest near-best sales option.
18,374,2024-06-28,recommend_discount,0.9,0.7545241905282549,0.22278440376834774,1.1005059633915129,Supported candidate passes model agreement and value floor; mildest near-best sales option.
18,374,2024-06-29,review_stockout,,,,,Recent censored sales; verify tomorrow's supply before pricing.
18,374,2024-06-30,recommend_discount,0.9,0.8276845375230106,0.20621432647276072,1.0855928938254846,Supported candidate passes model agreement and value floor; mildest near-best sales option.
18,374,2024-07-01,recommend_discount,0.9,0.7273068090534534,0.21169056239997586,1.0905215061599782,Supported candidate passes model agreement and value floor; mildest near-best sales option.
18,374,2024-07-02,review_stockout,,,,,Recent censored sales; verify tomorrow's supply before pricing.
18,379,2024-06-26,review_stockout,,,,,Recent censored sales; verify tomorrow's supply before pricing.
18,379,2024-06-27,review_stockout,,,,,Recent censored sales; verify tomorrow's supply before pricing.
18,379,2024-06-28,review_stockout,,,,,Recent censored sales; verify tomorrow's supply before pricing.
18,379,2024-06-29,review_stockout,,,,,Recent censored sales; verify tomorrow's supply before pricing.
18,379,2024-06-30,recommend_discount,0.9,1.5799939063363027,0.19367836988121634,1.0743105328930946,Supported candidate passes model agreement and value floor; mildest near-best sales option.
18,379,2024-07-01,review_stockout,,,,,Recent censored sales; verify tomorrow's supply before pricing.
18,379,2024-07-02,review_stockout,,,,,Recent censored sales; verify tomorrow's supply before pricing.
18,380,2024-06-26,review_stockout,,,,,Recent censored sales; verify tomorrow's supply before pricing.
18,380,2024-06-27,review_stockout,,,,,Recent censored sales; verify tomorrow's supply before pricing.
18,380,2024-06-28,review_stockout,,,,,Recent censored sales; verify tomorrow's supply before pricing.
18,380,2024-06-29,review_stockout,,,,,Recent censored sales; verify tomorrow's supply before pricing.
18,380,2024-06-30,recommend_discount,0.6,1.2806542874525193,1.4656646110065035,1.4793987666039021,Supported candidate passes model agreement and value floor; mildest near-best sales option.
18,380,2024-07-01,recommend_discount,0.6,1.5042528242747026,1.4357112997715809,1.4614267798629483,Supported candidate passes model agreement and value floor; mildest near-best sales option.
18,380,2024-07-02,review_stockout,,,,,Recent censored sales; verify tomorrow's supply before pricing.
18,411,2024-06-26,recommend_discount,0.75,1.2689037264474807,0.5028660324664536,1.1271495243498402,Supported candidate passes model agreement and value floor; mildest near-best sales option.
18,411,2024-06-27,recommend_discount,0.75,1.1242529252970603,0.5620537249532316,1.1715402937149237,Supported candidate passes model agreement and value floor; mildest near-best sales option.
18,411,2024-06-28,recommend_discount,0.8,1.1117309457615256,0.40859549608594903,1.1268763968687594,Supported candidate passes model agreement and value floor; mildest near-best sales option.
18,411,2024-06-29,recommend_discount,0.75,1.2437248999909645,0.44145993650416404,1.081094952378123,Supported candidate passes model agreement and value floor; mildest near-best sales option.
18,411,2024-06-30,recommend_discount,0.85,1.2051063871511154,0.3193003880534435,1.121405329845427,Supported candidate passes model agreement and value floor; mildest near-best sales option.
18,411,2024-07-01,recommend_discount,0.75,1.1425577181210453,0.43115668141023367,1.0733675110576752,Supported candidate passes model agreement and value floor; mildest near-best sales option.
18,411,2024-07-02,recommend_discount,0.8,1.1291465208333291,0.37592912262072464,1.1007432980965797,Supported candidate passes model agreement and value floor; mildest near-best sales option.
18,415,2024-06-26,recommend_discount,0.8,0.84111408981917,0.42099581216326265,1.1367966497306101,Supported candidate passes model agreement and value floor; mildest near-best sales option.
18,415,2024-06-27,review_stockout,,,,,Recent censored sales; verify tomorrow's supply before pricing.
18,415,2024-06-28,recommend_discount,0.8,0.8944680524872527,0.4837339772174356,1.1869871817739488,Supported candidate passes model agreement and value floor; mildest near-best sales option.
18,415,2024-06-29,recommend_discount,0.8,1.0173525664853476,0.4629761656754421,1.1703809325403536,Supported candidate passes model agreement and value floor; mildest near-best sales option.
18,415,2024-06-30,review_stockout,,,,,Recent censored sales; verify tomorrow's supply before pricing.
18,415,2024-07-01,review_stockout,,,,,Recent censored sales; verify tomorrow's supply before pricing.
18,415,2024-07-02,review_stockout,,,,,Recent censored sales; verify tomorrow's supply before pricing.
18,422,2024-06-26,review_stockout,,,,,Recent censored sales; verify tomorrow's supply before pricing.
18,422,2024-06-27,recommend_discount,0.8,1.3101023308425082,0.40494253368745947,1.1239540269499677,Supported candidate passes model agreement and value floor; mildest near-best sales option.
18,422,2024-06-28,recommend_discount,0.8,1.2992356467868371,0.3567339126151803,1.085387130092144,Supported candidate passes model agreement and value floor; mildest near-best sales option.
18,422,2024-06-29,review_stockout,,,,,Recent censored sales; verify tomorrow's supply before pricing.
18,422,2024-06-30,review_stockout,,,,,Recent censored sales; verify tomorrow's supply before pricing.
18,422,2024-07-01,review_stockout,,,,,Recent censored sales; verify tomorrow's supply before pricing.
18,422,2024-07-02,review_stockout,,,,,Recent censored sales; verify tomorrow's supply before pricing.
18,424,2024-06-26,review_stockout,,,,,Recent censored sales; verify tomorrow's supply before pricing.
18,424,2024-06-27,recommend_discount,0.7,1.1156011987138117,1.1053682679322518,1.473757787552576,Supported candidate passes model agreement and value floor; mildest near-best sales option.
18,424,2024-06-28,recommend_discount,0.7,1.131953762715646,1.066008105220957,1.4462056736546698,Supported candidate passes model agreement and value floor; mildest near-best sales option.
18,424,2024-06-29,recommend_discount,0.7,1.2067254557792961,0.9580956854616511,1.3706669798231559,Supported candidate passes model agreement and value floor; mildest near-best sales option.
18,424,2024-06-30,recommend_discount,0.7,1.2070618977192937,0.9161465041178498,1.341302552882495,Supported candidate passes model agreement and value floor; mildest near-best sales option.
18,424,2024-07-01,recommend_discount,0.7,1.0853638532993004,0.9672687229613708,1.3770881060729596,Supported candidate passes model agreement and value floor; mildest near-best sales option.
18,424,2024-07-02,recommend_discount,0.7,1.1403867803161447,1.134821583105821,1.4943751081740744,Supported candidate passes model agreement and value floor; mildest near-best sales option.
18,425,2024-06-26,review_stockout,,,,,Recent censored sales; verify tomorrow's supply before pricing.
18,425,2024-06-27,review_stockout,,,,,Recent censored sales; verify tomorrow's supply before pricing.
18,425,2024-06-28,recommend_discount,0.7,1.275526457405322,1.243335276474061,1.5703346935318427,Supported candidate passes model agreement and value floor; mildest near-best sales option.
18,425,2024-06-29,recommend_discount,0.7,1.269089968228554,1.2725722221201536,1.5908005554841074,Supported candidate passes model agreement and value floor; mildest near-best sales option.
18,425,2024-06-30,recommend_discount,0.7,1.2794669770667455,1.164566971611483,1.515196880128038,Supported candidate passes model agreement and value floor; mildest near-best sales option.
18,425,2024-07-01,recommend_discount,0.7,1.0980145849653185,1.108149636022743,1.47570474521592,Supported candidate passes model agreement and value floor; mildest near-best sales option.
18,425,2024-07-02,review_stockout,,,,,Recent censored sales; verify tomorrow's supply before pricing.
18,452,2024-06-26,review_stockout,,,,,Recent censored sales; verify tomorrow's supply before pricing.
18,452,2024-06-27,review_stockout,,,,,Recent censored sales; verify tomorrow's supply before pricing.
18,452,2024-06-28,review_stockout,,,,,Recent censored sales; verify tomorrow's supply before pricing.
18,452,2024-06-29,recommend_discount,0.85,0.9467960787956841,0.43388235349972293,1.2188000004747646,Supported candidate passes model agreement and value floor; mildest near-best sales option.
18,452,2024-06-30,review_stockout,,,,,Recent censored sales; verify tomorrow's supply before pricing.
18,452,2024-07-01,review_stockout,,,,,Recent censored sales; verify tomorrow's supply before pricing.
18,452,2024-07-02,review_stockout,,,,,Recent censored sales; verify tomorrow's supply before pricing.
18,496,2024-06-26,recommend_discount,0.8,0.9702896827817236,0.40069820168993253,1.1205585613519462,Supported candidate passes model agreement and value floor; mildest near-best sales option.
18,496,2024-06-27,review_stockout,,,,,Recent censored sales; verify tomorrow's supply before pricing.
18,496,2024-06-28,review_stockout,,,,,Recent censored sales; verify tomorrow's supply before pricing.
18,496,2024-06-29,review_stockout,,,,,Recent censored sales; verify tomorrow's supply before pricing.
18,496,2024-06-30,recommend_discount,0.8,0.957732622197372,0.4346215893472698,1.147697271477816,Supported candidate passes model agreement and value floor; mildest near-best sales option.
18,496,2024-07-01,recommend_discount,0.8,0.9300909649193712,0.4508378792421941,1.1606703033937553,Supported candidate passes model agreement and value floor; mildest near-best sales option.
18,496,2024-07-02,recommend_discount,0.8,1.0142884798505616,0.3890989402626921,1.1112791522101537,Supported candidate passes model agreement and value floor; mildest near-best sales option.
18,525,2024-06-26,recommend_discount,0.8,0.7568991925611087,0.8330714438145188,1.4664571550516152,Supported candidate passes model agreement and value floor; mildest near-best sales option.
18,525,2024-06-27,review_stockout,,,,,Recent censored sales; verify tomorrow's supply before pricing.
18,525,2024-06-28,recommend_discount,0.8,0.7316583467710069,0.6382127894741323,1.3105702315793057,Supported candidate passes model agreement and value floor; mildest near-best sales option.
18,525,2024-06-29,recommend_discount,0.8,0.7644200388026932,0.5770994297872787,1.2616795438298232,Supported candidate passes model agreement and value floor; mildest near-best sales option.
18,525,2024-06-30,recommend_discount,0.8,0.7103090202880937,0.5705207632873779,1.2564166106299024,Supported candidate passes model agreement and value floor; mildest near-best sales option.
18,525,2024-07-01,recommend_discount,0.8,0.6058280698951141,0.4466172744495154,1.1572938195596123,Supported candidate passes model agreement and value floor; mildest near-best sales option.
18,525,2024-07-02,recommend_discount,0.8,0.6154508410260422,0.39008848255426587,1.1120707860434127,Supported candidate passes model agreement and value floor; mildest near-best sales option.
18,556,2024-06-26,review_stockout,,,,,Recent censored sales; verify tomorrow's supply before pricing.
18,556,2024-06-27,recommend_discount,0.85,0.46270376236287536,0.46732360130591033,1.247225061110024,Supported candidate passes model agreement and value floor; mildest near-best sales option.
18,556,2024-06-28,recommend_discount,0.85,0.5037307636108111,0.4362551528583922,1.2208168799296333,Supported candidate passes model agreement and value floor; mildest near-best sales option.
18,556,2024-06-29,recommend_discount,0.85,0.5710938431489261,0.432058116626872,1.2172493991328412,Supported candidate passes model agreement and value floor; mildest near-best sales option.
18,556,2024-06-30,recommend_discount,0.85,0.5525281331421401,0.46772361300582754,1.2475650710549533,Supported candidate passes model agreement and value floor; mildest near-best sales option.
18,556,2024-07-01,recommend_discount,0.85,0.4639784936106183,0.42809524763161644,1.2138809604868739,Supported candidate passes model agreement and value floor; mildest near-best sales option.
18,556,2024-07-02,recommend_discount,0.85,0.4474485315605718,0.4366961243423473,1.2211917056909953,Supported candidate passes model agreement and value floor; mildest near-best sales option.
18,580,2024-06-26,review_stockout,,,,,Recent censored sales; verify tomorrow's supply before pricing.
18,580,2024-06-27,review_stockout,,,,,Recent censored sales; verify tomorrow's supply before pricing.
18,580,2024-06-28,review_model_disagreement,,,,,Selected forecast supports a discount; reference models disagree.
18,580,2024-06-29,review_stockout,,,,,Recent censored sales; verify tomorrow's supply before pricing.
18,580,2024-06-30,review_stockout,,,,,Recent censored sales; verify tomorrow's supply before pricing.
18,580,2024-07-01,review_stockout,,,,,Recent censored sales; verify tomorrow's supply before pricing.
18,580,2024-07-02,review_stockout,,,,,Recent censored sales; verify tomorrow's supply before pricing.
18,596,2024-06-26,review_stockout,,,,,Recent censored sales; verify tomorrow's supply before pricing.
18,596,2024-06-27,review_stockout,,,,,Recent censored sales; verify tomorrow's supply before pricing.
18,596,2024-06-28,recommend_discount,0.75,2.2992341442544975,0.46634428173507714,1.0997582113013078,Supported candidate passes model agreement and value floor; mildest near-best sales option.
18,596,2024-06-29,recommend_discount,0.75,2.4259845778491296,0.4261266521656588,1.069594989124244,Supported candidate passes model agreement and value floor; mildest near-best sales option.
18,596,2024-06-30,recommend_discount,0.75,2.84323017820798,0.4643703223158868,1.0982777417369152,Supported candidate passes model agreement and value floor; mildest near-best sales option.
18,596,2024-07-01,recommend_discount,0.75,2.2065273103602605,0.3899115479831352,1.0424336609873515,Supported candidate passes model agreement and value floor; mildest near-best sales option.
18,596,2024-07-02,review_stockout,,,,,Recent censored sales; verify tomorrow's supply before pricing.
18,600,2024-06-26,review_stockout,,,,,Recent censored sales; verify tomorrow's supply before pricing.
18,600,2024-06-27,review_stockout,,,,,Recent censored sales; verify tomorrow's supply before pricing.
18,600,2024-06-28,review_stockout,,,,,Recent censored sales; verify tomorrow's supply before pricing.
18,600,2024-06-29,review_stockout,,,,,Recent censored sales; verify tomorrow's supply before pricing.
18,600,2024-06-30,review_stockout,,,,,Recent censored sales; verify tomorrow's supply before pricing.
18,600,2024-07-01,review_stockout,,,,,Recent censored sales; verify tomorrow's supply before pricing.
18,600,2024-07-02,review_stockout,,,,,Recent censored sales; verify tomorrow's supply before pricing.
18,608,2024-06-26,recommend_discount,0.75,0.532158054217645,1.1240166539151422,1.5930124904363567,Supported candidate passes model agreement and value floor; mildest near-best sales option.
18,608,2024-06-27,review_stockout,,,,,Recent censored sales; verify tomorrow's supply before pricing.
18,608,2024-06-28,review_stockout,,,,,Recent censored sales; verify tomorrow's supply before pricing.
18,608,2024-06-29,review_stockout,,,,,Recent censored sales; verify tomorrow's supply before pricing.
18,608,2024-06-30,review_stockout,,,,,Recent censored sales; verify tomorrow's supply before pricing.
18,608,2024-07-01,recommend_discount,0.75,0.5842229618716978,0.806843394448967,1.3551325458367252,Supported candidate passes model agreement and value floor; mildest near-best sales option.
18,608,2024-07-02,recommend_discount,0.75,0.6262853555912945,0.8416342666156187,1.381225699961714,Supported candidate passes model agreement and value floor; mildest near-best sales option.
18,636,2024-06-26,review_stockout,,,,,Recent censored sales; verify tomorrow's supply before pricing.
18,636,2024-06-27,review_stockout,,,,,Recent censored sales; verify tomorrow's supply before pricing.
18,636,2024-06-28,recommend_discount,0.85,0.7227816291181817,0.30384976202982705,1.108272297725353,Supported candidate passes model agreement and value floor; mildest near-best sales option.
18,636,2024-06-29,recommend_discount,0.85,0.7701892890703431,0.3495504923433266,1.1471179184918276,Supported candidate passes model agreement and value floor; mildest near-best sales option.
18,636,2024-06-30,recommend_discount,0.85,0.7726430519868055,0.3639882794446705,1.1593900375279698,Supported candidate passes model agreement and value floor; mildest near-best sales option.
18,636,2024-07-01,recommend_discount,0.85,0.6598919458325062,0.30709361791565115,1.1110295752283035,Supported candidate passes model agreement and value floor; mildest near-best sales option.
18,636,2024-07-02,review_stockout,,,,,Recent censored sales; verify tomorrow's supply before pricing.
18,644,2024-06-26,recommend_discount,0.6,1.2521371118986595,1.0202511960243945,1.2121507176146367,Supported candidate passes model agreement and value floor; mildest near-best sales option.
18,644,2024-06-27,recommend_discount,0.85,0.9172537915965391,0.5323407937807043,1.3024896747135986,Supported candidate passes model agreement and value floor; mildest near-best sales option.
18,644,2024-06-28,recommend_discount,0.85,0.9496525650383472,0.44663410121201097,1.2296389860302095,Supported candidate passes model agreement and value floor; mildest near-best sales option.
18,644,2024-06-29,review_stockout,,,,,Recent censored sales; verify tomorrow's supply before pricing.
18,644,2024-06-30,recommend_discount,0.6,1.4051986568884896,1.3788575640125407,1.4273145384075243,Supported candidate passes model agreement and value floor; mildest near-best sales option.
18,644,2024-07-01,recommend_discount,0.6,1.1968709048581188,1.3458878812805675,1.4075327287683403,Supported candidate passes model agreement and value floor; mildest near-best sales option.
18,644,2024-07-02,recommend_discount,0.6,1.303011586839332,1.1444973514372774,1.2866984108623665,Supported candidate passes model agreement and value floor; mildest near-best sales option.
18,650,2024-06-26,review_stockout,,,,,Recent censored sales; verify tomorrow's supply before pricing.
18,650,2024-06-27,recommend_discount,0.85,1.2726606336607988,0.32489592176067394,1.1261615334965729,Supported candidate passes model agreement and value floor; mildest near-best sales option.
18,650,2024-06-28,recommend_discount,0.85,1.2730504374927971,0.3419560855122823,1.14066267268544,Supported candidate passes model agreement and value floor; mildest near-best sales option.
18,650,2024-06-29,review_stockout,,,,,Recent censored sales; verify tomorrow's supply before pricing.
18,650,2024-06-30,recommend_discount,0.85,1.400704606412804,0.30980934203503074,1.113337940729776,Supported candidate passes model agreement and value floor; mildest near-best sales option.
18,650,2024-07-01,recommend_discount,0.85,1.3170684470217544,0.31125564168652864,1.1145672954335493,Supported candidate passes model agreement and value floor; mildest near-best sales option.
18,650,2024-07-02,recommend_discount,0.85,1.3852145739510764,0.331416137241467,1.131703716655247,Supported candidate passes model agreement and value floor; mildest near-best sales option.
18,670,2024-06-26,recommend_discount,0.9,0.7770687117460523,0.296483474144525,1.1668351267300725,Supported candidate passes model agreement and value floor; mildest near-best sales option.
18,670,2024-06-27,review_stockout,,,,,Recent censored sales; verify tomorrow's supply before pricing.
18,670,2024-06-28,recommend_discount,0.9,0.7918014507975879,0.31983145213231357,1.1878483069190824,Supported candidate passes model agreement and value floor; mildest near-best sales option.
18,670,2024-06-29,review_stockout,,,,,Recent censored sales; verify tomorrow's supply before pricing.
18,670,2024-06-30,recommend_discount,0.9,0.8190029209852162,0.31631473338608207,1.184683260047474,Supported candidate passes model agreement and value floor; mildest near-best sales option.
18,670,2024-07-01,review_stockout,,,,,Recent censored sales; verify tomorrow's supply before pricing.
18,670,2024-07-02,recommend_discount,0.9,0.7902687506411815,0.33504505939668316,1.201540553457015,Supported candidate passes model agreement and value floor; mildest near-best sales option.
18,673,2024-06-26,recommend_discount,0.75,0.5723358397158776,0.9149602792739429,1.4362202094554573,Supported candidate passes model agreement and value floor; mildest near-best sales option.
18,673,2024-06-27,recommend_discount,0.75,0.5248452319180097,1.1848102705425667,1.638607702906925,Supported candidate passes model agreement and value floor; mildest near-best sales option.
18,673,2024-06-28,recommend_discount,0.75,0.5292961292895876,1.0963706233175294,1.5722779674881473,Supported candidate passes model agreement and value floor; mildest near-best sales option.
18,673,2024-06-29,recommend_discount,0.75,0.6386258804187318,1.0234554071552102,1.5175915553664077,Supported candidate passes model agreement and value floor; mildest near-best sales option.
18,673,2024-06-30,recommend_discount,0.75,0.6546587921605468,1.0430103812871687,1.5322577859653763,Supported candidate passes model agreement and value floor; mildest near-best sales option.
18,673,2024-07-01,review_stockout,,,,,Recent censored sales; verify tomorrow's supply before pricing.
18,673,2024-07-02,review_stockout,,,,,Recent censored sales; verify tomorrow's supply before pricing.
18,676,2024-06-26,recommend_discount,0.9,0.4369272296527301,0.2951674566362683,1.1656507109726415,Supported candidate passes model agreement and value floor; mildest near-best sales option.
18,676,2024-06-27,recommend_discount,0.9,0.43714644976161743,0.32548028542903706,1.1929322568861334,Supported candidate passes model agreement and value floor; mildest near-best sales option.
18,676,2024-06-28,recommend_discount,0.9,0.4435242637160164,0.3102222318921364,1.1792000087029229,Supported candidate passes model agreement and value floor; mildest near-best sales option.
18,676,2024-06-29,recommend_discount,0.9,0.6084721773926793,0.27570421850670357,1.1481337966560332,Supported candidate passes model agreement and value floor; mildest near-best sales option.
18,676,2024-06-30,recommend_discount,0.9,0.6234159582182133,0.2705624114635441,1.1435061703171898,Supported candidate passes model agreement and value floor; mildest near-best sales option.
18,676,2024-07-01,recommend_discount,0.9,0.5307081804418815,0.29944595353429726,1.1695013581808678,Supported candidate passes model agreement and value floor; mildest near-best sales option.
18,676,2024-07-02,recommend_discount,0.9,0.5500856317551357,0.23399181480066833,1.1105926333206015,Supported candidate passes model agreement and value floor; mildest near-best sales option.
18,694,2024-06-26,recommend_discount,0.75,1.0327431799051703,0.7515558274001501,1.3136668705501127,Supported candidate passes model agreement and value floor; mildest near-best sales option.
18,694,2024-06-27,recommend_discount,0.75,0.9400321020556531,0.7777331451031684,1.3332998588273763,Supported candidate passes model agreement and value floor; mildest near-best sales option.
18,694,2024-06-28,recommend_discount,0.75,0.9669608446014524,0.8011193332631248,1.3508394999473436,Supported candidate passes model agreement and value floor; mildest near-best sales option.
18,694,2024-06-29,recommend_discount,0.75,0.9493040874959034,0.7508549056633618,1.3131411792475214,Supported candidate passes model agreement and value floor; mildest near-best sales option.
18,694,2024-06-30,recommend_discount,0.75,0.9332332041773366,0.6220913543050428,1.216568515728782,Supported candidate passes model agreement and value floor; mildest near-best sales option.
18,694,2024-07-01,recommend_discount,0.75,0.8503727786662076,0.8893052097413179,1.4169789073059884,Supported candidate passes model agreement and value floor; mildest near-best sales option.
18,694,2024-07-02,recommend_discount,0.75,0.8582432616691975,1.0015819998036162,1.5011864998527122,Supported candidate passes model agreement and value floor; mildest near-best sales option.
18,707,2024-06-26,recommend_discount,0.75,0.6399496001307302,0.7830376565736461,1.3372782424302347,Supported candidate passes model agreement and value floor; mildest near-best sales option.
18,707,2024-06-27,review_stockout,,,,,Recent censored sales; verify tomorrow's supply before pricing.
18,707,2024-06-28,recommend_discount,0.75,0.6646964356837911,0.801875721959995,1.3514067914699963,Supported candidate passes model agreement and value floor; mildest near-best sales option.
18,707,2024-06-29,recommend_discount,0.75,0.7041343285948205,0.8472560218587106,1.3854420163940329,Supported candidate passes model agreement and value floor; mildest near-best sales option.
18,707,2024-06-30,recommend_discount,0.75,0.6620166814234423,0.6978056136196256,1.273354210214719,Supported candidate passes model agreement and value floor; mildest near-best sales option.
18,707,2024-07-01,review_stockout,,,,,Recent censored sales; verify tomorrow's supply before pricing.
18,707,2024-07-02,review_stockout,,,,,Recent censored sales; verify tomorrow's supply before pricing.
18,715,2024-06-26,review_stockout,,,,,Recent censored sales; verify tomorrow's supply before pricing.
18,715,2024-06-27,recommend_discount,0.85,1.0811180729938261,0.3617249010537127,1.1574661658956558,Supported candidate passes model agreement and value floor; mildest near-best sales option.
18,715,2024-06-28,recommend_discount,0.85,1.0431464279754796,0.3731796318375551,1.1672026870619219,Supported candidate passes model agreement and value floor; mildest near-best sales option.
18,715,2024-06-29,recommend_discount,0.85,1.1653952871626803,0.3563037328473666,1.1528581729202616,Supported candidate passes model agreement and value floor; mildest near-best sales option.
18,715,2024-06-30,recommend_discount,0.85,1.2971504695999694,0.2832703996449992,1.0907798396982493,Supported candidate passes model agreement and value floor; mildest near-best sales option.
18,715,2024-07-01,review_stockout,,,,,Recent censored sales; verify tomorrow's supply before pricing.
18,715,2024-07-02,review_stockout,,,,,Recent censored sales; verify tomorrow's supply before pricing.
18,717,2024-06-26,review_stockout,,,,,Recent censored sales; verify tomorrow's supply before pricing.
18,717,2024-06-27,recommend_discount,0.75,0.792938378958804,0.7664107085740934,1.32480803143057,Supported candidate passes model agreement and value floor; mildest near-best sales option.
18,717,2024-06-28,review_stockout,,,,,Recent censored sales; verify tomorrow's supply before pricing.
18,717,2024-06-29,recommend_discount,0.75,0.9446798957717357,0.6272172162393497,1.2204129121795122,Supported candidate passes model agreement and value floor; mildest near-best sales option.
18,717,2024-06-30,review_stockout,,,,,Recent censored sales; verify tomorrow's supply before pricing.
18,717,2024-07-01,recommend_discount,0.75,0.8912579424180372,0.604740576021287,1.2035554320159652,Supported candidate passes model agreement and value floor; mildest near-best sales option.
18,717,2024-07-02,recommend_discount,0.75,0.8398345309919801,0.6383183502874634,1.2287387627155977,Supported candidate passes model agreement and value floor; mildest near-best sales option.
18,738,2024-06-26,recommend_discount,0.75,0.9794069827909474,1.364014477534766,1.7730108581510746,Supported candidate passes model agreement and value floor; mildest near-best sales option.
18,738,2024-06-27,review_stockout,,,,,Recent censored sales; verify tomorrow's supply before pricing.
18,738,2024-06-28,review_stockout,,,,,Recent censored sales; verify tomorrow's supply before pricing.
18,738,2024-06-29,recommend_discount,0.75,1.2823489958053766,0.8191148952190141,1.3643361714142606,Supported candidate passes model agreement and value floor; mildest near-best sales option.
18,738,2024-06-30,recommend_discount,0.9,1.1229935360166448,0.3880064142371693,1.2492057728134522,Supported candidate passes model agreement and value floor; mildest near-best sales option.
18,738,2024-07-01,recommend_discount,0.9,1.0662317544369069,0.387394354661754,1.2486549191955785,Supported candidate passes model agreement and value floor; mildest near-best sales option.
18,738,2024-07-02,recommend_discount,0.75,1.1939110609836343,0.5483058919443828,1.1612294189582872,Supported candidate passes model agreement and value floor; mildest near-best sales option.
18,740,2024-06-26,review_stockout,,,,,Recent censored sales; verify tomorrow's supply before pricing.
18,740,2024-06-27,review_stockout,,,,,Recent censored sales; verify tomorrow's supply before pricing.
18,740,2024-06-28,review_stockout,,,,,Recent censored sales; verify tomorrow's supply before pricing.
18,740,2024-06-29,recommend_discount,0.8,2.0866131429516193,0.33778634895554416,1.0702290791644353,Supported candidate passes model agreement and value floor; mildest near-best sales option.
18,740,2024-06-30,review_stockout,,,,,Recent censored sales; verify tomorrow's supply before pricing.
18,740,2024-07-01,review_stockout,,,,,Recent censored sales; verify tomorrow's supply before pricing.
18,740,2024-07-02,review_stockout,,,,,Recent censored sales; verify tomorrow's supply before pricing.
18,764,2024-06-26,recommend_discount,0.85,0.9262895843680758,0.3739876479204316,1.1678895007323666,Supported candidate passes model agreement and value floor; mildest near-best sales option.
18,764,2024-06-27,recommend_discount,0.85,0.8820225239857475,0.3683177879576234,1.16307011976398,Supported candidate passes model agreement and value floor; mildest near-best sales option.
18,764,2024-06-28,recommend_discount,0.85,0.9499336367036921,0.3670044948010276,1.1619538205808733,Supported candidate passes model agreement and value floor; mildest near-best sales option.
18,764,2024-06-29,recommend_discount,0.85,0.9692312433584406,0.3271322880576506,1.1280624448490029,Supported candidate passes model agreement and value floor; mildest near-best sales option.
18,764,2024-06-30,review_stockout,,,,,Recent censored sales; verify tomorrow's supply before pricing.
18,764,2024-07-01,review_stockout,,,,,Recent censored sales; verify tomorrow's supply before pricing.
18,764,2024-07-02,review_stockout,,,,,Recent censored sales; verify tomorrow's supply before pricing.
18,803,2024-06-26,review_stockout,,,,,Recent censored sales; verify tomorrow's supply before pricing.
18,803,2024-06-27,review_stockout,,,,,Recent censored sales; verify tomorrow's supply before pricing.
18,803,2024-06-28,recommend_discount,0.8,0.5923753782309461,0.4612732481033417,1.1690185984826733,Supported candidate passes model agreement and value floor; mildest near-best sales option.
18,803,2024-06-29,review_stockout,,,,,Recent censored sales; verify tomorrow's supply before pricing.
18,803,2024-06-30,recommend_discount,0.8,0.661523886436549,0.4812860203148921,1.1850288162519136,Supported candidate passes model agreement and value floor; mildest near-best sales option.
18,803,2024-07-01,recommend_discount,0.8,0.5727037249469848,0.45959605684373295,1.1676768454749866,Supported candidate passes model agreement and value floor; mildest near-best sales option.
18,803,2024-07-02,review_stockout,,,,,Recent censored sales; verify tomorrow's supply before pricing.
18,817,2024-06-26,recommend_discount,0.75,0.6607067298373276,0.628751301280847,1.221563475960635,Supported candidate passes model agreement and value floor; mildest near-best sales option.
18,817,2024-06-27,recommend_discount,0.75,0.6302894123014835,0.5667339423218747,1.175050456741406,Supported candidate passes model agreement and value floor; mildest near-best sales option.
18,817,2024-06-28,review_stockout,,,,,Recent censored sales; verify tomorrow's supply before pricing.
18,817,2024-06-29,recommend_discount,0.75,0.7685650375281083,0.5611845716411565,1.1708884287308674,Supported candidate passes model agreement and value floor; mildest near-best sales option.
18,817,2024-06-30,recommend_discount,0.75,0.7403621094181714,0.5577295950821879,1.1682971963116409,Supported candidate passes model agreement and value floor; mildest near-best sales option.
18,817,2024-07-01,recommend_discount,0.75,0.6611065287629044,0.5295645890661529,1.147173441799615,Supported candidate passes model agreement and value floor; mildest near-best sales option.
18,817,2024-07-02,review_stockout,,,,,Recent censored sales; verify tomorrow's supply before pricing.
18,819,2024-06-26,review_stockout,,,,,Recent censored sales; verify tomorrow's supply before pricing.
18,819,2024-06-27,recommend_discount,0.7,0.894592283318289,1.7227496438575236,1.9059247507002663,Supported candidate passes model agreement and value floor; mildest near-best sales option.
18,819,2024-06-28,review_stockout,,,,,Recent censored sales; verify tomorrow's supply before pricing.
18,819,2024-06-29,recommend_discount,0.7,0.8676430774775352,1.3613340484603396,1.6529338339222377,Supported candidate passes model agreement and value floor; mildest near-best sales option.
18,819,2024-06-30,review_stockout,,,,,Recent censored sales; verify tomorrow's supply before pricing.
18,819,2024-07-01,review_stockout,,,,,Recent censored sales; verify tomorrow's supply before pricing.
18,819,2024-07-02,review_stockout,,,,,Recent censored sales; verify tomorrow's supply before pricing.
18,823,2024-06-26,recommend_discount,0.9,0.45743311351392624,0.2737878410909049,1.1464090569818146,Supported candidate passes model agreement and value floor; mildest near-best sales option.
18,823,2024-06-27,review_stockout,,,,,Recent censored sales; verify tomorrow's supply before pricing.
18,823,2024-06-28,recommend_discount,0.9,0.4488903228261033,0.2546662700614557,1.1291996430553102,Supported candidate passes model agreement and value floor; mildest near-best sales option.
18,823,2024-06-29,recommend_discount,0.9,0.5569816336055118,0.2816339120391065,1.153470520835196,Supported candidate passes model agreement and value floor; mildest near-best sales option.
18,823,2024-06-30,review_stockout,,,,,Recent censored sales; verify tomorrow's supply before pricing.
18,823,2024-07-01,review_stockout,,,,,Recent censored sales; verify tomorrow's supply before pricing.
18,823,2024-07-02,review_stockout,,,,,Recent censored sales; verify tomorrow's supply before pricing.
18,825,2024-06-26,review_stockout,,,,,Recent censored sales; verify tomorrow's supply before pricing.
18,825,2024-06-27,recommend_discount,0.8,0.6531384135513028,0.5687348827057808,1.2549879061646247,Supported candidate passes model agreement and value floor; mildest near-best sales option.
18,825,2024-06-28,recommend_discount,0.8,0.7201375120505266,0.6712835308382132,1.3370268246705705,Supported candidate passes model agreement and value floor; mildest near-best sales option.
18,825,2024-06-29,review_stockout,,,,,Recent censored sales; verify tomorrow's supply before pricing.
18,825,2024-06-30,review_stockout,,,,,Recent censored sales; verify tomorrow's supply before pricing.
18,825,2024-07-01,recommend_discount,0.8,0.7557649394932257,0.606769213183115,1.2854153705464924,Supported candidate passes model agreement and value floor; mildest near-best sales option.
18,825,2024-07-02,review_stockout,,,,,Recent censored sales; verify tomorrow's supply before pricing.
18,826,2024-06-26,review_stockout,,,,,Recent censored sales; verify tomorrow's supply before pricing.
18,826,2024-06-27,review_stockout,,,,,Recent censored sales; verify tomorrow's supply before pricing.
18,826,2024-06-28,recommend_discount,0.8,0.5019227034810827,0.5632488617866693,1.2505990894293357,Supported candidate passes model agreement and value floor; mildest near-best sales option.
18,826,2024-06-29,review_stockout,,,,,Recent censored sales; verify tomorrow's supply before pricing.
18,826,2024-06-30,review_stockout,,,,,Recent censored sales; verify tomorrow's supply before pricing.
18,826,2024-07-01,review_stockout,,,,,Recent censored sales; verify tomorrow's supply before pricing.
18,826,2024-07-02,recommend_discount,0.8,0.5244493263960296,0.4847824677466994,1.1878259741973596,Supported candidate passes model agreement and value floor; mildest near-best sales option.
18,841,2024-06-26,recommend_discount,0.85,0.46549838624673506,0.393279697960891,1.1842877432667573,Supported candidate passes model agreement and value floor; mildest near-best sales option.
18,841,2024-06-27,recommend_discount,0.85,0.43118502300882366,0.4557388524311583,1.2373780245664847,Supported candidate passes model agreement and value floor; mildest near-best sales option.
18,841,2024-06-28,recommend_discount,0.85,0.4591679063300562,0.4169899676200455,1.2044414724770387,Supported candidate passes model agreement and value floor; mildest near-best sales option.
18,841,2024-06-29,recommend_discount,0.85,0.5208020017056252,0.42843826197471646,1.214172522678509,Supported candidate passes model agreement and value floor; mildest near-best sales option.
18,841,2024-06-30,recommend_discount,0.85,0.4940932744126554,0.48194681758005786,1.2596547949430492,Supported candidate passes model agreement and value floor; mildest near-best sales option.
18,841,2024-07-01,recommend_discount,0.85,0.4547923949227781,0.4391292571090619,1.2232598685427025,Supported candidate passes model agreement and value floor; mildest near-best sales option.
18,841,2024-07-02,review_stockout,,,,,Recent censored sales; verify tomorrow's supply before pricing.
18,858,2024-06-26,review_stockout,,,,,Recent censored sales; verify tomorrow's supply before pricing.
18,858,2024-06-27,recommend_discount,0.9,0.4333906336996387,0.2861498391252144,1.1575348552126932,Supported candidate passes model agreement and value floor; mildest near-best sales option.
18,858,2024-06-28,recommend_discount,0.9,0.4341885390419855,0.2867056505172041,1.1580350854654837,Supported candidate passes model agreement and value floor; mildest near-best sales option.
18,858,2024-06-29,recommend_discount,0.9,0.4753585092713013,0.3326578258543649,1.1993920432689282,Supported candidate passes model agreement and value floor; mildest near-best sales option.
18,858,2024-06-30,recommend_discount,0.9,0.4383797027357431,0.3611852749708939,1.2250667474738046,Supported candidate passes model agreement and value floor; mildest near-best sales option.
18,858,2024-07-01,recommend_discount,0.9,0.4252740342403529,0.29900341772640004,1.16910307595376,Supported candidate passes model agreement and value floor; mildest near-best sales option.
18,858,2024-07-02,review_stockout,,,,,Recent censored sales; verify tomorrow's supply before pricing.
154,11,2024-06-26,recommend_discount,0.8,0.8608157065527584,0.3614101073262572,1.0891280858610057,Supported candidate passes model agreement and value floor; mildest near-best sales option.
154,11,2024-06-27,recommend_discount,0.8,0.830241139819911,0.40961119778267663,1.1276889582261413,Supported candidate passes model agreement and value floor; mildest near-best sales option.
154,11,2024-06-28,recommend_discount,0.8,0.8463852980933639,0.3595190659460139,1.0876152527568113,Supported candidate passes model agreement and value floor; mildest near-best sales option.
154,11,2024-06-29,review_stockout,,,,,Recent censored sales; verify tomorrow's supply before pricing.
154,11,2024-06-30,recommend_discount,0.85,1.143685641056756,0.2790619658475597,1.0872026709704259,Supported candidate passes model agreement and value floor; mildest near-best sales option.
154,11,2024-07-01,recommend_discount,0.8,0.9411599676493155,0.4523475903519083,1.1618780722815267,Supported candidate passes model agreement and value floor; mildest near-best sales option.
154,11,2024-07-02,recommend_discount,0.8,0.9107952155605571,0.4176412341714344,1.1341129873371476,Supported candidate passes model agreement and value floor; mildest near-best sales option.
154,15,2024-06-26,recommend_discount,0.85,0.4126262250851872,0.4743433109088331,1.253191814272508,Supported candidate passes model agreement and value floor; mildest near-best sales option.
154,15,2024-06-27,review_stockout,,,,,Recent censored sales; verify tomorrow's supply before pricing.
154,15,2024-06-28,review_stockout,,,,,Recent censored sales; verify tomorrow's supply before pricing.
154,15,2024-06-29,recommend_discount,0.85,0.5315360098440265,0.40165032643791077,1.191402777472224,Supported candidate passes model agreement and value floor; mildest near-best sales option.
154,15,2024-06-30,recommend_discount,0.85,0.5243710695061474,0.40119858889641313,1.191018800561951,Supported candidate passes model agreement and value floor; mildest near-best sales option.
154,15,2024-07-01,recommend_discount,0.85,0.40160223345266316,0.42711397916948934,1.2130468822940659,Supported candidate passes model agreement and value floor; mildest near-best sales option.
154,15,2024-07-02,recommend_discount,0.85,0.42966544124924466,0.38740286443481775,1.179292434769595,Supported candidate passes model agreement and value floor; mildest near-best sales option.
154,21,2024-06-26,recommend_discount,0.9,1.3022952421474667,0.17438352370444932,1.0569451713340043,Supported candidate passes model agreement and value floor; mildest near-best sales option.
154,21,2024-06-27,review_stockout,,,,,Recent censored sales; verify tomorrow's supply before pricing.
154,21,2024-06-28,recommend_discount,0.9,1.3400402117666275,0.18371756075853307,1.0653458046826798,Supported candidate passes model agreement and value floor; mildest near-best sales option.
154,21,2024-06-29,recommend_discount,0.9,1.5202134805333913,0.21577484680768078,1.0941973621269128,Supported candidate passes model agreement and value floor; mildest near-best sales option.
154,21,2024-06-30,review_stockout,,,,,Recent censored sales; verify tomorrow's supply before pricing.
154,21,2024-07-01,review_stockout,,,,,Recent censored sales; verify tomorrow's supply before pricing.
154,21,2024-07-02,recommend_discount,0.9,1.3630251046576791,0.17161356859412957,1.0544522117347166,Supported candidate passes model agreement and value floor; mildest near-best sales option.
154,23,2024-06-26,recommend_discount,0.95,0.865112012490105,0.23921543540323964,1.1772546636330776,Supported candidate passes model agreement and value floor; mildest near-best sales option.
154,23,2024-06-27,recommend_discount,0.95,0.892749641131385,0.22440598697902425,1.163185687630073,Supported candidate passes model agreement and value floor; mildest near-best sales option.
154,23,2024-06-28,recommend_discount,0.95,0.9674218627391435,0.20820046050494168,1.1477904374796946,Supported candidate passes model agreement and value floor; mildest near-best sales option.
154,23,2024-06-29,recommend_discount,0.7,1.3474770603541788,0.6312421665561927,1.1418695165893347,Supported candidate passes model agreement and value floor; mildest near-best sales option.
154,23,2024-06-30,recommend_discount,0.95,1.0359425294926878,0.21412171091851628,1.1534156253725905,Supported candidate passes model agreement and value floor; mildest near-best sales option.
154,23,2024-07-01,recommend_discount,0.7,1.2171231731718382,0.6066976983000405,1.1246883888100283,Supported candidate passes model agreement and value floor; mildest near-best sales option.
154,23,2024-07-02,recommend_discount,0.7,1.1389179460515977,0.6637424847325781,1.1646197393128046,Supported candidate passes model agreement and value floor; mildest near-best sales option.
154,58,2024-06-26,review_stockout,,,,,Recent censored sales; verify tomorrow's supply before pricing.
154,58,2024-06-27,recommend_discount,0.75,1.3731848493099406,0.4533564949515527,1.0900173712136645,Supported candidate passes model agreement and value floor; mildest near-best sales option.
154,58,2024-06-28,recommend_discount,0.75,1.2187423217525157,0.41260383776475273,1.0594528783235644,Supported candidate passes model agreement and value floor; mildest near-best sales option.
154,58,2024-06-29,recommend_discount,0.75,1.338845699574796,0.4109822682613362,1.0582367011960023,Supported candidate passes model agreement and value floor; mildest near-best sales option.
154,58,2024-06-30,review_stockout,,,,,Recent censored sales; verify tomorrow's supply before pricing.
154,58,2024-07-01,recommend_discount,0.75,1.273104127013767,0.47515769883846803,1.1063682741288512,Supported candidate passes model agreement and value floor; mildest near-best sales option.
154,58,2024-07-02,recommend_discount,0.75,1.2492782567605394,0.4768128338949167,1.1076096254211876,Supported candidate passes model agreement and value floor; mildest near-best sales option.
154,74,2024-06-26,recommend_discount,0.9,0.7406239815382973,0.1732354659967601,1.055911919397084,Supported candidate passes model agreement and value floor; mildest near-best sales option.
154,74,2024-06-27,review_stockout,,,,,Recent censored sales; verify tomorrow's supply before pricing.
154,74,2024-06-28,review_stockout,,,,,Recent censored sales; verify tomorrow's supply before pricing.
154,74,2024-06-29,review_stockout,,,,,Recent censored sales; verify tomorrow's supply before pricing.
154,74,2024-06-30,recommend_discount,0.9,0.8418334606136512,0.16901082076201357,1.0521097386858123,Supported candidate passes model agreement and value floor; mildest near-best sales option.
154,74,2024-07-01,review_model_disagreement,,,,,Selected forecast supports a discount; reference models disagree.
154,74,2024-07-02,review_model_disagreement,,,,,Selected forecast supports a discount; reference models disagree.
154,100,2024-06-26,review_stockout,,,,,Recent censored sales; verify tomorrow's supply before pricing.
154,100,2024-06-27,recommend_discount,0.85,0.35334760373720375,0.6923264445189043,1.4384774778410687,Supported candidate passes model agreement and value floor; mildest near-best sales option.
154,100,2024-06-28,review_stockout,,,,,Recent censored sales; verify tomorrow's supply before pricing.
154,100,2024-06-29,review_stockout,,,,,Recent censored sales; verify tomorrow's supply before pricing.
154,100,2024-06-30,recommend_discount,0.85,0.48223784436773964,0.5656375736882326,1.3307919376349977,Supported candidate passes model agreement and value floor; mildest near-best sales option.
154,100,2024-07-01,review_stockout,,,,,Recent censored sales; verify tomorrow's supply before pricing.
154,100,2024-07-02,recommend_discount,0.85,0.3781478481678726,0.5608915759040367,1.3267578395184312,Supported candidate passes model agreement and value floor; mildest near-best sales option.
154,104,2024-06-26,review_stockout,,,,,Recent censored sales; verify tomorrow's supply before pricing.
154,104,2024-06-27,review_model_disagreement,,,,,Selected forecast supports a discount; reference models disagree.
154,104,2024-06-28,review_stockout,,,,,Recent censored sales; verify tomorrow's supply before pricing.
154,104,2024-06-29,review_stockout,,,,,Recent censored sales; verify tomorrow's supply before pricing.
154,104,2024-06-30,review_stockout,,,,,Recent censored sales; verify tomorrow's supply before pricing.
154,104,2024-07-01,review_stockout,,,,,Recent censored sales; verify tomorrow's supply before pricing.
154,104,2024-07-02,review_model_disagreement,,,,,Selected forecast supports a discount; reference models disagree.
154,105,2024-06-26,review_stockout,,,,,Recent censored sales; verify tomorrow's supply before pricing.
154,105,2024-06-27,recommend_discount,0.8,0.5753123815625796,0.40068222164695766,1.1205457773175662,Supported candidate passes model agreement and value floor; mildest near-best sales option.
154,105,2024-06-28,recommend_discount,0.8,0.5627375433352059,0.39490232495074173,1.1159218599605933,Supported candidate passes model agreement and value floor; mildest near-best sales option.
154,105,2024-06-29,recommend_discount,0.8,0.7585835461043867,0.4208471160968723,1.136677692877498,Supported candidate passes model agreement and value floor; mildest near-best sales option.
154,105,2024-06-30,review_stockout,,,,,Recent censored sales; verify tomorrow's supply before pricing.
154,105,2024-07-01,review_stockout,,,,,Recent censored sales; verify tomorrow's supply before pricing.
154,105,2024-07-02,review_stockout,,,,,Recent censored sales; verify tomorrow's supply before pricing.
154,108,2024-06-26,recommend_discount,0.6,1.3414822663029586,1.294659539461668,1.3767957236770008,Supported candidate passes model agreement and value floor; mildest near-best sales option.
154,108,2024-06-27,recommend_discount,0.6,1.393705546049302,1.5667090870030727,1.5400254522018435,Supported candidate passes model agreement and value floor; mildest near-best sales option.
154,108,2024-06-28,recommend_discount,0.6,1.488653883959546,1.5604616200862504,1.5362769720517502,Supported candidate passes model agreement and value floor; mildest near-best sales option.
154,108,2024-06-29,recommend_discount,0.6,1.437678032324547,1.3555949766991064,1.413356986019464,Supported candidate passes model agreement and value floor; mildest near-best sales option.
154,108,2024-06-30,recommend_discount,0.6,1.4773661475175976,1.2295490057313923,1.3377294034388352,Supported candidate passes model agreement and value floor; mildest near-best sales option.
154,108,2024-07-01,review_stockout,,,,,Recent censored sales; verify tomorrow's supply before pricing.
154,108,2024-07-02,recommend_discount,0.6,1.3528262185141713,1.247742787178947,1.348645672307368,Supported candidate passes model agreement and value floor; mildest near-best sales option.
154,109,2024-06-26,recommend_discount,0.75,0.5249537599002424,1.0769202379616032,1.5576901784712027,Supported candidate passes model agreement and value floor; mildest near-best sales option.
154,109,2024-06-27,review_stockout,,,,,Recent censored sales; verify tomorrow's supply before pricing.
154,109,2024-06-28,review_stockout,,,,,Recent censored sales; verify tomorrow's supply before pricing.
154,109,2024-06-29,review_stockout,,,,,Recent censored sales; verify tomorrow's supply before pricing.
154,109,2024-06-30,recommend_discount,0.75,0.6530149503335725,0.9693831073100136,1.4770373304825102,Supported candidate passes model agreement and value floor; mildest near-best sales option.
154,109,2024-07-01,review_stockout,,,,,Recent censored sales; verify tomorrow's supply before pricing.
154,109,2024-07-02,review_stockout,,,,,Recent censored sales; verify tomorrow's supply before pricing.
154,122,2024-06-26,review_model_disagreement,,,,,Selected forecast supports a discount; reference models disagree.
154,122,2024-06-27,review_model_disagreement,,,,,Selected forecast supports a discount; reference models disagree.
154,122,2024-06-28,review_model_disagreement,,,,,Selected forecast supports a discount; reference models disagree.
154,122,2024-06-29,recommend_discount,0.9,3.189783252537381,0.14658921470265596,1.0319302932323904,Supported candidate passes model agreement and value floor; mildest near-best sales option.
154,122,2024-06-30,review_model_disagreement,,,,,Selected forecast supports a discount; reference models disagree.
154,122,2024-07-01,review_model_disagreement,,,,,Selected forecast supports a discount; reference models disagree.
154,122,2024-07-02,recommend_discount,0.9,2.984876129922305,0.17172971715695384,1.0545567454412585,Supported candidate passes model agreement and value floor; mildest near-best sales option.
154,133,2024-06-26,review_stockout,,,,,Recent censored sales; verify tomorrow's supply before pricing.
154,133,2024-06-27,recommend_discount,0.75,0.7478969101682884,0.5635911649237395,1.1726933736928047,Supported candidate passes model agreement and value floor; mildest near-best sales option.
154,133,2024-06-28,review_stockout,,,,,Recent censored sales; verify tomorrow's supply before pricing.
154,133,2024-06-29,recommend_discount,0.75,0.9500786776098727,0.4670592230478381,1.1002944172858786,Supported candidate passes model agreement and value floor; mildest near-best sales option.
154,133,2024-06-30,review_stockout,,,,,Recent censored sales; verify tomorrow's supply before pricing.
154,133,2024-07-01,recommend_discount,0.75,0.7861280081366764,0.5600214142988866,1.170016060724165,Supported candidate passes model agreement and value floor; mildest near-best sales option.
154,133,2024-07-02,recommend_discount,0.75,0.7826682928771175,0.586698715688746,1.1900240367665595,Supported candidate passes model agreement and value floor; mildest near-best sales option.
154,220,2024-06-26,recommend_discount,0.8,0.7623648965827042,0.5053300895658308,1.2042640716526647,Supported candidate passes model agreement and value floor; mildest near-best sales option.
154,220,2024-06-27,recommend_discount,0.8,0.7613372408175266,0.4884280495574904,1.1907424396459927,Supported candidate passes model agreement and value floor; mildest near-best sales option.
154,220,2024-06-28,recommend_discount,0.8,0.80080067576214,0.45144694094379667,1.1611575527550373,Supported candidate passes model agreement and value floor; mildest near-best sales option.
154,220,2024-06-29,recommend_discount,0.8,0.8962149511331197,0.3868746906900067,1.1094997525520054,Supported candidate passes model agreement and value floor; mildest near-best sales option.
154,220,2024-06-30,review_stockout,,,,,Recent censored sales; verify tomorrow's supply before pricing.
154,220,2024-07-01,recommend_discount,0.8,0.7973684059863059,0.502442774836457,1.2019542198691657,Supported candidate passes model agreement and value floor; mildest near-best sales option.
154,220,2024-07-02,recommend_discount,0.8,0.8472901224152763,0.4700472052336817,1.1760377641869453,Supported candidate passes model agreement and value floor; mildest near-best sales option.
154,233,2024-06-26,recommend_discount,0.9,0.5171571990299274,0.22407407961904235,1.1016666716571382,Supported candidate passes model agreement and value floor; mildest near-best sales option.
154,233,2024-06-27,recommend_discount,0.9,0.49185200923553746,0.2535759214840858,1.1282183293356773,Supported candidate passes model agreement and value floor; mildest near-best sales option.
154,233,2024-06-28,recommend_discount,0.9,0.4766101185595264,0.30789298760220274,1.1771036888419826,Supported candidate passes model agreement and value floor; mildest near-best sales option.
154,233,2024-06-29,recommend_discount,0.9,0.6416859416552403,0.2975259624564317,1.1677733662107885,Supported candidate passes model agreement and value floor; mildest near-best sales option.
154,233,2024-06-30,recommend_discount,0.9,0.6404715443948962,0.2607863022265493,1.1347076720038944,Supported candidate passes model agreement and value floor; mildest near-best sales option.
154,233,2024-07-01,recommend_discount,0.9,0.4987248521762697,0.31086399127686537,1.1797775921491789,Supported candidate passes model agreement and value floor; mildest near-best sales option.
154,233,2024-07-02,recommend_discount,0.9,0.4935915452473013,0.23474658422323147,1.1112719258009085,Supported candidate passes model agreement and value floor; mildest near-best sales option.
154,247,2024-06-26,review_stockout,,,,,Recent censored sales; verify tomorrow's supply before pricing.
154,247,2024-06-27,recommend_discount,0.75,0.7325924315657755,0.8189064836348579,1.3641798627261434,Supported candidate passes model agreement and value floor; mildest near-best sales option.
154,247,2024-06-28,recommend_discount,0.75,0.7717795661983609,0.6124831054717841,1.2093623291038382,Supported candidate passes model agreement and value floor; mildest near-best sales option.
154,247,2024-06-29,recommend_discount,0.75,0.8324332390003804,0.5727988171564982,1.1795991128673737,Supported candidate passes model agreement and value floor; mildest near-best sales option.
154,247,2024-06-30,review_stockout,,,,,Recent censored sales; verify tomorrow's supply before pricing.
154,247,2024-07-01,recommend_discount,0.75,0.685571548048479,0.5211373119683129,1.1408529839762347,Supported candidate passes model agreement and value floor; mildest near-best sales option.
154,247,2024-07-02,recommend_discount,0.75,0.670215124974202,0.48708618407238413,1.1153146380542882,Supported candidate passes model agreement and value floor; mildest near-best sales option.
154,249,2024-06-26,review_stockout,,,,,Recent censored sales; verify tomorrow's supply before pricing.
154,249,2024-06-27,recommend_discount,0.85,0.454750632141756,0.4765228480499637,1.2550444208424691,Supported candidate passes model agreement and value floor; mildest near-best sales option.
154,249,2024-06-28,recommend_discount,0.85,0.42592508441408056,0.513008928492102,1.2860575892182866,Supported candidate passes model agreement and value floor; mildest near-best sales option.
154,249,2024-06-29,review_stockout,,,,,Recent censored sales; verify tomorrow's supply before pricing.
154,249,2024-06-30,review_stockout,,,,,Recent censored sales; verify tomorrow's supply before pricing.
154,249,2024-07-01,recommend_discount,0.85,0.4503599885833724,0.4560530185849865,1.2376450657972387,Supported candidate passes model agreement and value floor; mildest near-best sales option.
154,249,2024-07-02,review_stockout,,,,,Recent censored sales; verify tomorrow's supply before pricing.
154,250,2024-06-26,review_stockout,,,,,Recent censored sales; verify tomorrow's supply before pricing.
154,250,2024-06-27,review_stockout,,,,,Recent censored sales; verify tomorrow's supply before pricing.
154,250,2024-06-28,review_stockout,,,,,Recent censored sales; verify tomorrow's supply before pricing.
154,250,2024-06-29,recommend_discount,0.8,0.9361298208173957,0.43894621044144233,1.151156968353154,Supported candidate passes model agreement and value floor; mildest near-best sales option.
154,250,2024-06-30,recommend_discount,0.8,0.960075748165332,0.3975766139039376,1.1180612911231502,Supported candidate passes model agreement and value floor; mildest near-best sales option.
154,250,2024-07-01,review_stockout,,,,,Recent censored sales; verify tomorrow's supply before pricing.
154,250,2024-07-02,review_stockout,,,,,Recent censored sales; verify tomorrow's supply before pricing.
154,276,2024-06-26,review_stockout,,,,,Recent censored sales; verify tomorrow's supply before pricing.
154,276,2024-06-27,recommend_discount,0.8,0.5483304495610645,0.48805411878212723,1.1904432950257018,Supported candidate passes model agreement and value floor; mildest near-best sales option.
154,276,2024-06-28,recommend_discount,0.8,0.6207384390951798,0.4589395812217285,1.1671516649773828,Supported candidate passes model agreement and value floor; mildest near-best sales option.
154,276,2024-06-29,recommend_discount,0.8,0.7063080017050442,0.4162344994641518,1.1329875995713217,Supported candidate passes model agreement and value floor; mildest near-best sales option.
154,276,2024-06-30,review_stockout,,,,,Recent censored sales; verify tomorrow's supply before pricing.
154,276,2024-07-01,review_stockout,,,,,Recent censored sales; verify tomorrow's supply before pricing.
154,276,2024-07-02,recommend_discount,0.8,0.6221717386732374,0.44780917574138424,1.1582473405931075,Supported candidate passes model agreement and value floor; mildest near-best sales option.
154,285,2024-06-26,recommend_discount,0.85,0.6167272545125737,0.4039040416712272,1.193318435420543,Supported candidate passes model agreement and value floor; mildest near-best sales option.
154,285,2024-06-27,recommend_discount,0.85,0.5950859273826142,0.3735148844998344,1.1674876518248594,Supported candidate passes model agreement and value floor; mildest near-best sales option.
154,285,2024-06-28,recommend_discount,0.85,0.6488402496582503,0.35152447419697075,1.148795803067425,Supported candidate passes model agreement and value floor; mildest near-best sales option.
154,285,2024-06-29,recommend_discount,0.85,0.726234490230587,0.3516032069552335,1.1488627259119486,Supported candidate passes model agreement and value floor; mildest near-best sales option.
154,285,2024-06-30,review_stockout,,,,,Recent censored sales; verify tomorrow's supply before pricing.
154,285,2024-07-01,review_stockout,,,,,Recent censored sales; verify tomorrow's supply before pricing.
154,285,2024-07-02,review_stockout,,,,,Recent censored sales; verify tomorrow's supply before pricing.
154,291,2024-06-26,review_stockout,,,,,Recent censored sales; verify tomorrow's supply before pricing.
154,291,2024-06-27,review_stockout,,,,,Recent censored sales; verify tomorrow's supply before pricing.
154,291,2024-06-28,recommend_discount,0.8,1.0056325703213111,0.4000572093734871,1.1200457674987898,Supported candidate passes model agreement and value floor; mildest near-best sales option.
154,291,2024-06-29,review_stockout,,,,,Recent censored sales; verify tomorrow's supply before pricing.
154,291,2024-06-30,recommend_discount,0.9,1.0343442765286879,0.16961109627647297,1.0526499866488257,Supported candidate passes model agreement and value floor; mildest near-best sales option.
154,291,2024-07-01,recommend_discount,0.8,0.9995064646697105,0.3001699481647975,1.0401359585318382,Supported candidate passes model agreement and value floor; mildest near-best sales option.
154,291,2024-07-02,recommend_discount,0.8,1.1538286104425524,0.3430422165481273,1.0744337732385019,Supported candidate passes model agreement and value floor; mildest near-best sales option.
154,321,2024-06-26,recommend_discount,0.9,0.47703817414333427,0.2808176628483938,1.1527358965635546,Supported candidate passes model agreement and value floor; mildest near-best sales option.
154,321,2024-06-27,review_stockout,,,,,Recent censored sales; verify tomorrow's supply before pricing.
154,321,2024-06-28,review_stockout,,,,,Recent censored sales; verify tomorrow's supply before pricing.
154,321,2024-06-29,review_stockout,,,,,Recent censored sales; verify tomorrow's supply before pricing.
154,321,2024-06-30,review_stockout,,,,,Recent censored sales; verify tomorrow's supply before pricing.
154,321,2024-07-01,recommend_discount,0.9,0.5975576886206587,0.5045023167713691,1.3540520850942321,Supported candidate passes model agreement and value floor; mildest near-best sales option.
154,321,2024-07-02,recommend_discount,0.9,0.6560997412664189,0.4854367541685063,1.3368930787516558,Supported candidate passes model agreement and value floor; mildest near-best sales option.
154,345,2024-06-26,recommend_discount,0.8,1.1016391206485825,0.34969307309204667,1.0797544584736374,Supported candidate passes model agreement and value floor; mildest near-best sales option.
154,345,2024-06-27,review_stockout,,,,,Recent censored sales; verify tomorrow's supply before pricing.
154,345,2024-06-28,review_stockout,,,,,Recent censored sales; verify tomorrow's supply before pricing.
154,345,2024-06-29,recommend_discount,0.8,1.2071373174593363,0.33247661074880264,1.065981288599042,Supported candidate passes model agreement and value floor; mildest near-best sales option.
154,345,2024-06-30,recommend_discount,0.85,1.1009123370828418,0.23759858925900468,1.051958800870154,Supported candidate passes model agreement and value floor; mildest near-best sales option.
154,345,2024-07-01,recommend_discount,0.8,1.0248168225723895,0.41439798536830375,1.1315183882946431,Supported candidate passes model agreement and value floor; mildest near-best sales option.
154,345,2024-07-02,recommend_discount,0.8,1.0479771598192849,0.3937317075880775,1.1149853660704623,Supported candidate passes model agreement and value floor; mildest near-best sales option.
154,348,2024-06-26,review_stockout,,,,,Recent censored sales; verify tomorrow's supply before pricing.
154,348,2024-06-27,recommend_discount,0.75,0.6038088222350914,1.414539491647433,1.8109046187355748,Supported candidate passes model agreement and value floor; mildest near-best sales option.
154,348,2024-06-28,recommend_discount,0.75,0.5977704528658649,1.3669301258691071,1.7751975944018303,Supported candidate passes model agreement and value floor; mildest near-best sales option.
154,348,2024-06-29,recommend_discount,0.75,0.7402476138601832,1.1721287099935882,1.6290965324951912,Supported candidate passes model agreement and value floor; mildest near-best sales option.
154,348,2024-06-30,recommend_discount,0.75,0.7417772303523466,1.059154938739753,1.5443662040548147,Supported candidate passes model agreement and value floor; mildest near-best sales option.
154,348,2024-07-01,recommend_discount,0.75,0.5132136629610539,1.1916795703768512,1.6437596777826382,Supported candidate passes model agreement and value floor; mildest near-best sales option.
154,348,2024-07-02,recommend_discount,0.75,0.5125921946203328,1.076091250495414,1.5570684378715607,Supported candidate passes model agreement and value floor; mildest near-best sales option.
154,374,2024-06-26,recommend_discount,0.85,0.6215866364928735,0.28965108577678333,1.0962034229102657,Supported candidate passes model agreement and value floor; mildest near-best sales option.
154,374,2024-06-27,review_stockout,,,,,Recent censored sales; verify tomorrow's supply before pricing.
154,374,2024-06-28,review_stockout,,,,,Recent censored sales; verify tomorrow's supply before pricing.
154,374,2024-06-29,recommend_discount,0.85,0.6959064234435327,0.30378931425469435,1.10822091711649,Supported candidate passes model agreement and value floor; mildest near-best sales option.
154,374,2024-06-30,recommend_discount,0.85,0.6861970339484517,0.3142792529837457,1.1171373650361838,Supported candidate passes model agreement and value floor; mildest near-best sales option.
154,374,2024-07-01,review_stockout,,,,,Recent censored sales; verify tomorrow's supply before pricing.
154,374,2024-07-02,review_stockout,,,,,Recent censored sales; verify tomorrow's supply before pricing.
154,379,2024-06-26,review_stockout,,,,,Recent censored sales; verify tomorrow's supply before pricing.
154,379,2024-06-27,review_stockout,,,,,Recent censored sales; verify tomorrow's supply before pricing.
154,379,2024-06-28,review_stockout,,,,,Recent censored sales; verify tomorrow's supply before pricing.
154,379,2024-06-29,review_stockout,,,,,Recent censored sales; verify tomorrow's supply before pricing.
154,379,2024-06-30,review_stockout,,,,,Recent censored sales; verify tomorrow's supply before pricing.
154,379,2024-07-01,review_stockout,,,,,Recent censored sales; verify tomorrow's supply before pricing.
154,379,2024-07-02,review_stockout,,,,,Recent censored sales; verify tomorrow's supply before pricing.
154,405,2024-06-26,recommend_discount,0.8,0.6193258494732843,0.47358587173870337,1.1788686973909628,Supported candidate passes model agreement and value floor; mildest near-best sales option.
154,405,2024-06-27,recommend_discount,0.8,0.5898912397622945,0.4882473100167599,1.1905978480134078,Supported candidate passes model agreement and value floor; mildest near-best sales option.
154,405,2024-06-28,recommend_discount,0.8,0.6306005271955403,0.47886008401016666,1.1830880672081334,Supported candidate passes model agreement and value floor; mildest near-best sales option.
154,405,2024-06-29,review_stockout,,,,,Recent censored sales; verify tomorrow's supply before pricing.
154,405,2024-06-30,recommend_discount,0.8,0.8131809137419832,0.47416600744893245,1.179332805959146,Supported candidate passes model agreement and value floor; mildest near-best sales option.
154,405,2024-07-01,recommend_discount,0.8,0.6565556420194417,0.5506160429395504,1.2404928343516402,Supported candidate passes model agreement and value floor; mildest near-best sales option.
154,405,2024-07-02,review_stockout,,,,,Recent censored sales; verify tomorrow's supply before pricing.
154,422,2024-06-26,recommend_discount,0.8,1.4060681882746517,0.41844705433107543,1.1347576434648603,Supported candidate passes model agreement and value floor; mildest near-best sales option.
154,422,2024-06-27,recommend_discount,0.8,1.31027384156828,0.35436103512601447,1.0834888281008115,Supported candidate passes model agreement and value floor; mildest near-best sales option.
154,422,2024-06-28,recommend_discount,0.8,1.3059947395199252,0.3929533042294242,1.1143626433835396,Supported candidate passes model agreement and value floor; mildest near-best sales option.
154,422,2024-06-29,review_stockout,,,,,Recent censored sales; verify tomorrow's supply before pricing.
154,422,2024-06-30,review_stockout,,,,,Recent censored sales; verify tomorrow's supply before pricing.
154,422,2024-07-01,review_stockout,,,,,Recent censored sales; verify tomorrow's supply before pricing.
154,422,2024-07-02,review_stockout,,,,,Recent censored sales; verify tomorrow's supply before pricing.
154,424,2024-06-26,review_stockout,,,,,Recent censored sales; verify tomorrow's supply before pricing.
154,424,2024-06-27,review_stockout,,,,,Recent censored sales; verify tomorrow's supply before pricing.
154,424,2024-06-28,recommend_discount,0.7,0.9989678881723305,1.7197579219012744,1.903830545330892,Supported candidate passes model agreement and value floor; mildest near-best sales option.
154,424,2024-06-29,recommend_discount,0.7,0.8879009797494178,1.365137500607787,1.6555962504254509,Supported candidate passes model agreement and value floor; mildest near-best sales option.
154,424,2024-06-30,recommend_discount,0.7,0.9576313026797374,1.60901313236893,1.826309192658251,Supported candidate passes model agreement and value floor; mildest near-best sales option.
154,424,2024-07-01,recommend_discount,0.7,0.8008493343129359,1.6014010910877192,1.8209807637614033,Supported candidate passes model agreement and value floor; mildest near-best sales option.
154,424,2024-07-02,review_stockout,,,,,Recent censored sales; verify tomorrow's supply before pricing.
154,425,2024-06-26,recommend_discount,0.7,1.0824740218077518,1.527225242891792,1.7690576700242546,Supported candidate passes model agreement and value floor; mildest near-best sales option.
154,425,2024-06-27,recommend_discount,0.7,1.0636662213356716,1.486890469554563,1.740823328688194,Supported candidate passes model agreement and value floor; mildest near-best sales option.
154,425,2024-06-28,recommend_discount,0.7,1.0749613011779928,1.3936616292744013,1.6755631404920808,Supported candidate passes model agreement and value floor; mildest near-best sales option.
154,425,2024-06-29,review_stockout,,,,,Recent censored sales; verify tomorrow's supply before pricing.
154,425,2024-06-30,recommend_discount,0.7,1.1976102775712276,1.1576627225177827,1.5103639057624476,Supported candidate passes model agreement and value floor; mildest near-best sales option.
154,425,2024-07-01,review_stockout,,,,,Recent censored sales; verify tomorrow's supply before pricing.
154,425,2024-07-02,review_stockout,,,,,Recent censored sales; verify tomorrow's supply before pricing.
154,453,2024-06-26,recommend_discount,0.9,0.8181721673497233,0.2048113806123646,1.084330242551128,Supported candidate passes model agreement and value floor; mildest near-best sales option.
154,453,2024-06-27,recommend_discount,0.9,0.7896636691944707,0.19955863066035517,1.0796027675943198,Supported candidate passes model agreement and value floor; mildest near-best sales option.
154,453,2024-06-28,review_stockout,,,,,Recent censored sales; verify tomorrow's supply before pricing.
154,453,2024-06-29,review_stockout,,,,,Recent censored sales; verify tomorrow's supply before pricing.
154,453,2024-06-30,recommend_discount,0.9,1.046760264059862,0.24132595340137963,1.1171933580612416,Supported candidate passes model agreement and value floor; mildest near-best sales option.
154,453,2024-07-01,recommend_discount,0.9,0.9003142164837594,0.23174720111483493,1.1085724810033515,Supported candidate passes model agreement and value floor; mildest near-best sales option.
154,453,2024-07-02,recommend_discount,0.9,0.8141042412539602,0.2895821123029385,1.1606239010726447,Supported candidate passes model agreement and value floor; mildest near-best sales option.
154,476,2024-06-26,recommend_discount,0.75,0.6417071018392828,0.6047565359573874,1.2035674019680407,Supported candidate passes model agreement and value floor; mildest near-best sales option.
154,476,2024-06-27,recommend_discount,0.75,0.5811414614227002,0.7470565839603196,1.3102924379702396,Supported candidate passes model agreement and value floor; mildest near-best sales option.
154,476,2024-06-28,recommend_discount,0.75,0.5924838767493981,0.7222443233714837,1.2916832425286129,Supported candidate passes model agreement and value floor; mildest near-best sales option.
154,476,2024-06-29,review_stockout,,,,,Recent censored sales; verify tomorrow's supply before pricing.
154,476,2024-06-30,recommend_discount,0.75,0.6894801863878481,0.74289823251075,1.3071736743830626,Supported candidate passes model agreement and value floor; mildest near-best sales option.
154,476,2024-07-01,review_stockout,,,,,Recent censored sales; verify tomorrow's supply before pricing.
154,476,2024-07-02,recommend_discount,0.75,0.5387067176821464,0.845790738558408,1.384343053918806,Supported candidate passes model agreement and value floor; mildest near-best sales option.
154,496,2024-06-26,recommend_discount,0.8,0.7778979004259382,0.44653857357317395,1.1572308588585394,Supported candidate passes model agreement and value floor; mildest near-best sales option.
154,496,2024-06-27,recommend_discount,0.8,0.6790922417074485,0.39461234630434006,1.115689877043472,Supported candidate passes model agreement and value floor; mildest near-best sales option.
154,496,2024-06-28,recommend_discount,0.8,0.7147865633327979,0.40371975293257134,1.1229758023460572,Supported candidate passes model agreement and value floor; mildest near-best sales option.
154,496,2024-06-29,review_stockout,,,,,Recent censored sales; verify tomorrow's supply before pricing.
154,496,2024-06-30,recommend_discount,0.8,0.8423631841714173,0.3915367759159962,1.113229420732797,Supported candidate passes model agreement and value floor; mildest near-best sales option.
154,496,2024-07-01,recommend_discount,0.8,0.6813892193980469,0.43455589877906875,1.147644719023255,Supported candidate passes model agreement and value floor; mildest near-best sales option.
154,496,2024-07-02,recommend_discount,0.8,0.7551885440822993,0.5480958862821721,1.2384767090257376,Supported candidate passes model agreement and value floor; mildest near-best sales option.
154,506,2024-06-26,review_stockout,,,,,Recent censored sales; verify tomorrow's supply before pricing.
154,506,2024-06-27,recommend_discount,0.85,0.4136292066281977,0.5130191246545599,1.2860662559563758,Supported candidate passes model agreement and value floor; mildest near-best sales option.
154,506,2024-06-28,review_stockout,,,,,Recent censored sales; verify tomorrow's supply before pricing.
154,506,2024-06-29,review_stockout,,,,,Recent censored sales; verify tomorrow's supply before pricing.
154,506,2024-06-30,review_stockout,,,,,Recent censored sales; verify tomorrow's supply before pricing.
154,506,2024-07-01,recommend_discount,0.85,0.4201325736310074,0.4781380662323089,1.2564173562974625,Supported candidate passes model agreement and value floor; mildest near-best sales option.
154,506,2024-07-02,recommend_discount,0.85,0.4441956573404737,0.4332741185463891,1.2182830007644307,Supported candidate passes model agreement and value floor; mildest near-best sales option.
154,527,2024-06-26,recommend_discount,0.85,0.40445332027868564,0.637234445927858,1.3916492790386794,Supported candidate passes model agreement and value floor; mildest near-best sales option.
154,527,2024-06-27,recommend_discount,0.85,0.39856335420759376,0.6003559246945285,1.3603025359903491,Supported candidate passes model agreement and value floor; mildest near-best sales option.
154,527,2024-06-28,recommend_discount,0.85,0.4871625404521153,0.4769172811274893,1.2553796889583657,Supported candidate passes model agreement and value floor; mildest near-best sales option.
154,527,2024-06-29,recommend_discount,0.85,0.6245742777914733,0.42319352205709926,1.2097144937485342,Supported candidate passes model agreement and value floor; mildest near-best sales option.
154,527,2024-06-30,recommend_discount,0.85,0.6625338099900131,0.4060820963536209,1.1951697819005775,Supported candidate passes model agreement and value floor; mildest near-best sales option.
154,527,2024-07-01,recommend_discount,0.85,0.5050002046991569,0.3907766299994664,1.1821601354995463,Supported candidate passes model agreement and value floor; mildest near-best sales option.
154,527,2024-07-02,recommend_discount,0.85,0.5275068662487631,0.3628033564334825,1.1583828529684599,Supported candidate passes model agreement and value floor; mildest near-best sales option.
154,556,2024-06-26,review_stockout,,,,,Recent censored sales; verify tomorrow's supply before pricing.
154,556,2024-06-27,recommend_discount,0.85,0.5081920175572086,0.4232276864315736,1.2097435334668376,Supported candidate passes model agreement and value floor; mildest near-best sales option.
154,556,2024-06-28,recommend_discount,0.85,0.5041939483292557,0.43170037791910176,1.2169453212312364,Supported candidate passes model agreement and value floor; mildest near-best sales option.
154,556,2024-06-29,recommend_discount,0.85,0.6028773464680425,0.3695215317995373,1.1640933020296065,Supported candidate passes model agreement and value floor; mildest near-best sales option.
154,556,2024-06-30,recommend_discount,0.85,0.5797825529795029,0.39916422270610474,1.189289589300189,Supported candidate passes model agreement and value floor; mildest near-best sales option.
154,556,2024-07-01,review_stockout,,,,,Recent censored sales; verify tomorrow's supply before pricing.
154,556,2024-07-02,review_stockout,,,,,Recent censored sales; verify tomorrow's supply before pricing.
154,578,2024-06-26,recommend_discount,0.9,1.2504738660471875,0.20778179049729073,1.0870036114475616,Supported candidate passes model agreement and value floor; mildest near-best sales option.
154,578,2024-06-27,review_stockout,,,,,Recent censored sales; verify tomorrow's supply before pricing.
154,578,2024-06-28,recommend_discount,0.85,1.4030054801730905,0.3079318885639406,1.1117421052793495,Supported candidate passes model agreement and value floor; mildest near-best sales option.
154,578,2024-06-29,recommend_discount,0.85,1.55799201800038,0.3835576614991245,1.1760240122742558,Supported candidate passes model agreement and value floor; mildest near-best sales option.
154,578,2024-06-30,review_stockout,,,,,Recent censored sales; verify tomorrow's supply before pricing.
154,578,2024-07-01,review_stockout,,,,,Recent censored sales; verify tomorrow's supply before pricing.
154,578,2024-07-02,recommend_discount,0.85,1.2362321164510537,0.3186084339671196,1.1208171688720516,Supported candidate passes model agreement and value floor; mildest near-best sales option.
154,580,2024-06-26,review_stockout,,,,,Recent censored sales; verify tomorrow's supply before pricing.
154,580,2024-06-27,review_stockout,,,,,Recent censored sales; verify tomorrow's supply before pricing.
154,580,2024-06-28,review_stockout,,,,,Recent censored sales; verify tomorrow's supply before pricing.
154,580,2024-06-29,review_stockout,,,,,Recent censored sales; verify tomorrow's supply before pricing.
154,580,2024-06-30,recommend_discount,0.85,3.105264586848528,0.25218464147878517,1.0643569452569674,Supported candidate passes model agreement and value floor; mildest near-best sales option.
154,580,2024-07-01,recommend_discount,0.85,2.49564449901633,0.24636796283175122,1.0594127684069885,Supported candidate passes model agreement and value floor; mildest near-best sales option.
154,580,2024-07-02,review_stockout,,,,,Recent censored sales; verify tomorrow's supply before pricing.
154,596,2024-06-26,review_stockout,,,,,Recent censored sales; verify tomorrow's supply before pricing.
154,596,2024-06-27,review_stockout,,,,,Recent censored sales; verify tomorrow's supply before pricing.
154,596,2024-06-28,review_stockout,,,,,Recent censored sales; verify tomorrow's supply before pricing.
154,596,2024-06-29,review_stockout,,,,,Recent censored sales; verify tomorrow's supply before pricing.
154,596,2024-06-30,recommend_discount,0.9,1.2898664562589826,0.18473233999460303,1.066259105995143,Supported candidate passes model agreement and value floor; mildest near-best sales option.
154,596,2024-07-01,recommend_discount,0.75,1.2919015494010337,0.5176841447752902,1.1382631085814676,Supported candidate passes model agreement and value floor; mildest near-best sales option.
154,596,2024-07-02,review_stockout,,,,,Recent censored sales; verify tomorrow's supply before pricing.
154,600,2024-06-26,review_stockout,,,,,Recent censored sales; verify tomorrow's supply before pricing.
154,600,2024-06-27,review_stockout,,,,,Recent censored sales; verify tomorrow's supply before pricing.
154,600,2024-06-28,review_stockout,,,,,Recent censored sales; verify tomorrow's supply before pricing.
154,600,2024-06-29,review_stockout,,,,,Recent censored sales; verify tomorrow's supply before pricing.
154,600,2024-06-30,review_stockout,,,,,Recent censored sales; verify tomorrow's supply before pricing.
154,600,2024-07-01,review_stockout,,,,,Recent censored sales; verify tomorrow's supply before pricing.
154,600,2024-07-02,review_stockout,,,,,Recent censored sales; verify tomorrow's supply before pricing.
154,623,2024-06-26,review_stockout,,,,,Recent censored sales; verify tomorrow's supply before pricing.
154,623,2024-06-27,review_stockout,,,,,Recent censored sales; verify tomorrow's supply before pricing.
154,623,2024-06-28,recommend_discount,0.75,0.5781419344976757,0.6504347538337358,1.237826065375302,Supported candidate passes model agreement and value floor; mildest near-best sales option.
154,623,2024-06-29,recommend_discount,0.75,0.6958425383206374,0.6238956997823302,1.2179217748367477,Supported candidate passes model agreement and value floor; mildest near-best sales option.
154,623,2024-06-30,recommend_discount,0.75,0.6834674492247372,0.6857170167240161,1.264287762543012,Supported candidate passes model agreement and value floor; mildest near-best sales option.
154,623,2024-07-01,recommend_discount,0.75,0.521374294220072,0.729216029963321,1.2969120224724906,Supported candidate passes model agreement and value floor; mildest near-best sales option.
154,623,2024-07-02,review_stockout,,,,,Recent censored sales; verify tomorrow's supply before pricing.
154,625,2024-06-26,review_stockout,,,,,Recent censored sales; verify tomorrow's supply before pricing.
154,625,2024-06-27,review_stockout,,,,,Recent censored sales; verify tomorrow's supply before pricing.
154,625,2024-06-28,recommend_discount,0.85,0.5113262539076435,0.4389008801586438,1.2230657481348473,Supported candidate passes model agreement and value floor; mildest near-best sales option.
154,625,2024-06-29,recommend_discount,0.85,0.5333906829821933,0.4098658331179792,1.1983859581502823,Supported candidate passes model agreement and value floor; mildest near-best sales option.
154,625,2024-06-30,recommend_discount,0.85,0.5497114161169157,0.40648362562580287,1.1955110817819323,Supported candidate passes model agreement and value floor; mildest near-best sales option.
154,625,2024-07-01,recommend_discount,0.85,0.44067795941627624,0.4386956305771088,1.2228912859905423,Supported candidate passes model agreement and value floor; mildest near-best sales option.
154,625,2024-07-02,review_stockout,,,,,Recent censored sales; verify tomorrow's supply before pricing.
154,627,2024-06-26,recommend_discount,0.75,0.5408928661411128,0.7178198967212812,1.288364922540961,Supported candidate passes model agreement and value floor; mildest near-best sales option.
154,627,2024-06-27,review_stockout,,,,,Recent censored sales; verify tomorrow's supply before pricing.
154,627,2024-06-28,review_stockout,,,,,Recent censored sales; verify tomorrow's supply before pricing.
154,627,2024-06-29,review_stockout,,,,,Recent censored sales; verify tomorrow's supply before pricing.
154,627,2024-06-30,recommend_discount,0.75,0.6484232759162459,0.7704778082015971,1.3278583561511976,Supported candidate passes model agreement and value floor; mildest near-best sales option.
154,627,2024-07-01,recommend_discount,0.75,0.5164474828023133,0.8672210121674562,1.4004157591255921,Supported candidate passes model agreement and value floor; mildest near-best sales option.
154,627,2024-07-02,recommend_discount,0.75,0.5143057723945504,0.9145777554215071,1.4359333165661303,Supported candidate passes model agreement and value floor; mildest near-best sales option.
154,631,2024-06-26,review_stockout,,,,,Recent censored sales; verify tomorrow's supply before pricing.
154,631,2024-06-27,recommend_discount,0.9,1.2925816727104624,0.20612639790177734,1.0855137581115997,Supported candidate passes model agreement and value floor; mildest near-best sales option.
154,631,2024-06-28,recommend_discount,0.9,1.2705246192676891,0.20414035664180985,1.083726320977629,Supported candidate passes model agreement and value floor; mildest near-best sales option.
154,631,2024-06-29,recommend_discount,0.9,1.5837490237291132,0.17387991962646088,1.0564919276638147,Supported candidate passes model agreement and value floor; mildest near-best sales option.
154,631,2024-06-30,recommend_discount,0.9,1.5610345560278258,0.17989668612814502,1.0619070175153307,Supported candidate passes model agreement and value floor; mildest near-best sales option.
154,631,2024-07-01,recommend_discount,0.9,1.259457498354474,0.2369013804937865,1.1132112424444078,Supported candidate passes model agreement and value floor; mildest near-best sales option.
154,631,2024-07-02,review_stockout,,,,,Recent censored sales; verify tomorrow's supply before pricing.
154,636,2024-06-26,review_stockout,,,,,Recent censored sales; verify tomorrow's supply before pricing.
154,636,2024-06-27,recommend_discount,0.9,0.4338891739840951,0.2893788677283229,1.1604409809554905,Supported candidate passes model agreement and value floor; mildest near-best sales option.
154,636,2024-06-28,recommend_discount,0.9,0.47388646954649927,0.2638683701234794,1.1374815331111316,Supported candidate passes model agreement and value floor; mildest near-best sales option.
154,636,2024-06-29,recommend_discount,0.9,0.5641349478790456,0.2637246785863401,1.137352210727706,Supported candidate passes model agreement and value floor; mildest near-best sales option.
154,636,2024-06-30,recommend_discount,0.9,0.5589069852728328,0.3117563718514622,1.1805807346663162,Supported candidate passes model agreement and value floor; mildest near-best sales option.
154,636,2024-07-01,recommend_discount,0.9,0.3766413524031754,0.3847132555700361,1.2462419300130325,Supported candidate passes model agreement and value floor; mildest near-best sales option.
154,636,2024-07-02,review_stockout,,,,,Recent censored sales; verify tomorrow's supply before pricing.
154,644,2024-06-26,recommend_discount,0.85,1.3389849429620855,0.554752979805152,1.3215400328343792,Supported candidate passes model agreement and value floor; mildest near-best sales option.
154,644,2024-06-27,review_stockout,,,,,Recent censored sales; verify tomorrow's supply before pricing.
154,644,2024-06-28,review_stockout,,,,,Recent censored sales; verify tomorrow's supply before pricing.
154,644,2024-06-29,review_stockout,,,,,Recent censored sales; verify tomorrow's supply before pricing.
154,644,2024-06-30,recommend_discount,0.6,1.6138428408833447,1.0865603177674155,1.251936190660449,Supported candidate passes model agreement and value floor; mildest near-best sales option.
154,644,2024-07-01,recommend_discount,0.6,1.3526556159004022,0.98294280410233,1.189765682461398,Supported candidate passes model agreement and value floor; mildest near-best sales option.
154,644,2024-07-02,recommend_discount,0.6,1.4852136673669978,0.9957361051701734,1.197441663102104,Supported candidate passes model agreement and value floor; mildest near-best sales option.
154,650,2024-06-26,recommend_discount,0.85,0.6500085443180148,0.429250857602983,1.2148632289625356,Supported candidate passes model agreement and value floor; mildest near-best sales option.
154,650,2024-06-27,recommend_discount,0.85,0.7126555531832486,0.4809295151308013,1.258790087861181,Supported candidate passes model agreement and value floor; mildest near-best sales option.
154,650,2024-06-28,recommend_discount,0.85,0.70677499912645,0.4977647035643531,1.2730999980297002,Supported candidate passes model agreement and value floor; mildest near-best sales option.
154,650,2024-06-29,review_stockout,,,,,Recent censored sales; verify tomorrow's supply before pricing.
154,650,2024-06-30,review_stockout,,,,,Recent censored sales; verify tomorrow's supply before pricing.
154,650,2024-07-01,recommend_discount,0.85,0.7093628754715791,0.40621507374809274,1.1952828126858788,Supported candidate passes model agreement and value floor; mildest near-best sales option.
154,650,2024-07-02,recommend_discount,0.85,0.7610780413313859,0.4160391066205964,1.203633240627507,Supported candidate passes model agreement and value floor; mildest near-best sales option.
154,670,2024-06-26,review_stockout,,,,,Recent censored sales; verify tomorrow's supply before pricing.
154,670,2024-06-27,review_stockout,,,,,Recent censored sales; verify tomorrow's supply before pricing.
154,670,2024-06-28,review_stockout,,,,,Recent censored sales; verify tomorrow's supply before pricing.
154,670,2024-06-29,review_stockout,,,,,Recent censored sales; verify tomorrow's supply before pricing.
154,670,2024-06-30,recommend_discount,0.9,0.7408023187941403,0.32786858860864765,1.195081729747783,Supported candidate passes model agreement and value floor; mildest near-best sales option.
154,670,2024-07-01,review_stockout,,,,,Recent censored sales; verify tomorrow's supply before pricing.
154,670,2024-07-02,recommend_discount,0.9,0.5319534292048896,0.2780198795031479,1.1502178915528332,Supported candidate passes model agreement and value floor; mildest near-best sales option.
154,686,2024-06-26,review_stockout,,,,,Recent censored sales; verify tomorrow's supply before pricing.
154,686,2024-06-27,recommend_discount,0.8,1.393598408063941,0.36533196309165406,1.0922655704733233,Supported candidate passes model agreement and value floor; mildest near-best sales option.
154,686,2024-06-28,recommend_discount,0.8,1.4435799909569733,0.34847801175209026,1.078782409401672,Supported candidate passes model agreement and value floor; mildest near-best sales option.
154,686,2024-06-29,review_stockout,,,,,Recent censored sales; verify tomorrow's supply before pricing.
154,686,2024-06-30,recommend_discount,0.8,1.805801099898626,0.3345215479809889,1.0676172383847913,Supported candidate passes model agreement and value floor; mildest near-best sales option.
154,686,2024-07-01,review_stockout,,,,,Recent censored sales; verify tomorrow's supply before pricing.
154,686,2024-07-02,recommend_discount,0.8,1.3465659520891173,0.38299376952959463,1.1063950156236757,Supported candidate passes model agreement and value floor; mildest near-best sales option.
154,707,2024-06-26,recommend_discount,0.8,0.660636231705579,0.26110041336768597,1.008880330694149,Supported candidate passes model agreement and value floor; mildest near-best sales option.
154,707,2024-06-27,review_stockout,,,,,Recent censored sales; verify tomorrow's supply before pricing.
154,707,2024-06-28,review_stockout,,,,,Recent censored sales; verify tomorrow's supply before pricing.
154,707,2024-06-29,review_stockout,,,,,Recent censored sales; verify tomorrow's supply before pricing.
154,707,2024-06-30,recommend_discount,0.8,0.8577825944318933,0.3215725666160898,1.057258053292872,Supported candidate passes model agreement and value floor; mildest near-best sales option.
154,707,2024-07-01,review_stockout,,,,,Recent censored sales; verify tomorrow's supply before pricing.
154,707,2024-07-02,review_model_disagreement,,,,,Selected forecast supports a discount; reference models disagree.
154,717,2024-06-26,review_stockout,,,,,Recent censored sales; verify tomorrow's supply before pricing.
154,717,2024-06-27,review_stockout,,,,,Recent censored sales; verify tomorrow's supply before pricing.
154,717,2024-06-28,recommend_discount,0.8,0.8405388983144073,0.6223365354817805,1.2978692283854245,Supported candidate passes model agreement and value floor; mildest near-best sales option.
154,717,2024-06-29,review_stockout,,,,,Recent censored sales; verify tomorrow's supply before pricing.
154,717,2024-06-30,review_stockout,,,,,Recent censored sales; verify tomorrow's supply before pricing.
154,717,2024-07-01,review_stockout,,,,,Recent censored sales; verify tomorrow's supply before pricing.
154,717,2024-07-02,review_stockout,,,,,Recent censored sales; verify tomorrow's supply before pricing.
154,775,2024-06-26,review_stockout,,,,,Recent censored sales; verify tomorrow's supply before pricing.
154,775,2024-06-27,review_stockout,,,,,Recent censored sales; verify tomorrow's supply before pricing.
154,775,2024-06-28,review_stockout,,,,,Recent censored sales; verify tomorrow's supply before pricing.
154,775,2024-06-29,review_stockout,,,,,Recent censored sales; verify tomorrow's supply before pricing.
154,775,2024-06-30,recommend_discount,0.9,3.1930510497787905,0.11026601921557622,0.9992394172940187,Supported candidate passes model agreement and value floor; mildest near-best sales option.
154,775,2024-07-01,recommend_discount,0.9,2.9925741886068016,0.08350701219273815,0.9751563109734643,Supported candidate passes model agreement and value floor; mildest near-best sales option.
154,775,2024-07-02,review_stockout,,,,,Recent censored sales; verify tomorrow's supply before pricing.
154,776,2024-06-26,recommend_discount,0.85,0.5201873373792902,0.45928731182449445,1.2403942150508203,Supported candidate passes model agreement and value floor; mildest near-best sales option.
154,776,2024-06-27,recommend_discount,0.85,0.4110639065150852,0.552946728091493,1.320004718877769,Supported candidate passes model agreement and value floor; mildest near-best sales option.
154,776,2024-06-28,recommend_discount,0.85,0.3979480009863597,0.6696135122717592,1.4191714854309954,Supported candidate passes model agreement and value floor; mildest near-best sales option.
154,776,2024-06-29,recommend_discount,0.85,0.42240428495189275,0.7305424251887616,1.4709610614104471,Supported candidate passes model agreement and value floor; mildest near-best sales option.
154,776,2024-06-30,recommend_discount,0.85,0.44909406384117184,0.7214313112270294,1.463216614542975,Supported candidate passes model agreement and value floor; mildest near-best sales option.
154,776,2024-07-01,recommend_discount,0.85,0.3658931477075391,0.7278593095989649,1.46868041315912,Supported candidate passes model agreement and value floor; mildest near-best sales option.
154,776,2024-07-02,recommend_discount,0.85,0.3667235273957953,0.6964658937777153,1.441996009711058,Supported candidate passes model agreement and value floor; mildest near-best sales option.
154,785,2024-06-26,recommend_discount,0.85,0.41527515874116544,0.5725186344081843,1.3366408392469566,Supported candidate passes model agreement and value floor; mildest near-best sales option.
154,785,2024-06-27,recommend_discount,0.85,0.3993083510566117,0.5615770055494385,1.3273404547170227,Supported candidate passes model agreement and value floor; mildest near-best sales option.
154,785,2024-06-28,recommend_discount,0.85,0.4223727442431229,0.4993782774833613,1.2744715358608572,Supported candidate passes model agreement and value floor; mildest near-best sales option.
154,785,2024-06-29,review_stockout,,,,,Recent censored sales; verify tomorrow's supply before pricing.
154,785,2024-06-30,review_stockout,,,,,Recent censored sales; verify tomorrow's supply before pricing.
154,785,2024-07-01,review_stockout,,,,,Recent censored sales; verify tomorrow's supply before pricing.
154,785,2024-07-02,review_stockout,,,,,Recent censored sales; verify tomorrow's supply before pricing.
154,819,2024-06-26,recommend_discount,0.7,0.8568902321014551,1.5573218156634456,1.790125270964412,Supported candidate passes model agreement and value floor; mildest near-best sales option.
154,819,2024-06-27,recommend_discount,0.7,0.886686867210124,1.9273460822308142,2.0491422575615696,Supported candidate passes model agreement and value floor; mildest near-best sales option.
154,819,2024-06-28,recommend_discount,0.7,0.8867317237973833,1.7251537023452381,1.9076075916416668,Supported candidate passes model agreement and value floor; mildest near-best sales option.
154,819,2024-06-29,recommend_discount,0.7,1.0052757688597223,1.6457105631657094,1.8519973942159962,Supported candidate passes model agreement and value floor; mildest near-best sales option.
154,819,2024-06-30,review_stockout,,,,,Recent censored sales; verify tomorrow's supply before pricing.
154,819,2024-07-01,review_stockout,,,,,Recent censored sales; verify tomorrow's supply before pricing.
154,819,2024-07-02,review_stockout,,,,,Recent censored sales; verify tomorrow's supply before pricing.
154,830,2024-06-26,recommend_discount,0.6,1.2707200130223608,4.070771717794849,3.042463030676909,Supported candidate passes model agreement and value floor; mildest near-best sales option.
154,830,2024-06-27,recommend_discount,0.6,0.9385548309026844,2.51213027947939,2.1072781676876335,Supported candidate passes model agreement and value floor; mildest near-best sales option.
154,830,2024-06-28,review_stockout,,,,,Recent censored sales; verify tomorrow's supply before pricing.
154,830,2024-06-29,recommend_discount,0.6,1.0447493366998892,2.7292408389565743,2.2375445033739445,Supported candidate passes model agreement and value floor; mildest near-best sales option.
154,830,2024-06-30,recommend_discount,0.6,1.0004106847837875,2.8257205738553983,2.2954323443132387,Supported candidate passes model agreement and value floor; mildest near-best sales option.
154,830,2024-07-01,recommend_discount,0.6,0.8247343454064586,3.25107015416389,2.5506420924983337,Supported candidate passes model agreement and value floor; mildest near-best sales option.
154,830,2024-07-02,recommend_discount,0.6,0.7810055572185315,2.6574424698822816,2.194465481929369,Supported candidate passes model agreement and value floor; mildest near-best sales option.
154,837,2024-06-26,review_stockout,,,,,Recent censored sales; verify tomorrow's supply before pricing.
154,837,2024-06-27,review_stockout,,,,,Recent censored sales; verify tomorrow's supply before pricing.
154,837,2024-06-28,review_stockout,,,,,Recent censored sales; verify tomorrow's supply before pricing.
154,837,2024-06-29,review_stockout,,,,,Recent censored sales; verify tomorrow's supply before pricing.
154,837,2024-06-30,recommend_discount,0.9,0.4881406665289441,0.3236522321450459,1.1912870089305414,Supported candidate passes model agreement and value floor; mildest near-best sales option.
154,837,2024-07-01,review_stockout,,,,,Recent censored sales; verify tomorrow's supply before pricing.
154,837,2024-07-02,review_stockout,,,,,Recent censored sales; verify tomorrow's supply before pricing.
154,841,2024-06-26,review_stockout,,,,,Recent censored sales; verify tomorrow's supply before pricing.
154,841,2024-06-27,recommend_discount,0.85,0.464864999533932,0.4419810862494937,1.2256839233120695,Supported candidate passes model agreement and value floor; mildest near-best sales option.
154,841,2024-06-28,review_stockout,,,,,Recent censored sales; verify tomorrow's supply before pricing.
154,841,2024-06-29,recommend_discount,0.85,0.551839080698481,0.39925003592945285,1.1893625305400348,Supported candidate passes model agreement and value floor; mildest near-best sales option.
154,841,2024-06-30,review_stockout,,,,,Recent censored sales; verify tomorrow's supply before pricing.
154,841,2024-07-01,review_stockout,,,,,Recent censored sales; verify tomorrow's supply before pricing.
154,841,2024-07-02,recommend_discount,0.85,0.4639001996040582,0.4428809850256352,1.2264488372717899,Supported candidate passes model agreement and value floor; mildest near-best sales option.
154,858,2024-06-26,recommend_discount,0.9,0.46279366380488435,0.2671441444471985,1.1404297300024788,Supported candidate passes model agreement and value floor; mildest near-best sales option.
154,858,2024-06-27,recommend_discount,0.9,0.41110593789716116,0.3065604199254244,1.175904377932882,Supported candidate passes model agreement and value floor; mildest near-best sales option.
154,858,2024-06-28,recommend_discount,0.9,0.45934653031846684,0.2692244592407642,1.1423020133166877,Supported candidate passes model agreement and value floor; mildest near-best sales option.
154,858,2024-06-29,review_stockout,,,,,Recent censored sales; verify tomorrow's supply before pricing.
154,858,2024-06-30,recommend_discount,0.9,0.5286270974662874,0.24296119419050077,1.1186650747714508,Supported candidate passes model agreement and value floor; mildest near-best sales option.
154,858,2024-07-01,review_stockout,,,,,Recent censored sales; verify tomorrow's supply before pricing.
154,858,2024-07-02,recommend_discount,0.9,0.4521067940681712,0.2667511275863952,1.1400760148277558,Supported candidate passes model agreement and value floor; mildest near-best sales option.
154,859,2024-06-26,recommend_discount,0.8,0.4551045431057231,0.6209743457632655,1.2967794766106127,Supported candidate passes model agreement and value floor; mildest near-best sales option.
154,859,2024-06-27,recommend_discount,0.8,0.44759699075398385,0.6483972860774347,1.3187178288619479,Supported candidate passes model agreement and value floor; mildest near-best sales option.
154,859,2024-06-28,recommend_discount,0.8,0.4829233439392948,0.6521288224977544,1.3217030579982036,Supported candidate passes model agreement and value floor; mildest near-best sales option.
154,859,2024-06-29,review_stockout,,,,,Recent censored sales; verify tomorrow's supply before pricing.
154,859,2024-06-30,recommend_discount,0.8,0.5848450489123217,0.6118064886724597,1.2894451909379678,Supported candidate passes model agreement and value floor; mildest near-best sales option.
154,859,2024-07-01,review_stockout,,,,,Recent censored sales; verify tomorrow's supply before pricing.
154,859,2024-07-02,recommend_discount,0.8,0.4597084086851559,0.5949676463687841,1.2759741170950274,Supported candidate passes model agreement and value floor; mildest near-best sales option.
182,7,2024-06-26,recommend_discount,0.8,0.7638824122229301,0.6124699588704556,1.2899759670963646,Supported candidate passes model agreement and value floor; mildest near-best sales option.
182,7,2024-06-27,review_stockout,,,,,Recent censored sales; verify tomorrow's supply before pricing.
182,7,2024-06-28,review_stockout,,,,,Recent censored sales; verify tomorrow's supply before pricing.
182,7,2024-06-29,review_stockout,,,,,Recent censored sales; verify tomorrow's supply before pricing.
182,7,2024-06-30,recommend_discount,0.8,0.9366371357744792,0.5124842514878392,1.2099874011902714,Supported candidate passes model agreement and value floor; mildest near-best sales option.
182,7,2024-07-01,recommend_discount,0.8,0.7145013899232324,0.5495862733830197,1.2396690187064159,Supported candidate passes model agreement and value floor; mildest near-best sales option.
182,7,2024-07-02,recommend_discount,0.8,0.6917857955674694,0.48526659416847684,1.1882132753347816,Supported candidate passes model agreement and value floor; mildest near-best sales option.
182,11,2024-06-26,recommend_discount,0.8,1.2074855225822245,0.35278918672310167,1.0822313493784812,Supported candidate passes model agreement and value floor; mildest near-best sales option.
182,11,2024-06-27,recommend_discount,0.8,1.2319171666457676,0.33943342872348126,1.071546742978785,Supported candidate passes model agreement and value floor; mildest near-best sales option.
182,11,2024-06-28,recommend_discount,0.8,1.2384614175455013,0.3880144460078965,1.110411556806317,Supported candidate passes model agreement and value floor; mildest near-best sales option.
182,11,2024-06-29,recommend_discount,0.8,1.4359933228146378,0.3495500812387955,1.0796400649910365,Supported candidate passes model agreement and value floor; mildest near-best sales option.
182,11,2024-06-30,review_stockout,,,,,Recent censored sales; verify tomorrow's supply before pricing.
182,11,2024-07-01,review_stockout,,,,,Recent censored sales; verify tomorrow's supply before pricing.
182,11,2024-07-02,recommend_discount,0.8,1.3661909114647932,0.3448050321521925,1.075844025721754,Supported candidate passes model agreement and value floor; mildest near-best sales option.
182,12,2024-06-26,review_stockout,,,,,Recent censored sales; verify tomorrow's supply before pricing.
182,12,2024-06-27,review_stockout,,,,,Recent censored sales; verify tomorrow's supply before pricing.
182,12,2024-06-28,review_stockout,,,,,Recent censored sales; verify tomorrow's supply before pricing.
182,12,2024-06-29,recommend_discount,0.8,1.2040495522671093,0.5685493990758337,1.254839519260667,Supported candidate passes model agreement and value floor; mildest near-best sales option.
182,12,2024-06-30,recommend_discount,0.8,1.0766235819540442,0.4579159404439779,1.1663327523551823,Supported candidate passes model agreement and value floor; mildest near-best sales option.
182,12,2024-07-01,review_stockout,,,,,Recent censored sales; verify tomorrow's supply before pricing.
182,12,2024-07-02,review_stockout,,,,,Recent censored sales; verify tomorrow's supply before pricing.
182,21,2024-06-26,review_stockout,,,,,Recent censored sales; verify tomorrow's supply before pricing.
182,21,2024-06-27,recommend_discount,0.9,1.395345883747413,0.20047693351224205,1.0804292401610178,Supported candidate passes model agreement and value floor; mildest near-best sales option.
182,21,2024-06-28,recommend_discount,0.9,1.5525849073166174,0.24967788539967306,1.124710096859706,Supported candidate passes model agreement and value floor; mildest near-best sales option.
182,21,2024-06-29,review_stockout,,,,,Recent censored sales; verify tomorrow's supply before pricing.
182,21,2024-06-30,review_stockout,,,,,Recent censored sales; verify tomorrow's supply before pricing.
182,21,2024-07-01,review_stockout,,,,,Recent censored sales; verify tomorrow's supply before pricing.
182,21,2024-07-02,review_stockout,,,,,Recent censored sales; verify tomorrow's supply before pricing.
182,58,2024-06-26,recommend_discount,0.85,1.4111619875505246,0.2267218886554263,1.0427136053571122,Supported candidate passes model agreement and value floor; mildest near-best sales option.
182,58,2024-06-27,recommend_discount,0.9,1.2486785805779166,0.1641393083042988,1.047725377473869,Supported candidate passes model agreement and value floor; mildest near-best sales option.
182,58,2024-06-28,recommend_discount,0.85,1.3078242126868322,0.23665962613631542,1.051160682215868,Supported candidate passes model agreement and value floor; mildest near-best sales option.
182,58,2024-06-29,recommend_discount,0.75,1.5806522875498563,0.353243021285333,1.0149322659639997,Supported candidate passes model agreement and value floor; mildest near-best sales option.
182,58,2024-06-30,review_stockout,,,,,Recent censored sales; verify tomorrow's supply before pricing.
182,58,2024-07-01,review_stockout,,,,,Recent censored sales; verify tomorrow's supply before pricing.
182,58,2024-07-02,review_stockout,,,,,Recent censored sales; verify tomorrow's supply before pricing.
182,99,2024-06-26,recommend_discount,0.8,1.0000467898873415,0.5210251680215692,1.2168201344172556,Supported candidate passes model agreement and value floor; mildest near-best sales option.
182,99,2024-06-27,recommend_discount,0.8,0.8677702385653656,0.5740720901408163,1.2592576721126532,Supported candidate passes model agreement and value floor; mildest near-best sales option.
182,99,2024-06-28,recommend_discount,0.8,0.9199389073512563,0.5614416815679844,1.2491533452543875,Supported candidate passes model agreement and value floor; mildest near-best sales option.
182,99,2024-06-29,recommend_discount,0.8,1.0621741082696594,0.504249176264228,1.2033993410113826,Supported candidate passes model agreement and value floor; mildest near-best sales option.
182,99,2024-06-30,recommend_discount,0.8,1.1125771026880487,0.5047575882601181,1.2038060706080944,Supported candidate passes model agreement and value floor; mildest near-best sales option.
182,99,2024-07-01,review_stockout,,,,,Recent censored sales; verify tomorrow's supply before pricing.
182,99,2024-07-02,recommend_discount,0.8,0.9993202861826562,0.5307979425933262,1.224638354074661,Supported candidate passes model agreement and value floor; mildest near-best sales option.
182,100,2024-06-26,review_stockout,,,,,Recent censored sales; verify tomorrow's supply before pricing.
182,100,2024-06-27,review_stockout,,,,,Recent censored sales; verify tomorrow's supply before pricing.
182,100,2024-06-28,review_stockout,,,,,Recent censored sales; verify tomorrow's supply before pricing.
182,100,2024-06-29,review_stockout,,,,,Recent censored sales; verify tomorrow's supply before pricing.
182,100,2024-06-30,recommend_discount,0.85,0.525476715589867,0.49929560006575513,1.2744012600558918,Supported candidate passes model agreement and value floor; mildest near-best sales option.
182,100,2024-07-01,review_stockout,,,,,Recent censored sales; verify tomorrow's supply before pricing.
182,100,2024-07-02,review_stockout,,,,,Recent censored sales; verify tomorrow's supply before pricing.
182,105,2024-06-26,review_stockout,,,,,Recent censored sales; verify tomorrow's supply before pricing.
182,105,2024-06-27,review_stockout,,,,,Recent censored sales; verify tomorrow's supply before pricing.
182,105,2024-06-28,recommend_discount,0.8,0.6731539178738832,0.4738029817391629,1.1790423853913303,Supported candidate passes model agreement and value floor; mildest near-best sales option.
182,105,2024-06-29,recommend_discount,0.8,0.8059553462319781,0.4075031009294683,1.1260024807435747,Supported candidate passes model agreement and value floor; mildest near-best sales option.
182,105,2024-06-30,recommend_discount,0.8,0.8655069650207646,0.4065746242012702,1.1252596993610164,Supported candidate passes model agreement and value floor; mildest near-best sales option.
182,105,2024-07-01,review_stockout,,,,,Recent censored sales; verify tomorrow's supply before pricing.
182,105,2024-07-02,review_stockout,,,,,Recent censored sales; verify tomorrow's supply before pricing.
182,108,2024-06-26,review_stockout,,,,,Recent censored sales; verify tomorrow's supply before pricing.
182,108,2024-06-27,recommend_discount,0.6,1.671890852658653,1.3580223434734178,1.4148134060840507,Supported candidate passes model agreement and value floor; mildest near-best sales option.
182,108,2024-06-28,recommend_discount,0.6,1.7117840221874552,1.210539331849679,1.3263235991098075,Supported candidate passes model agreement and value floor; mildest near-best sales option.
182,108,2024-06-29,recommend_discount,0.6,1.7447776249639595,1.1043660562641233,1.2626196337584739,Supported candidate passes model agreement and value floor; mildest near-best sales option.
182,108,2024-06-30,review_stockout,,,,,Recent censored sales; verify tomorrow's supply before pricing.
182,108,2024-07-01,recommend_discount,0.6,1.5411555587065662,1.261600971357053,1.356960582814232,Supported candidate passes model agreement and value floor; mildest near-best sales option.
182,108,2024-07-02,review_stockout,,,,,Recent censored sales; verify tomorrow's supply before pricing.
182,109,2024-06-26,recommend_discount,0.75,0.8053963572950763,1.1442501215423366,1.6081875911567527,Supported candidate passes model agreement and value floor; mildest near-best sales option.
182,109,2024-06-27,review_stockout,,,,,Recent censored sales; verify tomorrow's supply before pricing.
182,109,2024-06-28,recommend_discount,0.75,0.8176727748280408,1.1403191980809009,1.6052393985606757,Supported candidate passes model agreement and value floor; mildest near-best sales option.
182,109,2024-06-29,recommend_discount,0.75,0.7929518139487852,1.0374668422645468,1.5281001316984102,Supported candidate passes model agreement and value floor; mildest near-best sales option.
182,109,2024-06-30,recommend_discount,0.75,0.789716788857142,1.0253935947083694,1.519045196031277,Supported candidate passes model agreement and value floor; mildest near-best sales option.
182,109,2024-07-01,review_stockout,,,,,Recent censored sales; verify tomorrow's supply before pricing.
182,109,2024-07-02,review_stockout,,,,,Recent censored sales; verify tomorrow's supply before pricing.
182,122,2024-06-26,review_stockout,,,,,Recent censored sales; verify tomorrow's supply before pricing.
182,122,2024-06-27,recommend_discount,0.9,4.10461392316763,0.13989268525395193,1.0259034167285568,Supported candidate passes model agreement and value floor; mildest near-best sales option.
182,122,2024-06-28,review_model_disagreement,,,,,Selected forecast supports a discount; reference models disagree.
182,122,2024-06-29,recommend_discount,0.9,4.676608771595426,0.10165167936111352,0.9914865114250022,Supported candidate passes model agreement and value floor; mildest near-best sales option.
182,122,2024-06-30,review_model_disagreement,,,,,Selected forecast supports a discount; reference models disagree.
182,122,2024-07-01,recommend_discount,0.9,4.655835700357561,0.12138678458977625,1.0092481061307985,Supported candidate passes model agreement and value floor; mildest near-best sales option.
182,122,2024-07-02,recommend_discount,0.9,4.780964618436024,0.1160203331409917,1.0044182998268925,Supported candidate passes model agreement and value floor; mildest near-best sales option.
182,133,2024-06-26,recommend_discount,0.75,0.9123596824771486,0.5742339434275094,1.1806754575706322,Supported candidate passes model agreement and value floor; mildest near-best sales option.
182,133,2024-06-27,recommend_discount,0.75,0.8037401690517487,0.7445414764347749,1.308406107326081,Supported candidate passes model agreement and value floor; mildest near-best sales option.
182,133,2024-06-28,recommend_discount,0.75,0.8442898624718692,0.6213763048470378,1.2160322286352783,Supported candidate passes model agreement and value floor; mildest near-best sales option.
182,133,2024-06-29,recommend_discount,0.75,0.9295252837091728,0.5660349137159357,1.174526185286952,Supported candidate passes model agreement and value floor; mildest near-best sales option.
182,133,2024-06-30,review_stockout,,,,,Recent censored sales; verify tomorrow's supply before pricing.
182,133,2024-07-01,review_stockout,,,,,Recent censored sales; verify tomorrow's supply before pricing.
182,133,2024-07-02,review_stockout,,,,,Recent censored sales; verify tomorrow's supply before pricing.
182,151,2024-06-26,review_stockout,,,,,Recent censored sales; verify tomorrow's supply before pricing.
182,151,2024-06-27,recommend_discount,0.8,0.46422968989710534,0.5105926202182365,1.2084740961745892,Supported candidate passes model agreement and value floor; mildest near-best sales option.
182,151,2024-06-28,review_stockout,,,,,Recent censored sales; verify tomorrow's supply before pricing.
182,151,2024-06-29,review_stockout,,,,,Recent censored sales; verify tomorrow's supply before pricing.
182,151,2024-06-30,recommend_discount,0.8,0.6235425349112469,0.5141065651426313,1.211285252114105,Supported candidate passes model agreement and value floor; mildest near-best sales option.
182,151,2024-07-01,review_stockout,,,,,Recent censored sales; verify tomorrow's supply before pricing.
182,151,2024-07-02,review_stockout,,,,,Recent censored sales; verify tomorrow's supply before pricing.
182,200,2024-06-26,recommend_discount,0.85,0.8766810781393458,0.3271715019432142,1.128095776651732,Supported candidate passes model agreement and value floor; mildest near-best sales option.
182,200,2024-06-27,recommend_discount,0.85,0.790313564510098,0.3697663536715905,1.1643014006208519,Supported candidate passes model agreement and value floor; mildest near-best sales option.
182,200,2024-06-28,recommend_discount,0.85,0.7261580325980703,0.32918993036024213,1.1298114408062057,Supported candidate passes model agreement and value floor; mildest near-best sales option.
182,200,2024-06-29,recommend_discount,0.85,0.8407777437320161,0.3039010993532212,1.108315934450238,Supported candidate passes model agreement and value floor; mildest near-best sales option.
182,200,2024-06-30,recommend_discount,0.85,0.9018270996243032,0.2847624807398723,1.0920481086288916,Supported candidate passes model agreement and value floor; mildest near-best sales option.
182,200,2024-07-01,recommend_discount,0.85,0.7874760131790285,0.32901160626010206,1.1296598653210868,Supported candidate passes model agreement and value floor; mildest near-best sales option.
182,200,2024-07-02,recommend_discount,0.85,0.7777121540582408,0.3275506594643174,1.1284180605446699,Supported candidate passes model agreement and value floor; mildest near-best sales option.
182,220,2024-06-26,recommend_discount,0.8,0.7706383544219104,0.43363791751656455,1.1469103340132518,Supported candidate passes model agreement and value floor; mildest near-best sales option.
182,220,2024-06-27,recommend_discount,0.8,0.7082809718278269,0.4757907211295007,1.1806325769036006,Supported candidate passes model agreement and value floor; mildest near-best sales option.
182,220,2024-06-28,recommend_discount,0.8,0.7351134786347251,0.5128388507490782,1.2102710805992625,Supported candidate passes model agreement and value floor; mildest near-best sales option.
182,220,2024-06-29,recommend_discount,0.8,0.8257244068784748,0.4601677428184594,1.1681341942547676,Supported candidate passes model agreement and value floor; mildest near-best sales option.
182,220,2024-06-30,recommend_discount,0.8,0.823039283892108,0.4440273838637103,1.1552219070909684,Supported candidate passes model agreement and value floor; mildest near-best sales option.
182,220,2024-07-01,recommend_discount,0.8,0.7741209950462876,0.551324488935826,1.2410595911486608,Supported candidate passes model agreement and value floor; mildest near-best sales option.
182,220,2024-07-02,recommend_discount,0.8,0.7501355222885638,0.536046940840772,1.2288375526726176,Supported candidate passes model agreement and value floor; mildest near-best sales option.
182,247,2024-06-26,review_stockout,,,,,Recent censored sales; verify tomorrow's supply before pricing.
182,247,2024-06-27,review_stockout,,,,,Recent censored sales; verify tomorrow's supply before pricing.
182,247,2024-06-28,review_stockout,,,,,Recent censored sales; verify tomorrow's supply before pricing.
182,247,2024-06-29,recommend_discount,0.75,1.0537503642438637,0.597187423167979,1.1978905673759843,Supported candidate passes model agreement and value floor; mildest near-best sales option.
182,247,2024-06-30,review_stockout,,,,,Recent censored sales; verify tomorrow's supply before pricing.
182,247,2024-07-01,review_stockout,,,,,Recent censored sales; verify tomorrow's supply before pricing.
182,247,2024-07-02,review_stockout,,,,,Recent censored sales; verify tomorrow's supply before pricing.
182,250,2024-06-26,review_stockout,,,,,Recent censored sales; verify tomorrow's supply before pricing.
182,250,2024-06-27,recommend_discount,0.85,0.8706563374657024,0.2988615659999374,1.1040323310999467,Supported candidate passes model agreement and value floor; mildest near-best sales option.
182,250,2024-06-28,recommend_discount,0.85,0.950880494562383,0.2871924639524128,1.0941135943595508,Supported candidate passes model agreement and value floor; mildest near-best sales option.
182,250,2024-06-29,recommend_discount,0.85,1.0573663461852636,0.2742036228607727,1.0830730794316568,Supported candidate passes model agreement and value floor; mildest near-best sales option.
182,250,2024-06-30,recommend_discount,0.85,1.119333679812028,0.236912015400629,1.0513752130905345,Supported candidate passes model agreement and value floor; mildest near-best sales option.
182,250,2024-07-01,recommend_discount,0.85,1.039577318809607,0.250471926067273,1.062901137157182,Supported candidate passes model agreement and value floor; mildest near-best sales option.
182,250,2024-07-02,recommend_discount,0.85,0.9975895934798836,0.25621734941025065,1.0677847469987132,Supported candidate passes model agreement and value floor; mildest near-best sales option.
182,258,2024-06-26,recommend_discount,0.9,0.6850928183142025,0.19119097952674236,1.0720718815740682,Supported candidate passes model agreement and value floor; mildest near-best sales option.
182,258,2024-06-27,review_stockout,,,,,Recent censored sales; verify tomorrow's supply before pricing.
182,258,2024-06-28,review_stockout,,,,,Recent censored sales; verify tomorrow's supply before pricing.
182,258,2024-06-29,review_stockout,,,,,Recent censored sales; verify tomorrow's supply before pricing.
182,258,2024-06-30,recommend_discount,0.9,0.7559112973760305,0.18110835376169243,1.0629975183855231,Supported candidate passes model agreement and value floor; mildest near-best sales option.
182,258,2024-07-01,recommend_discount,0.9,0.6674291102701917,0.19989751982829307,1.0799077678454638,Supported candidate passes model agreement and value floor; mildest near-best sales option.
182,258,2024-07-02,recommend_discount,0.9,0.6624555157774958,0.1934160194040202,1.074074417463618,Supported candidate passes model agreement and value floor; mildest near-best sales option.
182,276,2024-06-26,recommend_discount,0.85,0.6335364210801016,0.38397394064312307,1.1763778495466546,Supported candidate passes model agreement and value floor; mildest near-best sales option.
182,276,2024-06-27,recommend_discount,0.85,0.6357807732646065,0.40082798385013363,1.1907037862726135,Supported candidate passes model agreement and value floor; mildest near-best sales option.
182,276,2024-06-28,recommend_discount,0.85,0.62158494828635,0.3918313467487262,1.1830566447364173,Supported candidate passes model agreement and value floor; mildest near-best sales option.
182,276,2024-06-29,recommend_discount,0.85,0.7240541018889392,0.4180079801761878,1.2053067831497595,Supported candidate passes model agreement and value floor; mildest near-best sales option.
182,276,2024-06-30,recommend_discount,0.85,0.7680195520117381,0.3779941758468479,1.1712950494698207,Supported candidate passes model agreement and value floor; mildest near-best sales option.
182,276,2024-07-01,review_stockout,,,,,Recent censored sales; verify tomorrow's supply before pricing.
182,276,2024-07-02,recommend_discount,0.85,0.6273012427511298,0.3923471465163515,1.1834950745388988,Supported candidate passes model agreement and value floor; mildest near-best sales option.
182,285,2024-06-26,review_stockout,,,,,Recent censored sales; verify tomorrow's supply before pricing.
182,285,2024-06-27,recommend_discount,0.85,0.5882009331824394,0.33222567421548876,1.1323918230831653,Supported candidate passes model agreement and value floor; mildest near-best sales option.
182,285,2024-06-28,recommend_discount,0.85,0.580366718651307,0.3553259059643816,1.1520270200697245,Supported candidate passes model agreement and value floor; mildest near-best sales option.
182,285,2024-06-29,review_stockout,,,,,Recent censored sales; verify tomorrow's supply before pricing.
182,285,2024-06-30,review_stockout,,,,,Recent censored sales; verify tomorrow's supply before pricing.
182,285,2024-07-01,review_stockout,,,,,Recent censored sales; verify tomorrow's supply before pricing.
182,285,2024-07-02,review_stockout,,,,,Recent censored sales; verify tomorrow's supply before pricing.
182,291,2024-06-26,review_stockout,,,,,Recent censored sales; verify tomorrow's supply before pricing.
182,291,2024-06-27,review_stockout,,,,,Recent censored sales; verify tomorrow's supply before pricing.
182,291,2024-06-28,recommend_discount,0.8,1.4837435428381849,0.347352089750498,1.0778816718003983,Supported candidate passes model agreement and value floor; mildest near-best sales option.
182,291,2024-06-29,recommend_discount,0.8,1.934788247424879,0.33250214660869815,1.0660017172869587,Supported candidate passes model agreement and value floor; mildest near-best sales option.
182,291,2024-06-30,review_stockout,,,,,Recent censored sales; verify tomorrow's supply before pricing.
182,291,2024-07-01,review_stockout,,,,,Recent censored sales; verify tomorrow's supply before pricing.
182,291,2024-07-02,review_stockout,,,,,Recent censored sales; verify tomorrow's supply before pricing.
182,321,2024-06-26,recommend_discount,0.9,0.5397992006047345,0.22703610555909415,1.1043324950031848,Supported candidate passes model agreement and value floor; mildest near-best sales option.
182,321,2024-06-27,review_stockout,,,,,Recent censored sales; verify tomorrow's supply before pricing.
182,321,2024-06-28,review_stockout,,,,,Recent censored sales; verify tomorrow's supply before pricing.
182,321,2024-06-29,review_stockout,,,,,Recent censored sales; verify tomorrow's supply before pricing.
182,321,2024-06-30,review_stockout,,,,,Recent censored sales; verify tomorrow's supply before pricing.
182,321,2024-07-01,review_stockout,,,,,Recent censored sales; verify tomorrow's supply before pricing.
182,321,2024-07-02,recommend_discount,0.9,0.8349583085979129,0.5344001328426589,1.380960119558393,Supported candidate passes model agreement and value floor; mildest near-best sales option.
182,345,2024-06-26,review_stockout,,,,,Recent censored sales; verify tomorrow's supply before pricing.
182,345,2024-06-27,recommend_discount,0.8,1.1109393745585991,0.380039478469983,1.1040315827759866,Supported candidate passes model agreement and value floor; mildest near-best sales option.
182,345,2024-06-28,recommend_discount,0.8,1.152397700388474,0.3357882771071492,1.0686306216857193,Supported candidate passes model agreement and value floor; mildest near-best sales option.
182,345,2024-06-29,review_stockout,,,,,Recent censored sales; verify tomorrow's supply before pricing.
182,345,2024-06-30,recommend_discount,0.8,1.2726460274406808,0.3330647026060589,1.0664517620848473,Supported candidate passes model agreement and value floor; mildest near-best sales option.
182,345,2024-07-01,review_stockout,,,,,Recent censored sales; verify tomorrow's supply before pricing.
182,345,2024-07-02,review_stockout,,,,,Recent censored sales; verify tomorrow's supply before pricing.
182,368,2024-06-26,recommend_discount,0.8,0.491581673177513,0.5578757222815964,1.2463005778252771,Supported candidate passes model agreement and value floor; mildest near-best sales option.
182,368,2024-06-27,review_stockout,,,,,Recent censored sales; verify tomorrow's supply before pricing.
182,368,2024-06-28,recommend_discount,0.8,0.47805072578324037,0.5424677733113354,1.2339742186490683,Supported candidate passes model agreement and value floor; mildest near-best sales option.
182,368,2024-06-29,review_stockout,,,,,Recent censored sales; verify tomorrow's supply before pricing.
182,368,2024-06-30,recommend_discount,0.8,0.6409303823017192,0.4403746959517163,1.152299756761373,Supported candidate passes model agreement and value floor; mildest near-best sales option.
182,368,2024-07-01,review_stockout,,,,,Recent censored sales; verify tomorrow's supply before pricing.
182,368,2024-07-02,recommend_discount,0.8,0.6457315148529998,0.5811790098375538,1.264943207870043,Supported candidate passes model agreement and value floor; mildest near-best sales option.
182,374,2024-06-26,recommend_discount,0.85,0.6311050301588614,0.3302758050795631,1.1307344343176287,Supported candidate passes model agreement and value floor; mildest near-best sales option.
182,374,2024-06-27,recommend_discount,0.85,0.6038853947863625,0.30644041129172384,1.1104743495979652,Supported candidate passes model agreement and value floor; mildest near-best sales option.
182,374,2024-06-28,review_stockout,,,,,Recent censored sales; verify tomorrow's supply before pricing.
182,374,2024-06-29,recommend_discount,0.85,0.7873240893420423,0.3187645155914416,1.1209498382527254,Supported candidate passes model agreement and value floor; mildest near-best sales option.
182,374,2024-06-30,recommend_discount,0.85,0.7745244458254514,0.3144228017177637,1.117259381460099,Supported candidate passes model agreement and value floor; mildest near-best sales option.
182,374,2024-07-01,recommend_discount,0.85,0.684517554721378,0.33059441717024907,1.1310052545947118,Supported candidate passes model agreement and value floor; mildest near-best sales option.
182,374,2024-07-02,recommend_discount,0.85,0.6876633897569437,0.3081236173126669,1.111905074715767,Supported candidate passes model agreement and value floor; mildest near-best sales option.
182,387,2024-06-26,recommend_discount,0.85,1.7720487107449006,0.290001285353362,1.0965010925503578,Supported candidate passes model agreement and value floor; mildest near-best sales option.
182,387,2024-06-27,review_stockout,,,,,Recent censored sales; verify tomorrow's supply before pricing.
182,387,2024-06-28,recommend_discount,0.85,1.6897418519961893,0.3204523806942363,1.1223845235901009,Supported candidate passes model agreement and value floor; mildest near-best sales option.
182,387,2024-06-29,review_stockout,,,,,Recent censored sales; verify tomorrow's supply before pricing.
182,387,2024-06-30,recommend_discount,0.85,2.1248796005671027,0.241723154630876,1.0554646814362445,Supported candidate passes model agreement and value floor; mildest near-best sales option.
182,387,2024-07-01,review_stockout,,,,,Recent censored sales; verify tomorrow's supply before pricing.
182,387,2024-07-02,review_stockout,,,,,Recent censored sales; verify tomorrow's supply before pricing.
182,405,2024-06-26,recommend_discount,0.85,0.5322838836445963,0.3655247632141907,1.1606960487320621,Supported candidate passes model agreement and value floor; mildest near-best sales option.
182,405,2024-06-27,review_stockout,,,,,Recent censored sales; verify tomorrow's supply before pricing.
182,405,2024-06-28,review_stockout,,,,,Recent censored sales; verify tomorrow's supply before pricing.
182,405,2024-06-29,recommend_discount,0.85,0.7081429257012599,0.3847836506453508,1.1770661030485483,Supported candidate passes model agreement and value floor; mildest near-best sales option.
182,405,2024-06-30,review_stockout,,,,,Recent censored sales; verify tomorrow's supply before pricing.
182,405,2024-07-01,review_stockout,,,,,Recent censored sales; verify tomorrow's supply before pricing.
182,405,2024-07-02,recommend_discount,0.85,0.6311446759872975,0.4499176660402424,1.232430016134206,Supported candidate passes model agreement and value floor; mildest near-best sales option.
182,411,2024-06-26,recommend_discount,0.8,1.1320310935390274,0.6783557400861597,1.3426845920689279,Supported candidate passes model agreement and value floor; mildest near-best sales option.
182,411,2024-06-27,recommend_discount,0.8,1.0088028862755005,0.6761073055221101,1.3408858444176879,Supported candidate passes model agreement and value floor; mildest near-best sales option.
182,411,2024-06-28,recommend_discount,0.8,1.0233869075675435,0.6570392531898819,1.3256314025519056,Supported candidate passes model agreement and value floor; mildest near-best sales option.
182,411,2024-06-29,recommend_discount,0.8,1.001225824633117,0.6806257270271685,1.3445005816217348,Supported candidate passes model agreement and value floor; mildest near-best sales option.
182,411,2024-06-30,recommend_discount,0.8,1.3604986997706345,0.48559182657910105,1.1884734612632808,Supported candidate passes model agreement and value floor; mildest near-best sales option.
182,411,2024-07-01,recommend_discount,0.8,1.0908378824348701,0.6305831202669148,1.304466496213532,Supported candidate passes model agreement and value floor; mildest near-best sales option.
182,411,2024-07-02,recommend_discount,0.8,1.0815329903047237,0.6399873243116911,1.311989859449353,Supported candidate passes model agreement and value floor; mildest near-best sales option.
182,415,2024-06-26,recommend_discount,0.8,1.0738517879308054,0.32444572381701775,1.0595565790536143,Supported candidate passes model agreement and value floor; mildest near-best sales option.
182,415,2024-06-27,recommend_discount,0.8,1.1034834380864926,0.382457192880691,1.105965754304553,Supported candidate passes model agreement and value floor; mildest near-best sales option.
182,415,2024-06-28,review_stockout,,,,,Recent censored sales; verify tomorrow's supply before pricing.
182,415,2024-06-29,review_stockout,,,,,Recent censored sales; verify tomorrow's supply before pricing.
182,415,2024-06-30,review_stockout,,,,,Recent censored sales; verify tomorrow's supply before pricing.
182,415,2024-07-01,review_stockout,,,,,Recent censored sales; verify tomorrow's supply before pricing.
182,415,2024-07-02,recommend_discount,0.8,1.220186479546611,0.536545858097289,1.2292366864778312,Supported candidate passes model agreement and value floor; mildest near-best sales option.
182,419,2024-06-26,recommend_discount,0.7,1.5280077971555257,0.8422606342135086,1.2895824439494559,Supported candidate passes model agreement and value floor; mildest near-best sales option.
182,419,2024-06-27,review_stockout,,,,,Recent censored sales; verify tomorrow's supply before pricing.
182,419,2024-06-28,recommend_discount,0.7,1.5985583114355384,0.8206180238637661,1.2744326167046363,Supported candidate passes model agreement and value floor; mildest near-best sales option.
182,419,2024-06-29,review_stockout,,,,,Recent censored sales; verify tomorrow's supply before pricing.
182,419,2024-06-30,review_stockout,,,,,Recent censored sales; verify tomorrow's supply before pricing.
182,419,2024-07-01,review_stockout,,,,,Recent censored sales; verify tomorrow's supply before pricing.
182,419,2024-07-02,recommend_discount,0.7,1.7039702411865296,0.7624748127589369,1.2337323689312558,Supported candidate passes model agreement and value floor; mildest near-best sales option.
182,422,2024-06-26,review_stockout,,,,,Recent censored sales; verify tomorrow's supply before pricing.
182,422,2024-06-27,recommend_discount,0.8,1.2899868167013446,0.35438843650889407,1.0835107492071154,Supported candidate passes model agreement and value floor; mildest near-best sales option.
182,422,2024-06-28,recommend_discount,0.8,1.3193320751686497,0.3529319074339303,1.0823455259471442,Supported candidate passes model agreement and value floor; mildest near-best sales option.
182,422,2024-06-29,review_stockout,,,,,Recent censored sales; verify tomorrow's supply before pricing.
182,422,2024-06-30,recommend_discount,0.9,1.5225207039875148,0.1971199537928352,1.0774079584135516,Supported candidate passes model agreement and value floor; mildest near-best sales option.
182,422,2024-07-01,recommend_discount,0.8,1.4991109121741781,0.36784743585487223,1.0942779486838978,Supported candidate passes model agreement and value floor; mildest near-best sales option.
182,422,2024-07-02,recommend_discount,0.8,1.588663563529228,0.3408042335998631,1.0726433868798906,Supported candidate passes model agreement and value floor; mildest near-best sales option.
182,424,2024-06-26,review_stockout,,,,,Recent censored sales; verify tomorrow's supply before pricing.
182,424,2024-06-27,review_stockout,,,,,Recent censored sales; verify tomorrow's supply before pricing.
182,424,2024-06-28,recommend_discount,0.7,0.9518793279517048,1.3840121034680717,1.66880847242765,Supported candidate passes model agreement and value floor; mildest near-best sales option.
182,424,2024-06-29,recommend_discount,0.7,1.0390651208772779,1.411808538708041,1.6882659770956285,Supported candidate passes model agreement and value floor; mildest near-best sales option.
182,424,2024-06-30,recommend_discount,0.7,1.0608534538221015,1.5823107549278883,1.807617528449522,Supported candidate passes model agreement and value floor; mildest near-best sales option.
182,424,2024-07-01,review_stockout,,,,,Recent censored sales; verify tomorrow's supply before pricing.
182,424,2024-07-02,review_stockout,,,,,Recent censored sales; verify tomorrow's supply before pricing.
182,425,2024-06-26,review_stockout,,,,,Recent censored sales; verify tomorrow's supply before pricing.
182,425,2024-06-27,review_stockout,,,,,Recent censored sales; verify tomorrow's supply before pricing.
182,425,2024-06-28,recommend_discount,0.7,1.1143442153153185,1.439440370440313,1.7076082593082191,Supported candidate passes model agreement and value floor; mildest near-best sales option.
182,425,2024-06-29,recommend_discount,0.7,1.0518262949019248,1.0717277124721654,1.4502093987305158,Supported candidate passes model agreement and value floor; mildest near-best sales option.
182,425,2024-06-30,recommend_discount,0.7,1.0600509200155197,1.0677771535764964,1.4474440075035475,Supported candidate passes model agreement and value floor; mildest near-best sales option.
182,425,2024-07-01,review_stockout,,,,,Recent censored sales; verify tomorrow's supply before pricing.
182,425,2024-07-02,recommend_discount,0.7,0.9928704713637261,1.486174093609089,1.7403218655263624,Supported candidate passes model agreement and value floor; mildest near-best sales option.
182,426,2024-06-26,review_stockout,,,,,Recent censored sales; verify tomorrow's supply before pricing.
182,426,2024-06-27,review_stockout,,,,,Recent censored sales; verify tomorrow's supply before pricing.
182,426,2024-06-28,recommend_discount,0.9,1.853931978538339,0.20298499118711577,1.0826864920684043,Supported candidate passes model agreement and value floor; mildest near-best sales option.
182,426,2024-06-29,recommend_discount,0.9,2.052737021930427,0.1988173764625092,1.0789356388162583,Supported candidate passes model agreement and value floor; mildest near-best sales option.
182,426,2024-06-30,recommend_discount,0.9,2.118445319331628,0.18695352053785164,1.0682581684840664,Supported candidate passes model agreement and value floor; mildest near-best sales option.
182,426,2024-07-01,review_stockout,,,,,Recent censored sales; verify tomorrow's supply before pricing.
182,426,2024-07-02,review_stockout,,,,,Recent censored sales; verify tomorrow's supply before pricing.
182,452,2024-06-26,review_stockout,,,,,Recent censored sales; verify tomorrow's supply before pricing.
182,452,2024-06-27,recommend_discount,0.85,1.305564572086551,0.42034542051743085,1.2072936074398162,Supported candidate passes model agreement and value floor; mildest near-best sales option.
182,452,2024-06-28,recommend_discount,0.85,1.293679039515463,0.36876743221595043,1.1634523173835578,Supported candidate passes model agreement and value floor; mildest near-best sales option.
182,452,2024-06-29,recommend_discount,0.85,1.6474866438181404,0.3428074313848877,1.1413863166771545,Supported candidate passes model agreement and value floor; mildest near-best sales option.
182,452,2024-06-30,review_stockout,,,,,Recent censored sales; verify tomorrow's supply before pricing.
182,452,2024-07-01,review_stockout,,,,,Recent censored sales; verify tomorrow's supply before pricing.
182,452,2024-07-02,review_stockout,,,,,Recent censored sales; verify tomorrow's supply before pricing.
182,467,2024-06-26,review_stockout,,,,,Recent censored sales; verify tomorrow's supply before pricing.
182,467,2024-06-27,review_stockout,,,,,Recent censored sales; verify tomorrow's supply before pricing.
182,467,2024-06-28,recommend_discount,0.9,1.8536827882706723,0.28788596006011646,1.159097364054105,Supported candidate passes model agreement and value floor; mildest near-best sales option.
182,467,2024-06-29,recommend_discount,0.9,2.2655153070551,0.29349442199494713,1.1641449797954524,Supported candidate passes model agreement and value floor; mildest near-best sales option.
182,467,2024-06-30,review_stockout,,,,,Recent censored sales; verify tomorrow's supply before pricing.
182,467,2024-07-01,review_model_disagreement,,,,,Selected forecast supports a discount; reference models disagree.
182,467,2024-07-02,review_model_disagreement,,,,,Selected forecast supports a discount; reference models disagree.
182,473,2024-06-26,review_stockout,,,,,Recent censored sales; verify tomorrow's supply before pricing.
182,473,2024-06-27,recommend_discount,0.7,1.3019235621112581,0.99911956228529,1.3993836935997028,Supported candidate passes model agreement and value floor; mildest near-best sales option.
182,473,2024-06-28,recommend_discount,0.7,1.3603872005407087,0.9412159181654833,1.3588511427158383,Supported candidate passes model agreement and value floor; mildest near-best sales option.
182,473,2024-06-29,review_stockout,,,,,Recent censored sales; verify tomorrow's supply before pricing.
182,473,2024-06-30,review_stockout,,,,,Recent censored sales; verify tomorrow's supply before pricing.
182,473,2024-07-01,review_stockout,,,,,Recent censored sales; verify tomorrow's supply before pricing.
182,473,2024-07-02,review_stockout,,,,,Recent censored sales; verify tomorrow's supply before pricing.
182,476,2024-06-26,recommend_discount,0.75,0.6638593925336254,0.6502255292865571,1.237669146964918,Supported candidate passes model agreement and value floor; mildest near-best sales option.
182,476,2024-06-27,review_stockout,,,,,Recent censored sales; verify tomorrow's supply before pricing.
182,476,2024-06-28,review_stockout,,,,,Recent censored sales; verify tomorrow's supply before pricing.
182,476,2024-06-29,review_stockout,,,,,Recent censored sales; verify tomorrow's supply before pricing.
182,476,2024-06-30,recommend_discount,0.75,0.8021680035064078,0.6867478223337837,1.265060866750338,Supported candidate passes model agreement and value floor; mildest near-best sales option.
182,476,2024-07-01,recommend_discount,0.75,0.709583357856939,0.7943220088644258,1.3457415066483194,Supported candidate passes model agreement and value floor; mildest near-best sales option.
182,476,2024-07-02,review_stockout,,,,,Recent censored sales; verify tomorrow's supply before pricing.
182,496,2024-06-26,review_stockout,,,,,Recent censored sales; verify tomorrow's supply before pricing.
182,496,2024-06-27,review_stockout,,,,,Recent censored sales; verify tomorrow's supply before pricing.
182,496,2024-06-28,recommend_discount,0.85,0.9964863186222003,0.4245884847979484,1.2109002120782562,Supported candidate passes model agreement and value floor; mildest near-best sales option.
182,496,2024-06-29,review_stockout,,,,,Recent censored sales; verify tomorrow's supply before pricing.
182,496,2024-06-30,recommend_discount,0.85,1.232917778380577,0.35835071006345576,1.1545981035539374,Supported candidate passes model agreement and value floor; mildest near-best sales option.
182,496,2024-07-01,review_stockout,,,,,Recent censored sales; verify tomorrow's supply before pricing.
182,496,2024-07-02,review_stockout,,,,,Recent censored sales; verify tomorrow's supply before pricing.
182,506,2024-06-26,review_stockout,,,,,Recent censored sales; verify tomorrow's supply before pricing.
182,506,2024-06-27,recommend_discount,0.85,0.5242441207340525,0.39026319610644,1.181723716690474,Supported candidate passes model agreement and value floor; mildest near-best sales option.
182,506,2024-06-28,recommend_discount,0.85,0.5104843238923003,0.3901113156871705,1.1815946183340948,Supported candidate passes model agreement and value floor; mildest near-best sales option.
182,506,2024-06-29,review_stockout,,,,,Recent censored sales; verify tomorrow's supply before pricing.
182,506,2024-06-30,recommend_discount,0.85,0.6328340535102487,0.3810114416918129,1.173859725438041,Supported candidate passes model agreement and value floor; mildest near-best sales option.
182,506,2024-07-01,recommend_discount,0.85,0.5321011658172878,0.40416472100108436,1.1935400128509215,Supported candidate passes model agreement and value floor; mildest near-best sales option.
182,506,2024-07-02,review_stockout,,,,,Recent censored sales; verify tomorrow's supply before pricing.
182,554,2024-06-26,recommend_discount,0.75,1.8210913651632297,0.5591239539939961,1.169342965495497,Supported candidate passes model agreement and value floor; mildest near-best sales option.
182,554,2024-06-27,recommend_discount,0.75,1.521115149216076,0.6430306927464555,1.2322730195598417,Supported candidate passes model agreement and value floor; mildest near-best sales option.
182,554,2024-06-28,recommend_discount,0.75,1.7765440032079334,0.5609835918968411,1.1707376939226308,Supported candidate passes model agreement and value floor; mildest near-best sales option.
182,554,2024-06-29,review_stockout,,,,,Recent censored sales; verify tomorrow's supply before pricing.
182,554,2024-06-30,review_stockout,,,,,Recent censored sales; verify tomorrow's supply before pricing.
182,554,2024-07-01,review_stockout,,,,,Recent censored sales; verify tomorrow's supply before pricing.
182,554,2024-07-02,review_stockout,,,,,Recent censored sales; verify tomorrow's supply before pricing.
182,556,2024-06-26,recommend_discount,0.8,0.7527564775937382,0.4866582458027706,1.1893265966422166,Supported candidate passes model agreement and value floor; mildest near-best sales option.
182,556,2024-06-27,recommend_discount,0.8,0.6498612253591772,0.5051217108254404,1.2040973686603522,Supported candidate passes model agreement and value floor; mildest near-best sales option.
182,556,2024-06-28,recommend_discount,0.8,0.7329913767789086,0.4873072071882536,1.1898457657506027,Supported candidate passes model agreement and value floor; mildest near-best sales option.
182,556,2024-06-29,recommend_discount,0.8,0.7684762307249273,0.47101612194227194,1.1768128975538175,Supported candidate passes model agreement and value floor; mildest near-best sales option.
182,556,2024-06-30,recommend_discount,0.8,0.7157555554577022,0.4490279073900314,1.1592223259120251,Supported candidate passes model agreement and value floor; mildest near-best sales option.
182,556,2024-07-01,recommend_discount,0.8,0.5626833337399257,0.5195183521348876,1.21561468170791,Supported candidate passes model agreement and value floor; mildest near-best sales option.
182,556,2024-07-02,review_stockout,,,,,Recent censored sales; verify tomorrow's supply before pricing.
182,578,2024-06-26,review_stockout,,,,,Recent censored sales; verify tomorrow's supply before pricing.
182,578,2024-06-27,review_stockout,,,,,Recent censored sales; verify tomorrow's supply before pricing.
182,578,2024-06-28,recommend_discount,0.9,1.678457772718692,0.2527356313682443,1.1274620682314198,Supported candidate passes model agreement and value floor; mildest near-best sales option.
182,578,2024-06-29,recommend_discount,0.9,1.8200275490790938,0.2546818309437311,1.1292136478493582,Supported candidate passes model agreement and value floor; mildest near-best sales option.
182,578,2024-06-30,review_stockout,,,,,Recent censored sales; verify tomorrow's supply before pricing.
182,578,2024-07-01,review_stockout,,,,,Recent censored sales; verify tomorrow's supply before pricing.
182,578,2024-07-02,recommend_discount,0.9,1.669550407704889,0.23359719183700878,1.1102374726533077,Supported candidate passes model agreement and value floor; mildest near-best sales option.
182,592,2024-06-26,review_stockout,,,,,Recent censored sales; verify tomorrow's supply before pricing.
182,592,2024-06-27,recommend_discount,0.75,0.8993459500378952,0.6612469582819744,1.2459352187114807,Supported candidate passes model agreement and value floor; mildest near-best sales option.
182,592,2024-06-28,recommend_discount,0.75,0.8964790189341134,0.6289331757054337,1.2216998817790754,Supported candidate passes model agreement and value floor; mildest near-best sales option.
182,592,2024-06-29,recommend_discount,0.75,0.9850589116079141,0.4955366599873834,1.1216524949905375,Supported candidate passes model agreement and value floor; mildest near-best sales option.
182,592,2024-06-30,recommend_discount,0.75,1.0020356944122595,0.47011567917077524,1.1025867593780814,Supported candidate passes model agreement and value floor; mildest near-best sales option.
182,592,2024-07-01,recommend_discount,0.75,0.9338159074420859,0.5051462571341525,1.1288596928506145,Supported candidate passes model agreement and value floor; mildest near-best sales option.
182,592,2024-07-02,review_stockout,,,,,Recent censored sales; verify tomorrow's supply before pricing.
182,596,2024-06-26,review_stockout,,,,,Recent censored sales; verify tomorrow's supply before pricing.
182,596,2024-06-27,recommend_discount,0.75,3.0854057767553327,0.391219994281341,1.0434149957110057,Supported candidate passes model agreement and value floor; mildest near-best sales option.
182,596,2024-06-28,recommend_discount,0.75,2.707208963266679,0.4608601412332456,1.0956451059249341,Supported candidate passes model agreement and value floor; mildest near-best sales option.
182,596,2024-06-29,review_stockout,,,,,Recent censored sales; verify tomorrow's supply before pricing.
182,596,2024-06-30,review_stockout,,,,,Recent censored sales; verify tomorrow's supply before pricing.
182,596,2024-07-01,review_stockout,,,,,Recent censored sales; verify tomorrow's supply before pricing.
182,596,2024-07-02,review_stockout,,,,,Recent censored sales; verify tomorrow's supply before pricing.
182,627,2024-06-26,recommend_discount,0.75,0.5392908047902413,0.7841565405909503,1.3381174054432126,Supported candidate passes model agreement and value floor; mildest near-best sales option.
182,627,2024-06-27,recommend_discount,0.75,0.458145220490974,1.3334376760785966,1.7500782570589475,Supported candidate passes model agreement and value floor; mildest near-best sales option.
182,627,2024-06-28,recommend_discount,0.75,0.4860465795397797,1.3489898930219693,1.7617424197664768,Supported candidate passes model agreement and value floor; mildest near-best sales option.
182,627,2024-06-29,review_stockout,,,,,Recent censored sales; verify tomorrow's supply before pricing.
182,627,2024-06-30,review_stockout,,,,,Recent censored sales; verify tomorrow's supply before pricing.
182,627,2024-07-01,review_stockout,,,,,Recent censored sales; verify tomorrow's supply before pricing.
182,627,2024-07-02,review_stockout,,,,,Recent censored sales; verify tomorrow's supply before pricing.
182,631,2024-06-26,review_stockout,,,,,Recent censored sales; verify tomorrow's supply before pricing.
182,631,2024-06-27,recommend_discount,0.9,1.4777717922530158,0.2036295759324882,1.0832666183392394,Supported candidate passes model agreement and value floor; mildest near-best sales option.
182,631,2024-06-28,recommend_discount,0.9,1.5049885186756722,0.20278178534614866,1.082503606811534,Supported candidate passes model agreement and value floor; mildest near-best sales option.
182,631,2024-06-29,recommend_discount,0.9,2.1204037741117574,0.17911097333030757,1.061199875997277,Supported candidate passes model agreement and value floor; mildest near-best sales option.
182,631,2024-06-30,recommend_discount,0.9,2.069324109014656,0.18164612428215055,1.0634815118539354,Supported candidate passes model agreement and value floor; mildest near-best sales option.
182,631,2024-07-01,review_stockout,,,,,Recent censored sales; verify tomorrow's supply before pricing.
182,631,2024-07-02,review_stockout,,,,,Recent censored sales; verify tomorrow's supply before pricing.
182,636,2024-06-26,review_stockout,,,,,Recent censored sales; verify tomorrow's supply before pricing.
182,636,2024-06-27,review_stockout,,,,,Recent censored sales; verify tomorrow's supply before pricing.
182,636,2024-06-28,recommend_discount,0.85,0.6742843347028205,0.32493399688488367,1.126193897352151,Supported candidate passes model agreement and value floor; mildest near-best sales option.
182,636,2024-06-29,recommend_discount,0.85,0.7152656778304942,0.2825677869030696,1.0901826188676091,Supported candidate passes model agreement and value floor; mildest near-best sales option.
182,636,2024-06-30,review_stockout,,,,,Recent censored sales; verify tomorrow's supply before pricing.
182,636,2024-07-01,review_stockout,,,,,Recent censored sales; verify tomorrow's supply before pricing.
182,636,2024-07-02,recommend_discount,0.85,0.6479434769494536,0.2951167723242534,1.1008492564756154,Supported candidate passes model agreement and value floor; mildest near-best sales option.
182,644,2024-06-26,recommend_discount,0.6,1.9118280457214847,0.9517753505085766,1.171065210305146,Supported candidate passes model agreement and value floor; mildest near-best sales option.
182,644,2024-06-27,review_stockout,,,,,Recent censored sales; verify tomorrow's supply before pricing.
182,644,2024-06-28,review_stockout,,,,,Recent censored sales; verify tomorrow's supply before pricing.
182,644,2024-06-29,review_stockout,,,,,Recent censored sales; verify tomorrow's supply before pricing.
182,644,2024-06-30,recommend_discount,0.85,1.6588261743825115,0.41148646233648156,1.1997634929860093,Supported candidate passes model agreement and value floor; mildest near-best sales option.
182,644,2024-07-01,recommend_discount,0.85,1.3992239050165427,0.3480969356441461,1.1458823952975241,Supported candidate passes model agreement and value floor; mildest near-best sales option.
182,644,2024-07-02,recommend_discount,0.85,1.381235517973365,0.3474353531091896,1.1453200501428111,Supported candidate passes model agreement and value floor; mildest near-best sales option.
182,650,2024-06-26,recommend_discount,0.85,0.8468897243666509,0.3836573805358905,1.176108773455507,Supported candidate passes model agreement and value floor; mildest near-best sales option.
182,650,2024-06-27,recommend_discount,0.85,0.9045101596132353,0.33628232335914277,1.1358399748552712,Supported candidate passes model agreement and value floor; mildest near-best sales option.
182,650,2024-06-28,recommend_discount,0.85,0.9075898156019113,0.3346064195855851,1.1344154566477471,Supported candidate passes model agreement and value floor; mildest near-best sales option.
182,650,2024-06-29,review_stockout,,,,,Recent censored sales; verify tomorrow's supply before pricing.
182,650,2024-06-30,review_stockout,,,,,Recent censored sales; verify tomorrow's supply before pricing.
182,650,2024-07-01,review_stockout,,,,,Recent censored sales; verify tomorrow's supply before pricing.
182,650,2024-07-02,recommend_discount,0.85,0.8697061433937885,0.3406275337033884,1.1395334036478801,Supported candidate passes model agreement and value floor; mildest near-best sales option.
182,684,2024-06-26,recommend_discount,0.7,1.4390268834442943,0.6334993243550457,1.143449527048532,Supported candidate passes model agreement and value floor; mildest near-best sales option.
182,684,2024-06-27,review_stockout,,,,,Recent censored sales; verify tomorrow's supply before pricing.
182,684,2024-06-28,review_stockout,,,,,Recent censored sales; verify tomorrow's supply before pricing.
182,684,2024-06-29,review_stockout,,,,,Recent censored sales; verify tomorrow's supply before pricing.
182,684,2024-06-30,recommend_discount,0.7,1.6059677219679442,0.5608864153761852,1.0926204907633295,Supported candidate passes model agreement and value floor; mildest near-best sales option.
182,684,2024-07-01,review_stockout,,,,,Recent censored sales; verify tomorrow's supply before pricing.
182,684,2024-07-02,review_stockout,,,,,Recent censored sales; verify tomorrow's supply before pricing.
182,686,2024-06-26,review_stockout,,,,,Recent censored sales; verify tomorrow's supply before pricing.
182,686,2024-06-27,review_stockout,,,,,Recent censored sales; verify tomorrow's supply before pricing.
182,686,2024-06-28,review_stockout,,,,,Recent censored sales; verify tomorrow's supply before pricing.
182,686,2024-06-29,recommend_discount,0.8,1.9012905933393047,0.3222911744974597,1.0578329395979678,Supported candidate passes model agreement and value floor; mildest near-best sales option.
182,686,2024-06-30,review_stockout,,,,,Recent censored sales; verify tomorrow's supply before pricing.
182,686,2024-07-01,recommend_discount,0.8,1.658221599573928,0.3131776166603062,1.050542093328245,Supported candidate passes model agreement and value floor; mildest near-best sales option.
182,686,2024-07-02,review_stockout,,,,,Recent censored sales; verify tomorrow's supply before pricing.
182,706,2024-06-26,review_stockout,,,,,Recent censored sales; verify tomorrow's supply before pricing.
182,706,2024-06-27,review_stockout,,,,,Recent censored sales; verify tomorrow's supply before pricing.
182,706,2024-06-28,review_stockout,,,,,Recent censored sales; verify tomorrow's supply before pricing.
182,706,2024-06-29,review_stockout,,,,,Recent censored sales; verify tomorrow's supply before pricing.
182,706,2024-06-30,review_stockout,,,,,Recent censored sales; verify tomorrow's supply before pricing.
182,706,2024-07-01,review_stockout,,,,,Recent censored sales; verify tomorrow's supply before pricing.
182,706,2024-07-02,review_stockout,,,,,Recent censored sales; verify tomorrow's supply before pricing.
182,717,2024-06-26,review_stockout,,,,,Recent censored sales; verify tomorrow's supply before pricing.
182,717,2024-06-27,recommend_discount,0.85,0.8871978888256818,0.5434694768851238,1.3119490553523552,Supported candidate passes model agreement and value floor; mildest near-best sales option.
182,717,2024-06-28,recommend_discount,0.85,0.898025917716306,0.5299976925863652,1.3004980386984104,Supported candidate passes model agreement and value floor; mildest near-best sales option.
182,717,2024-06-29,recommend_discount,0.85,0.9662812320083805,0.46919399927361183,1.24881489938257,Supported candidate passes model agreement and value floor; mildest near-best sales option.
182,717,2024-06-30,review_stockout,,,,,Recent censored sales; verify tomorrow's supply before pricing.
182,717,2024-07-01,review_stockout,,,,,Recent censored sales; verify tomorrow's supply before pricing.
182,717,2024-07-02,review_stockout,,,,,Recent censored sales; verify tomorrow's supply before pricing.
182,764,2024-06-26,recommend_discount,0.85,1.033414447841196,0.4011024993961405,1.1909371244867195,Supported candidate passes model agreement and value floor; mildest near-best sales option.
182,764,2024-06-27,recommend_discount,0.85,0.9412200041373169,0.4317081807089116,1.2169519536025748,Supported candidate passes model agreement and value floor; mildest near-best sales option.
182,764,2024-06-28,recommend_discount,0.85,0.929197669112996,0.41606678634287686,1.2036567683914454,Supported candidate passes model agreement and value floor; mildest near-best sales option.
182,764,2024-06-29,recommend_discount,0.85,1.1113596163429693,0.369325112253865,1.1639263454157853,Supported candidate passes model agreement and value floor; mildest near-best sales option.
182,764,2024-06-30,recommend_discount,0.85,1.0279713002266202,0.4177261776898402,1.205067251036364,Supported candidate passes model agreement and value floor; mildest near-best sales option.
182,764,2024-07-01,recommend_discount,0.85,0.9143354871351408,0.3868751340095511,1.1788438639081185,Supported candidate passes model agreement and value floor; mildest near-best sales option.
182,764,2024-07-02,review_stockout,,,,,Recent censored sales; verify tomorrow's supply before pricing.
182,785,2024-06-26,review_stockout,,,,,Recent censored sales; verify tomorrow's supply before pricing.
182,785,2024-06-27,recommend_discount,0.8,0.4976809066480865,0.6316961615288843,1.3053569292231075,Supported candidate passes model agreement and value floor; mildest near-best sales option.
182,785,2024-06-28,review_stockout,,,,,Recent censored sales; verify tomorrow's supply before pricing.
182,785,2024-06-29,review_stockout,,,,,Recent censored sales; verify tomorrow's supply before pricing.
182,785,2024-06-30,review_stockout,,,,,Recent censored sales; verify tomorrow's supply before pricing.
182,785,2024-07-01,review_stockout,,,,,Recent censored sales; verify tomorrow's supply before pricing.
182,785,2024-07-02,review_stockout,,,,,Recent censored sales; verify tomorrow's supply before pricing.
182,793,2024-06-26,recommend_discount,0.9,1.151587184927489,0.2880211900900389,1.159219071081035,Supported candidate passes model agreement and value floor; mildest near-best sales option.
182,793,2024-06-27,recommend_discount,0.9,1.0660017078901325,0.4120704829223101,1.2708634346300791,Supported candidate passes model agreement and value floor; mildest near-best sales option.
182,793,2024-06-28,recommend_discount,0.9,1.004851745239589,0.3833451170005988,1.245010605300539,Supported candidate passes model agreement and value floor; mildest near-best sales option.
182,793,2024-06-29,recommend_discount,0.9,1.2339875938093448,0.33990318454334134,1.2059128660890073,Supported candidate passes model agreement and value floor; mildest near-best sales option.
182,793,2024-06-30,review_stockout,,,,,Recent censored sales; verify tomorrow's supply before pricing.
182,793,2024-07-01,review_stockout,,,,,Recent censored sales; verify tomorrow's supply before pricing.
182,793,2024-07-02,recommend_discount,0.9,1.0928021173827986,0.2943806534822153,1.1649425881339937,Supported candidate passes model agreement and value floor; mildest near-best sales option.
182,819,2024-06-26,recommend_discount,0.7,0.9796531250910506,1.6450619124583619,1.851543338720853,Supported candidate passes model agreement and value floor; mildest near-best sales option.
182,819,2024-06-27,recommend_discount,0.7,0.9864787217261953,1.6716908609696,1.87018360267872,Supported candidate passes model agreement and value floor; mildest near-best sales option.
182,819,2024-06-28,review_stockout,,,,,Recent censored sales; verify tomorrow's supply before pricing.
182,819,2024-06-29,review_stockout,,,,,Recent censored sales; verify tomorrow's supply before pricing.
182,819,2024-06-30,review_stockout,,,,,Recent censored sales; verify tomorrow's supply before pricing.
182,819,2024-07-01,review_stockout,,,,,Recent censored sales; verify tomorrow's supply before pricing.
182,819,2024-07-02,review_stockout,,,,,Recent censored sales; verify tomorrow's supply before pricing.
182,825,2024-06-26,recommend_discount,0.8,0.628795311900554,0.661069429084032,1.3288555432672255,Supported candidate passes model agreement and value floor; mildest near-best sales option.
182,825,2024-06-27,recommend_discount,0.8,0.5679901066887215,0.6246352295975821,1.2997081836780657,Supported candidate passes model agreement and value floor; mildest near-best sales option.
182,825,2024-06-28,review_stockout,,,,,Recent censored sales; verify tomorrow's supply before pricing.
182,825,2024-06-29,review_stockout,,,,,Recent censored sales; verify tomorrow's supply before pricing.
182,825,2024-06-30,review_stockout,,,,,Recent censored sales; verify tomorrow's supply before pricing.
182,825,2024-07-01,recommend_discount,0.8,0.6638420057497532,0.8368603525706162,1.4694882820564932,Supported candidate passes model agreement and value floor; mildest near-best sales option.
182,825,2024-07-02,recommend_discount,0.8,0.7103771863645371,0.8573931766087977,1.4859145412870383,Supported candidate passes model agreement and value floor; mildest near-best sales option.
182,841,2024-06-26,recommend_discount,0.85,0.4993243165967498,0.4091670037282884,1.1977919531690453,Supported candidate passes model agreement and value floor; mildest near-best sales option.
182,841,2024-06-27,recommend_discount,0.85,0.484147385719069,0.4376787191555971,1.2220269112822573,Supported candidate passes model agreement and value floor; mildest near-best sales option.
182,841,2024-06-28,review_stockout,,,,,Recent censored sales; verify tomorrow's supply before pricing.
182,841,2024-06-29,review_stockout,,,,,Recent censored sales; verify tomorrow's supply before pricing.
182,841,2024-06-30,review_stockout,,,,,Recent censored sales; verify tomorrow's supply before pricing.
182,841,2024-07-01,recommend_discount,0.85,0.4703357314910313,0.4022847171274151,1.1919420095583029,Supported candidate passes model agreement and value floor; mildest near-best sales option.
182,841,2024-07-02,recommend_discount,0.85,0.5138805872641622,0.3914023701363465,1.1826920146158943,Supported candidate passes model agreement and value floor; mildest near-best sales option.
182,858,2024-06-26,recommend_discount,0.9,0.5150196945652086,0.3320044421375057,1.198803997923755,Supported candidate passes model agreement and value floor; mildest near-best sales option.
182,858,2024-06-27,review_stockout,,,,,Recent censored sales; verify tomorrow's supply before pricing.
182,858,2024-06-28,review_stockout,,,,,Recent censored sales; verify tomorrow's supply before pricing.
182,858,2024-06-29,recommend_discount,0.9,0.5309316151662757,0.2502213583147934,1.125199222483314,Supported candidate passes model agreement and value floor; mildest near-best sales option.
182,858,2024-06-30,review_stockout,,,,,Recent censored sales; verify tomorrow's supply before pricing.
182,858,2024-07-01,review_stockout,,,,,Recent censored sales; verify tomorrow's supply before pricing.
182,858,2024-07-02,review_stockout,,,,,Recent censored sales; verify tomorrow's supply before pricing.
235,9,2024-06-26,recommend_discount,0.85,0.5666945193799512,0.29142801635174487,1.097713813898983,Supported candidate passes model agreement and value floor; mildest near-best sales option.
235,9,2024-06-27,review_stockout,,,,,Recent censored sales; verify tomorrow's supply before pricing.
235,9,2024-06-28,review_stockout,,,,,Recent censored sales; verify tomorrow's supply before pricing.
235,9,2024-06-29,recommend_discount,0.85,0.7052913869296825,0.2879598944425439,1.0947659102761622,Supported candidate passes model agreement and value floor; mildest near-best sales option.
235,9,2024-06-30,review_stockout,,,,,Recent censored sales; verify tomorrow's supply before pricing.
235,9,2024-07-01,review_stockout,,,,,Recent censored sales; verify tomorrow's supply before pricing.
235,9,2024-07-02,recommend_discount,0.85,0.5817740780058447,0.3274770406084746,1.1283554845172032,Supported candidate passes model agreement and value floor; mildest near-best sales option.
235,12,2024-06-26,recommend_discount,0.8,1.0306440484238755,0.4608914616833455,1.1687131693466764,Supported candidate passes model agreement and value floor; mildest near-best sales option.
235,12,2024-06-27,recommend_discount,0.8,1.0389708629634185,0.43962855778414545,1.1517028462273164,Supported candidate passes model agreement and value floor; mildest near-best sales option.
235,12,2024-06-28,recommend_discount,0.8,1.219006695450594,0.44021856215359856,1.1521748497228788,Supported candidate passes model agreement and value floor; mildest near-best sales option.
235,12,2024-06-29,review_stockout,,,,,Recent censored sales; verify tomorrow's supply before pricing.
235,12,2024-06-30,recommend_discount,0.8,1.2859921172680073,0.3828798909014872,1.10630391272119,Supported candidate passes model agreement and value floor; mildest near-best sales option.
235,12,2024-07-01,recommend_discount,0.8,1.0806910373198542,0.42189530107550977,1.1375162408604078,Supported candidate passes model agreement and value floor; mildest near-best sales option.
235,12,2024-07-02,recommend_discount,0.8,0.9865683405846627,0.4831313620531501,1.18650508964252,Supported candidate passes model agreement and value floor; mildest near-best sales option.
235,15,2024-06-26,recommend_discount,0.8,0.4505960031062072,0.5668308357020901,1.2534646685616722,Supported candidate passes model agreement and value floor; mildest near-best sales option.
235,15,2024-06-27,review_stockout,,,,,Recent censored sales; verify tomorrow's supply before pricing.
235,15,2024-06-28,review_stockout,,,,,Recent censored sales; verify tomorrow's supply before pricing.
235,15,2024-06-29,review_stockout,,,,,Recent censored sales; verify tomorrow's supply before pricing.
235,15,2024-06-30,recommend_discount,0.8,0.5756953912360988,0.46318368149843203,1.1705469451987456,Supported candidate passes model agreement and value floor; mildest near-best sales option.
235,15,2024-07-01,recommend_discount,0.8,0.4443409453373046,0.49741399728924485,1.197931197831396,Supported candidate passes model agreement and value floor; mildest near-best sales option.
235,15,2024-07-02,review_stockout,,,,,Recent censored sales; verify tomorrow's supply before pricing.
235,21,2024-06-26,recommend_discount,0.9,0.9600326054376351,0.1808899173709584,1.0628009256338624,Supported candidate passes model agreement and value floor; mildest near-best sales option.
235,21,2024-06-27,review_stockout,,,,,Recent censored sales; verify tomorrow's supply before pricing.
235,21,2024-06-28,review_stockout,,,,,Recent censored sales; verify tomorrow's supply before pricing.
235,21,2024-06-29,recommend_discount,0.9,1.69025034049701,0.1822837860158748,1.0640554074142872,Supported candidate passes model agreement and value floor; mildest near-best sales option.
235,21,2024-06-30,review_stockout,,,,,Recent censored sales; verify tomorrow's supply before pricing.
235,21,2024-07-01,review_stockout,,,,,Recent censored sales; verify tomorrow's supply before pricing.
235,21,2024-07-02,recommend_discount,0.9,1.1843439821832475,0.1934254695564419,1.0740829226007977,Supported candidate passes model agreement and value floor; mildest near-best sales option.
235,74,2024-06-26,review_stockout,,,,,Recent censored sales; verify tomorrow's supply before pricing.
235,74,2024-06-27,review_stockout,,,,,Recent censored sales; verify tomorrow's supply before pricing.
235,74,2024-06-28,review_stockout,,,,,Recent censored sales; verify tomorrow's supply before pricing.
235,74,2024-06-29,review_stockout,,,,,Recent censored sales; verify tomorrow's supply before pricing.
235,74,2024-06-30,recommend_discount,0.9,1.732386517831406,0.1908522411088831,1.071767016997995,Supported candidate passes model agreement and value floor; mildest near-best sales option.
235,74,2024-07-01,recommend_discount,0.9,1.556354583676021,0.22748518097136206,1.104736662874226,Supported candidate passes model agreement and value floor; mildest near-best sales option.
235,74,2024-07-02,review_stockout,,,,,Recent censored sales; verify tomorrow's supply before pricing.
235,94,2024-06-26,recommend_discount,0.8,0.7707451372242851,0.8559652025129549,1.484772162010364,Supported candidate passes model agreement and value floor; mildest near-best sales option.
235,94,2024-06-27,recommend_discount,0.8,0.7863562829443829,0.861276925764501,1.4890215406116007,Supported candidate passes model agreement and value floor; mildest near-best sales option.
235,94,2024-06-28,review_stockout,,,,,Recent censored sales; verify tomorrow's supply before pricing.
235,94,2024-06-29,review_stockout,,,,,Recent censored sales; verify tomorrow's supply before pricing.
235,94,2024-06-30,review_stockout,,,,,Recent censored sales; verify tomorrow's supply before pricing.
235,94,2024-07-01,recommend_discount,0.8,0.8614432805134806,0.7873746645102602,1.4298997316082083,Supported candidate passes model agreement and value floor; mildest near-best sales option.
235,94,2024-07-02,review_stockout,,,,,Recent censored sales; verify tomorrow's supply before pricing.
235,98,2024-06-26,recommend_discount,0.8,0.6439644201250806,0.6786195874566503,1.3428956699653203,Supported candidate passes model agreement and value floor; mildest near-best sales option.
235,98,2024-06-27,recommend_discount,0.8,0.5997161284996191,0.7691294654510925,1.4153035723608742,Supported candidate passes model agreement and value floor; mildest near-best sales option.
235,98,2024-06-28,review_stockout,,,,,Recent censored sales; verify tomorrow's supply before pricing.
235,98,2024-06-29,recommend_discount,0.8,0.7663516174110652,0.6291982802555334,1.3033586242044266,Supported candidate passes model agreement and value floor; mildest near-best sales option.
235,98,2024-06-30,recommend_discount,0.8,0.7963974005154514,0.6764998236164694,1.3411998588931757,Supported candidate passes model agreement and value floor; mildest near-best sales option.
235,98,2024-07-01,recommend_discount,0.8,0.5693483139543464,0.600973931496223,1.2807791451969783,Supported candidate passes model agreement and value floor; mildest near-best sales option.
235,98,2024-07-02,review_stockout,,,,,Recent censored sales; verify tomorrow's supply before pricing.
235,99,2024-06-26,recommend_discount,0.8,1.3475796978981824,0.6042007880331361,1.2833606304265088,Supported candidate passes model agreement and value floor; mildest near-best sales option.
235,99,2024-06-27,recommend_discount,0.8,1.2774464465105426,0.639613116843071,1.3116904934744569,Supported candidate passes model agreement and value floor; mildest near-best sales option.
235,99,2024-06-28,recommend_discount,0.8,1.2628322052145404,0.5415494199121909,1.2332395359297528,Supported candidate passes model agreement and value floor; mildest near-best sales option.
235,99,2024-06-29,recommend_discount,0.8,1.614277121247388,0.48948149956726916,1.1915851996538154,Supported candidate passes model agreement and value floor; mildest near-best sales option.
235,99,2024-06-30,recommend_discount,0.8,1.4574073835381476,0.5020984092546241,1.2016787274036995,Supported candidate passes model agreement and value floor; mildest near-best sales option.
235,99,2024-07-01,recommend_discount,0.8,1.2871554936569032,0.362819600362412,1.0902556802899295,Supported candidate passes model agreement and value floor; mildest near-best sales option.
235,99,2024-07-02,recommend_discount,0.8,1.2576382373289128,0.38559758758656626,1.108478070069253,Supported candidate passes model agreement and value floor; mildest near-best sales option.
235,100,2024-06-26,review_stockout,,,,,Recent censored sales; verify tomorrow's supply before pricing.
235,100,2024-06-27,recommend_discount,0.85,0.44259361198418606,0.4089844253923649,1.19763676158351,Supported candidate passes model agreement and value floor; mildest near-best sales option.
235,100,2024-06-28,recommend_discount,0.85,0.45556690366237623,0.396942482859149,1.1874011104302766,Supported candidate passes model agreement and value floor; mildest near-best sales option.
235,100,2024-06-29,recommend_discount,0.85,0.5596791253072351,0.3733598133665681,1.1673558413615828,Supported candidate passes model agreement and value floor; mildest near-best sales option.
235,100,2024-06-30,review_stockout,,,,,Recent censored sales; verify tomorrow's supply before pricing.
235,100,2024-07-01,review_stockout,,,,,Recent censored sales; verify tomorrow's supply before pricing.
235,100,2024-07-02,review_stockout,,,,,Recent censored sales; verify tomorrow's supply before pricing.
235,104,2024-06-26,recommend_discount,0.85,4.200845908033424,0.19973412195227813,1.0197740036594363,Supported candidate passes model agreement and value floor; mildest near-best sales option.
235,104,2024-06-27,review_stockout,,,,,Recent censored sales; verify tomorrow's supply before pricing.
235,104,2024-06-28,review_stockout,,,,,Recent censored sales; verify tomorrow's supply before pricing.
235,104,2024-06-29,review_model_disagreement,,,,,Selected forecast supports a discount; reference models disagree.
235,104,2024-06-30,review_stockout,,,,,Recent censored sales; verify tomorrow's supply before pricing.
235,104,2024-07-01,review_stockout,,,,,Recent censored sales; verify tomorrow's supply before pricing.
235,104,2024-07-02,review_stockout,,,,,Recent censored sales; verify tomorrow's supply before pricing.
235,105,2024-06-26,review_stockout,,,,,Recent censored sales; verify tomorrow's supply before pricing.
235,105,2024-06-27,review_stockout,,,,,Recent censored sales; verify tomorrow's supply before pricing.
235,105,2024-06-28,recommend_discount,0.8,0.7508233697044546,0.40766853839269457,1.1261348307141557,Supported candidate passes model agreement and value floor; mildest near-best sales option.
235,105,2024-06-29,review_stockout,,,,,Recent censored sales; verify tomorrow's supply before pricing.
235,105,2024-06-30,review_stockout,,,,,Recent censored sales; verify tomorrow's supply before pricing.
235,105,2024-07-01,review_stockout,,,,,Recent censored sales; verify tomorrow's supply before pricing.
235,105,2024-07-02,review_stockout,,,,,Recent censored sales; verify tomorrow's supply before pricing.
235,108,2024-06-26,review_stockout,,,,,Recent censored sales; verify tomorrow's supply before pricing.
235,108,2024-06-27,review_stockout,,,,,Recent censored sales; verify tomorrow's supply before pricing.
235,108,2024-06-28,recommend_discount,0.6,1.602580296578204,1.4352018892651004,1.4611211335590601,Supported candidate passes model agreement and value floor; mildest near-best sales option.
235,108,2024-06-29,recommend_discount,0.6,1.5832340713659365,1.2069323799949077,1.3241594279969446,Supported candidate passes model agreement and value floor; mildest near-best sales option.
235,108,2024-06-30,review_stockout,,,,,Recent censored sales; verify tomorrow's supply before pricing.
235,108,2024-07-01,review_stockout,,,,,Recent censored sales; verify tomorrow's supply before pricing.
235,108,2024-07-02,review_stockout,,,,,Recent censored sales; verify tomorrow's supply before pricing.
235,109,2024-06-26,recommend_discount,0.75,0.7819236318273425,0.9854648075042534,1.48909860562819,Supported candidate passes model agreement and value floor; mildest near-best sales option.
235,109,2024-06-27,recommend_discount,0.75,0.6953708369680471,1.220448612851973,1.6653364596389795,Supported candidate passes model agreement and value floor; mildest near-best sales option.
235,109,2024-06-28,review_stockout,,,,,Recent censored sales; verify tomorrow's supply before pricing.
235,109,2024-06-29,recommend_discount,0.75,0.7687695144809633,0.9991952739279462,1.4993964554459596,Supported candidate passes model agreement and value floor; mildest near-best sales option.
235,109,2024-06-30,review_stockout,,,,,Recent censored sales; verify tomorrow's supply before pricing.
235,109,2024-07-01,review_stockout,,,,,Recent censored sales; verify tomorrow's supply before pricing.
235,109,2024-07-02,review_stockout,,,,,Recent censored sales; verify tomorrow's supply before pricing.
235,121,2024-06-26,recommend_discount,0.85,0.7750075646909174,0.5192401581624566,1.291354134438088,Supported candidate passes model agreement and value floor; mildest near-best sales option.
235,121,2024-06-27,recommend_discount,0.85,0.7088918827822361,0.6075564310588075,1.3664229663999863,Supported candidate passes model agreement and value floor; mildest near-best sales option.
235,121,2024-06-28,review_stockout,,,,,Recent censored sales; verify tomorrow's supply before pricing.
235,121,2024-06-29,review_stockout,,,,,Recent censored sales; verify tomorrow's supply before pricing.
235,121,2024-06-30,recommend_discount,0.85,0.8905811708599827,0.38522582326157373,1.1774419497723376,Supported candidate passes model agreement and value floor; mildest near-best sales option.
235,121,2024-07-01,recommend_discount,0.85,0.6971838694634016,0.5225310251217974,1.2941513713535278,Supported candidate passes model agreement and value floor; mildest near-best sales option.
235,121,2024-07-02,recommend_discount,0.85,0.7059741368593514,0.5228372423259233,1.294411655977035,Supported candidate passes model agreement and value floor; mildest near-best sales option.
235,122,2024-06-26,review_model_disagreement,,,,,Selected forecast supports a discount; reference models disagree.
235,122,2024-06-27,review_stockout,,,,,Recent censored sales; verify tomorrow's supply before pricing.
235,122,2024-06-28,review_model_disagreement,,,,,Selected forecast supports a discount; reference models disagree.
235,122,2024-06-29,review_model_disagreement,,,,,Selected forecast supports a discount; reference models disagree.
235,122,2024-06-30,review_model_disagreement,,,,,Selected forecast supports a discount; reference models disagree.
235,122,2024-07-01,review_model_disagreement,,,,,Selected forecast supports a discount; reference models disagree.
235,122,2024-07-02,recommend_discount,0.9,4.711666580938415,0.11407300921188512,1.0026657082906967,Supported candidate passes model agreement and value floor; mildest near-best sales option.
235,133,2024-06-26,recommend_discount,0.75,1.0176192938229849,0.49609656964493354,1.1220724272337002,Supported candidate passes model agreement and value floor; mildest near-best sales option.
235,133,2024-06-27,recommend_discount,0.75,1.0285329463074282,0.4845524892068993,1.1134143669051744,Supported candidate passes model agreement and value floor; mildest near-best sales option.
235,133,2024-06-28,recommend_discount,0.75,1.0628945903737441,0.465618495473052,1.099213871604789,Supported candidate passes model agreement and value floor; mildest near-best sales option.
235,133,2024-06-29,recommend_discount,0.75,1.1674465737448627,0.3990789295553183,1.0493091971664887,Supported candidate passes model agreement and value floor; mildest near-best sales option.
235,133,2024-06-30,review_stockout,,,,,Recent censored sales; verify tomorrow's supply before pricing.
235,133,2024-07-01,review_stockout,,,,,Recent censored sales; verify tomorrow's supply before pricing.
235,133,2024-07-02,recommend_discount,0.75,1.0400962680117356,0.5427605606066039,1.1570704204549531,Supported candidate passes model agreement and value floor; mildest near-best sales option.
235,220,2024-06-26,recommend_discount,0.85,0.9040447922634431,0.30673418247807027,1.1107240551063597,Supported candidate passes model agreement and value floor; mildest near-best sales option.
235,220,2024-06-27,recommend_discount,0.85,0.9462404320728782,0.3154403616166963,1.1181243073741918,Supported candidate passes model agreement and value floor; mildest near-best sales option.
235,220,2024-06-28,recommend_discount,0.85,0.8939952962457105,0.35024875070810824,1.1477114381018918,Supported candidate passes model agreement and value floor; mildest near-best sales option.
235,220,2024-06-29,review_stockout,,,,,Recent censored sales; verify tomorrow's supply before pricing.
235,220,2024-06-30,review_stockout,,,,,Recent censored sales; verify tomorrow's supply before pricing.
235,220,2024-07-01,recommend_discount,0.85,1.006067061295477,0.32957806411609036,1.130141354498677,Supported candidate passes model agreement and value floor; mildest near-best sales option.
235,220,2024-07-02,recommend_discount,0.85,0.9374667536199156,0.3319235874979498,1.1321350493732574,Supported candidate passes model agreement and value floor; mildest near-best sales option.
235,247,2024-06-26,review_stockout,,,,,Recent censored sales; verify tomorrow's supply before pricing.
235,247,2024-06-27,review_stockout,,,,,Recent censored sales; verify tomorrow's supply before pricing.
235,247,2024-06-28,recommend_discount,0.75,0.9541377007497428,0.6268227984906884,1.2201170988680163,Supported candidate passes model agreement and value floor; mildest near-best sales option.
235,247,2024-06-29,recommend_discount,0.75,0.9394969300131033,0.6684424965068252,1.251331872380119,Supported candidate passes model agreement and value floor; mildest near-best sales option.
235,247,2024-06-30,review_stockout,,,,,Recent censored sales; verify tomorrow's supply before pricing.
235,247,2024-07-01,review_stockout,,,,,Recent censored sales; verify tomorrow's supply before pricing.
235,247,2024-07-02,recommend_discount,0.75,0.7862516588611286,0.5308854739028004,1.1481641054271003,Supported candidate passes model agreement and value floor; mildest near-best sales option.
235,250,2024-06-26,review_stockout,,,,,Recent censored sales; verify tomorrow's supply before pricing.
235,250,2024-06-27,recommend_discount,0.8,0.8241655266612922,0.4162293958773333,1.132983516701867,Supported candidate passes model agreement and value floor; mildest near-best sales option.
235,250,2024-06-28,recommend_discount,0.8,0.8109492294091108,0.41634661935387673,1.1330772954831014,Supported candidate passes model agreement and value floor; mildest near-best sales option.
235,250,2024-06-29,recommend_discount,0.8,0.9580221662592385,0.3882219207070592,1.1105775365656476,Supported candidate passes model agreement and value floor; mildest near-best sales option.
235,250,2024-06-30,recommend_discount,0.8,0.9865583152382875,0.3823101049464477,1.1058480839571583,Supported candidate passes model agreement and value floor; mildest near-best sales option.
235,250,2024-07-01,recommend_discount,0.8,0.8595239935960197,0.4280621588566005,1.1424497270852805,Supported candidate passes model agreement and value floor; mildest near-best sales option.
235,250,2024-07-02,recommend_discount,0.8,0.8668109031649035,0.41229658067127883,1.129837264537023,Supported candidate passes model agreement and value floor; mildest near-best sales option.
235,257,2024-06-26,review_stockout,,,,,Recent censored sales; verify tomorrow's supply before pricing.
235,257,2024-06-27,recommend_discount,0.7,1.0368548078238164,1.298121342967295,1.6086849400771064,Supported candidate passes model agreement and value floor; mildest near-best sales option.
235,257,2024-06-28,review_stockout,,,,,Recent censored sales; verify tomorrow's supply before pricing.
235,257,2024-06-29,recommend_discount,0.7,1.2400449622145864,0.9824393018072894,1.3877075112651025,Supported candidate passes model agreement and value floor; mildest near-best sales option.
235,257,2024-06-30,review_stockout,,,,,Recent censored sales; verify tomorrow's supply before pricing.
235,257,2024-07-01,recommend_discount,0.7,1.0322959379640553,1.1168029870070657,1.4817620909049458,Supported candidate passes model agreement and value floor; mildest near-best sales option.
235,257,2024-07-02,review_stockout,,,,,Recent censored sales; verify tomorrow's supply before pricing.
235,258,2024-06-26,recommend_discount,0.9,1.093312805076707,0.1864190047006451,1.0677771042305806,Supported candidate passes model agreement and value floor; mildest near-best sales option.
235,258,2024-06-27,recommend_discount,0.9,1.0015577563977507,0.20733186092199785,1.086598674829798,Supported candidate passes model agreement and value floor; mildest near-best sales option.
235,258,2024-06-28,review_stockout,,,,,Recent censored sales; verify tomorrow's supply before pricing.
235,258,2024-06-29,recommend_discount,0.9,1.1803045631916929,0.1964454991710216,1.0768009492539194,Supported candidate passes model agreement and value floor; mildest near-best sales option.
235,258,2024-06-30,review_stockout,,,,,Recent censored sales; verify tomorrow's supply before pricing.
235,258,2024-07-01,recommend_discount,0.9,1.1472516316466947,0.22968347402903988,1.106715126626136,Supported candidate passes model agreement and value floor; mildest near-best sales option.
235,258,2024-07-02,recommend_discount,0.9,1.1127201169410754,0.1922902321376878,1.073061208923919,Supported candidate passes model agreement and value floor; mildest near-best sales option.
235,285,2024-06-26,recommend_discount,0.9,0.5608861180919671,0.21077279721629028,1.0896955174946614,Supported candidate passes model agreement and value floor; mildest near-best sales option.
235,285,2024-06-27,recommend_discount,0.9,0.539296393183492,0.23398250838315726,1.1105842575448417,Supported candidate passes model agreement and value floor; mildest near-best sales option.
235,285,2024-06-28,review_stockout,,,,,Recent censored sales; verify tomorrow's supply before pricing.
235,285,2024-06-29,review_stockout,,,,,Recent censored sales; verify tomorrow's supply before pricing.
235,285,2024-06-30,review_stockout,,,,,Recent censored sales; verify tomorrow's supply before pricing.
235,285,2024-07-01,review_stockout,,,,,Recent censored sales; verify tomorrow's supply before pricing.
235,285,2024-07-02,review_stockout,,,,,Recent censored sales; verify tomorrow's supply before pricing.
235,291,2024-06-26,recommend_discount,0.8,1.1040313802551658,0.3606899068215723,1.088551925457258,Supported candidate passes model agreement and value floor; mildest near-best sales option.
235,291,2024-06-27,recommend_discount,0.8,1.0283112543761057,0.3892782018497283,1.1114225614797826,Supported candidate passes model agreement and value floor; mildest near-best sales option.
235,291,2024-06-28,review_stockout,,,,,Recent censored sales; verify tomorrow's supply before pricing.
235,291,2024-06-29,recommend_discount,0.8,1.2303536463025082,0.33881639795234353,1.071053118361875,Supported candidate passes model agreement and value floor; mildest near-best sales option.
235,291,2024-06-30,recommend_discount,0.8,1.2133616334925592,0.3465663972990327,1.0772531178392262,Supported candidate passes model agreement and value floor; mildest near-best sales option.
235,291,2024-07-01,review_stockout,,,,,Recent censored sales; verify tomorrow's supply before pricing.
235,291,2024-07-02,review_stockout,,,,,Recent censored sales; verify tomorrow's supply before pricing.
235,345,2024-06-26,review_stockout,,,,,Recent censored sales; verify tomorrow's supply before pricing.
235,345,2024-06-27,review_stockout,,,,,Recent censored sales; verify tomorrow's supply before pricing.
235,345,2024-06-28,recommend_discount,0.8,1.1262936269752286,0.36655487988638624,1.093243903909109,Supported candidate passes model agreement and value floor; mildest near-best sales option.
235,345,2024-06-29,review_stockout,,,,,Recent censored sales; verify tomorrow's supply before pricing.
235,345,2024-06-30,review_stockout,,,,,Recent censored sales; verify tomorrow's supply before pricing.
235,345,2024-07-01,recommend_discount,0.8,1.2422209305068994,0.36001435873427257,1.088011486987418,Supported candidate passes model agreement and value floor; mildest near-best sales option.
235,345,2024-07-02,recommend_discount,0.8,1.251370230092704,0.34782626224321045,1.0782610097945682,Supported candidate passes model agreement and value floor; mildest near-best sales option.
235,348,2024-06-26,review_stockout,,,,,Recent censored sales; verify tomorrow's supply before pricing.
235,348,2024-06-27,review_stockout,,,,,Recent censored sales; verify tomorrow's supply before pricing.
235,348,2024-06-28,recommend_discount,0.75,0.8109956001556476,1.0596305310098608,1.5447228982573957,Supported candidate passes model agreement and value floor; mildest near-best sales option.
235,348,2024-06-29,review_stockout,,,,,Recent censored sales; verify tomorrow's supply before pricing.
235,348,2024-06-30,recommend_discount,0.75,0.9842561940440681,0.803424742756133,1.3525685570670996,Supported candidate passes model agreement and value floor; mildest near-best sales option.
235,348,2024-07-01,recommend_discount,0.75,0.941108349484497,1.0246316826082986,1.5184737619562239,Supported candidate passes model agreement and value floor; mildest near-best sales option.
235,348,2024-07-02,recommend_discount,0.75,0.886793723363599,1.0208822260691486,1.5156616695518612,Supported candidate passes model agreement and value floor; mildest near-best sales option.
235,373,2024-06-26,review_stockout,,,,,Recent censored sales; verify tomorrow's supply before pricing.
235,373,2024-06-27,review_stockout,,,,,Recent censored sales; verify tomorrow's supply before pricing.
235,373,2024-06-28,review_stockout,,,,,Recent censored sales; verify tomorrow's supply before pricing.
235,373,2024-06-29,review_stockout,,,,,Recent censored sales; verify tomorrow's supply before pricing.
235,373,2024-06-30,recommend_discount,0.85,0.6785838726892828,0.34784425425309795,1.1456676161151331,Supported candidate passes model agreement and value floor; mildest near-best sales option.
235,373,2024-07-01,review_stockout,,,,,Recent censored sales; verify tomorrow's supply before pricing.
235,373,2024-07-02,review_stockout,,,,,Recent censored sales; verify tomorrow's supply before pricing.
235,374,2024-06-26,recommend_discount,0.9,0.7050271609808734,0.22597884064461748,1.1033809565801558,Supported candidate passes model agreement and value floor; mildest near-best sales option.
235,374,2024-06-27,recommend_discount,0.9,0.7073273449539917,0.23524378071633478,1.1117194026447013,Supported candidate passes model agreement and value floor; mildest near-best sales option.
235,374,2024-06-28,recommend_discount,0.9,0.6539799247738294,0.20409039372664028,1.0836813543539763,Supported candidate passes model agreement and value floor; mildest near-best sales option.
235,374,2024-06-29,recommend_discount,0.9,0.7738245099684974,0.21617881330329292,1.0945609319729637,Supported candidate passes model agreement and value floor; mildest near-best sales option.
235,374,2024-06-30,recommend_discount,0.9,0.7233363397676082,0.21782758885870357,1.0960448299728331,Supported candidate passes model agreement and value floor; mildest near-best sales option.
235,374,2024-07-01,recommend_discount,0.9,0.5801062237008898,0.1832746684457487,1.064947201601174,Supported candidate passes model agreement and value floor; mildest near-best sales option.
235,374,2024-07-02,recommend_discount,0.9,0.5799636406135139,0.18316402146658706,1.0648476193199286,Supported candidate passes model agreement and value floor; mildest near-best sales option.
235,379,2024-06-26,recommend_discount,0.8,0.42139154860208705,0.732112178324293,1.3856897426594346,Supported candidate passes model agreement and value floor; mildest near-best sales option.
235,379,2024-06-27,recommend_discount,0.8,0.43299116464861653,1.1129718889455988,1.6903775111564792,Supported candidate passes model agreement and value floor; mildest near-best sales option.
235,379,2024-06-28,recommend_discount,0.8,0.4375421466760173,1.1571934213254416,1.7257547370603534,Supported candidate passes model agreement and value floor; mildest near-best sales option.
235,379,2024-06-29,recommend_discount,0.8,0.4565159487764923,0.8966954961510878,1.5173563969208703,Supported candidate passes model agreement and value floor; mildest near-best sales option.
235,379,2024-06-30,recommend_discount,0.8,0.44915667918834884,0.9085321499738943,1.5268257199791155,Supported candidate passes model agreement and value floor; mildest near-best sales option.
235,379,2024-07-01,recommend_discount,0.8,0.34631405110634794,0.9301895608397093,1.5441516486717675,Supported candidate passes model agreement and value floor; mildest near-best sales option.
235,379,2024-07-02,recommend_discount,0.8,0.35836794980701625,0.9075447665252672,1.5260358132202139,Supported candidate passes model agreement and value floor; mildest near-best sales option.
235,411,2024-06-26,recommend_discount,0.8,1.3281217460418322,0.55504741146381,1.2440379291710482,Supported candidate passes model agreement and value floor; mildest near-best sales option.
235,411,2024-06-27,recommend_discount,0.8,1.1691197448442499,0.5637445053114545,1.2509956042491637,Supported candidate passes model agreement and value floor; mildest near-best sales option.
235,411,2024-06-28,recommend_discount,0.8,1.2813845569192188,0.5334048013404449,1.226723841072356,Supported candidate passes model agreement and value floor; mildest near-best sales option.
235,411,2024-06-29,recommend_discount,0.8,1.4729982903864498,0.3980083318587435,1.1184066654869949,Supported candidate passes model agreement and value floor; mildest near-best sales option.
235,411,2024-06-30,recommend_discount,0.8,1.3844923082295275,0.47078631216997313,1.1766290497359786,Supported candidate passes model agreement and value floor; mildest near-best sales option.
235,411,2024-07-01,recommend_discount,0.8,1.3324503110969799,0.4988600207275067,1.1990880165820053,Supported candidate passes model agreement and value floor; mildest near-best sales option.
235,411,2024-07-02,recommend_discount,0.8,1.3035381900751621,0.4588601017436795,1.1670880813949436,Supported candidate passes model agreement and value floor; mildest near-best sales option.
235,421,2024-06-26,review_stockout,,,,,Recent censored sales; verify tomorrow's supply before pricing.
235,421,2024-06-27,review_stockout,,,,,Recent censored sales; verify tomorrow's supply before pricing.
235,421,2024-06-28,review_stockout,,,,,Recent censored sales; verify tomorrow's supply before pricing.
235,421,2024-06-29,review_stockout,,,,,Recent censored sales; verify tomorrow's supply before pricing.
235,421,2024-06-30,recommend_discount,0.75,0.912779215231712,0.7323261223084172,1.299244591731313,Supported candidate passes model agreement and value floor; mildest near-best sales option.
235,421,2024-07-01,review_stockout,,,,,Recent censored sales; verify tomorrow's supply before pricing.
235,421,2024-07-02,recommend_discount,0.75,0.7529177824394109,0.8842436601905423,1.4131827451429066,Supported candidate passes model agreement and value floor; mildest near-best sales option.
235,422,2024-06-26,review_stockout,,,,,Recent censored sales; verify tomorrow's supply before pricing.
235,422,2024-06-27,review_stockout,,,,,Recent censored sales; verify tomorrow's supply before pricing.
235,422,2024-06-28,review_stockout,,,,,Recent censored sales; verify tomorrow's supply before pricing.
235,422,2024-06-29,recommend_discount,0.85,1.6605733037534272,0.3181577345513724,1.1204340743686667,Supported candidate passes model agreement and value floor; mildest near-best sales option.
235,422,2024-06-30,review_stockout,,,,,Recent censored sales; verify tomorrow's supply before pricing.
235,422,2024-07-01,review_stockout,,,,,Recent censored sales; verify tomorrow's supply before pricing.
235,422,2024-07-02,review_stockout,,,,,Recent censored sales; verify tomorrow's supply before pricing.
235,424,2024-06-26,recommend_discount,0.7,1.1295197532640306,1.147296521596525,1.5031075651175674,Supported candidate passes model agreement and value floor; mildest near-best sales option.
235,424,2024-06-27,recommend_discount,0.7,1.1069637294407144,1.2590507555478765,1.5813355288835136,Supported candidate passes model agreement and value floor; mildest near-best sales option.
235,424,2024-06-28,recommend_discount,0.7,1.0561410920105454,0.9853096236651551,1.3897167365656085,Supported candidate passes model agreement and value floor; mildest near-best sales option.
235,424,2024-06-29,recommend_discount,0.7,1.079668713127012,0.9362345470391715,1.3553641829274201,Supported candidate passes model agreement and value floor; mildest near-best sales option.
235,424,2024-06-30,recommend_discount,0.7,0.9778831237300618,0.9561218073569819,1.3692852651498872,Supported candidate passes model agreement and value floor; mildest near-best sales option.
235,424,2024-07-01,recommend_discount,0.7,0.9127641714433206,1.1931718061715841,1.5352202643201087,Supported candidate passes model agreement and value floor; mildest near-best sales option.
235,424,2024-07-02,recommend_discount,0.7,0.9665963601740151,1.140010575961766,1.4980074031732362,Supported candidate passes model agreement and value floor; mildest near-best sales option.
235,425,2024-06-26,recommend_discount,0.8,0.7970218799439859,0.47427406923104787,1.1794192553848384,Supported candidate passes model agreement and value floor; mildest near-best sales option.
235,425,2024-06-27,recommend_discount,0.8,0.7542963909180012,0.4672707171924968,1.1738165737539974,Supported candidate passes model agreement and value floor; mildest near-best sales option.
235,425,2024-06-28,recommend_discount,0.8,0.7259961878509429,0.4809442211257897,1.1847553769006318,Supported candidate passes model agreement and value floor; mildest near-best sales option.
235,425,2024-06-29,recommend_discount,0.8,0.8315870144455619,0.4784652572640442,1.1827722058112353,Supported candidate passes model agreement and value floor; mildest near-best sales option.
235,425,2024-06-30,recommend_discount,0.8,0.8521717694573734,0.4723093491460304,1.1778474793168243,Supported candidate passes model agreement and value floor; mildest near-best sales option.
235,425,2024-07-01,review_stockout,,,,,Recent censored sales; verify tomorrow's supply before pricing.
235,425,2024-07-02,review_stockout,,,,,Recent censored sales; verify tomorrow's supply before pricing.
235,476,2024-06-26,recommend_discount,0.75,0.8106112529373776,0.6473684312336361,1.235526323425227,Supported candidate passes model agreement and value floor; mildest near-best sales option.
235,476,2024-06-27,recommend_discount,0.75,0.7424352248962691,0.6043614956231271,1.2032711217173453,Supported candidate passes model agreement and value floor; mildest near-best sales option.
235,476,2024-06-28,recommend_discount,0.75,0.7820611335372216,0.5849475290309059,1.1887106467731792,Supported candidate passes model agreement and value floor; mildest near-best sales option.
235,476,2024-06-29,review_stockout,,,,,Recent censored sales; verify tomorrow's supply before pricing.
235,476,2024-06-30,review_stockout,,,,,Recent censored sales; verify tomorrow's supply before pricing.
235,476,2024-07-01,review_stockout,,,,,Recent censored sales; verify tomorrow's supply before pricing.
235,476,2024-07-02,review_stockout,,,,,Recent censored sales; verify tomorrow's supply before pricing.
235,496,2024-06-26,review_stockout,,,,,Recent censored sales; verify tomorrow's supply before pricing.
235,496,2024-06-27,review_stockout,,,,,Recent censored sales; verify tomorrow's supply before pricing.
235,496,2024-06-28,review_stockout,,,,,Recent censored sales; verify tomorrow's supply before pricing.
235,496,2024-06-29,recommend_discount,0.85,0.8778697026928091,0.30916348657367343,1.1127889635876225,Supported candidate passes model agreement and value floor; mildest near-best sales option.
235,496,2024-06-30,recommend_discount,0.85,0.9184600911204024,0.30836714934669374,1.1121120769446897,Supported candidate passes model agreement and value floor; mildest near-best sales option.
235,496,2024-07-01,recommend_discount,0.85,0.8613640377795273,0.33618544199124023,1.1357576256925541,Supported candidate passes model agreement and value floor; mildest near-best sales option.
235,496,2024-07-02,review_stockout,,,,,Recent censored sales; verify tomorrow's supply before pricing.
235,506,2024-06-26,review_stockout,,,,,Recent censored sales; verify tomorrow's supply before pricing.
235,506,2024-06-27,review_stockout,,,,,Recent censored sales; verify tomorrow's supply before pricing.
235,506,2024-06-28,recommend_discount,0.85,0.49380706475189284,0.3678642057909016,1.1626845749222665,Supported candidate passes model agreement and value floor; mildest near-best sales option.
235,506,2024-06-29,recommend_discount,0.85,0.5704673519653797,0.3627283469506919,1.158319094908088,Supported candidate passes model agreement and value floor; mildest near-best sales option.
235,506,2024-06-30,recommend_discount,0.85,0.6166519988144892,0.39180521464140816,1.183034432445197,Supported candidate passes model agreement and value floor; mildest near-best sales option.
235,506,2024-07-01,review_stockout,,,,,Recent censored sales; verify tomorrow's supply before pricing.
235,506,2024-07-02,review_stockout,,,,,Recent censored sales; verify tomorrow's supply before pricing.
235,525,2024-06-26,review_stockout,,,,,Recent censored sales; verify tomorrow's supply before pricing.
235,525,2024-06-27,recommend_discount,0.8,0.7674523715476371,0.697620167108217,1.3580961336865738,Supported candidate passes model agreement and value floor; mildest near-best sales option.
235,525,2024-06-28,recommend_discount,0.8,0.8371628532589118,0.4994984617168621,1.1995987693734897,Supported candidate passes model agreement and value floor; mildest near-best sales option.
235,525,2024-06-29,review_stockout,,,,,Recent censored sales; verify tomorrow's supply before pricing.
235,525,2024-06-30,recommend_discount,0.8,0.8247654300198864,0.4995506152997433,1.1996404922397945,Supported candidate passes model agreement and value floor; mildest near-best sales option.
235,525,2024-07-01,recommend_discount,0.8,0.6828864486581848,0.437185503938756,1.1497484031510048,Supported candidate passes model agreement and value floor; mildest near-best sales option.
235,525,2024-07-02,review_stockout,,,,,Recent censored sales; verify tomorrow's supply before pricing.
235,536,2024-06-26,review_stockout,,,,,Recent censored sales; verify tomorrow's supply before pricing.
235,536,2024-06-27,review_stockout,,,,,Recent censored sales; verify tomorrow's supply before pricing.
235,536,2024-06-28,review_stockout,,,,,Recent censored sales; verify tomorrow's supply before pricing.
235,536,2024-06-29,recommend_discount,0.75,1.464556845424505,0.5929843297150124,1.194738247286259,Supported candidate passes model agreement and value floor; mildest near-best sales option.
235,536,2024-06-30,recommend_discount,0.7,1.6848481642658166,0.8157510465173603,1.2710257325621521,Supported candidate passes model agreement and value floor; mildest near-best sales option.
235,536,2024-07-01,recommend_discount,0.7,1.589564141824504,0.7806425702960245,1.246449799207217,Supported candidate passes model agreement and value floor; mildest near-best sales option.
235,536,2024-07-02,recommend_discount,0.7,1.4896724905198442,0.7785537568052412,1.2449876297636686,Supported candidate passes model agreement and value floor; mildest near-best sales option.
235,556,2024-06-26,review_stockout,,,,,Recent censored sales; verify tomorrow's supply before pricing.
235,556,2024-06-27,recommend_discount,0.85,0.6679453437778555,0.3422133226339812,1.140881324238884,Supported candidate passes model agreement and value floor; mildest near-best sales option.
235,556,2024-06-28,recommend_discount,0.85,0.8024127768972019,0.3352716615960636,1.1349809123566539,Supported candidate passes model agreement and value floor; mildest near-best sales option.
235,556,2024-06-29,recommend_discount,0.85,0.8885936612470763,0.30967425061552256,1.1132231130231942,Supported candidate passes model agreement and value floor; mildest near-best sales option.
235,556,2024-06-30,recommend_discount,0.85,0.8865487296239456,0.31413888445113947,1.1170180517834685,Supported candidate passes model agreement and value floor; mildest near-best sales option.
235,556,2024-07-01,recommend_discount,0.85,0.6501670755191127,0.3152631219089328,1.117973653622593,Supported candidate passes model agreement and value floor; mildest near-best sales option.
235,556,2024-07-02,review_stockout,,,,,Recent censored sales; verify tomorrow's supply before pricing.
235,578,2024-06-26,recommend_discount,0.9,1.2445886734522589,0.24745588263220286,1.1227102943689826,Supported candidate passes model agreement and value floor; mildest near-best sales option.
235,578,2024-06-27,recommend_discount,0.9,1.3311642900327147,0.2415657900670245,1.1174092110603222,Supported candidate passes model agreement and value floor; mildest near-best sales option.
235,578,2024-06-28,recommend_discount,0.9,1.294040093083556,0.2421917962603679,1.1179726166343313,Supported candidate passes model agreement and value floor; mildest near-best sales option.
235,578,2024-06-29,recommend_discount,0.9,1.7043646938824888,0.27709532247508584,1.1493857902275775,Supported candidate passes model agreement and value floor; mildest near-best sales option.
235,578,2024-06-30,review_stockout,,,,,Recent censored sales; verify tomorrow's supply before pricing.
235,578,2024-07-01,review_stockout,,,,,Recent censored sales; verify tomorrow's supply before pricing.
235,578,2024-07-02,recommend_discount,0.9,1.3075460247379407,0.23838624494468097,1.114547620450213,Supported candidate passes model agreement and value floor; mildest near-best sales option.
235,580,2024-06-26,review_stockout,,,,,Recent censored sales; verify tomorrow's supply before pricing.
235,580,2024-06-27,review_stockout,,,,,Recent censored sales; verify tomorrow's supply before pricing.
235,580,2024-06-28,review_model_disagreement,,,,,Selected forecast supports a discount; reference models disagree.
235,580,2024-06-29,review_stockout,,,,,Recent censored sales; verify tomorrow's supply before pricing.
235,580,2024-06-30,review_stockout,,,,,Recent censored sales; verify tomorrow's supply before pricing.
235,580,2024-07-01,review_stockout,,,,,Recent censored sales; verify tomorrow's supply before pricing.
235,580,2024-07-02,review_stockout,,,,,Recent censored sales; verify tomorrow's supply before pricing.
235,592,2024-06-26,review_stockout,,,,,Recent censored sales; verify tomorrow's supply before pricing.
235,592,2024-06-27,review_stockout,,,,,Recent censored sales; verify tomorrow's supply before pricing.
235,592,2024-06-28,recommend_discount,0.75,0.7311853628397735,0.6997150503643965,1.2747862877732974,Supported candidate passes model agreement and value floor; mildest near-best sales option.
235,592,2024-06-29,recommend_discount,0.75,0.8252400770167025,0.628567625539658,1.2214257191547435,Supported candidate passes model agreement and value floor; mildest near-best sales option.
235,592,2024-06-30,recommend_discount,0.75,0.8511100368065936,0.6436647645444018,1.2327485734083012,Supported candidate passes model agreement and value floor; mildest near-best sales option.
235,592,2024-07-01,recommend_discount,0.75,0.6693628436249226,0.581343734370301,1.186007800777726,Supported candidate passes model agreement and value floor; mildest near-best sales option.
235,592,2024-07-02,recommend_discount,0.75,0.6850182466896144,0.5440451715743975,1.1580338786807982,Supported candidate passes model agreement and value floor; mildest near-best sales option.
235,596,2024-06-26,review_stockout,,,,,Recent censored sales; verify tomorrow's supply before pricing.
235,596,2024-06-27,recommend_discount,0.75,2.567333044923325,0.5170578664073808,1.1377933998055356,Supported candidate passes model agreement and value floor; mildest near-best sales option.
235,596,2024-06-28,review_stockout,,,,,Recent censored sales; verify tomorrow's supply before pricing.
235,596,2024-06-29,review_stockout,,,,,Recent censored sales; verify tomorrow's supply before pricing.
235,596,2024-06-30,review_stockout,,,,,Recent censored sales; verify tomorrow's supply before pricing.
235,596,2024-07-01,review_stockout,,,,,Recent censored sales; verify tomorrow's supply before pricing.
235,596,2024-07-02,review_stockout,,,,,Recent censored sales; verify tomorrow's supply before pricing.
235,625,2024-06-26,review_stockout,,,,,Recent censored sales; verify tomorrow's supply before pricing.
235,625,2024-06-27,recommend_discount,0.85,0.5676633630927105,0.3698684978088451,1.1643882231375184,Supported candidate passes model agreement and value floor; mildest near-best sales option.
235,625,2024-06-28,recommend_discount,0.85,0.5499181540401805,0.36906780873514244,1.1637076374248712,Supported candidate passes model agreement and value floor; mildest near-best sales option.
235,625,2024-06-29,recommend_discount,0.85,0.6580286880536234,0.34771556173217344,1.1455582274723475,Supported candidate passes model agreement and value floor; mildest near-best sales option.
235,625,2024-06-30,recommend_discount,0.85,0.6772262696721356,0.34805156222096434,1.1458438278878198,Supported candidate passes model agreement and value floor; mildest near-best sales option.
235,625,2024-07-01,recommend_discount,0.85,0.496339207090466,0.392683490296704,1.1837809667521986,Supported candidate passes model agreement and value floor; mildest near-best sales option.
235,625,2024-07-02,review_stockout,,,,,Recent censored sales; verify tomorrow's supply before pricing.
235,629,2024-06-26,recommend_discount,0.7,2.706329134052977,0.7815926033198677,1.2471148223239072,Supported candidate passes model agreement and value floor; mildest near-best sales option.
235,629,2024-06-27,recommend_discount,0.7,2.5199505940787446,0.8034614989706816,1.262423049279477,Supported candidate passes model agreement and value floor; mildest near-best sales option.
235,629,2024-06-28,recommend_discount,0.7,2.652648720834245,0.7352402655112176,1.2146681858578523,Supported candidate passes model agreement and value floor; mildest near-best sales option.
235,629,2024-06-29,recommend_discount,0.7,3.2959325807360167,0.6661384562354218,1.166296919364795,Supported candidate passes model agreement and value floor; mildest near-best sales option.
235,629,2024-06-30,recommend_discount,0.7,3.570168808387958,0.5933359967852343,1.115335197749664,Supported candidate passes model agreement and value floor; mildest near-best sales option.
235,629,2024-07-01,recommend_discount,0.7,3.0819611858246723,0.6779578815836973,1.174570517108588,Supported candidate passes model agreement and value floor; mildest near-best sales option.
235,629,2024-07-02,review_stockout,,,,,Recent censored sales; verify tomorrow's supply before pricing.
235,636,2024-06-26,review_stockout,,,,,Recent censored sales; verify tomorrow's supply before pricing.
235,636,2024-06-27,recommend_discount,0.8,0.6616107452620754,0.48927276969499256,1.1914182157559943,Supported candidate passes model agreement and value floor; mildest near-best sales option.
235,636,2024-06-28,recommend_discount,0.8,0.6575937682601585,0.5111440195978225,1.208915215678258,Supported candidate passes model agreement and value floor; mildest near-best sales option.
235,636,2024-06-29,recommend_discount,0.8,0.8228564715516005,0.4388164862664743,1.1510531890131797,Supported candidate passes model agreement and value floor; mildest near-best sales option.
235,636,2024-06-30,review_stockout,,,,,Recent censored sales; verify tomorrow's supply before pricing.
235,636,2024-07-01,review_stockout,,,,,Recent censored sales; verify tomorrow's supply before pricing.
235,636,2024-07-02,review_stockout,,,,,Recent censored sales; verify tomorrow's supply before pricing.
235,644,2024-06-26,review_stockout,,,,,Recent censored sales; verify tomorrow's supply before pricing.
235,644,2024-06-27,recommend_discount,0.85,1.060100622603763,0.47364943594879105,1.2526020205564723,Supported candidate passes model agreement and value floor; mildest near-best sales option.
235,644,2024-06-28,review_stockout,,,,,Recent censored sales; verify tomorrow's supply before pricing.
235,644,2024-06-29,recommend_discount,0.85,1.0129681058586852,0.46063193201448094,1.2415371422123087,Supported candidate passes model agreement and value floor; mildest near-best sales option.
235,644,2024-06-30,recommend_discount,0.85,1.0478759801763649,0.40399431096924765,1.1933951643238605,Supported candidate passes model agreement and value floor; mildest near-best sales option.
235,644,2024-07-01,recommend_discount,0.6,1.386712774320342,1.0740635162519956,1.2444381097511974,Supported candidate passes model agreement and value floor; mildest near-best sales option.
235,644,2024-07-02,recommend_discount,0.6,1.6119188935759596,1.020850842665979,1.2125105055995873,Supported candidate passes model agreement and value floor; mildest near-best sales option.
235,650,2024-06-26,recommend_discount,0.85,0.9352014265405376,0.3935047066771844,1.1844790006756065,Supported candidate passes model agreement and value floor; mildest near-best sales option.
235,650,2024-06-27,review_stockout,,,,,Recent censored sales; verify tomorrow's supply before pricing.
235,650,2024-06-28,recommend_discount,0.85,1.0860445000303078,0.35634176349008095,1.1528904989665687,Supported candidate passes model agreement and value floor; mildest near-best sales option.
235,650,2024-06-29,review_stockout,,,,,Recent censored sales; verify tomorrow's supply before pricing.
235,650,2024-06-30,recommend_discount,0.85,0.9352945579689516,0.37095567361402915,1.1653123225719249,Supported candidate passes model agreement and value floor; mildest near-best sales option.
235,650,2024-07-01,recommend_discount,0.85,0.9111560861458595,0.3678015209874095,1.1626312928392981,Supported candidate passes model agreement and value floor; mildest near-best sales option.
235,650,2024-07-02,recommend_discount,0.85,0.9671449085436095,0.3811698923792741,1.1739944085223828,Supported candidate passes model agreement and value floor; mildest near-best sales option.
235,670,2024-06-26,review_stockout,,,,,Recent censored sales; verify tomorrow's supply before pricing.
235,670,2024-06-27,review_stockout,,,,,Recent censored sales; verify tomorrow's supply before pricing.
235,670,2024-06-28,review_stockout,,,,,Recent censored sales; verify tomorrow's supply before pricing.
235,670,2024-06-29,review_stockout,,,,,Recent censored sales; verify tomorrow's supply before pricing.
235,670,2024-06-30,recommend_discount,0.9,1.3610239900366736,0.24484901228452727,1.1203641110560747,Supported candidate passes model agreement and value floor; mildest near-best sales option.
235,670,2024-07-01,review_stockout,,,,,Recent censored sales; verify tomorrow's supply before pricing.
235,670,2024-07-02,recommend_discount,0.9,1.1515392052705185,0.24942677854778772,1.124484100693009,Supported candidate passes model agreement and value floor; mildest near-best sales option.
235,673,2024-06-26,review_stockout,,,,,Recent censored sales; verify tomorrow's supply before pricing.
235,673,2024-06-27,recommend_discount,0.75,0.6008528819303596,0.9042357316214713,1.4281767987161034,Supported candidate passes model agreement and value floor; mildest near-best sales option.
235,673,2024-06-28,recommend_discount,0.75,0.5839729970400636,0.8235448772344187,1.367658657925814,Supported candidate passes model agreement and value floor; mildest near-best sales option.
235,673,2024-06-29,recommend_discount,0.75,0.7328236646786404,0.8191900966508707,1.364392572488153,Supported candidate passes model agreement and value floor; mildest near-best sales option.
235,673,2024-06-30,review_stockout,,,,,Recent censored sales; verify tomorrow's supply before pricing.
235,673,2024-07-01,recommend_discount,0.75,0.638216217486975,0.943033804312706,1.4572753532345295,Supported candidate passes model agreement and value floor; mildest near-best sales option.
235,673,2024-07-02,recommend_discount,0.75,0.5978729041597208,0.637381521171434,1.2280361408785754,Supported candidate passes model agreement and value floor; mildest near-best sales option.
235,684,2024-06-26,review_stockout,,,,,Recent censored sales; verify tomorrow's supply before pricing.
235,684,2024-06-27,review_stockout,,,,,Recent censored sales; verify tomorrow's supply before pricing.
235,684,2024-06-28,recommend_discount,0.7,1.7339055862060493,0.787027846709444,1.2509194926966107,Supported candidate passes model agreement and value floor; mildest near-best sales option.
235,684,2024-06-29,recommend_discount,0.7,1.737042676879963,0.6979907239112271,1.188593506737859,Supported candidate passes model agreement and value floor; mildest near-best sales option.
235,684,2024-06-30,review_stockout,,,,,Recent censored sales; verify tomorrow's supply before pricing.
235,684,2024-07-01,review_stockout,,,,,Recent censored sales; verify tomorrow's supply before pricing.
235,684,2024-07-02,review_stockout,,,,,Recent censored sales; verify tomorrow's supply before pricing.
235,698,2024-06-26,recommend_discount,0.8,0.4509652294982267,0.6500988694983765,1.3200790955987012,Supported candidate passes model agreement and value floor; mildest near-best sales option.
235,698,2024-06-27,recommend_discount,0.8,0.6336422874701927,1.1907211624112772,1.752576929929022,Supported candidate passes model agreement and value floor; mildest near-best sales option.
235,698,2024-06-28,recommend_discount,0.8,0.5611140508868134,0.6722700104553423,1.3378160083642738,Supported candidate passes model agreement and value floor; mildest near-best sales option.
235,698,2024-06-29,recommend_discount,0.8,0.6137859235299844,0.5115510779556156,1.2092408623644926,Supported candidate passes model agreement and value floor; mildest near-best sales option.
235,698,2024-06-30,recommend_discount,0.8,0.7310408143402132,0.6970543485480454,1.3576434788384364,Supported candidate passes model agreement and value floor; mildest near-best sales option.
235,698,2024-07-01,recommend_discount,0.8,0.7275469510280587,0.9663534688837687,1.573082775107015,Supported candidate passes model agreement and value floor; mildest near-best sales option.
235,698,2024-07-02,recommend_discount,0.8,0.6686048628759685,1.2266772768539576,1.7813418214831664,Supported candidate passes model agreement and value floor; mildest near-best sales option.
235,706,2024-06-26,review_stockout,,,,,Recent censored sales; verify tomorrow's supply before pricing.
235,706,2024-06-27,review_stockout,,,,,Recent censored sales; verify tomorrow's supply before pricing.
235,706,2024-06-28,review_stockout,,,,,Recent censored sales; verify tomorrow's supply before pricing.
235,706,2024-06-29,review_stockout,,,,,Recent censored sales; verify tomorrow's supply before pricing.
235,706,2024-06-30,review_stockout,,,,,Recent censored sales; verify tomorrow's supply before pricing.
235,706,2024-07-01,review_stockout,,,,,Recent censored sales; verify tomorrow's supply before pricing.
235,706,2024-07-02,review_stockout,,,,,Recent censored sales; verify tomorrow's supply before pricing.
235,715,2024-06-26,recommend_discount,0.75,1.5248679830986802,0.5555210906812378,1.1666408180109284,Supported candidate passes model agreement and value floor; mildest near-best sales option.
235,715,2024-06-27,recommend_discount,0.75,1.3255532127653868,0.49486701021069557,1.1211502576580217,Supported candidate passes model agreement and value floor; mildest near-best sales option.
235,715,2024-06-28,recommend_discount,0.75,1.463726105924219,0.5191809734451815,1.139385730083886,Supported candidate passes model agreement and value floor; mildest near-best sales option.
235,715,2024-06-29,recommend_discount,0.75,1.4999806090014665,0.5498973564196816,1.1624230173147612,Supported candidate passes model agreement and value floor; mildest near-best sales option.
235,715,2024-06-30,recommend_discount,0.75,1.6420668642113418,0.4653862943263114,1.0990397207447333,Supported candidate passes model agreement and value floor; mildest near-best sales option.
235,715,2024-07-01,recommend_discount,0.85,1.3902173397822022,0.28391475467718763,1.0913275414756094,Supported candidate passes model agreement and value floor; mildest near-best sales option.
235,715,2024-07-02,recommend_discount,0.85,1.4000264647511231,0.28489782654179874,1.0921631525605289,Supported candidate passes model agreement and value floor; mildest near-best sales option.
235,717,2024-06-26,review_stockout,,,,,Recent censored sales; verify tomorrow's supply before pricing.
235,717,2024-06-27,recommend_discount,0.8,0.8979115734512431,0.6441302611650324,1.3153042089320262,Supported candidate passes model agreement and value floor; mildest near-best sales option.
235,717,2024-06-28,review_stockout,,,,,Recent censored sales; verify tomorrow's supply before pricing.
235,717,2024-06-29,recommend_discount,0.8,0.9515788261204632,0.5843494706756678,1.2674795765405342,Supported candidate passes model agreement and value floor; mildest near-best sales option.
235,717,2024-06-30,recommend_discount,0.8,1.0106085263201332,0.4996309013623912,1.199704721089913,Supported candidate passes model agreement and value floor; mildest near-best sales option.
235,717,2024-07-01,recommend_discount,0.8,0.8356295629851259,0.5713841260836376,1.2571073008669102,Supported candidate passes model agreement and value floor; mildest near-best sales option.
235,717,2024-07-02,review_stockout,,,,,Recent censored sales; verify tomorrow's supply before pricing.
235,734,2024-06-26,review_stockout,,,,,Recent censored sales; verify tomorrow's supply before pricing.
235,734,2024-06-27,recommend_discount,0.8,0.4760336319886317,0.6929316119627003,1.3543452895701602,Supported candidate passes model agreement and value floor; mildest near-best sales option.
235,734,2024-06-28,review_stockout,,,,,Recent censored sales; verify tomorrow's supply before pricing.
235,734,2024-06-29,review_stockout,,,,,Recent censored sales; verify tomorrow's supply before pricing.
235,734,2024-06-30,review_stockout,,,,,Recent censored sales; verify tomorrow's supply before pricing.
235,734,2024-07-01,recommend_discount,0.8,0.4615440591388409,0.6414849940260408,1.3131879952208327,Supported candidate passes model agreement and value floor; mildest near-best sales option.
235,734,2024-07-02,review_stockout,,,,,Recent censored sales; verify tomorrow's supply before pricing.
235,763,2024-06-26,review_stockout,,,,,Recent censored sales; verify tomorrow's supply before pricing.
235,763,2024-06-27,recommend_discount,0.9,1.3250658723704731,0.23381999471900405,1.1104379952471037,Supported candidate passes model agreement and value floor; mildest near-best sales option.
235,763,2024-06-28,review_stockout,,,,,Recent censored sales; verify tomorrow's supply before pricing.
235,763,2024-06-29,review_stockout,,,,,Recent censored sales; verify tomorrow's supply before pricing.
235,763,2024-06-30,recommend_discount,0.9,1.6748017223280764,0.24697684633377204,1.1222791617003949,Supported candidate passes model agreement and value floor; mildest near-best sales option.
235,763,2024-07-01,recommend_discount,0.9,1.440779488224725,0.29515935767034374,1.1656434219033094,Supported candidate passes model agreement and value floor; mildest near-best sales option.
235,763,2024-07-02,recommend_discount,0.9,1.4022117420150826,0.2541195440699249,1.1287075896629324,Supported candidate passes model agreement and value floor; mildest near-best sales option.
235,764,2024-06-26,recommend_discount,0.85,1.0699477728266928,0.3611526222247161,1.1569797288910086,Supported candidate passes model agreement and value floor; mildest near-best sales option.
235,764,2024-06-27,review_stockout,,,,,Recent censored sales; verify tomorrow's supply before pricing.
235,764,2024-06-28,review_stockout,,,,,Recent censored sales; verify tomorrow's supply before pricing.
235,764,2024-06-29,review_stockout,,,,,Recent censored sales; verify tomorrow's supply before pricing.
235,764,2024-06-30,recommend_discount,0.85,1.2736884362310776,0.3415417461470218,1.1403104842249685,Supported candidate passes model agreement and value floor; mildest near-best sales option.
235,764,2024-07-01,recommend_discount,0.85,1.049451244672581,0.38087980468995397,1.1737478339864609,Supported candidate passes model agreement and value floor; mildest near-best sales option.
235,764,2024-07-02,recommend_discount,0.85,1.0141435521810127,0.36866686155875783,1.1633668323249442,Supported candidate passes model agreement and value floor; mildest near-best sales option.
235,765,2024-06-26,review_stockout,,,,,Recent censored sales; verify tomorrow's supply before pricing.
235,765,2024-06-27,review_stockout,,,,,Recent censored sales; verify tomorrow's supply before pricing.
235,765,2024-06-28,review_stockout,,,,,Recent censored sales; verify tomorrow's supply before pricing.
235,765,2024-06-29,recommend_discount,0.9,0.8181737497920984,0.2876256148989411,1.158863053409047,Supported candidate passes model agreement and value floor; mildest near-best sales option.
235,765,2024-06-30,recommend_discount,0.9,0.8343870434566969,0.26920768978463494,1.1422869208061714,Supported candidate passes model agreement and value floor; mildest near-best sales option.
235,765,2024-07-01,recommend_discount,0.9,0.6600298358551433,0.2547542845438169,1.1292788560894353,Supported candidate passes model agreement and value floor; mildest near-best sales option.
235,765,2024-07-02,recommend_discount,0.9,0.6284693367235066,0.24860198349649143,1.1237417851468425,Supported candidate passes model agreement and value floor; mildest near-best sales option.
235,797,2024-06-26,recommend_discount,0.6,0.9151983716653691,1.5993535987336323,1.5596121592401793,Supported candidate passes model agreement and value floor; mildest near-best sales option.
235,797,2024-06-27,recommend_discount,0.6,0.9494042990003755,1.4783900333966478,1.4870340200379886,Supported candidate passes model agreement and value floor; mildest near-best sales option.
235,797,2024-06-28,review_stockout,,,,,Recent censored sales; verify tomorrow's supply before pricing.
235,797,2024-06-29,review_stockout,,,,,Recent censored sales; verify tomorrow's supply before pricing.
235,797,2024-06-30,recommend_discount,0.6,0.9582512785080513,1.154578725076425,1.2927472350458549,Supported candidate passes model agreement and value floor; mildest near-best sales option.
235,797,2024-07-01,recommend_discount,0.6,0.9381591914216775,1.4849369916015442,1.4909621949609264,Supported candidate passes model agreement and value floor; mildest near-best sales option.
235,797,2024-07-02,review_stockout,,,,,Recent censored sales; verify tomorrow's supply before pricing.
235,825,2024-06-26,recommend_discount,0.8,0.7735653029336242,0.6814313711748254,1.3451450969398602,Supported candidate passes model agreement and value floor; mildest near-best sales option.
235,825,2024-06-27,recommend_discount,0.8,0.6514214656974255,0.7821943425015783,1.4257554740012628,Supported candidate passes model agreement and value floor; mildest near-best sales option.
235,825,2024-06-28,recommend_discount,0.8,0.7966313790927705,0.6999377120228631,1.3599501696182907,Supported candidate passes model agreement and value floor; mildest near-best sales option.
235,825,2024-06-29,recommend_discount,0.8,0.8058123484014825,0.6273557129222422,1.301884570337794,Supported candidate passes model agreement and value floor; mildest near-best sales option.
235,825,2024-06-30,review_stockout,,,,,Recent censored sales; verify tomorrow's supply before pricing.
235,825,2024-07-01,recommend_discount,0.8,0.6706986327389376,0.7516956429026194,1.4013565143220956,Supported candidate passes model agreement and value floor; mildest near-best sales option.
235,825,2024-07-02,recommend_discount,0.8,0.6550866372618933,0.5951533703169152,1.2761226962535324,Supported candidate passes model agreement and value floor; mildest near-best sales option.
235,841,2024-06-26,recommend_discount,0.85,0.48235516823443525,0.425261338646993,1.211472137849944,Supported candidate passes model agreement and value floor; mildest near-best sales option.
235,841,2024-06-27,recommend_discount,0.85,0.4750612604202451,0.43806333304580236,1.2223538330889319,Supported candidate passes model agreement and value floor; mildest near-best sales option.
235,841,2024-06-28,recommend_discount,0.85,0.49197142066678584,0.42866309048095497,1.2143636269088118,Supported candidate passes model agreement and value floor; mildest near-best sales option.
235,841,2024-06-29,review_stockout,,,,,Recent censored sales; verify tomorrow's supply before pricing.
235,841,2024-06-30,review_stockout,,,,,Recent censored sales; verify tomorrow's supply before pricing.
235,841,2024-07-01,recommend_discount,0.85,0.5008615916445877,0.3969281058614247,1.187388889982211,Supported candidate passes model agreement and value floor; mildest near-best sales option.
235,841,2024-07-02,review_stockout,,,,,Recent censored sales; verify tomorrow's supply before pricing.
235,858,2024-06-26,review_stockout,,,,,Recent censored sales; verify tomorrow's supply before pricing.
235,858,2024-06-27,recommend_discount,0.9,0.45528713469865945,0.28382377051350494,1.1554413934621546,Supported candidate passes model agreement and value floor; mildest near-best sales option.
235,858,2024-06-28,review_stockout,,,,,Recent censored sales; verify tomorrow's supply before pricing.
235,858,2024-06-29,review_stockout,,,,,Recent censored sales; verify tomorrow's supply before pricing.
235,858,2024-06-30,review_stockout,,,,,Recent censored sales; verify tomorrow's supply before pricing.
235,858,2024-07-01,review_stockout,,,,,Recent censored sales; verify tomorrow's supply before pricing.
235,858,2024-07-02,recommend_discount,0.9,0.503242064246671,0.19770530820596122,1.0779347773853651,Supported candidate passes model agreement and value floor; mildest near-best sales option.
343,5,2024-06-26,recommend_discount,0.7,1.0520726591762308,1.4136537073605968,1.6895575951524178,Supported candidate passes model agreement and value floor; mildest near-best sales option.
343,5,2024-06-27,recommend_discount,0.7,0.9467619940080811,1.6699655382781535,1.8689758767947071,Supported candidate passes model agreement and value floor; mildest near-best sales option.
343,5,2024-06-28,recommend_discount,0.7,1.0248487719832726,1.4164379641662772,1.6915065749163938,Supported candidate passes model agreement and value floor; mildest near-best sales option.
343,5,2024-06-29,review_stockout,,,,,Recent censored sales; verify tomorrow's supply before pricing.
343,5,2024-06-30,review_stockout,,,,,Recent censored sales; verify tomorrow's supply before pricing.
343,5,2024-07-01,recommend_discount,0.7,0.9977262642475626,1.2929132624747766,1.6050392837323437,Supported candidate passes model agreement and value floor; mildest near-best sales option.
343,5,2024-07-02,recommend_discount,0.7,0.982461559981949,1.1824224398654253,1.5276957079057976,Supported candidate passes model agreement and value floor; mildest near-best sales option.
343,12,2024-06-26,review_stockout,,,,,Recent censored sales; verify tomorrow's supply before pricing.
343,12,2024-06-27,recommend_discount,0.8,1.0016252441508975,0.45716708304340936,1.1657336664347275,Supported candidate passes model agreement and value floor; mildest near-best sales option.
343,12,2024-06-28,review_stockout,,,,,Recent censored sales; verify tomorrow's supply before pricing.
343,12,2024-06-29,review_stockout,,,,,Recent censored sales; verify tomorrow's supply before pricing.
343,12,2024-06-30,recommend_discount,0.8,1.261832215534984,0.4144012025011665,1.1315209620009332,Supported candidate passes model agreement and value floor; mildest near-best sales option.
343,12,2024-07-01,recommend_discount,0.8,1.068903842041779,0.40207576480607443,1.1216606118448598,Supported candidate passes model agreement and value floor; mildest near-best sales option.
343,12,2024-07-02,recommend_discount,0.8,1.1117065917003164,0.41531178094843235,1.132249424758746,Supported candidate passes model agreement and value floor; mildest near-best sales option.
343,21,2024-06-26,review_stockout,,,,,Recent censored sales; verify tomorrow's supply before pricing.
343,21,2024-06-27,review_stockout,,,,,Recent censored sales; verify tomorrow's supply before pricing.
343,21,2024-06-28,review_stockout,,,,,Recent censored sales; verify tomorrow's supply before pricing.
343,21,2024-06-29,recommend_discount,0.85,1.8707581273503193,0.2650938141097354,1.075329741993275,Supported candidate passes model agreement and value floor; mildest near-best sales option.
343,21,2024-06-30,recommend_discount,0.85,1.7202451553539342,0.2645486809482711,1.0748663788060304,Supported candidate passes model agreement and value floor; mildest near-best sales option.
343,21,2024-07-01,review_stockout,,,,,Recent censored sales; verify tomorrow's supply before pricing.
343,21,2024-07-02,recommend_discount,0.85,1.5181758319071628,0.25598108686920673,1.0675839238388256,Supported candidate passes model agreement and value floor; mildest near-best sales option.
343,23,2024-06-26,recommend_discount,0.7,1.4646361076094294,0.7034813551073229,1.192436948575126,Supported candidate passes model agreement and value floor; mildest near-best sales option.
343,23,2024-06-27,recommend_discount,0.7,1.5816991395234923,0.726165583464258,1.2083159084249804,Supported candidate passes model agreement and value floor; mildest near-best sales option.
343,23,2024-06-28,recommend_discount,0.7,1.688486086512209,0.6323647529108845,1.1426553270376192,Supported candidate passes model agreement and value floor; mildest near-best sales option.
343,23,2024-06-29,review_stockout,,,,,Recent censored sales; verify tomorrow's supply before pricing.
343,23,2024-06-30,recommend_discount,0.85,1.6133510606413848,0.4097681332662291,1.1983029132762948,Supported candidate passes model agreement and value floor; mildest near-best sales option.
343,23,2024-07-01,recommend_discount,0.85,1.361954670517237,0.35448224697525443,1.1513099099289663,Supported candidate passes model agreement and value floor; mildest near-best sales option.
343,23,2024-07-02,recommend_discount,0.7,1.6340161465011218,0.5906050223200416,1.113423515624029,Supported candidate passes model agreement and value floor; mildest near-best sales option.
343,28,2024-06-26,recommend_discount,0.85,0.8279887038132556,0.5327537902258754,1.302840721691994,Supported candidate passes model agreement and value floor; mildest near-best sales option.
343,28,2024-06-27,review_stockout,,,,,Recent censored sales; verify tomorrow's supply before pricing.
343,28,2024-06-28,recommend_discount,0.85,0.846207948356136,0.5509632252923027,1.3183187414984574,Supported candidate passes model agreement and value floor; mildest near-best sales option.
343,28,2024-06-29,recommend_discount,0.85,0.8879549246739934,0.49875468186959426,1.2739414795891553,Supported candidate passes model agreement and value floor; mildest near-best sales option.
343,28,2024-06-30,recommend_discount,0.85,0.932892637272231,0.5106685707914731,1.284068285172752,Supported candidate passes model agreement and value floor; mildest near-best sales option.
343,28,2024-07-01,review_stockout,,,,,Recent censored sales; verify tomorrow's supply before pricing.
343,28,2024-07-02,review_stockout,,,,,Recent censored sales; verify tomorrow's supply before pricing.
343,38,2024-06-26,recommend_discount,0.8,1.2368857182080302,0.49582321562527665,1.1966585725002215,Supported candidate passes model agreement and value floor; mildest near-best sales option.
343,38,2024-06-27,recommend_discount,0.8,1.0968128574860168,0.5933111255404322,1.274648900432346,Supported candidate passes model agreement and value floor; mildest near-best sales option.
343,38,2024-06-28,recommend_discount,0.8,1.1907765044711245,0.6428133486410978,1.3142506789128783,Supported candidate passes model agreement and value floor; mildest near-best sales option.
343,38,2024-06-29,recommend_discount,0.8,1.4267848594762482,0.5965348631702527,1.2772278905362022,Supported candidate passes model agreement and value floor; mildest near-best sales option.
343,38,2024-06-30,review_stockout,,,,,Recent censored sales; verify tomorrow's supply before pricing.
343,38,2024-07-01,recommend_discount,0.8,1.624908133274878,0.5719210153286665,1.2575368122629333,Supported candidate passes model agreement and value floor; mildest near-best sales option.
343,38,2024-07-02,recommend_discount,0.8,1.7784532176654095,0.5292852035509263,1.2234281628407413,Supported candidate passes model agreement and value floor; mildest near-best sales option.
343,41,2024-06-26,recommend_discount,0.7,2.0200637084471085,0.7129291911226296,1.1990504337858408,Supported candidate passes model agreement and value floor; mildest near-best sales option.
343,41,2024-06-27,review_stockout,,,,,Recent censored sales; verify tomorrow's supply before pricing.
343,41,2024-06-28,recommend_discount,0.7,1.7034685854058778,0.8843714301515511,1.3190600011060858,Supported candidate passes model agreement and value floor; mildest near-best sales option.
343,41,2024-06-29,review_stockout,,,,,Recent censored sales; verify tomorrow's supply before pricing.
343,41,2024-06-30,recommend_discount,0.7,1.9907379856044283,0.5925885945186116,1.114812016163028,Supported candidate passes model agreement and value floor; mildest near-best sales option.
343,41,2024-07-01,review_stockout,,,,,Recent censored sales; verify tomorrow's supply before pricing.
343,41,2024-07-02,review_stockout,,,,,Recent censored sales; verify tomorrow's supply before pricing.
343,58,2024-06-26,review_stockout,,,,,Recent censored sales; verify tomorrow's supply before pricing.
343,58,2024-06-27,review_stockout,,,,,Recent censored sales; verify tomorrow's supply before pricing.
343,58,2024-06-28,review_stockout,,,,,Recent censored sales; verify tomorrow's supply before pricing.
343,58,2024-06-29,recommend_discount,0.75,1.1195181056738874,0.3777688870988809,1.0333266653241606,Supported candidate passes model agreement and value floor; mildest near-best sales option.
343,58,2024-06-30,recommend_discount,0.75,1.1065784702306036,0.4065936747229977,1.0549452560422483,Supported candidate passes model agreement and value floor; mildest near-best sales option.
343,58,2024-07-01,recommend_discount,0.75,1.0242933745997727,0.3909051793446505,1.043178884508488,Supported candidate passes model agreement and value floor; mildest near-best sales option.
343,58,2024-07-02,review_stockout,,,,,Recent censored sales; verify tomorrow's supply before pricing.
343,67,2024-06-26,review_stockout,,,,,Recent censored sales; verify tomorrow's supply before pricing.
343,67,2024-06-27,review_stockout,,,,,Recent censored sales; verify tomorrow's supply before pricing.
343,67,2024-06-28,review_stockout,,,,,Recent censored sales; verify tomorrow's supply before pricing.
343,67,2024-06-29,review_stockout,,,,,Recent censored sales; verify tomorrow's supply before pricing.
343,67,2024-06-30,recommend_discount,0.9,0.8895151790916123,0.34330286584002767,1.2089725792560249,Supported candidate passes model agreement and value floor; mildest near-best sales option.
343,67,2024-07-01,review_stockout,,,,,Recent censored sales; verify tomorrow's supply before pricing.
343,67,2024-07-02,review_stockout,,,,,Recent censored sales; verify tomorrow's supply before pricing.
343,94,2024-06-26,recommend_discount,0.8,0.6570764305206822,0.8642449131440331,1.4913959305152265,Supported candidate passes model agreement and value floor; mildest near-best sales option.
343,94,2024-06-27,recommend_discount,0.8,0.6838825204360743,1.000906286427313,1.6007250291418504,Supported candidate passes model agreement and value floor; mildest near-best sales option.
343,94,2024-06-28,recommend_discount,0.8,0.7129885027439955,0.8792183473933992,1.5033746779147195,Supported candidate passes model agreement and value floor; mildest near-best sales option.
343,94,2024-06-29,recommend_discount,0.8,0.7018298551951947,0.9258609260316035,1.540688740825283,Supported candidate passes model agreement and value floor; mildest near-best sales option.
343,94,2024-06-30,recommend_discount,0.8,0.6337926304366159,0.7134434271576677,1.3707547417261343,Supported candidate passes model agreement and value floor; mildest near-best sales option.
343,94,2024-07-01,review_stockout,,,,,Recent censored sales; verify tomorrow's supply before pricing.
343,94,2024-07-02,recommend_discount,0.8,0.7216855501297991,0.8172910101993451,1.453832808159476,Supported candidate passes model agreement and value floor; mildest near-best sales option.
343,98,2024-06-26,recommend_discount,0.8,0.7034998328070786,0.615506297850247,1.2924050382801975,Supported candidate passes model agreement and value floor; mildest near-best sales option.
343,98,2024-06-27,recommend_discount,0.8,0.6753985059945289,0.6023029402945437,1.281842352235635,Supported candidate passes model agreement and value floor; mildest near-best sales option.
343,98,2024-06-28,recommend_discount,0.8,0.6655900002028026,0.6305815782180881,1.3044652625744704,Supported candidate passes model agreement and value floor; mildest near-best sales option.
343,98,2024-06-29,recommend_discount,0.8,0.8246602828778538,0.5405057996326039,1.2324046397060833,Supported candidate passes model agreement and value floor; mildest near-best sales option.
343,98,2024-06-30,recommend_discount,0.8,0.8675956446934077,0.5867437738251193,1.2693950190600956,Supported candidate passes model agreement and value floor; mildest near-best sales option.
343,98,2024-07-01,recommend_discount,0.8,0.7735281204056537,0.605897289796536,1.284717831837229,Supported candidate passes model agreement and value floor; mildest near-best sales option.
343,98,2024-07-02,review_stockout,,,,,Recent censored sales; verify tomorrow's supply before pricing.
343,99,2024-06-26,review_stockout,,,,,Recent censored sales; verify tomorrow's supply before pricing.
343,99,2024-06-27,review_stockout,,,,,Recent censored sales; verify tomorrow's supply before pricing.
343,99,2024-06-28,recommend_discount,0.8,1.4337432527928449,0.45553785336953045,1.1644302826956243,Supported candidate passes model agreement and value floor; mildest near-best sales option.
343,99,2024-06-29,recommend_discount,0.8,1.636849230884346,0.45204020443663184,1.1616321635493057,Supported candidate passes model agreement and value floor; mildest near-best sales option.
343,99,2024-06-30,recommend_discount,0.8,1.7134966731170873,0.4252945294251067,1.1402356235400855,Supported candidate passes model agreement and value floor; mildest near-best sales option.
343,99,2024-07-01,recommend_discount,0.85,1.4595031230003204,0.29246168801155825,1.0985924348098244,Supported candidate passes model agreement and value floor; mildest near-best sales option.
343,99,2024-07-02,recommend_discount,0.85,1.4269851433049656,0.2900123880793568,1.0965105298674531,Supported candidate passes model agreement and value floor; mildest near-best sales option.
343,104,2024-06-26,review_stockout,,,,,Recent censored sales; verify tomorrow's supply before pricing.
343,104,2024-06-27,recommend_discount,0.85,4.717770440596754,0.2254514690291638,1.041633748674789,Supported candidate passes model agreement and value floor; mildest near-best sales option.
343,104,2024-06-28,review_stockout,,,,,Recent censored sales; verify tomorrow's supply before pricing.
343,104,2024-06-29,review_stockout,,,,,Recent censored sales; verify tomorrow's supply before pricing.
343,104,2024-06-30,review_stockout,,,,,Recent censored sales; verify tomorrow's supply before pricing.
343,104,2024-07-01,review_stockout,,,,,Recent censored sales; verify tomorrow's supply before pricing.
343,104,2024-07-02,review_stockout,,,,,Recent censored sales; verify tomorrow's supply before pricing.
343,108,2024-06-26,review_stockout,,,,,Recent censored sales; verify tomorrow's supply before pricing.
343,108,2024-06-27,review_stockout,,,,,Recent censored sales; verify tomorrow's supply before pricing.
343,108,2024-06-28,review_stockout,,,,,Recent censored sales; verify tomorrow's supply before pricing.
343,108,2024-06-29,recommend_discount,0.6,1.654245992922033,1.3386216739697074,1.4031730043818245,Supported candidate passes model agreement and value floor; mildest near-best sales option.
343,108,2024-06-30,review_stockout,,,,,Recent censored sales; verify tomorrow's supply before pricing.
343,108,2024-07-01,review_stockout,,,,,Recent censored sales; verify tomorrow's supply before pricing.
343,108,2024-07-02,review_stockout,,,,,Recent censored sales; verify tomorrow's supply before pricing.
343,109,2024-06-26,recommend_discount,0.75,0.8556000596894054,1.022960321767239,1.5172202413254294,Supported candidate passes model agreement and value floor; mildest near-best sales option.
343,109,2024-06-27,review_stockout,,,,,Recent censored sales; verify tomorrow's supply before pricing.
343,109,2024-06-28,review_stockout,,,,,Recent censored sales; verify tomorrow's supply before pricing.
343,109,2024-06-29,recommend_discount,0.75,1.000509990472696,0.9179013186141962,1.4384259889606472,Supported candidate passes model agreement and value floor; mildest near-best sales option.
343,109,2024-06-30,recommend_discount,0.75,1.1313557256738924,0.8049343967795528,1.3537007975846644,Supported candidate passes model agreement and value floor; mildest near-best sales option.
343,109,2024-07-01,review_stockout,,,,,Recent censored sales; verify tomorrow's supply before pricing.
343,109,2024-07-02,review_stockout,,,,,Recent censored sales; verify tomorrow's supply before pricing.
343,122,2024-06-26,review_stockout,,,,,Recent censored sales; verify tomorrow's supply before pricing.
343,122,2024-06-27,review_stockout,,,,,Recent censored sales; verify tomorrow's supply before pricing.
343,122,2024-06-28,recommend_discount,0.9,4.367365694968057,0.12725555391675725,1.0145299985250815,Supported candidate passes model agreement and value floor; mildest near-best sales option.
343,122,2024-06-29,review_model_disagreement,,,,,Selected forecast supports a discount; reference models disagree.
343,122,2024-06-30,review_model_disagreement,,,,,Selected forecast supports a discount; reference models disagree.
343,122,2024-07-01,review_model_disagreement,,,,,Selected forecast supports a discount; reference models disagree.
343,122,2024-07-02,review_model_disagreement,,,,,Selected forecast supports a discount; reference models disagree.
343,140,2024-06-26,review_model_disagreement,,,,,Selected forecast supports a discount; reference models disagree.
343,140,2024-06-27,review_model_disagreement,,,,,Selected forecast supports a discount; reference models disagree.
343,140,2024-06-28,recommend_discount,0.7,1.764754514365773,0.6334006400314862,1.1433804480220402,Supported candidate passes model agreement and value floor; mildest near-best sales option.
343,140,2024-06-29,review_stockout,,,,,Recent censored sales; verify tomorrow's supply before pricing.
343,140,2024-06-30,recommend_discount,0.75,1.8124524409785612,0.3922906624265343,1.0442179968199008,Supported candidate passes model agreement and value floor; mildest near-best sales option.
343,140,2024-07-01,review_stockout,,,,,Recent censored sales; verify tomorrow's supply before pricing.
343,140,2024-07-02,review_stockout,,,,,Recent censored sales; verify tomorrow's supply before pricing.
343,155,2024-06-26,review_stockout,,,,,Recent censored sales; verify tomorrow's supply before pricing.
343,155,2024-06-27,review_stockout,,,,,Recent censored sales; verify tomorrow's supply before pricing.
343,155,2024-06-28,review_stockout,,,,,Recent censored sales; verify tomorrow's supply before pricing.
343,155,2024-06-29,recommend_discount,0.85,0.5920166063410819,0.42553072640905953,1.2117011174477004,Supported candidate passes model agreement and value floor; mildest near-best sales option.
343,155,2024-06-30,review_stockout,,,,,Recent censored sales; verify tomorrow's supply before pricing.
343,155,2024-07-01,review_stockout,,,,,Recent censored sales; verify tomorrow's supply before pricing.
343,155,2024-07-02,review_stockout,,,,,Recent censored sales; verify tomorrow's supply before pricing.
343,189,2024-06-26,recommend_discount,0.75,0.6834071468910644,0.6845828365975708,1.2634371274481782,Supported candidate passes model agreement and value floor; mildest near-best sales option.
343,189,2024-06-27,review_stockout,,,,,Recent censored sales; verify tomorrow's supply before pricing.
343,189,2024-06-28,review_stockout,,,,,Recent censored sales; verify tomorrow's supply before pricing.
343,189,2024-06-29,recommend_discount,0.75,0.8657837584470517,0.657792831952789,1.2433446239645918,Supported candidate passes model agreement and value floor; mildest near-best sales option.
343,189,2024-06-30,recommend_discount,0.75,0.8535292189902696,0.6617815779225757,1.246336183441932,Supported candidate passes model agreement and value floor; mildest near-best sales option.
343,189,2024-07-01,recommend_discount,0.75,0.7937541146251059,0.6788396742389327,1.2591297556791996,Supported candidate passes model agreement and value floor; mildest near-best sales option.
343,189,2024-07-02,review_stockout,,,,,Recent censored sales; verify tomorrow's supply before pricing.
343,200,2024-06-26,review_stockout,,,,,Recent censored sales; verify tomorrow's supply before pricing.
343,200,2024-06-27,recommend_discount,0.85,0.6761178113181642,0.3554236110128126,1.1521100693608906,Supported candidate passes model agreement and value floor; mildest near-best sales option.
343,200,2024-06-28,recommend_discount,0.85,0.6604514087790598,0.31436886918232076,1.1172135388049727,Supported candidate passes model agreement and value floor; mildest near-best sales option.
343,200,2024-06-29,recommend_discount,0.85,0.6597526718496399,0.3753676835485227,1.1690625310162444,Supported candidate passes model agreement and value floor; mildest near-best sales option.
343,200,2024-06-30,recommend_discount,0.85,0.6407355192377855,0.3840476365830843,1.1764404910956217,Supported candidate passes model agreement and value floor; mildest near-best sales option.
343,200,2024-07-01,review_stockout,,,,,Recent censored sales; verify tomorrow's supply before pricing.
343,200,2024-07-02,recommend_discount,0.85,0.7090372839420055,0.3847764267554523,1.1770599627421345,Supported candidate passes model agreement and value floor; mildest near-best sales option.
343,220,2024-06-26,recommend_discount,0.9,1.1863419102421626,0.21528194174418802,1.0937537475697694,Supported candidate passes model agreement and value floor; mildest near-best sales option.
343,220,2024-06-27,review_stockout,,,,,Recent censored sales; verify tomorrow's supply before pricing.
343,220,2024-06-28,recommend_discount,0.8,1.2636029744370865,0.35460888683219216,1.0836871094657539,Supported candidate passes model agreement and value floor; mildest near-best sales option.
343,220,2024-06-29,recommend_discount,0.8,1.3038033305349446,0.35108895003833784,1.0808711600306704,Supported candidate passes model agreement and value floor; mildest near-best sales option.
343,220,2024-06-30,recommend_discount,0.8,1.2838146074812253,0.3548932893256038,1.083914631460483,Supported candidate passes model agreement and value floor; mildest near-best sales option.
343,220,2024-07-01,review_stockout,,,,,Recent censored sales; verify tomorrow's supply before pricing.
343,220,2024-07-02,review_stockout,,,,,Recent censored sales; verify tomorrow's supply before pricing.
343,247,2024-06-26,review_stockout,,,,,Recent censored sales; verify tomorrow's supply before pricing.
343,247,2024-06-27,review_stockout,,,,,Recent censored sales; verify tomorrow's supply before pricing.
343,247,2024-06-28,recommend_discount,0.75,0.9471123625421952,0.7061664304660495,1.2796248228495373,Supported candidate passes model agreement and value floor; mildest near-best sales option.
343,247,2024-06-29,recommend_discount,0.75,0.9773539456018187,0.599481668525395,1.1996112513940462,Supported candidate passes model agreement and value floor; mildest near-best sales option.
343,247,2024-06-30,review_stockout,,,,,Recent censored sales; verify tomorrow's supply before pricing.
343,247,2024-07-01,review_stockout,,,,,Recent censored sales; verify tomorrow's supply before pricing.
343,247,2024-07-02,review_stockout,,,,,Recent censored sales; verify tomorrow's supply before pricing.
343,249,2024-06-26,review_stockout,,,,,Recent censored sales; verify tomorrow's supply before pricing.
343,249,2024-06-27,recommend_discount,0.85,0.5175656298147591,0.35702024376518504,1.1534672072004073,Supported candidate passes model agreement and value floor; mildest near-best sales option.
343,249,2024-06-28,recommend_discount,0.85,0.5269059539220871,0.35354987498843937,1.1505173937401736,Supported candidate passes model agreement and value floor; mildest near-best sales option.
343,249,2024-06-29,recommend_discount,0.85,0.6101785763315366,0.36161502717829497,1.1573727731015504,Supported candidate passes model agreement and value floor; mildest near-best sales option.
343,249,2024-06-30,review_stockout,,,,,Recent censored sales; verify tomorrow's supply before pricing.
343,249,2024-07-01,review_stockout,,,,,Recent censored sales; verify tomorrow's supply before pricing.
343,249,2024-07-02,review_stockout,,,,,Recent censored sales; verify tomorrow's supply before pricing.
343,250,2024-06-26,review_stockout,,,,,Recent censored sales; verify tomorrow's supply before pricing.
343,250,2024-06-27,recommend_discount,0.8,1.272262357039648,0.359985478220642,1.0879883825765138,Supported candidate passes model agreement and value floor; mildest near-best sales option.
343,250,2024-06-28,review_stockout,,,,,Recent censored sales; verify tomorrow's supply before pricing.
343,250,2024-06-29,recommend_discount,0.8,1.4347475810213823,0.34936624035664643,1.0794929922853174,Supported candidate passes model agreement and value floor; mildest near-best sales option.
343,250,2024-06-30,recommend_discount,0.8,1.4160015098760048,0.35205716437279455,1.0816457314982357,Supported candidate passes model agreement and value floor; mildest near-best sales option.
343,250,2024-07-01,recommend_discount,0.8,1.3921271446818522,0.31425097931046464,1.0514007834483718,Supported candidate passes model agreement and value floor; mildest near-best sales option.
343,250,2024-07-02,recommend_discount,0.8,1.3523576639935904,0.34173420460195514,1.0733873636815643,Supported candidate passes model agreement and value floor; mildest near-best sales option.
343,257,2024-06-26,recommend_discount,0.75,0.8637612741336618,1.064771410163099,1.548578557622324,Supported candidate passes model agreement and value floor; mildest near-best sales option.
343,257,2024-06-27,recommend_discount,0.75,0.7238073047376186,1.1587734325375711,1.6190800744031784,Supported candidate passes model agreement and value floor; mildest near-best sales option.
343,257,2024-06-28,recommend_discount,0.75,0.7478684693285409,0.9002308196443953,1.4251731147332964,Supported candidate passes model agreement and value floor; mildest near-best sales option.
343,257,2024-06-29,recommend_discount,0.75,0.8207102568016063,0.7867692222885141,1.3400769167163855,Supported candidate passes model agreement and value floor; mildest near-best sales option.
343,257,2024-06-30,recommend_discount,0.75,0.8819083650786231,0.711134389342662,1.2833507920069966,Supported candidate passes model agreement and value floor; mildest near-best sales option.
343,257,2024-07-01,recommend_discount,0.75,0.7147937087657514,0.8127696836108065,1.3595772627081049,Supported candidate passes model agreement and value floor; mildest near-best sales option.
343,257,2024-07-02,review_stockout,,,,,Recent censored sales; verify tomorrow's supply before pricing.
343,276,2024-06-26,review_stockout,,,,,Recent censored sales; verify tomorrow's supply before pricing.
343,276,2024-06-27,review_stockout,,,,,Recent censored sales; verify tomorrow's supply before pricing.
343,276,2024-06-28,recommend_discount,0.85,0.5773275967966314,0.3304841818314781,1.1309115545567563,Supported candidate passes model agreement and value floor; mildest near-best sales option.
343,276,2024-06-29,recommend_discount,0.85,0.5771470107850185,0.37237970886889604,1.1665227525385615,Supported candidate passes model agreement and value floor; mildest near-best sales option.
343,276,2024-06-30,recommend_discount,0.85,0.5857359567259552,0.3723118814927695,1.1664650992688539,Supported candidate passes model agreement and value floor; mildest near-best sales option.
343,276,2024-07-01,review_stockout,,,,,Recent censored sales; verify tomorrow's supply before pricing.
343,276,2024-07-02,review_stockout,,,,,Recent censored sales; verify tomorrow's supply before pricing.
343,291,2024-06-26,recommend_discount,0.8,0.8826356470811271,0.421716531684069,1.1373732253472553,Supported candidate passes model agreement and value floor; mildest near-best sales option.
343,291,2024-06-27,recommend_discount,0.8,0.9621975228310233,0.4251484198615172,1.1401187358892138,Supported candidate passes model agreement and value floor; mildest near-best sales option.
343,291,2024-06-28,recommend_discount,0.8,0.9278539405090794,0.42672046958142174,1.1413763756651376,Supported candidate passes model agreement and value floor; mildest near-best sales option.
343,291,2024-06-29,recommend_discount,0.8,0.9880151928735996,0.39380245862260255,1.1150419668980822,Supported candidate passes model agreement and value floor; mildest near-best sales option.
343,291,2024-06-30,review_stockout,,,,,Recent censored sales; verify tomorrow's supply before pricing.
343,291,2024-07-01,review_stockout,,,,,Recent censored sales; verify tomorrow's supply before pricing.
343,291,2024-07-02,recommend_discount,0.8,1.045003276664568,0.37953063466774783,1.1036245077341982,Supported candidate passes model agreement and value floor; mildest near-best sales option.
343,345,2024-06-26,review_stockout,,,,,Recent censored sales; verify tomorrow's supply before pricing.
343,345,2024-06-27,review_stockout,,,,,Recent censored sales; verify tomorrow's supply before pricing.
343,345,2024-06-28,review_stockout,,,,,Recent censored sales; verify tomorrow's supply before pricing.
343,345,2024-06-29,recommend_discount,0.8,1.2942595574553233,0.33146010836902073,1.0651680866952167,Supported candidate passes model agreement and value floor; mildest near-best sales option.
343,345,2024-06-30,recommend_discount,0.8,1.279298485489063,0.3400514392994103,1.072041151439528,Supported candidate passes model agreement and value floor; mildest near-best sales option.
343,345,2024-07-01,recommend_discount,0.8,1.2000452287167296,0.3470996687839014,1.0776797350271212,Supported candidate passes model agreement and value floor; mildest near-best sales option.
343,345,2024-07-02,recommend_discount,0.8,1.2125941551113117,0.3233596840324533,1.0586877472259626,Supported candidate passes model agreement and value floor; mildest near-best sales option.
343,373,2024-06-26,recommend_discount,0.85,0.6644820068264019,0.37378709939034316,1.1677190344817916,Supported candidate passes model agreement and value floor; mildest near-best sales option.
343,373,2024-06-27,review_stockout,,,,,Recent censored sales; verify tomorrow's supply before pricing.
343,373,2024-06-28,review_stockout,,,,,Recent censored sales; verify tomorrow's supply before pricing.
343,373,2024-06-29,review_stockout,,,,,Recent censored sales; verify tomorrow's supply before pricing.
343,373,2024-06-30,review_stockout,,,,,Recent censored sales; verify tomorrow's supply before pricing.
343,373,2024-07-01,recommend_discount,0.85,0.6448031217624184,0.31218991878261804,1.1153614309652253,Supported candidate passes model agreement and value floor; mildest near-best sales option.
343,373,2024-07-02,review_stockout,,,,,Recent censored sales; verify tomorrow's supply before pricing.
343,380,2024-06-26,review_stockout,,,,,Recent censored sales; verify tomorrow's supply before pricing.
343,380,2024-06-27,review_stockout,,,,,Recent censored sales; verify tomorrow's supply before pricing.
343,380,2024-06-28,review_stockout,,,,,Recent censored sales; verify tomorrow's supply before pricing.
343,380,2024-06-29,recommend_discount,0.6,1.1568689039197948,2.0563668805731434,1.8338201283438857,Supported candidate passes model agreement and value floor; mildest near-best sales option.
343,380,2024-06-30,review_stockout,,,,,Recent censored sales; verify tomorrow's supply before pricing.
343,380,2024-07-01,review_stockout,,,,,Recent censored sales; verify tomorrow's supply before pricing.
343,380,2024-07-02,recommend_discount,0.6,1.6337201466029359,1.7457414362417891,1.6474448617450732,Supported candidate passes model agreement and value floor; mildest near-best sales option.
343,387,2024-06-26,recommend_discount,0.9,1.7697311626083752,0.20818206987816246,1.0873638628903461,Supported candidate passes model agreement and value floor; mildest near-best sales option.
343,387,2024-06-27,recommend_discount,0.85,1.7272546544550142,0.2948381486304754,1.100612426335904,Supported candidate passes model agreement and value floor; mildest near-best sales option.
343,387,2024-06-28,review_stockout,,,,,Recent censored sales; verify tomorrow's supply before pricing.
343,387,2024-06-29,recommend_discount,0.85,2.085980285029035,0.2927214992110214,1.0988132743293682,Supported candidate passes model agreement and value floor; mildest near-best sales option.
343,387,2024-06-30,recommend_discount,0.85,2.113812706389992,0.29332213920516925,1.0993238183243939,Supported candidate passes model agreement and value floor; mildest near-best sales option.
343,387,2024-07-01,review_stockout,,,,,Recent censored sales; verify tomorrow's supply before pricing.
343,387,2024-07-02,review_stockout,,,,,Recent censored sales; verify tomorrow's supply before pricing.
343,411,2024-06-26,recommend_discount,0.8,1.280236836457,0.4362258609503422,1.1489806887602738,Supported candidate passes model agreement and value floor; mildest near-best sales option.
343,411,2024-06-27,recommend_discount,0.8,1.1856927166349087,0.44218605744570194,1.1537488459565617,Supported candidate passes model agreement and value floor; mildest near-best sales option.
343,411,2024-06-28,recommend_discount,0.8,1.1666986900744414,0.3618872522530907,1.0895098018024725,Supported candidate passes model agreement and value floor; mildest near-best sales option.
343,411,2024-06-29,recommend_discount,0.8,1.1960040128115064,0.3730311816939511,1.0984249453551609,Supported candidate passes model agreement and value floor; mildest near-best sales option.
343,411,2024-06-30,recommend_discount,0.8,1.1371082641462915,0.38425286637999645,1.1074022931039973,Supported candidate passes model agreement and value floor; mildest near-best sales option.
343,411,2024-07-01,recommend_discount,0.8,0.9815015774832005,0.4797773276191366,1.1838218620953094,Supported candidate passes model agreement and value floor; mildest near-best sales option.
343,411,2024-07-02,recommend_discount,0.8,1.1221128863965988,0.371789126463131,1.0974313011705048,Supported candidate passes model agreement and value floor; mildest near-best sales option.
343,419,2024-06-26,review_stockout,,,,,Recent censored sales; verify tomorrow's supply before pricing.
343,419,2024-06-27,review_stockout,,,,,Recent censored sales; verify tomorrow's supply before pricing.
343,419,2024-06-28,review_stockout,,,,,Recent censored sales; verify tomorrow's supply before pricing.
343,419,2024-06-29,recommend_discount,0.85,1.7076486448432917,0.28005265424360215,1.0880447561070619,Supported candidate passes model agreement and value floor; mildest near-best sales option.
343,419,2024-06-30,recommend_discount,0.85,1.700913272132664,0.2980844620936616,1.1033717927796123,Supported candidate passes model agreement and value floor; mildest near-best sales option.
343,419,2024-07-01,review_stockout,,,,,Recent censored sales; verify tomorrow's supply before pricing.
343,419,2024-07-02,recommend_discount,0.85,1.481450193585291,0.2671872459961624,1.077109159096738,Supported candidate passes model agreement and value floor; mildest near-best sales option.
343,422,2024-06-26,review_stockout,,,,,Recent censored sales; verify tomorrow's supply before pricing.
343,422,2024-06-27,review_stockout,,,,,Recent censored sales; verify tomorrow's supply before pricing.
343,422,2024-06-28,review_stockout,,,,,Recent censored sales; verify tomorrow's supply before pricing.
343,422,2024-06-29,recommend_discount,0.8,1.4126715749547583,0.35320738110337846,1.0825659048827028,Supported candidate passes model agreement and value floor; mildest near-best sales option.
343,422,2024-06-30,review_stockout,,,,,Recent censored sales; verify tomorrow's supply before pricing.
343,422,2024-07-01,review_stockout,,,,,Recent censored sales; verify tomorrow's supply before pricing.
343,422,2024-07-02,review_stockout,,,,,Recent censored sales; verify tomorrow's supply before pricing.
343,424,2024-06-26,review_stockout,,,,,Recent censored sales; verify tomorrow's supply before pricing.
343,424,2024-06-27,recommend_discount,0.7,1.2700304981325417,1.1009650640879465,1.4706755448615625,Supported candidate passes model agreement and value floor; mildest near-best sales option.
343,424,2024-06-28,recommend_discount,0.7,1.3445530925749218,0.9735179745099729,1.381462582156981,Supported candidate passes model agreement and value floor; mildest near-best sales option.
343,424,2024-06-29,recommend_discount,0.7,1.3474029319130685,0.9411377080425354,1.3587963956297748,Supported candidate passes model agreement and value floor; mildest near-best sales option.
343,424,2024-06-30,recommend_discount,0.7,1.3881827193523333,0.9731320355924011,1.3811924249146807,Supported candidate passes model agreement and value floor; mildest near-best sales option.
343,424,2024-07-01,recommend_discount,0.7,1.156768054352722,1.149272801563432,1.5044909610944022,Supported candidate passes model agreement and value floor; mildest near-best sales option.
343,424,2024-07-02,recommend_discount,0.7,1.138367837316753,1.165054490471451,1.5155381433300157,Supported candidate passes model agreement and value floor; mildest near-best sales option.
343,425,2024-06-26,review_stockout,,,,,Recent censored sales; verify tomorrow's supply before pricing.
343,425,2024-06-27,recommend_discount,0.8,0.7950378997926997,0.4796151627995855,1.1836921302396686,Supported candidate passes model agreement and value floor; mildest near-best sales option.
343,425,2024-06-28,recommend_discount,0.8,0.8469152261908113,0.4761247765161756,1.1808998212129407,Supported candidate passes model agreement and value floor; mildest near-best sales option.
343,425,2024-06-29,recommend_discount,0.8,0.7736707099904874,0.4703189308138713,1.1762551446510972,Supported candidate passes model agreement and value floor; mildest near-best sales option.
343,425,2024-06-30,recommend_discount,0.8,0.8364023003101222,0.4216769961183462,1.1373415968946772,Supported candidate passes model agreement and value floor; mildest near-best sales option.
343,425,2024-07-01,review_stockout,,,,,Recent censored sales; verify tomorrow's supply before pricing.
343,425,2024-07-02,review_stockout,,,,,Recent censored sales; verify tomorrow's supply before pricing.
343,429,2024-06-26,review_stockout,,,,,Recent censored sales; verify tomorrow's supply before pricing.
343,429,2024-06-27,review_stockout,,,,,Recent censored sales; verify tomorrow's supply before pricing.
343,429,2024-06-28,recommend_discount,0.8,0.9658409580706047,0.44953372110356105,1.1596269768828489,Supported candidate passes model agreement and value floor; mildest near-best sales option.
343,429,2024-06-29,review_stockout,,,,,Recent censored sales; verify tomorrow's supply before pricing.
343,429,2024-06-30,review_stockout,,,,,Recent censored sales; verify tomorrow's supply before pricing.
343,429,2024-07-01,review_stockout,,,,,Recent censored sales; verify tomorrow's supply before pricing.
343,429,2024-07-02,review_stockout,,,,,Recent censored sales; verify tomorrow's supply before pricing.
343,467,2024-06-26,recommend_discount,0.8,1.6538204857883878,0.5252027180741503,1.2201621744593203,Supported candidate passes model agreement and value floor; mildest near-best sales option.
343,467,2024-06-27,review_stockout,,,,,Recent censored sales; verify tomorrow's supply before pricing.
343,467,2024-06-28,review_stockout,,,,,Recent censored sales; verify tomorrow's supply before pricing.
343,467,2024-06-29,recommend_discount,0.8,2.0172682717012416,0.48996274745201274,1.1919701979616102,Supported candidate passes model agreement and value floor; mildest near-best sales option.
343,467,2024-06-30,recommend_discount,0.85,2.423138106634566,0.3044459434330473,1.1087790519180902,Supported candidate passes model agreement and value floor; mildest near-best sales option.
343,467,2024-07-01,recommend_discount,0.8,1.9249609881195981,0.5129295705912575,1.2103436564730061,Supported candidate passes model agreement and value floor; mildest near-best sales option.
343,467,2024-07-02,recommend_discount,0.8,1.9592082659380745,0.46621819028229083,1.1729745522258328,Supported candidate passes model agreement and value floor; mildest near-best sales option.
343,473,2024-06-26,review_stockout,,,,,Recent censored sales; verify tomorrow's supply before pricing.
343,473,2024-06-27,recommend_discount,0.7,1.1482388924435425,1.0171615990364606,1.4120131193255225,Supported candidate passes model agreement and value floor; mildest near-best sales option.
343,473,2024-06-28,recommend_discount,0.7,1.1964653508823304,0.8595853574722805,1.3017097502305963,Supported candidate passes model agreement and value floor; mildest near-best sales option.
343,473,2024-06-29,review_stockout,,,,,Recent censored sales; verify tomorrow's supply before pricing.
343,473,2024-06-30,review_stockout,,,,,Recent censored sales; verify tomorrow's supply before pricing.
343,473,2024-07-01,review_stockout,,,,,Recent censored sales; verify tomorrow's supply before pricing.
343,473,2024-07-02,review_stockout,,,,,Recent censored sales; verify tomorrow's supply before pricing.
343,486,2024-06-26,review_model_disagreement,,,,,Selected forecast supports a discount; reference models disagree.
343,486,2024-06-27,review_model_disagreement,,,,,Selected forecast supports a discount; reference models disagree.
343,486,2024-06-28,review_model_disagreement,,,,,Selected forecast supports a discount; reference models disagree.
343,486,2024-06-29,review_model_disagreement,,,,,Selected forecast supports a discount; reference models disagree.
343,486,2024-06-30,review_model_disagreement,,,,,Selected forecast supports a discount; reference models disagree.
343,486,2024-07-01,review_stockout,,,,,Recent censored sales; verify tomorrow's supply before pricing.
343,486,2024-07-02,review_stockout,,,,,Recent censored sales; verify tomorrow's supply before pricing.
343,496,2024-06-26,review_stockout,,,,,Recent censored sales; verify tomorrow's supply before pricing.
343,496,2024-06-27,recommend_discount,0.8,0.6249455295086198,0.43435465695414277,1.1474837255633141,Supported candidate passes model agreement and value floor; mildest near-best sales option.
343,496,2024-06-28,review_stockout,,,,,Recent censored sales; verify tomorrow's supply before pricing.
343,496,2024-06-29,review_stockout,,,,,Recent censored sales; verify tomorrow's supply before pricing.
343,496,2024-06-30,recommend_discount,0.8,0.8542871806492757,0.43945248199690545,1.1515619855975245,Supported candidate passes model agreement and value floor; mildest near-best sales option.
343,496,2024-07-01,recommend_discount,0.8,0.7537636948999378,0.39927241884582254,1.119417935076658,Supported candidate passes model agreement and value floor; mildest near-best sales option.
343,496,2024-07-02,review_stockout,,,,,Recent censored sales; verify tomorrow's supply before pricing.
343,536,2024-06-26,review_stockout,,,,,Recent censored sales; verify tomorrow's supply before pricing.
343,536,2024-06-27,review_stockout,,,,,Recent censored sales; verify tomorrow's supply before pricing.
343,536,2024-06-28,review_stockout,,,,,Recent censored sales; verify tomorrow's supply before pricing.
343,536,2024-06-29,recommend_discount,0.8,1.3422988995716025,0.5677531145803347,1.2542024916642678,Supported candidate passes model agreement and value floor; mildest near-best sales option.
343,536,2024-06-30,recommend_discount,0.7,1.493204931158554,1.1708923610550848,1.519624652738559,Supported candidate passes model agreement and value floor; mildest near-best sales option.
343,536,2024-07-01,recommend_discount,0.7,1.5562445586342728,0.8436885671842886,1.290581997029002,Supported candidate passes model agreement and value floor; mildest near-best sales option.
343,536,2024-07-02,recommend_discount,0.7,1.689608622118984,0.8819258887776034,1.3173481221443222,Supported candidate passes model agreement and value floor; mildest near-best sales option.
343,548,2024-06-26,recommend_discount,0.8,0.7599406656769603,0.44523743494020307,1.1561899479521625,Supported candidate passes model agreement and value floor; mildest near-best sales option.
343,548,2024-06-27,recommend_discount,0.8,0.6975125541421721,0.43814571304897343,1.1505165704391789,Supported candidate passes model agreement and value floor; mildest near-best sales option.
343,548,2024-06-28,recommend_discount,0.8,0.7154567508013667,0.4533052038318792,1.1626441630655036,Supported candidate passes model agreement and value floor; mildest near-best sales option.
343,548,2024-06-29,review_stockout,,,,,Recent censored sales; verify tomorrow's supply before pricing.
343,548,2024-06-30,review_stockout,,,,,Recent censored sales; verify tomorrow's supply before pricing.
343,548,2024-07-01,review_stockout,,,,,Recent censored sales; verify tomorrow's supply before pricing.
343,548,2024-07-02,review_stockout,,,,,Recent censored sales; verify tomorrow's supply before pricing.
343,556,2024-06-26,review_stockout,,,,,Recent censored sales; verify tomorrow's supply before pricing.
343,556,2024-06-27,recommend_discount,0.85,0.5127168333735802,0.37995911242648517,1.1729652455625126,Supported candidate passes model agreement and value floor; mildest near-best sales option.
343,556,2024-06-28,recommend_discount,0.85,0.5136845611060089,0.390199863318881,1.1816698838210489,Supported candidate passes model agreement and value floor; mildest near-best sales option.
343,556,2024-06-29,recommend_discount,0.85,0.5717501673213286,0.4026701360116509,1.192269615609903,Supported candidate passes model agreement and value floor; mildest near-best sales option.
343,556,2024-06-30,recommend_discount,0.85,0.5686168532507008,0.41904449509738595,1.206187820832778,Supported candidate passes model agreement and value floor; mildest near-best sales option.
343,556,2024-07-01,review_stockout,,,,,Recent censored sales; verify tomorrow's supply before pricing.
343,556,2024-07-02,review_stockout,,,,,Recent censored sales; verify tomorrow's supply before pricing.
343,596,2024-06-26,review_stockout,,,,,Recent censored sales; verify tomorrow's supply before pricing.
343,596,2024-06-27,review_stockout,,,,,Recent censored sales; verify tomorrow's supply before pricing.
343,596,2024-06-28,recommend_discount,0.85,1.5509643490558223,0.2620824908691848,1.072770117238807,Supported candidate passes model agreement and value floor; mildest near-best sales option.
343,596,2024-06-29,recommend_discount,0.85,1.7484113186159231,0.2557597987788136,1.0673958289619916,Supported candidate passes model agreement and value floor; mildest near-best sales option.
343,596,2024-06-30,review_stockout,,,,,Recent censored sales; verify tomorrow's supply before pricing.
343,596,2024-07-01,review_stockout,,,,,Recent censored sales; verify tomorrow's supply before pricing.
343,596,2024-07-02,recommend_discount,0.75,1.6997635244863691,0.42727556311733306,1.0704566723379998,Supported candidate passes model agreement and value floor; mildest near-best sales option.
343,608,2024-06-26,review_stockout,,,,,Recent censored sales; verify tomorrow's supply before pricing.
343,608,2024-06-27,recommend_discount,0.75,0.5863680496885555,0.9532829609090967,1.4649622206818225,Supported candidate passes model agreement and value floor; mildest near-best sales option.
343,608,2024-06-28,recommend_discount,0.75,0.5992119276117548,0.9557478018170193,1.4668108513627645,Supported candidate passes model agreement and value floor; mildest near-best sales option.
343,608,2024-06-29,recommend_discount,0.75,0.676080654733455,0.9437631988707751,1.4578223991530816,Supported candidate passes model agreement and value floor; mildest near-best sales option.
343,608,2024-06-30,review_stockout,,,,,Recent censored sales; verify tomorrow's supply before pricing.
343,608,2024-07-01,recommend_discount,0.75,0.6062409733915872,0.8248444458233055,1.3686333343674792,Supported candidate passes model agreement and value floor; mildest near-best sales option.
343,608,2024-07-02,recommend_discount,0.75,0.6321434121205598,0.8407942480565613,1.380595686042421,Supported candidate passes model agreement and value floor; mildest near-best sales option.
343,627,2024-06-26,recommend_discount,0.75,0.5303103843245618,0.7805242274591002,1.3353931705943252,Supported candidate passes model agreement and value floor; mildest near-best sales option.
343,627,2024-06-27,recommend_discount,0.75,0.5453077189252048,0.744426535836529,1.3083199018773966,Supported candidate passes model agreement and value floor; mildest near-best sales option.
343,627,2024-06-28,review_stockout,,,,,Recent censored sales; verify tomorrow's supply before pricing.
343,627,2024-06-29,recommend_discount,0.75,0.729041539401197,0.6774255353718317,1.2580691515288738,Supported candidate passes model agreement and value floor; mildest near-best sales option.
343,627,2024-06-30,review_stockout,,,,,Recent censored sales; verify tomorrow's supply before pricing.
343,627,2024-07-01,recommend_discount,0.75,0.635597224304467,0.712026390639813,1.2840197929798598,Supported candidate passes model agreement and value floor; mildest near-best sales option.
343,627,2024-07-02,recommend_discount,0.75,0.6633317956406084,0.5592461657184358,1.1694346242888267,Supported candidate passes model agreement and value floor; mildest near-best sales option.
343,631,2024-06-26,recommend_discount,0.85,1.367492051118735,0.25594913391044116,1.067556763823875,Supported candidate passes model agreement and value floor; mildest near-best sales option.
343,631,2024-06-27,recommend_discount,0.85,1.2733636523877039,0.26373682127674525,1.0741762980852334,Supported candidate passes model agreement and value floor; mildest near-best sales option.
343,631,2024-06-28,recommend_discount,0.85,1.3934477727989099,0.2903496415507918,1.096797195318173,Supported candidate passes model agreement and value floor; mildest near-best sales option.
343,631,2024-06-29,recommend_discount,0.85,1.5304229483961873,0.31498819232325737,1.1177399634747687,Supported candidate passes model agreement and value floor; mildest near-best sales option.
343,631,2024-06-30,review_stockout,,,,,Recent censored sales; verify tomorrow's supply before pricing.
343,631,2024-07-01,recommend_discount,0.85,1.433927556167804,0.241354279643605,1.0551511376970644,Supported candidate passes model agreement and value floor; mildest near-best sales option.
343,631,2024-07-02,review_stockout,,,,,Recent censored sales; verify tomorrow's supply before pricing.
343,636,2024-06-26,review_stockout,,,,,Recent censored sales; verify tomorrow's supply before pricing.
343,636,2024-06-27,recommend_discount,0.8,0.6842043599034267,0.44554692799222373,1.1564375423937792,Supported candidate passes model agreement and value floor; mildest near-best sales option.
343,636,2024-06-28,recommend_discount,0.8,0.6790361012803454,0.4540587914233911,1.163247033138713,Supported candidate passes model agreement and value floor; mildest near-best sales option.
343,636,2024-06-29,recommend_discount,0.8,0.6830710740057356,0.4963309260932074,1.1970647408745658,Supported candidate passes model agreement and value floor; mildest near-best sales option.
343,636,2024-06-30,review_stockout,,,,,Recent censored sales; verify tomorrow's supply before pricing.
343,636,2024-07-01,review_stockout,,,,,Recent censored sales; verify tomorrow's supply before pricing.
343,636,2024-07-02,review_stockout,,,,,Recent censored sales; verify tomorrow's supply before pricing.
343,644,2024-06-26,recommend_discount,0.6,1.1498786378446866,1.1948321221865297,1.3168992733119178,Supported candidate passes model agreement and value floor; mildest near-best sales option.
343,644,2024-06-27,recommend_discount,0.6,1.0886926166979203,1.3644152825220943,1.4186491695132566,Supported candidate passes model agreement and value floor; mildest near-best sales option.
343,644,2024-06-28,recommend_discount,0.6,1.136922629909944,1.0933763646297447,1.2560258187778468,Supported candidate passes model agreement and value floor; mildest near-best sales option.
343,644,2024-06-29,recommend_discount,0.6,1.2261772444445627,1.3661624238075225,1.4196974542845135,Supported candidate passes model agreement and value floor; mildest near-best sales option.
343,644,2024-06-30,review_stockout,,,,,Recent censored sales; verify tomorrow's supply before pricing.
343,644,2024-07-01,recommend_discount,0.6,1.1972844724271023,1.3287634381512388,1.3972580628907434,Supported candidate passes model agreement and value floor; mildest near-best sales option.
343,644,2024-07-02,recommend_discount,0.6,1.3442050001332975,1.3799133938705972,1.4279480363223582,Supported candidate passes model agreement and value floor; mildest near-best sales option.
343,650,2024-06-26,recommend_discount,0.85,1.334335926243275,0.3103958984713471,1.113836513700645,Supported candidate passes model agreement and value floor; mildest near-best sales option.
343,650,2024-06-27,recommend_discount,0.85,1.382962160128554,0.33709221679538115,1.136528384276074,Supported candidate passes model agreement and value floor; mildest near-best sales option.
343,650,2024-06-28,recommend_discount,0.85,1.3807464913280632,0.33767139250124245,1.1370206836260561,Supported candidate passes model agreement and value floor; mildest near-best sales option.
343,650,2024-06-29,review_stockout,,,,,Recent censored sales; verify tomorrow's supply before pricing.
343,650,2024-06-30,recommend_discount,0.85,1.466500155138785,0.349652762430428,1.1472048480658636,Supported candidate passes model agreement and value floor; mildest near-best sales option.
343,650,2024-07-01,recommend_discount,0.85,1.3908509810855996,0.3213984848098108,1.1231887120883393,Supported candidate passes model agreement and value floor; mildest near-best sales option.
343,650,2024-07-02,recommend_discount,0.85,1.4137473219016479,0.2971347502219044,1.1025645376886186,Supported candidate passes model agreement and value floor; mildest near-best sales option.
343,670,2024-06-26,review_stockout,,,,,Recent censored sales; verify tomorrow's supply before pricing.
343,670,2024-06-27,review_stockout,,,,,Recent censored sales; verify tomorrow's supply before pricing.
343,670,2024-06-28,recommend_discount,0.9,0.723064561059807,0.31234539651079185,1.1811108568597128,Supported candidate passes model agreement and value floor; mildest near-best sales option.
343,670,2024-06-29,recommend_discount,0.9,0.7773923471063335,0.34912590561952483,1.2142133150575725,Supported candidate passes model agreement and value floor; mildest near-best sales option.
343,670,2024-06-30,recommend_discount,0.9,0.8617818540637414,0.3306487103380118,1.1975838393042106,Supported candidate passes model agreement and value floor; mildest near-best sales option.
343,670,2024-07-01,recommend_discount,0.9,0.8008292110224386,0.31865656218357374,1.1867909059652164,Supported candidate passes model agreement and value floor; mildest near-best sales option.
343,670,2024-07-02,recommend_discount,0.9,0.7223649057993529,0.32090401460482254,1.18881361314434,Supported candidate passes model agreement and value floor; mildest near-best sales option.
343,715,2024-06-26,recommend_discount,0.75,1.3122453578802633,0.5160107466226505,1.137008059966988,Supported candidate passes model agreement and value floor; mildest near-best sales option.
343,715,2024-06-27,review_stockout,,,,,Recent censored sales; verify tomorrow's supply before pricing.
343,715,2024-06-28,recommend_discount,0.9,1.0990561346193837,0.24589898331619087,1.1213090849845717,Supported candidate passes model agreement and value floor; mildest near-best sales option.
343,715,2024-06-29,recommend_discount,0.75,1.3495737613034238,0.48522000609996674,1.1139150045749753,Supported candidate passes model agreement and value floor; mildest near-best sales option.
343,715,2024-06-30,recommend_discount,0.85,1.4016306716181277,0.3071244910107165,1.111055817359109,Supported candidate passes model agreement and value floor; mildest near-best sales option.
343,715,2024-07-01,review_stockout,,,,,Recent censored sales; verify tomorrow's supply before pricing.
343,715,2024-07-02,recommend_discount,0.85,1.426049680912211,0.25005542420320626,1.0625471105727253,Supported candidate passes model agreement and value floor; mildest near-best sales option.
343,717,2024-06-26,recommend_discount,0.8,0.7888259801551746,0.6862176799469735,1.3489741439575789,Supported candidate passes model agreement and value floor; mildest near-best sales option.
343,717,2024-06-27,recommend_discount,0.8,0.7458831772196775,0.7004950705107553,1.3603960564086044,Supported candidate passes model agreement and value floor; mildest near-best sales option.
343,717,2024-06-28,recommend_discount,0.8,0.7182464953353785,0.619653096955308,1.2957224775642466,Supported candidate passes model agreement and value floor; mildest near-best sales option.
343,717,2024-06-29,recommend_discount,0.8,0.7658930612276315,0.6858445578155306,1.3486756462524248,Supported candidate passes model agreement and value floor; mildest near-best sales option.
343,717,2024-06-30,recommend_discount,0.8,0.813704041096984,0.5819190967405623,1.26553527739245,Supported candidate passes model agreement and value floor; mildest near-best sales option.
343,717,2024-07-01,recommend_discount,0.8,0.6700890047764873,0.5094081391164178,1.2075265112931344,Supported candidate passes model agreement and value floor; mildest near-best sales option.
343,717,2024-07-02,review_stockout,,,,,Recent censored sales; verify tomorrow's supply before pricing.
343,738,2024-06-26,review_stockout,,,,,Recent censored sales; verify tomorrow's supply before pricing.
343,738,2024-06-27,recommend_discount,0.75,0.9254307776123907,1.2118600779684678,1.6588950584763507,Supported candidate passes model agreement and value floor; mildest near-best sales option.
343,738,2024-06-28,recommend_discount,0.75,1.0262429231814043,1.0611019461885491,1.5458264596414122,Supported candidate passes model agreement and value floor; mildest near-best sales option.
343,738,2024-06-29,review_stockout,,,,,Recent censored sales; verify tomorrow's supply before pricing.
343,738,2024-06-30,review_stockout,,,,,Recent censored sales; verify tomorrow's supply before pricing.
343,738,2024-07-01,recommend_discount,0.75,1.0501121314390103,0.7121562622463786,1.284117196684784,Supported candidate passes model agreement and value floor; mildest near-best sales option.
343,738,2024-07-02,recommend_discount,0.9,0.9503118440479281,0.3269056643845061,1.1942150979460555,Supported candidate passes model agreement and value floor; mildest near-best sales option.
343,740,2024-06-26,recommend_discount,0.9,1.2070882820472273,0.1750930471894614,1.0575837424705155,Supported candidate passes model agreement and value floor; mildest near-best sales option.
343,740,2024-06-27,review_stockout,,,,,Recent censored sales; verify tomorrow's supply before pricing.
343,740,2024-06-28,recommend_discount,0.9,1.2398218828618326,0.16769844607142947,1.0509286014642867,Supported candidate passes model agreement and value floor; mildest near-best sales option.
343,740,2024-06-29,recommend_discount,0.85,1.5654887018951156,0.25082573979993605,1.0632018788299455,Supported candidate passes model agreement and value floor; mildest near-best sales option.
343,740,2024-06-30,recommend_discount,0.85,1.540245753398727,0.25033187198546325,1.0627820911876438,Supported candidate passes model agreement and value floor; mildest near-best sales option.
343,740,2024-07-01,recommend_discount,0.8,1.3327443603241884,0.3137960198226748,1.0510368158581398,Supported candidate passes model agreement and value floor; mildest near-best sales option.
343,740,2024-07-02,recommend_discount,0.8,1.356709438292333,0.30184001914342073,1.0414720153147365,Supported candidate passes model agreement and value floor; mildest near-best sales option.
343,765,2024-06-26,review_stockout,,,,,Recent censored sales; verify tomorrow's supply before pricing.
343,765,2024-06-27,recommend_discount,0.9,0.613915030390124,0.2817982238146177,1.1536184014331559,Supported candidate passes model agreement and value floor; mildest near-best sales option.
343,765,2024-06-28,recommend_discount,0.9,0.600300086360452,0.2701876807459638,1.1431689126713676,Supported candidate passes model agreement and value floor; mildest near-best sales option.
343,765,2024-06-29,recommend_discount,0.9,0.6557329351384992,0.34267615690810405,1.2084085412172938,Supported candidate passes model agreement and value floor; mildest near-best sales option.
343,765,2024-06-30,recommend_discount,0.9,0.6154172801107164,0.3102522870777804,1.1792270583700024,Supported candidate passes model agreement and value floor; mildest near-best sales option.
343,765,2024-07-01,recommend_discount,0.9,0.5713034101213869,0.24438084225902879,1.119942758033126,Supported candidate passes model agreement and value floor; mildest near-best sales option.
343,765,2024-07-02,recommend_discount,0.9,0.5845643724517937,0.23483713141474838,1.1113534182732734,Supported candidate passes model agreement and value floor; mildest near-best sales option.
343,776,2024-06-26,review_stockout,,,,,Recent censored sales; verify tomorrow's supply before pricing.
343,776,2024-06-27,recommend_discount,0.85,0.6544671199097633,0.3341651514447008,1.1340403787279956,Supported candidate passes model agreement and value floor; mildest near-best sales option.
343,776,2024-06-28,recommend_discount,0.85,0.6780077739707161,0.32590006113022585,1.1270150519606918,Supported candidate passes model agreement and value floor; mildest near-best sales option.
343,776,2024-06-29,recommend_discount,0.85,0.6582431840012475,0.32520563382209744,1.1264247887487828,Supported candidate passes model agreement and value floor; mildest near-best sales option.
343,776,2024-06-30,recommend_discount,0.85,0.6988239033292685,0.3138016348735797,1.1167313896425426,Supported candidate passes model agreement and value floor; mildest near-best sales option.
343,776,2024-07-01,recommend_discount,0.85,0.6992437523997992,0.3443389736568705,1.14268812760834,Supported candidate passes model agreement and value floor; mildest near-best sales option.
343,776,2024-07-02,recommend_discount,0.85,0.7160831524592884,0.35324522731188734,1.1502584432151042,Supported candidate passes model agreement and value floor; mildest near-best sales option.
343,793,2024-06-26,recommend_discount,0.85,0.7697111291233505,0.40682908769220805,1.1958047245383767,Supported candidate passes model agreement and value floor; mildest near-best sales option.
343,793,2024-06-27,recommend_discount,0.85,0.8147820186822695,0.48611316498434776,1.2631961902366957,Supported candidate passes model agreement and value floor; mildest near-best sales option.
343,793,2024-06-28,review_stockout,,,,,Recent censored sales; verify tomorrow's supply before pricing.
343,793,2024-06-29,review_stockout,,,,,Recent censored sales; verify tomorrow's supply before pricing.
343,793,2024-06-30,review_stockout,,,,,Recent censored sales; verify tomorrow's supply before pricing.
343,793,2024-07-01,review_stockout,,,,,Recent censored sales; verify tomorrow's supply before pricing.
343,793,2024-07-02,review_stockout,,,,,Recent censored sales; verify tomorrow's supply before pricing.
343,794,2024-06-26,recommend_discount,0.8,0.43950670013592225,0.7222958634909964,1.3778366907927972,Supported candidate passes model agreement and value floor; mildest near-best sales option.
343,794,2024-06-27,recommend_discount,0.8,0.42075235684307616,0.7653753194599981,1.4123002555679987,Supported candidate passes model agreement and value floor; mildest near-best sales option.
343,794,2024-06-28,review_stockout,,,,,Recent censored sales; verify tomorrow's supply before pricing.
343,794,2024-06-29,recommend_discount,0.8,0.5729594551754067,0.5894590817761771,1.2715672654209416,Supported candidate passes model agreement and value floor; mildest near-best sales option.
343,794,2024-06-30,recommend_discount,0.8,0.5905521191662824,0.5943401032050004,1.2754720825640005,Supported candidate passes model agreement and value floor; mildest near-best sales option.
343,794,2024-07-01,recommend_discount,0.8,0.4758073710441951,0.5656977883358016,1.2525582306686414,Supported candidate passes model agreement and value floor; mildest near-best sales option.
343,794,2024-07-02,recommend_discount,0.8,0.5117822967553697,0.5134539928558806,1.2107631942847046,Supported candidate passes model agreement and value floor; mildest near-best sales option.
343,823,2024-06-26,review_stockout,,,,,Recent censored sales; verify tomorrow's supply before pricing.
343,823,2024-06-27,review_stockout,,,,,Recent censored sales; verify tomorrow's supply before pricing.
343,823,2024-06-28,recommend_discount,0.9,0.4757896493302405,0.2735105861349443,1.1461595275214498,Supported candidate passes model agreement and value floor; mildest near-best sales option.
343,823,2024-06-29,review_stockout,,,,,Recent censored sales; verify tomorrow's supply before pricing.
343,823,2024-06-30,review_stockout,,,,,Recent censored sales; verify tomorrow's supply before pricing.
343,823,2024-07-01,recommend_discount,0.9,0.5326183231047628,0.303809750856358,1.173428775770722,Supported candidate passes model agreement and value floor; mildest near-best sales option.
343,823,2024-07-02,recommend_discount,0.9,0.5552838542449517,0.3039874956236417,1.1735887460612775,Supported candidate passes model agreement and value floor; mildest near-best sales option.
343,825,2024-06-26,recommend_discount,0.8,0.7046851314353061,0.6893946640112474,1.351515731208998,Supported candidate passes model agreement and value floor; mildest near-best sales option.
343,825,2024-06-27,recommend_discount,0.8,0.5894234963437088,0.6575071414387563,1.3260057131510052,Supported candidate passes model agreement and value floor; mildest near-best sales option.
343,825,2024-06-28,recommend_discount,0.8,0.6647913723073677,0.6808043853477821,1.3446435082782255,Supported candidate passes model agreement and value floor; mildest near-best sales option.
343,825,2024-06-29,review_stockout,,,,,Recent censored sales; verify tomorrow's supply before pricing.
343,825,2024-06-30,recommend_discount,0.8,0.7136172066643225,0.6042992990604146,1.2834394392483317,Supported candidate passes model agreement and value floor; mildest near-best sales option.
343,825,2024-07-01,review_stockout,,,,,Recent censored sales; verify tomorrow's supply before pricing.
343,825,2024-07-02,review_stockout,,,,,Recent censored sales; verify tomorrow's supply before pricing.
343,841,2024-06-26,review_stockout,,,,,Recent censored sales; verify tomorrow's supply before pricing.
343,841,2024-06-27,recommend_discount,0.85,0.4890285601143084,0.4102283548753667,1.1986941016440618,Supported candidate passes model agreement and value floor; mildest near-best sales option.
343,841,2024-06-28,recommend_discount,0.85,0.49176366269950084,0.4185049531314169,1.205729210161704,Supported candidate passes model agreement and value floor; mildest near-best sales option.
343,841,2024-06-29,recommend_discount,0.85,0.5293986990295184,0.42603766958514977,1.2121320191473772,Supported candidate passes model agreement and value floor; mildest near-best sales option.
343,841,2024-06-30,recommend_discount,0.85,0.5681520062101225,0.4025372596646042,1.1921566707149136,Supported candidate passes model agreement and value floor; mildest near-best sales option.
343,841,2024-07-01,recommend_discount,0.85,0.4919941913011927,0.37982840105948434,1.1728541409005617,Supported candidate passes model agreement and value floor; mildest near-best sales option.
343,841,2024-07-02,review_stockout,,,,,Recent censored sales; verify tomorrow's supply before pricing.
343,858,2024-06-26,review_stockout,,,,,Recent censored sales; verify tomorrow's supply before pricing.
343,858,2024-06-27,recommend_discount,0.9,0.37932949377324515,0.3730472283484181,1.2357425055135762,Supported candidate passes model agreement and value floor; mildest near-best sales option.
343,858,2024-06-28,recommend_discount,0.9,0.3801076226991504,0.38080828922211385,1.2427274602999026,Supported candidate passes model agreement and value floor; mildest near-best sales option.
343,858,2024-06-29,review_stockout,,,,,Recent censored sales; verify tomorrow's supply before pricing.
343,858,2024-06-30,recommend_discount,0.9,0.43093447176932015,0.4102343957827521,1.2692109562044769,Supported candidate passes model agreement and value floor; mildest near-best sales option.
343,858,2024-07-01,review_stockout,,,,,Recent censored sales; verify tomorrow's supply before pricing.
343,858,2024-07-02,review_stockout,,,,,Recent censored sales; verify tomorrow's supply before pricing.
